Category,Question,Answer
การจัดทำคำฟ้องหรือคำร้อง และขั้นตอนที่เกี่ยวข้อง,การจัดทำสำเนาคำฟ้องต้องทำกี่ชุด,สำเนาคำฟ้องต้องทำเท่าจำนวนผู้ถูกฟ้องคดี ที่ผู้ฟ้องคดีได้ดำเนินการฟ้อง
กระบวนวิธีพิจารณาคดีปกครอง/แสวงหาข้อเท็จจริง,ศาลมีหนังสือแจ้งว่า ผู้ฟ้องคดีไม่คัดค้านคำให้การต้องทำอะไรต่อไปอีกหรือไม่,กรณีผู้ฟ้องคดีไม่คัดค้านคำให้การหน่วยงานไม่จำต้องดำเนินการใดๆ เว้นแต่ต้องการแถลงหรือชี้แจงข้อเท็จจริงใดเพิ่มเติม
เป็นคดีที่อยู่ในอำนาจของศาลปกครองหรือไม่,      ผู้ขอรับคำปรึกษา เป็นข้าราชการส่วนท้องถิ่นถูก คณะกรรมการป้องกันและปราบปรามการทุจริต (ป.ป.ช.) ชี้มูลกรณีทุจริต  นายกองค์การบริหารส่วนตำบลมีคำสั่งไล่ออกตามมติ ปปช. จึงสอบถามว่าต้องทำอย่างไรจะฟ้องต่อศาลปกครองได้หรือไม่,"   แนะนำว่า โดยที่พระราชบัญญัติประกอบรัฐธรรมนูญว่าด้วยการป้องกันและปราบปรามการทุจริต (ฉบัที่ 2) พ.ศ. 2568 มาตรา 98 เมื่อผู้บังคับบัญชาหรือผู้มีอํานาจแต่งตั้งถอดถอนผู้ถูกกล่าวหาได้รับสํานวน การไต่สวนของคณะกรรมการ ป.ป.ช. ตามมาตรา 91 แล้ว ให้ผู้บังคับบัญชาหรือผู้มีอํานาจแต่งตั้งถอดถอนผู้ถูกกล่าวหาผู้นั้นพิจารณาโทษทางวินัยตามฐานความผิดที่คณะกรรมการ ป.ป.ช. ได้มีมติโดยไม่ต้องแต่งตั้งคณะกรรมการสอบสวนวินัยอีก โดยในการพิจารณาโทษทางวินัยแก่ผู้ถูกกล่าวหา ให้ถือว่าสํานวนการไต่สวนของคณะกรรมการ ป.ป.ช. เป็นสํานวนการสอบสวนทางวินัยของคณะกรรมการสอบสวนวินัยตามกฎหมาย ระเบียบ หรือข้อบังคับว่าด้วยการบริหารงานบุคคลของผู้ถูกกล่าวหานั้น แล้วแต่กรณี
          กรณีผู้ถูกกล่าวหาเป็นข้าราชการตุลาการตามกฎหมายว่าด้วยระเบียบข้าราชการฝ่ายตุลาการศาลยุติธรรม ข้าราชการตุลาการศาลปกครองตามกฎหมายว่าด้วยการจัดตั้งศาลปกครองและวิธีพิจารณาคดีปกครอง หรือข้าราชการอัยการตามกฎหมายว่าด้วยระเบียบข้าราชการฝ่ายอัยการให้ประธานกรรมการส่งรายงานและเอกสารหลักฐานพร้อมทั้งความเห็นไปยังประธานกรรมการตุลาการศาลยุติธรรมประธานกรรมการตุลาการศาลปกครอง หรือประธานกรรมการอัยการ แล้วแต่กรณี เพื่อพิจารณาดําเนินการตามกฎหมายว่าด้วยระเบียบข้าราชการฝ่ายตุลาการศาลยุติธรรม กฎหมายว่าด้วยการจัดตั้งศาลปกครองและวิธีพิจารณาคดีปกครอง หรือกฎหมายว่าด้วยระเบียบข้าราชการฝ่ายอัยการ โดยเร็ว โดยให้ถือรายงานและเอกสารหลักฐานของคณะกรรมการ ป.ป.ช. เป็นส่วนหนึ่งของความเห็นเพื่อพิจารณา ทางวินัยในสํานวนการสอบสวนด้วย และเมื่อดําเนินการได้ผลประการใดแล้ว ให้แจ้งให้คณะกรรมการ ป.ป.ช.
ทราบภายในสิบห้าวันนับแต่วันที่ทราบผลการพิจารณา
        การดําเนินการทางวินัยตามวรรคหนึ่ง ให้ผู้บังคับบัญชาหรือผู้มีอํานาจแต่งตั้งถอดถอนพิจารณาสั่งลงโทษผู้ถูกกล่าวหาภายในสามสิบวันนับแต่วันที่ได้รับเรื่องจากคณะกรรมการ ป.ป.ช. หรือภายในสามสิบวันนับแต่วันที่ผู้บังคับบัญชาหรือผู้มีอํานาจแต่งตั้งถอดถอนได้รับแจ้งมติที่ได้ขอให้คณะกรรมการ ป.ป.ช.พิจารณาทบทวนตามมาตรา 99 วรรคสอง ทั้งนี้ ไม่ว่าผู้ถูกกล่าวหานั้นจะพ้นจากการเป็นเจ้าหน้าที่ของรัฐก่อนหรือหลังที่คณะกรรมการ ป.ป.ช. ได้มีมติวินิจฉัยมูลความผิด เว้นแต่คณะกรรมการ ป.ป.ช.จะมีมติเมื่อพ้นกําหนดเวลาตามมาตรา 48 แล้ว แต่ไม่เป็นการตัดอํานาจคณะกรรมการ ป.ป.ช.ที่จะดําเนินการเพื่อดําเนินคดีอาญาต่อไป
         สําหรับผู้ถูกกล่าวหาซึ่งไม่มีกฎหมาย ระเบียบ หรือข้อบังคับเกี่ยวกับวินัยเมื่อคณะกรรมการ ป.ป.ช. มีมติว่าผู้ถูกกล่าวหาได้กระทําความผิดในเรื่องที่ถูกกล่าวหานั้น ให้ส่งสํานวนการไต่สวนไปยังผู้บังคับบัญชาหรือผู้มีอํานาจแต่งตั้งถอดถอนเพื่อดําเนินการตามหน้าที่และอํานาจต่อไป
        ในการส่งสํานวนการไต่สวนเพื่อดําเนินการทางวินัยกับผู้ถูกกล่าวหา คณะกรรมการ ป.ป.ช. หรือประธานกรรมการ อาจมอบหมายให้เลขาธิการ หรือผู้ที่ได้รับมอบหมายเป็นผู้ดําเนินการแทนก็ได้ 
         มาตรา 101 ผู้ซึ่งถูกลงโทษตามมาตรา 98ที่มีสิทธิฟ้องคดีต่อศาลปกครอง จะฟ้องคดีต่อศาลปกครองภายในเก้าสิบวันนับแต่วันที่ถูกลงโทษ โดยไม่ต้องอุทธรณ์ตามกฎหมาย ระเบียบ หรือข้อบังคับว่าด้วยการบริหารงานบุคคลของผู้ถูกลงโทษนั้น หรือจะดําเนินการอุทธรณ์ดุลพินิจในการกําหนดโทษของผู้บังคับบัญชาตามกฎหมาย ระเบียบ หรือข้อบังคับว่าด้วยการบริหารงานบุคคลของผู้ถูกลงโทษนั้นก่อนก็ได้
  ดังนั้น กรณีท่านถูกคำสั่งลงโทษไล่ออกเนื่องจาก ปปช.ชี้มูล ท่านมีสิทธิฟ้องคดีเป็นคดีพิพาทตามมตรา 9 วรรคหนึ่ง(1) แห่ง พ.ร.บ. จัดตั้งศาลปกครองฯ เพื่อขอให้ศาลเพิกถอนคำสั่งลงโทษไล่ออก ภายในเก้าสิบวันนับแต่วันที่ถูกลงโทษ โดยฟ้องคณะกรรมการ ป.ป.ช และนายกองการบริหารส่วนตำบลเป็นผู้ถูกฟ้องคดี /  หรือท่านจะเลือกดําเนินการอุทธรณ์ดุลพินิจในการกําหนดโทษของผู้บังคับบัญชาตามกฎหมาย ระเบียบ หรือข้อบังคับว่าด้วยการบริหารงานบุคคลของท่านก่อนก็ได้ "
เป็นคดีที่อยู่ในอำนาจของศาลปกครองหรือไม่,        นาย[ชื่อสมมติ]ผู้ปรึกษาคดี เป็นบุตรของนาง[ชื่อสมมติ] มีพีน้องร่วมบิดามารดาเดียวกัน 3 คน นาง[ชื่อสมมติ]นาย[ชื่อสมมติ]สามี เป็นผู้จัดการมรดก  เมื่อวันที่ 22/2/50 ผู้จัดการมรดก ได้จดทะเบียนขายที่ดินมรดกให้กับบุคคลภายนอก นาย[ชื่อสมมติ]ผู้ปรึกษาคดี เห็นว่าการจดทะเบียนนิติกรรมของเจ้าพนักงานที่ดินไม่ชอบด้วยกฏหมาย เพราะตนเองในฐานะทายาทไม่ยินยอม และนาย[ชื่อสมมติ]ไม่สามารถเขียนชื่อได้ จึงมาสอบถามว่าจะฟ้องขอให้เพิกถอนการจดทะเบียนได้หรือไม่,  แนะนำว่าการจดทะเบียนนิติกรรมของเจ้าพนักงานที่ดินสาขาประเวศ เป็นการกระทำทางปกครอง หากท่านเห็นว่าจดโดยไม่ถุกต้อง ท่านสามารถฟ้องเจ้าพนักงานที่ดินสาขาประเวศเป็นผู้ถูกฟ้องคดีต่อศาลปกครองเป็นคดีพิพาทตามมาตรา 9 วรรคหนึ่ง (1) แห่ง พ.ร.บ. จัดตั้งศาลปกครอง โดยขอให้เพิกถอนการจดทะเบียนที่ไม่ชอบด้วยกฎหมาย  ทั้งนี้ท่านต้องฟ้องภายน 90 วันนับแต่วันที่รู้ถึงการจดทะเบียนของเจ้าพนักงานที่ดิน ตามมาตรา 49 แห่ง พ.ร.บ. เดียวกัน 
"ความรู้ทั่วไปเกี่ยวกับศาลปกครอง/คดีปกครอง, ขอความเห็นทางกฎหมาย","ผู้ขอคำปรึกษาอาศัยอยู่ในจังหวัดเชียงรายได้รับความเดือดร้อนเสียหายจากการที่ผู้ขอคำปรึกษาฟ้องร้องญาติเป็นคดีแพ่งเกี่ยวกับมรดกต่อศาลจังหวัดยุติธรรม ผู้ขอคำปรึกษาไดยื่นหนังสือร้องเรียนศูนย์รับเรื่องราวร้องทุกข์ของรัฐบาล สำนักนายกรัฐมนตรี เพื่อขอรับความช่วยเหลือทางคดี สำนักนายกรัฐมนตรีได้ประสานกับทางสำนักงานยุติธรรมจังหวัดเชียงราย กระทั่งปัจจุบันได้มีหนังสือจากสำนักงานยุติธรรมจังหวัดเชียงรายแจ้งว่า ไม่สามารถให้ความช่วยเหลือในทางคดีได้ จึงขอคำปรึกษาว่าจะต้องดำเนินการฟ้องคดีตอศาลปกครองเพื่อขอรับความช่วยเหลืออย่างไร
*หมายเหตุ ผู้ขอคำปรึกษาพูดพาวกไปวนมา เหมือนไม่ปกติ","1.) ศูนย์รับเรื่องราวร้องทุกข์ของรัฐบาล หรือ ศูนย์บริการประชาชน 1111 สสังกัดสำนักนายกรัฐมนตรี มีอำนาจหน้าที่ในการรับเรื่องร้องทุกข์ร้องเรียนขอความเป็นธรรมจากประชาชน และประสานงานหน่วยงานรัฐที่เกี่ยวข้องเพื่อแก้ไขปัญหาให้แก่ประชาชน  ดังนั้นผู้ให้คำปรึกษาจับใจความได้ว่าเป็นการยื่นร้องทุกข์เพื่อขอรับความช่วยเหลือทางด้านคดีในศาลยุติธรรม กรณีนี้ ศูนย์รับเรื่องร้องทุกข์ของรัฐบาลมีอำนาจในการประสานให้กับผู้ขอคำปรึกษาเพื่อขอรับความช่วยเหลือจากสำนักงานยุติธรรมจังหวัดเชียงราย โดยคณะอนุกรรมการช่วยเหลือประจำประจำจังหวัดเชียงรายได้พิจารณาคำขอรับความช่วยเหลือเงินกองทุนยุติธรรมและมีคำสั่งไม่อนุมัติเงินกองทุนยุติธรรมตามคำขอรับความช่วยเหลือ เนื่องจากไม่เป็นไปตามมาตรา 28 แห่งพระราชบัญญัติกองทุนยุติธรรม พ.ศ. 2558 และไม่เป็นไปตามข้อ 10 ระเบียบคณะกรรมการกองทุนยุติธรรม ว่าด้วยหลักเกณฑ์ วิธีการ และเงื่อนไข ในการช่วยเหลือประชาชนในการดำเนินคดี พ.ศ. 2559  หากผู้ขอคำปรึกษาไม่เห็นด้วยกับคำสั่งไม่ให้ความช่วยเหลือและมีความประสงค์ฟ้องคดีต่อศาลปกครองฯนั้นเป็นคดีพิพาทเกี่ยวกับการที่เจ้าหน้าที่ของรัฐออกคำสั่งโดยไม่ชอบด้วยกฎหมายตามมาตรา 9 วรรคหนึ่ง (1) แห่งพ.ร.บ.จัดตั้งศาลปกครองฯ  ทั้งนี้ การฟ้องคดีผู้ขอคำปรึกษาจะต้องดำเนินการแก้ไขความเดือดร้อนเสียหายตามขั้นตอนหรือวิธีการที่กฎหมายกำหนดไว้ก่อนฟ้องโดยการยื่นหนังสือขอให้ทบทวนผลการพิจารณาต่อคณะอนุกรรมการหรือประธาน พร้อมทั้งแสดงเหตุผลและข้อเท็จจริงภายใน 30 วันนับแต่วันที่ได้รับแจ้งผลการพิจารณาข้อ 19 ของระเบียบคณะกรรมการกองทุนยุติธรรม ว่าด้วยหลักเกณฑ์ วิธีการ และเงื่อนไข ในการช่วยเหลือประชาชนในการดาเนินคดี พ.ศ. 2559 หากได้รับแจ้งผลการพิจารณาอุทธรณ์ หรือไม่ได้รับแจ้งผลการพิจารณาภายในระยะเวลาที่กำหนดตามมาตรา 45 แห่งพ.ร.บ.วิธีปฏิบัติราชการทางปกครอง (ระยะเวลาพิจารณาอุทธรณ์ตามที่กาหนดไว้ในมาตรา 45 แห่ง พ.ร.บ. วิธีปฏิบัติราชการทางปกครอง พ.ศ. 2539 (คาสั่งศาลปกครองสูงสุดที่ คร.12/2562)) ผู้ขอคำปรึกษาจึงจะเป็นผู้มีสิทธิฟ้องคดีตามมาตรา 42 วรรคสองแห่งพ.ร.บ.จัดตั้งศาลปกครองฯ ซึ่งจะต้องยื่นฟ้องคดีต่อศาลปกครองภายใน 90 วันนับแต่วันที่รู้ถึงเหตุแห่งการฟ้องคดีตามมาตรา 49 แห่งพ.ร.บ.จัดตั้งศาลปกครองฯ
2.) อย่างไรก็ดี  เมื่อผู้ขอคำปรึกษาอธิบายข้อเท็จจริงไม่ครบถ้วน ไม่สามารถอธิบายว่าเอกสารที่ได้รับจากหน่วยงานของรัฐคืออะไร แนะนำให้นำเอกสารดังกล่าวปรึกษาต่อศาลที่มีอำนาจในการยื่นฟ้องคดีนี้ ได้แก่ ศาลปกครองเชียงรายซึ่งเป็นศาลที่มีอำนาจในจังหวัดเชียงรายอันเป็นภูมิลำเนาของผู้ฟ้องคดี"
"ความรู้ทั่วไปเกี่ยวกับศาลปกครอง/คดีปกครอง, เป็นคดีที่อยู่ในอำนาจของศาลปกครองหรือไม่, การจัดทำคำฟ้องหรือคำร้อง และขั้นตอนที่เกี่ยวข้อง",ผู้ขอคำปรึกษาเป็นผู้ได้รับความเดือร้อนเสียหายจากการที่ผู้ขอคำปรึกษาเคยเป็นพนักงานของบริษัท อาโอยาม่าไทย จำกัดเมื่อปีพ.ศ. 2525 และประสบอุบัติเหตุสูญเสียนิ้วกลางมือขวาจากการปฏิบัติงาน ทำให้ต้องมารักษาตัวประกอบกับหลังจากนัดได้มีการประท้วงชุนมนุมของพนักงาน ทำให้ผู้ขอคำปรึกษาไม่ได้กลับไปทำงานที่บริษัทดังกล่าวและไม่ได้นำเอกสารหลักฐานติดตัวมาด้วย และไม่ได้ลงบันทึกประจำวันกับเจ้าหน้าที่ตำรวจไว้  ผู้ขอคำปรึกษาได้ใช้สิทธิยื่นฟ้องคดีต่อศาลแรงงานและศาลได้มีคำพิพาพากษาให้จ่ายเงินตามสิทธิตามพ.ร.บ.คุ้มครองแรงงานฯเมื่อปีพ.ศ. 2559  ต่อมาในปีพ.ศ. 2566 ผู้ขอคำปรึกษาได้ยื่นหนังสือต่อสำนักงานประกันสังคมจังหวัดสมุทรปราการเพื่อขอรับเงินทดแทนตามพ.ร.บ.เงินทดแทน พ.ศ. 2537 สำนักงานฯได้มีหนังสือแจ้งให้ผู้ขอคำปรึกษานำส่งใบรับรองแพทย์ว่าอุบัติเหตุดังกล่าวเกิดขึ้นจากการปฏิบัติงาน แต่ผู้ขอคำปรึกษาไม่มีเอกสารนั้นจึงไม่ได้ส่งให้กับสำนักงานฯแต่อย่างใด สำนักงานฯจึงมีหนังสือลงวันที่ 24 พฤษภาคม 2566 แจ้งว่าผู้ขอคำปรึกาาไม่มีสิทธิได้รับเงินทดแทน เนื่องจากขาดหลักฐานใบรับรองแพทย์ตามมาตรา 4 (2)ของประกาศคณะปฏิวัติ ฉบับที่ 103 และ พ้นระยะเวลา10 ปีในการสิทธิเรียกร้องตามมตรา 193/30 แห่งป.พ.พ. และแจ้งสิทธิในการืย่นอุทธรณ์ภายใน 30 วันนับแต่วันที่ได้รับแจ้งคำสั่ง แต่ผู้ขอคำปรึกษาไม่ได้ยื่นอุทธรณ์แต่อย่างใด จากการรับฟังข้อเท็จจจริง ผู้ขอคำปรึกษามีความประสงค์ฟ้องคดีต่อศาลปกครองเพื่อขอให้ศาลมีคำพิพากษาจ่ายเงินทดแทนตามสิทธิ ,"1. มาตรา 9 วรรคสองแห่งพ.ร.บ.จัดตั้งศาลปกครองฯบัญญัติว่า เรื่องดังต่อไปนี้ไม่อยู่ในอำนาจศาลปกครอง...(3) คดีที่อยู่ในอำนาจของศาลเยาวชนและครอบครัว ศาลแรงงาน ศาลภาษีอากร ศาลทรัพย์สินทางปัญญาและการค้าระหว่างประเทศ ศาลล้มละลาย หรือศาลชำนัญพิเศษอื่น  และมาตรา 53 แห่งพ.ร.บ.เงินทดแทน พ.ศ. 2535 บัญญัติว่า ในกรณีที่ผู้อุทธรณ์ไม่พอใจคําวินิจฉัยของคณะกรรมการให้มีสิทธินําคดีไปสู่ศาลแรงงานภายในสามสิบวันนับแต่วันที่ได้รับแจ้งคําวินิจฉัย ถ้าไม่นําคดีไปสู่ศาลแรงงานภายในกําหนดเวลาดังกล่าว ให้คําวินิจฉัยของคณะกรรมการเป็นที่สุด ดังนั้นเมื่อ เมื่อมีการยื่นคำขอรับเงินทดแทนในฐานะผผู้มีสิทธิตามมาตรา 20 แห่งพ.ร.บ.ดังกล่าว และได้รับการปฏิเสธ การใช้สิทธิฟ้องคดีเพื่อขอให้จ่ายเงินทดแทนนี้เป็นอำนาจของศาลแรงงาน ดังนั้น คดีนี้จึงไม่อยู่ในอำนาจของศาลปกครองตามมาตรา 9 วรรคสองแห่งพ.ร.บ.จัดตั้งศาลปกครองฯ
2. หากผู้ขอคำปรึกษามีความประสงค์ในการใช้สิทธิฟ้องคดีต่อศาลปกครองเพื่อให้ศาลพิจารณาว่าคดีนี้อยู่ในอำนาจของศาลปกครองหรือไม่ ให้ผู้ขอคำปรึกษาจัดทำคำฟ้อง โดยกำหนดให้สำนักงานประกันสังคมจังหวัดสมุทรปราการเป็นผู้ถูกฟ้องคดี บรรยายข้อเท็จจริงที่เกิดขึ้นและโต้แย้งการปฏิเสธไม่จ่ายเงินไม่ถูกต้องตามกฎหมายอย่างไร และระบุว่าจะขอให้ผู้ถูกฟ้องคดีจ่ายเงินค่าทดแทนคิดเป็นเงินทั้งสิ้นกี่บาท และกำหนดคำขอท้ายคำฟ้องขอให้ศาลมีคำพิพากษาให้ผู้ถูกฟ้องคดีจ่ายเงิน...บาท พร้อมทั้งดอกเบี้ยในอัตราร้อยละเท่าใดของต้นเงิน ...บาท คิดคำนวณตั้งแต่เมื่อมีสิทธิจนถึงวันฟ้องเป็นเงินทั้งสิ้น ... บาท รวมเป็นเงินทั้งสิ้นจำนวน... บาท (สามารถคิดดอกเบี้ยถัดจากวันฟ้องจนชำระครบถ้วน) ทั้งนี้ การฟ้องคดีขอให้ชดใช้เงินต้องเสียค่าธรรมเนียมศาลในอัตราร้อยละ 2 ของจำนวนทุนทรัพย์ในคดี หากไม่มีเงินจะเสียค่าธรรมเนียมศาลจะต้องยื่นคำขอยกเว้นค่าธรรมเนียมศาล โดยอธิบายว่าไม่มีเงินจะต้องเสียค่าธรรมเนียมศาลหรือมีทรัพย์สิน หากต้องเสียค่าธรรมเนียมศาลจะได้รับความเดือดร้อนเสียหาย"
ขอความเห็นทางกฎหมาย,"ผู้ขอคำปรึกษาเป็นผู้ฟ้องคดีต่อศาลปกครองกลางว่า ผู้ฟ้องคดีได้ร้องเรียนต่อคณะกรรมการกิจการโทรคมนาคม (กทค.) ผู้ถูกฟ้องคดี ว่า บริษัท แอดวานซ์ ไวร์เลส เน็ทเวอร์ค จำกัด เรียกเก็บค่าบริการผิดพลาด แต่ผู้ถูกฟ้องคดีกลับมีมติที่ประชุมครั้งที่ 3/2560 ลว. 23 ม.ค. 2560 พิจารณาเรื่องร้องเรียนของผู้ฟ้องคดีว่า บริษัท แอดวานซ์ ไวร์เลส เน็ทเวอร์ค จำกัด เรียกเก็บค่าบริการถูกต้อง ตามข้อ 8 ของประกาศคณะกรรมการกิจการโทรคมนาคมแห่งชาติ เรื่อง มาตรฐานของสัญญาให้บริการโทรคมนาคม พ.ศ.2549 แล้ว เป็นเหตุให้ผู้ฟ้องคดีได้รับความเดือดร้อนเสียหายเพื่อขอให้เพิกถอนมติดังกล่าว  คดีนี้ศาลปกครองมีคำพิพากษายกคำฟ้อง  ขอสอบถามเนื้อหาในคำพิพากษาว่า การคัดค้านคำให้การในคำพิพากษาส่วนของการวินิจฉัยคดีหรือไม่ หากจะโต้แย้งคำพิพากษาจะต้องทำอย่างไร
",มาตรา 69 วรรคหนึ่งแห่งพ.ร.บ.จัดตั้งศาลปกครองฯบัญญัติว่า คำพิพากษาหรือคำสั่งชี้ขาดคดีปกครองของศาลปกครองอย่างน้อยต้องระบุ (1) ชื่อผู้ยื่นคำฟ้อง (2) หน่วยงานทางปกครองหรือเจ้าหน้าที่ของรัฐที่เป็นเหตุแห่งการฟ้องคดี (3) เหตุแห่งการฟ้องคดี (4) ข้อเท็จจริงของเรื่องที่ฟ้อง (5) เหตุผลแห่งคำวินิจฉัย (6) คำวินิจฉัยของศาลในประเด็นแห่งคดีื (7) คำบังคับ ถ้ามี โดยให้ระบุหน่วยงานทางปกครองหรือเจ้าหน้าที่ของรัฐที่ต้องปฏิบัติตามคำบังคับไว้ด้วย (8) ข้อสังเกตเกี่ยวกับแนวทางหรือวิธีการดำเนินการให้เป็นไปตามคำพิพากษา ถ้ามี  ดังนั้น จะเห็นได้ว่า คำพิพากษาจะประกอบด้วยคำคู่ความของคู่กรณีในคดี ข้อเท็จจริงที่ศาลสรุป การวินิจฉัยของศาล และคำบังคับ ในส่วนของคำคัดค้านคำให้การในคำพิพากษานั้นอยู่ในส่วนของการสรุปคำคู่ความของคู่กรณีในคดี ไม่ใช่การวินิจฉัยคดีแต่อย่างใด กรณีนี้หากไม่เห็นด้วยกับคำพิพากษาของศาลปกครอง ผู้ฟ้องคดีมีสิทธิยื่นฟ้องคดีต่อศาลปกครองกลางภายใน 90 วันนับแต่วันที่รู้ถึงเหตุแห่งการฟ้องคดีตามมาตรา 49 แห่งพ.ร.บ.จัดตั้งศาลปกครองฯ เมื่อปรากฎว่า ศาลได้มีคำพิพากษาในวันที่ 23 ธ.ค. 63 หากจะยื่นฟ้องคดีต่อศาลปกครองก็จะพ้นระยะเวลาในการอุทธรณ์คำพิพากษาภายใน 30 วันนับแต่วันที่มีคำพิพากษาตามมาตรา 73 แห่งพ.ร.บ.จัดตั้งศาลปกครองฯ 
ขอความเห็นทางกฎหมาย,"ผู้ขอคำปรึกษาคณะกรรมการป้องกันและปราบปรามการทุจริตแห่งชาติ ที่ 1 กับพวกรวม 5 คน กระทำการโดยไม่ชอบด้วยกฎหมายและกระทำละเมิดต่อผู้ฟ้องคดี กรณีผู้ถูกฟ้องคดีที่ 2 มีคำสั่งองค์การบริหารส่วนตำบลตลาดกรวด ที่ 84/2564 ลว. 28 เม.ย. 2564 ลงโทษไล่ผู้ฟ้องคดีออกจากราชการ โดยอ้างว่าผู้ฟ้องคดีในฐานะคณะกรรมการตรวจการจ้างและผู้ควบคุมงานโครงการปรับปรุงถนนโดยการลงหินคลุก ละเว้นไม่ทำการตรวจสอบและควบคุมงานให้เป็นไปตามรูปแบบ รายการละเอียด และข้อกำหนดในใบสั่งจ้าง ซึ่งผู้ฟ้องคดีได้อุทธรณ์คำสั่งดังกล่าวต่อผู้ถูกฟ้องคดีที่ 3 แล้ว แต่ได้รับแจ้งผลการพิจาณาตามหนังสือ ลว. 30 ก.ค. 2564 ให้ยกอุทธรณ์ จึงนำคดีมาฟ้องเพื่อขอให้ศาลมีคำพิพากษาเพิกถอนคำสั่งและให้ชดใช้เงิน คดีนี้ศาลปกครองกลางได้มีคำพิพากษาเมื่อวันที่ 26 ส.ค. 68 พิพากษาเพิกถอนคำสั่งและให้ผู้ถูกฟ้องคดีชดใช้เงินจำนวน 20,000 บาท ภายใน 60 วันนับแต่วันที่คดีถึงที่สุด ขอสอบถามว่าจะบังคับคดีนี้ได้หรือไม่","มาตรา 73 วรรคหนึ่งแห่งพ.ร.บ.จัดตั้งศาลปกครองฯบัญญัติว่า การคัดค้านคำพิพากษาหรือคำสั่งของศาลปกครองชั้นต้นนั้น ให้ยื่นอุทธรณ์ต่อศาลปกครองชั้นต้นที่มีคำพิพากษาหรือคำสั่งภายในกำหนดสามสิบวันนับแต่วันที่ได้มีคำพิพากษาหรือคำสั่ง ถ้ามิได้ยื่นอุทธรณ์ตามกำหนดเวลาดังกล่าว ให้ถือว่าคดีนั้นเป็นอันถึงที่สุด ดังนั้น หากผู้ถูกฟ้องคดีไม่ได้ยื่นอุทธรณ์คำพิพากษาภายในระยะเวลาที่กำหนดจะถือว่าคดีถึงที่สุดแล้ว  ผู้ถูกฟ้องคดีจะต้องปฏิบัติตามคำบังคับ ข้อ 137 แห่งระเบียบของที่ประชุมใหญ่ฯว่าด้วยวิธีพิจารณาคดีปกครองฯกำหนดว่า ในกรณีที่ศาลพิพากษาและกำหนดคำบังคับให้เพิกถอนคำสั่ง ย่อมมีผลให้คำสั่งนั้นถูกเพิกถอนโดยไม่ต้องมีการบังคับคดี ส่วนฟ้องการบังคับตามคำพิพากษาที่ให้ผู้ถูกฟ้องคดีจำนวน 20,000 บาทนั้น เมื่อคดีถึงที่สุดผู้ถูกฟ้องคดีจะต้องปฏิบัติตามคำบังคับชดใช้เงินตามคำพิพากษาภายใน 60 วันนับแต่วันที่คดีถึงที่สุด ดังนั้นจึงต้องรอว่าคูกรณีอีกฝ่ายหนึ่งจะอุทธรณ์คำพิพากษาหรือไม่ หากมีการอุทธรณ์คำพิพากษาจะต้องรอคำพิพากษาของศาลปกครองสูงสุด"
เป็นคดีที่อยู่ในอำนาจของศาลปกครองหรือไม่,     เป็นข้าราชการศาลยุติธรรมเห็นว่าได้รับการเลื่อนขั้นเงินเดือนไม่เป็นธรรม จะต้องทำอย่างไร,"     แนะนำว่า ให้ยื่นร้องทุกข์ต่อผู้บังคับบัญชา หากได้รับคำตอบกลับมาว่า การประเมินเลื่อนขั้นถูกต้องแล้ว หรือพ้นระยะเวลาการพิจารณาคำร้องทุกข์ตามระเบียบภายในหน่วยงานของท่านแล้ว (ในกรณีระเบียบภายในหน่วยงานของท่านกำหนดระยะเวลาไว้) หากไม่กำหนดระยะเวลาพิจารณาคำร้องทุกข์ไว้ เมื่อไม่มีการพิจารณาคำร้องทุกข์ภายใน 60 ว้น ให้ท่านฟ้องต่อศาลปกครองภายใน 90วันนับแต่พ้นกำหนดระยะเวลาดังกล่าว แล้วแต่กรณ๊ 
  ทั้งนี้ระยะเวลาพิจารณาหากระเบียบภายในหน่วยงานของท่านไม่ได้กำหนดระยะเวลาไว้ ให้ใช้เวลาตาม แห่งพระราชบัญญัติวิธีปฏิบัติราชการทางปกครองพ.ศ. 2539 มาตรา 45 ให้เจ้าหน้าที่ตามมาตรา 44 วรรคหนึ่ง พิจารณาคำอุทธรณ์และแจ้งผู้อุทธรณ์โดยไม่ชักช้า แต่ต้องไม่เกินสามสิบวันนับแต่วันที่ได้รับอุทธรณ์ ในกรณีที่เห็นด้วยกับคำอุทธรณ์ไม่ว่าทั้งหมดหรือบางส่วนก็ให้ดำเนินการเปลี่ยนแปลงคำสั่งทางปกครองตามความเห็นของตนภายในกำหนดเวลาดังกล่าวด้วย   	ถ้าเจ้าหน้าที่ตามมาตรา 44 วรรคหนึ่ง ไม่เห็นด้วยกับคำอุทธรณ์ไม่ว่าทั้งหมดหรือบางส่วนก็ให้เร่งรายงานความเห็นพร้อมเหตุผลไปยังผู้มีอำนาจพิจารณาคำอุทธรณ์ภายในกำหนดเวลาตามวรรคหนึ่ง ให้ผู้มีอำนาจพิจารณาคำอุทธรณ์พิจารณาให้แล้วเสร็จภายในสามสิบวันนับแต่วันที่ตนได้รับรายงาน ถ้ามีเหตุจำเป็นไม่อาจพิจารณาให้แล้วเสร็จภายในระยะเวลาดังกล่าว ให้ผู้มีอำนาจพิจารณาอุทธรณ์มีหนังสือแจ้งให้ผู้อุทธรณ์ทราบก่อนครบกำหนดเวลาดังกล่าว ในการนี้ ให้ขยายระยะเวลาพิจารณาอุทธรณ์ออกไปได้ไม่เกินสามสิบวันนับแต่วันที่ครบกำหนดเวลาดังกล่าว
	เจ้าหน้าที่ผู้ใดจะเป็นผู้มีอำนาจพิจารณาอุทธรณ์ตามวรรคสองให้เป็นไปตามที่กำหนดในกฎกระทรวง	บทบัญญัติมาตรานี้ไม่ใช้กับกรณีที่มีกฎหมายเฉพาะกำหนดไว้เป็นอย่างอื่น"
"ความรู้ทั่วไปเกี่ยวกับศาลปกครอง/คดีปกครอง, เป็นคดีที่อยู่ในอำนาจของศาลปกครองหรือไม่",ผู้ขอคำปรึกษาเป็นผู้ได้รับความเดือดร้อนเสียหายจากการที่เป็นโจทก์ยื่นฟ้องคดีต่อศาลยุติธรรม และศาลยุติธรรมได้มีคำสั่งไม่รับคำฟ้อง เนื่องจากใช้แบบพิมพ์ไม่ถูกต้อง ผู้ขอคำปรึกษาจึงยื่นอุทธณณ์คำสั่งไม่รับคำฟ้อง ปัจจุบันยังไม่มีการแจ้งผลการพิจารณาอุทธรณ์คำสั่งไม่รับคำฟ้องแต่อย่างใด จึงขอคำปรึกษาว่าจะฟ้องคดีต่อศาลปกครองได้หรือไม่,มาตรา 42 วรรคหนึ่งแห่งพ.ร.บ.จัดตั้งศาลปกครองฯบัญญัติว่า ผู้ใดได้รับความเดือดร้อนหรือเสียหาย หรืออาจจะเดือดร้อนหรือเสียหายโดยมิอาจหลีกเลี่ยงได้อันเนื่องจากการกระทำหรือการงดเว้นการกระทำของหน่วยงานทางปกครองหรือเจ้าหน้าที่ของรัฐหรือมีข้อโต้แย้งเกี่ยวกับสัญญาทางปกครอง หรือกรณีอื่นใดที่อยู่ในเขตอำนาจศาลปกครองตามมาตรา 9 และการแก้ไขหรือบรรเทาความเดือดร้อนหรือความเสียหายหรือยุติข้อโต้แย้งนั้น ต้องมีคำบังคับตามที่กำหนดในมาตรา 72 ผู้นั้นมีสิทธิฟ้องคดีต่อศาลปกครอง  เหตุแห่งความเดือดร้อนเสียหายที่จะยื่นฟ้องคดีต่อศาลปกครองนั้นต้องเกิดขึ้นจากการะทำหรือการไม่กระทำของหน่วยงานทางปกครองหรือเจ้าหน้าที่ของรัฐตามกฎหมายปกครอง กรณีที่ผู้ขอคำปรึกษาได้รับความเดือดร้อนเสียหายจากการที่ไม่มีการแจ้งผลการพิจารณาอุทธรณ์คำสั่งไม่รับคำฟ้องนั้นเป็นการดำเนินกระบวนการยุติธรรมของศาลยุติธรรม คดีนี้จึงเป็นคดีที่อยู่ในอำนาจการพิจารณาของศาลยุติธรรม ผู้ขอคำปรึกษาจึงไม่ใช่ผู้ได้รับความเดือดร้อนเสียหายหรืออาจจะเดือดร้อนเสียหายจากการกระทำการของหน่วยงานทางปกครองหรือเจ้าหน้าที่ของรัฐที่มีสิทธิฟ้องคดีตามมาตรา 42 วรรคหนึ่งแห่งพ.ร.บ.จัดตั้งศาลปกครองฯ
ความรู้ทั่วไปเกี่ยวกับศาลปกครอง/คดีปกครอง,    สอบถามความรู้เกี่ยวกับคดีปกครอง เรื่องละเมิดทางปกครอง,"  แนะนำว่า องค์ประกอบเรื่องละเมิด เป็นไป มาตรา 420 แห่งประมวลกฎหมายแพ่งและพาณิชย์ (ป.พ.พ.) กำหนดว่า ""ผู้ใดจงใจหรือประมาทเลินเล่อ ทำต่อบุคคลอื่นโดยผิดกฎหมายให้เขาเสียหายถึงแก่ชีวิตก็ดี แก่ร่างกายก็ดี อนามัยก็ดี เสรีภาพก็ดี ทรัพย์สินหรือสิทธิอย่างหนึ่งอย่างใดก็ดี ท่านว่าผู้นั้นทำละเมิด จำต้องใช้ค่าสินไหมทดแทนเพื่อการนั้น"". มาตรานี้เป็นหลักกฎหมายทั่วไปเรื่องละเมิดที่บัญญัติว่าบุคคลที่กระทำผิดกฎหมายโดยทำให้ผู้อื่นเสียหายจะต้องชดใช้ค่าเสียหายที่เกิดขึ้น. 
   ละเมิดทางปกครอง คือ การที่หน่วยงานของรัฐหรือเจ้าหน้าที่ของรัฐกระทำผิดกฎหมาย ทำให้หน่วยงานของรัฐหรือบุคคลอื่นได้รับความเสียหาย โดยอาจเป็นการกระทำโดยจงใจหรือประมาทเลินเล่อ ถือเป็นความเสียหายที่เกิดจากการใช้อำนาจตามกฎหมาย หรือการละเลยต่อหน้าที่ ทำให้เกิดสิทธิในการเรียกร้องค่าสินไหมทดแทนต่อหน่วยงานที่รับผิดชอบ. 
องค์ประกอบของละเมิดทางปกครอง
1. การกระทำของเจ้าหน้าที่รัฐ:เจ้าหน้าที่ของรัฐปฏิบัติหน้าที่หรือใช้อำนาจตามกฎหมาย. 
2. การกระทำนั้นเกิดความเสียหาย: การกระทำดังกล่าวทำให้เกิดความเสียหายต่อหน่วยงานของรัฐหรือบุคคลอื่น. 
3. ความเสียหายเกิดจากความจงใจหรือประมาทเลินเล่อ:เจ้าหน้าที่ผู้กระทำมีเจตนาทำให้เกิดความเสียหาย หรือประมาทเลินเล่ออย่างร้ายแรง. 
ความเสียหายที่เกิดจากละเมิดทางปกครองความเสียหายต่อหน่วยงานของรัฐ:เช่น การทุจริต, การจัดซื้อจัดจ้างที่ไม่ถูกต้อง, การใช้จ่ายเงินผิดระเบียบ. 
ความเสียหายต่อบุคคลอื่น:การที่หน่วยงานหรือเจ้าหน้าที่กระทำการละเมิดอันเป็นผลมาจากการปฏิบัติหน้าที่ เช่น ออกคำสั่งโดยมิชอบ หรือละเลยต่อหน้าที่. ผู้มีสิทธิเรียกร้อง  หน่วยงานของรัฐ:สามารถเรียกให้เจ้าหน้าที่ผู้กระทำละเมิดชดใช้ค่าสินไหมทดแทนได้ หากการกระทำนั้นทำโดยความจงใจหรือประมาทเลินเล่ออย่างร้ายแรง. บุคคลอื่น:สามารถยื่นคำร้องต่อหน่วยงานของรัฐเพื่อขอรับค่าสินไหมทดแทน หรือฟ้องคดีต่อศาลปกครองได้หากไม่พอใจคำวินิจฉัย. "
"ความรู้ทั่วไปเกี่ยวกับศาลปกครอง/คดีปกครอง, การจัดทำคำฟ้องหรือคำร้อง และขั้นตอนที่เกี่ยวข้อง",ผู้ขอคำปรึกษาเป็นผู้ได้รับความเดือดร้อนเสียหายจากการที่มีที่ดินซึ่งมีทางเกวียนสัญจรมีความกว้างประมาณ 1.5 เมตร แต่อบต.ที่ดูแลรับรับผิดทางดังกล่าวไม่มาดูแลบำรุงรักษา จนทำให้ทางเกวียนนั้นมีความกว้างไม่เท่ากันตลอดเส้นทาง จึงขอคำปรึกษาว่าจะฟ้องคดีดังกล่าวต่อศาลปกครองได้หรือไม่,"มาตรา 67 วรคหนึ่งแห่งพ.ร.บ.สภาตําบลและองค์การบริหารส่วนตําบลพ.ศ. 2537 บัญญัติว่า ภายใต้บังคับแห่งกฎหมาย องค์การบริหารส่วนตําบล มีหน้าที่ต้องทําในเขตองค์การบริหารส่วนตําบล ดังต่อไปนี้
...(1) จัดให้มีและบํารุงรักษาทางน้ำและทางบก  การที่ผู้ขอคำปรึกษายื่นร้องเรียนให้อบต.ในท้องที่ที่รับผิดชอบทางเกวียนให้ดำเนินการตรวจสอบดูแลรักษาทางเกวียนให้อยู่ในสภาพใช้งานและอบต.ไม่ดำเนินการจึงมีความประสงค์ในการฟ้องคดีต่อศาลปกครองเพื่อขอให้ศาลมีคำพิพากษาในดำเนินการตรวจสอบบำรุงรักษาทางเกวียนให้เป็นไปตามอำนาจหน้าที่ตามกฎหมายนั้นเป็นคดีพิพาทเกี่ยวกับการที่เจ้าหน้าที่ของรัฐละเลยการปฏิบัติหน้าที่ตามที่กฎหมายกำหนดให้ต้องปฏิบัติตามมาตรา 9 วรรคหนึ่ง (2) แห่งพ.ร.บ.จัดตั้งศาลปกครองฯ  ผู้ขอคำปรึกษาจะต้องจัดทำคำฟ้องโดยกำหนดให้นายกอบตเป็นผู้ถูกฟ้องคดี บรรยายข้อเท็จจริงที่เกิดขึนและอธิบายว่า นายกอบตละเลยการปฏิบัติหน้าที่อย่างไร และกำหนดคำขอท้ายคำฟ้องขอให้นายอบต.ปฏิบัติหน้าที่ให้ดำเนินการตรวจสอบดูแลรักษาทางเกวียนให้อยู่ในสภาพใช้งานตามมาตรา มาตรา 67 วรคหนึ่งแห่งพ.ร.บ.สภาตําบลและองค์การบริหารส่วนตําบลพ.ศ. 2537 ซึ่งเป็นคำขอที่ศาลสามารถออกคำบังคับได้ตามมาตรา 72 วรรคหนึ่ง (2) แห่งพ.ร.บ.จัดตั้งศาลปกครองฯ"
"ความรู้ทั่วไปเกี่ยวกับศาลปกครอง/คดีปกครอง, ขอความเห็นทางกฎหมาย","ผู้ขอคำปรึกษาเป็นผู้ได้รับความเสียหายจากการที่ ผู้ขอคำปรึกษาอยู่กินกับสามีโดยไม่จดทะเบียนสมรสเป็นเวลากว่า 10 ปี โดยมีลูกชายรับรู้ แต่ต่อมาสามีไปมีความสัมพันธ์กับผู้หญิงซึ่งเป็นพนักงานของการท่องเที่ยวแห่งประเทศไทย ผู้ขอคำปรึกษาจึงได้ยื่นร้องเรียนต่อผู้ว่าการการท่องเที่ยวแห่งประเทศไทยเพื่อให้ดำเนินการทางวินัยกับเจ้าหน้าที่คนดังกล่าว การท่องเที่ยวแห่งประเทศไทย ""ททท."" ได้มีการตั้งแต่งคณะกรรมการสอบข้อเท็จจริงเกี่ยวกับความผิดทางวินัยแล้ว ต่อมา ปรากฎว่าผู้ว่าการททท.ได้มีหนังสือแจ้งเมื่ออาทิตยย์ที่ผ่านมาว่า ผู้ถูกกล่าวไม่ได้กระทำผิด เนื่องจากสามีของผู้ขอคำปรึกษากับพนักงานของททท.ได้จดทะเบียนสมรสกันแล้ว  ผู้ขอคำปรึกษาไม่เห็นด้วย เนื่องจากการกระทำความผิดมีชู้เกิดขึ้นก่อนการยื่นร้องเรียน จึงขอคำปรึกษาในการจัดทำคำฟ้องเพื่อขอให้เพิกถอนการยุติข้อกล่าวหา","1.) มาตรา 42 วรรคหนึ่งแห่งพ.ร.บ.จัดตั้งศาลปกครองฯผู้ใดได้รับความเดือดร้อนหรือเสียหาย หรืออาจจะเดือดร้อนหรือเสียหายโดยมิอาจหลีกเลี่ยงได้อันเนื่องจากการกระทำหรือการงดเว้นการกระทำของหน่วยงานทางปกครองหรือเจ้าหน้าที่ของรัฐหรือมีข้อโต้แย้งเกี่ยวกับสัญญาทางปกครอง หรือกรณีอื่นใดที่อยู่ในเขตอำนาจศาลปกครองตามมาตรา 9 และการแก้ไขหรือบรรเทาความเดือดร้อนหรือความเสียหายหรือยุติข้อโต้แย้งนั้น ต้องมีคำบังคับตามที่กำหนดในมาตรา 72 ผู้นั้นมีสิทธิฟ้องคดีต่อศาลปกครอง  การดำเนินการทางวินัยเป็นใช้อำนาจหน้าที่ของเจ้าหน้าที่ตามกฎหมายว่าด้วยการดำเนินการทางวินัยกับพนักงานซึ่งอาศัยอำนาจตามพ.ร.บ.การท่องเที่ยวแห่งประเทศไทย พ.ศ. 2522  ซึ่งมีผลกระทบต่อสิทธิหน้าที่ของบุคคลในกรณีนี้ได้แก่ ผู้รับคำสั่ง เมื่อผู้ขอคำปรึกษาเป็นเพียงต่อผู้ร้องเรียน มิใช่ผู้รับคำสั่งทางปกครอง ผู้ขอคำปรึกษาจึงไม่ใช่ผู้ได้รับความเดือดร้อนเสียหายจากการะทำของหน่วยงานทางปกครองหรือเจ้าหน้าที่ของรัฐอันเกิดจากการใช้อำนาจตามกฎหมายที่จะมีสิทธิฟ้องคดีตามมาตรา 42 วรรคหนึ่งแห่งพ.ร.บ.จัดตั้งศาลปกครองฯ 
2.) อย่างไรก็ดี หากผู้ฟ้องคดีมีความประสงค์ในการฟ้องคดีต่อศาลปกครองเพื่อขอให้เพิกถอนการยุติ/ยกข้อกล่าวหานั้นเป็นคดีพิพาทเกี่ยวกับการที่เจ้าหน้าที่ของรัฐออกคำสั่งโดยไม่ชอบด้วยกฎหมายตามมาตรา 9 วรรคหนึ่ง แห่งพ.ร.บ.จัดตั้งศาลปกครองฯ  เมื่อผู้ขอคำปรึกษาไม่ใช่ผู้รับคำสั่งจึงไม่ต้องดำเนินการแก้ไขความเดือดร้อนเสียหายก่อนการยื่นฟ้อง ผู้ขอคำปรึกษาจะต้องใช้สิทธิฟ้องคดีต่อศาลปกครองภายใน 90 วันนับแต่วันที่รู้หรือควรรู้ถึงเหตุแห่งการฟ้องคดีตามมาตรา 49 แห่งพ.ร.บ.จัดตั้งศาลปกครองฯ ซึ่งได้แก่วันที่ได้รับหนังสือแจ้งยกข้อกล่าวหาของผู้ว่าการททท.

3.) ผู้ขอคำปรึกษาต้องจัดทำคำฟ้องตามมาตาร 45 แห่งพ.ร.บ.จัดตั้งศาลปกครองโดยกำหนดให้ผู้ว่าการททท.เป็นผู้ถูกฟ้องคดี บรรยายข้อเท็จจริงที่เกิดขึ้นที่เป็นเหตุแห่งการร้องเรียน และการพิจารณาของททท. และโต้แย้งว่า ททท.พิจารณาโดยไม่ชอบด้วยกฎหมายเนื่องจากเหตุผลใด และกำหนดคำขอท้ายคำฟ้องขอให้ศาลมีคำพิพากษาเพิกถอนคำสั่งการยุติข้อกล่าวหาและกลับไปพิจารราใหม่ตามอำนาจหน้าที่"
"ความรู้ทั่วไปเกี่ยวกับศาลปกครอง/คดีปกครอง, ขั้นตอนแก้ไขความเสียหายก่อนฟ้องคดี, การจัดทำคำฟ้องหรือคำร้อง และขั้นตอนที่เกี่ยวข้อง",ผู้ขอคำปรึกษาสอบถามว่า กรณีที่เห็นว่าเจ้าพนักงานที่ดินกรุงเทพมหานคร ออกโฉนดที่ดินไม่ถูกต้อง ทำให้เนื้อที่ของคอนโดของผู้ขอคำปรึกษาขาดหายไป จะสามารถฟ้องคดีต่อศาลปกครองเพื่อออกคำสั่งให้เจ้าพนักงานที่ดินแก้ไขโฉนดที่ดินให้ถูกต้องได้หรือไม่ อย่างไร,กรณีที่ผู้ขอคำปรึกษาเห็นว่าเจ้าพนักงานที่ดินกรุงเทพมหานคร ออกโฉนดที่ดินให้แก่ผู้ขอคำปรึกษาไม่ถูกต้อง ทำให้เนื้อที่ของคอนโดของผู้ขอคำปรึกษาขาดหายไป จึงได้ให้คำแนะนำว่า ให้ผู้ขอคำปรึกษาดำเนินการทำหนังสือไปยังสำนักงานที่ดินกรุงเทพมหานคร เพื่อให้แก้ไขโฉนดที่ดินของผู้ขอคำปรึษาให้ถูกต้องก่อน หากพ้นกำหนดเก้าสิบวันนับแต่วันที่ได้มีหนังสือดังกล่าวแล้ว ไม่ได้รับหนังสือชี้แจงจากหน่วยงานทางปกครอง จึงมีสิทธินำคดีมาฟ้องต่อศาลปกครองภายในเก้าสิบวันนับแต่วันที่พ้นกำหนดระยะเวลาดังกล่าว หรือได้รับแต่เป็นคำชี้แจงที่ผู้ขอคำปรึกษาเห็นว่าไม่มีเหตุผล จึงมีสิทธินำคดีมาฟ้องต่อศาลปกครองภายในเก้าสิบวันนับแต่วันที่รู้หรือควรรู้ถึงเหตุแห่งการฟ้องคดี โดยจะต้องมีคำขอท้ายคำฟ้องให้หน่วยงานทางปกครองหรือเจ้าหน้าที่ของรัฐที่เกี่ยวข้องปฏิบัติตามหน้าที่ภายในเวลาที่ศาลปกครองกำหนด หรือขอให้เพิกถอนคำสั่งของหน่วยงานทางปกครองดังกล่าว แล้วแต่กรณี ตามมาตรา 49 ประกอบมาตรา 72 วรรคหนึ่ง แห่งพระราชบัญญัติจัดตั้งศาลปกครองและวิธีพิจารณาคดีปกครอง พ.ศ. 2542
ขอความเห็นทางกฎหมาย,ผู้ขอคำปรึกษาเป็นเจ้าของอาคารซึ่งไปยื่นคำขออนุญาตรื้อถอนป้ายไฟป้ายทาวเวอร์ (Tower Sign) หรือ ป้ายไพลอน (Pylon Sign) บนอาคารของผู้ขอคำปรึกษาต่อเจ้าพนักงานท้องถิ่น ต่อมาเจ้าพนักงานท้องถิ่นได้มีคำสั่งินุญาตให้รื้อถอนป้ายไฟดังกล่าว แต่เมื่อผู้ขอคำปรึกษามาตรวจสอบใบอนุญาตดังกล่าวพบว่า ผู้ขอคำปรึกษาไม่ได้ระบุขั้นตอนหรือวิธีการรื้อถอน ขอสอบถามว่า ใบอนญาตให้รื้อถอนป้ายไฟนั้นเป็นใบอนุญาตที่ชอบด้วยกฎหมายหรือไม่,คำสั่งอนุญาตรื้อถอนป้ายไฟบนอาคารนั้นเป็นไปตามกฎกระทรวงว่าด้วยการควบคุมป้ายหรือสิ่งที่สร้างขึ้นสําหรับติดหรือตั้งป้ายตามกฎหมายว่าด้วยการควบคุมอาคาร พ.ศ. 2558 กฎกระทรวง ฉบับที่ 8 (พ.ศ. 2528) ออกตามความในพระราชบัญญัติควบคุมอาคาร พ.ศ. 2522 ซึ่งมีลักษณะเป็นการใช้อำนาจของเจ้าพนักงานท้องถิ่นตามพ.ร.บ.ควบคุมอาคารฯที่มีลัษณะเป็นคำสั่งทางปกครองตามพ.ร.บ.วิธีปฏิบัติราชการทางปกครองฯ  เมื่อเจ้าพนักงานท้องถิ่นมีคำสั่งอนุญาตให้รื้อถอนป้ายไฟออกมาแล้ว คำสั่งทางปกครองนั้นย่อมมีผลตราบเท่าที่ยังไม่มีการเพิกถอนหรือสิ้นผลลงโดยเงื่อนเวลาหรือโดยเหตุอื่นตามมาตรา 42 วรรคสองแห่งพ.ร.บ.วิธีปฏิบัติราชการทางปกครองฯ  อย่างไรก็ดีหากปรากฎต่อเจ้าพนักงานท้องถิ่นซึ่งเป็นผู้ทำคำสั่งทางปกครองว่า คำสั่งดังกล่าวไม่สมบูรณ์กรณีนี้ได้แก่ ข้อเท็จจริงอันเป็นสาระสำคัญในการออกทำคำสั่ง กรณีนี้พ.ร.บ.วิธีปฏิบัติราชการทางปกครองฯกำหนดหลักเกณฑ์ให้สามารถแก้ไขให้คำสั่งนั้นมีผลสมบูรณ์ ได้แก่ มาตรา 41 แห่งพ.ร.บ.วิธีปฏิบัติราชการทางปกครองฯบัญญัติ (2) คำสั่งทางปกครองที่ต้องจัดให้มีเหตุผลตามมาตรา 37 วรรคหนึ่ง ถ้าได้มีการจัดให้มีเหตุผลดังกล่าวในภายหลัง  ดังนั้น กรณีนี้ผู้รับคำสั่งสามารถยื่นข้อเท็จจริงเกี่ยวกับขั้นตอนหรือวิธีการรื้อถอนป้ายต่อเจ้าพนักงานท้องถิ่นในภายหลังได้
การจัดทำคำฟ้องหรือคำร้อง และขั้นตอนที่เกี่ยวข้อง,ผู้ขอคำปรึกษาสอบถามคาวมเห็นมาตรา 49 แห่งพ.ร.บ.จัดตั้งศาลปกครองฯ รู้หรือควรรู้ถึงเหตุแห่งการฟ้องคดีหรือครบกำหนดเก้าสิบวันที่ผู้ฟ้องคดีมีหนังสือถึงหน่วยงานทางปกครองหรือเจ้าหน้าที่ของรัฐแล้วไม่ได้รับคำชี้แจงหรือชี้แจงแล้วไม่เห็นด้วย รู้หรือควรรู้ถึงเหตุแห่งการฟ้องคดีหมายถึงกรณีใดในความเป็นจริง,รู้หรือควรรู้ถึงเหตุแห่งการฟ้องคดีตามมาตรา 49  พ.ร.บ.จัดตั้งศาลปกครองฯนั้นเป็นระยะเวลาในการใช้สิทธิฟ้องคดีต่อศาลปกครองตามมาตรา 9 วรรคหนึ่ง (1) และ คดีพิพาทเกี่ยวกับการที่เจ้าหน้าที่ของรัฐละเลยการปฏิบัติหน้าที่ตามที่กฎหมายกำหนดต้องปฏิบัติตามมาตรา 9 วรรคหนึ่ง (2) แห่งพ.ร.บ.จัดตั้งศาลปกครองฯ กรณีฟ้องคดีเพิกถอนคำสั่ง หากได้รับผลการพิจารณาอุทธรณ์แล้วถือว่ารู้ถึงเหตุแห่งการฟ้องคดี หรือเมื่ออุทธรณ์และครบกำหนดระยะเวลาอุทะรณ์ตามมาตรา 45 แห่งพ.ร.บ.วิธีปฏิบัติราชการทางปกครองฯ ถือว่ารู้ถึงเหตุแห่งการฟ้องคดีนับแต่ครบกำหนดระยะเวลาพิจารารอุทธณณ์  ส่วนคดีละเลยการปฏิบัติหน้าที่คือครบกำหนดเก้าสิบวันไม่ได้รับแจ้งถือว่ารู้ถึงเหตุแห่งการฟ้องคดี หรือได้รับแจ้งจากหน่วยงานว่าปฏิบัติหน้าที่แล้วไม่เห็นด้วย  ถือว่าที่รู้ถึงเหตุแห่งการฟ้องคดี กรณีส่งหนังสือทางไปรษณีย์ถือว่ารู้วันที่ได้รับแจ้งทางไปรษณีย์ ไม่ใช่วันที่ที่ลงในหนังสือแจ้ง
"ความรู้ทั่วไปเกี่ยวกับศาลปกครอง/คดีปกครอง, การจัดทำคำฟ้องหรือคำร้อง และขั้นตอนที่เกี่ยวข้อง",ผู้ขอคำปรึกษาสอบถามว่า กรณีที่ผู้บังคับบัญชามีคำสั่งให้ผู้ขอคำปรึกษาลงชื่อยินยอมในการให้เปิดเผยข้อมูลส่วนบุคคล แต่ผู้ขอคำปรึกษาไม่เห็นด้วยและไม่ยินยอมให้เปิดเผยข้อมูลดังกล่าว โดยได้มีหนังสือโต้แย้งต่อหน่วยงานไปแล้ว 2 ครั้ง หากประสงค์จะนำเรื่องดังกล่าวมาฟ้องคดีต่อศาลปกครอง จะต้องดำเนินการอย่างไร,"กรณีที่ผู้บังคับบัญชาของผู้ขอคำปรึกษามีคำสั่งให้ผู้ขอคำปรึกษาลงชื่อยินยอมในการให้เปิดเผยข้อมูลส่วนบุคคล แต่ผู้ขอคำปรึกษาไม่เห็นด้วยและไม่ยินยอมให้เปิดเผยข้อมูลดังกล่าว โดยได้มีหนังสือโต้แย้งต่อหน่วยงานไปแล้ว 2 ครั้ง ผู้ขอคำปรึกษาจึงเป็นผู้ได้รับความเดือดร้อนหรือเสียหาย หรืออาจจะเดือดร้อนหรือเสียหายจากการกระทำของหน่วยงานทางปกครอง ซึ่งเป็นผู้มีสิทธิฟ้องคดีต่อศาลปกครองตามมาตรา 42 แห่งพระราชบัญญัติจัดตั้งศาลปกครองและวิธีพิจารณาคดีปกครอง พ.ศ. 2542 และกรณีดังกล่าวเป็นคดีพิพาทเกี่ยวกับการที่หน่วยงานทางปกครองหรือเจ้าหน้าที่ของรัฐกระทำการโดยไม่ชอบด้วยกฎหมายในการออกคำสั่งทางปกครอง ซึ่งศาลปกครองมีอำนาจพิจารณาพิพากษาคดี และมีอำนาจกำหนดคำบังคับให้ได้ ตามมาตรา 9 วรรคหนึ่ง (1) ประกอบมาตรา 72 วรรคหนึ่ง (1) และต้องยื่นฟ้องคดีภายในเก้าสิบวันนับแต่วันที่รู้หรือควรรู้ถึงเหตุแห่งการฟ้องคดี ตามมาตรา 49 แห่งพระราชบัญญัติฉบับเดียวกัน 
สำหรับการจัดทำคำฟ้องนั้นสามารถดาวน์โหลดแบบฟอร์มคำฟ้องได้จากเว็บไซต์ของศาลปกครอง ซึ่งอาจเขียนคำฟ้องเองด้วยลายมือหรือจะใช้วิธีการพิมพ์ก็ได้ โดยคำฟ้องให้ใช้ถ้อยคำสุภาพและต้องมีรายการครบถ้วนตามมาตรา 45 แห่งพระราชบัญญัติจัดตั้งศาลปกครองและวิธีพิจารณาคดีปกครอง พ.ศ. 2542 ดังนี้ (1) ชื่อและที่อยู่ของผู้ฟ้องคดี (2) ชื่อหน่วยงานทางปกครองหรือเจ้าหน้าที่ของรัฐที่เกี่ยวข้องอันเป็นเหตุแห่งการฟ้องคดี (3) การกระทำทั้งหลายที่เป็นเหตุแห่งการฟ้องคดี พร้อมทั้งข้อเท็จจริงหรือพฤติการณ์ตามสมควรเกี่ยวกับการกระทำดังกล่าว (4) คำขอของผู้ฟ้องคดี และ (5) ลายมือชื่อของผู้ฟ้องคดี และหากผู้ฟ้องคดีประสงค์จะให้บุคคลอื่นเป็นผู้ดำเนินคดีแทน จะต้องจัดทำใบมอบอำนาจพร้อมแนบสำเนาบัตรประจำตัวของผู้มอบอำนาจและผู้รับมอบอำนาจพร้อมปิดอากรแสตมป์มาด้วย โดยต้องจัดทำสำเนาคำฟ้องและสำเนาพยานหลักฐานที่รับรองสำเนาถูกต้องตามจำนวนของผู้ถูกฟ้องคดี ตามข้อ 33 แห่งระเบียบของที่ประชุมใหญ่ตุลาการในศาลปกครองสูงสุด ว่าด้วยวิธีพิจารณาคดีปกครอง พ.ศ. 2543 ซึ่งผู้ขอคำปรึกษาสามารถเลือกยื่นคำฟ้องได้ 3 ช่องทาง คือ (1) ยื่นด้วยตนเองที่ศาลปกครอง (2) ส่งทางไปรษณีย์ลงทะเบียน หรือ (3) ยื่นทางระบบอิเล็กทรอนิกส์ และให้ยื่นฟ้องต่อศาลปกครองชั้นต้นที่ผู้ฟ้องคดีมีภูมิลำเนาหรือที่มูลคดีเกิดขึ้นก็ได้ ตามมาตรา 46 ประกอบมาตรา 47 วรรคหนึ่ง แห่งพระราชบัญญัติฉบับเดียวกัน 
ทั้งนี้ หากผู้ขอคำปรึกษาได้รับความเสียหายจากการที่หน่วยงานทางปกครองหรือเจ้าหน้าที่ของรัฐกระทำการโดยไม่ชอบด้วยกฎหมายในการออกคำสั่งทางปกครอง และประสงค์จะขอให้หน่วยงานทางปกครองชดใช้ค่าเสียหายดังกล่าว สำหรับทุนทรัพย์ไม่เกิน 50 ล้านบาท ให้เสียค่าธรรมเนียมศาลในอัตราร้อยละ 2 แต่ไม่เกิน 200,000 บาท สำหรับทุนทรัพย์ส่วนที่เกิน 50 ล้านบาท ให้เสียค่าธรรมเนียมศาลในอัตราร้อยละ 0.1 ตามมาตรา 45 วรรคสี่ แห่งพระราชบัญญัติจัดตั้งศาลปกครองและวิธีพิจารณาคดีปกครอง พ.ศ. 2542"
"ความรู้ทั่วไปเกี่ยวกับศาลปกครอง/คดีปกครอง, การจัดทำคำฟ้องหรือคำร้อง และขั้นตอนที่เกี่ยวข้อง",ผุ้ขอคำปรึกษาสอบถามว่า กรณีที่ผู้ขอคำปรึกษามีหนังสือถึงสำนักงานสาธารณสุขจังหวัดสงขลา (สสจ.สงขลา) เพื่อให้ตรวจสอบการดำเนินการของโรงพยาบาลจะนะ ที่ทำการบันทึกประวัติการรักษาพยาบาลของผู้ขอคำปรึกษาไม่ถูกต้อง ซึ่งผู้ขอคำปรึกษาได้ส่งหนังสือไปยัง สสจ.สงขลา เป็นระยะเวลากว่า 1 เดือนแล้ว แต่ยังไม่ได้รับแจ้งผลการดำเนินการดังกล่าว จะสามารถนำเรื่องมาฟ้องคดีต่อศาลปกครองได้หรือไม่ อย่างไร,"กรณีที่ผู้ขอคำปรึกษามีหนังสือถึงสำนักงานสาธารณสุขจังหวัดสงขลา (สสจ.สงขลา) เพื่อให้ตรวจสอบการดำเนินการของโรงพยาบาลจะนะ ที่ทำการบันทึกประวัติการรักษาพยาบาลของผู้ขอคำปรึกษาไม่ถูกต้อง ซึ่งผู้ขอคำปรึกษาได้ส่งหนังสือไปยัง สสจ.สงขลา เป็นระยะเวลากว่า 1 เดือนแล้ว แต่ยังไม่ได้รับแจ้งผลการดำเนินการดังกล่าว จึงได้ให้คำแนะนำว่า เมื่อข้อเท็จจริงปรากฏว่า ผู้ขอคำปรึกษาได้มีหนังสือไปยัง สสจ.สงขลา เพื่อขอให้ตรวจสอบการดำเนินการของโรงพยาบาลจะนะ หากพ้นกำหนดเก้าสิบวันนับแต่วันที่ได้มีหนังสือดังกล่าวแล้ว ไม่ได้รับหนังสือชี้แจงจากหน่วยงาน จึงมีสิทธินำคดีมาฟ้องต่อศาลปกครองภายในเก้าสิบวันนับแต่วันที่พ้นกำหนดระยะเวลาดังกล่าว หรือได้รับแต่เป็นคำชี้แจงที่ผู้ขอคำปรึกษาเห็นว่าไม่มีเหตุผล จึงมีสิทธินำคดีมาฟ้องต่อศาลปกครองภายในเก้าสิบวันนับแต่วันที่รู้หรือควรรู้ถึงเหตุแห่งการฟ้องคดี โดยจะต้องมีคำขอท้ายคำฟ้องให้หน่วยงานทางปกครองหรือเจ้าหน้าที่ของรัฐที่เกี่ยวข้องปฏิบัติตามหน้าที่ภายในเวลาที่ศาลปกครองกำหนด หรือให้หน่วยงานทางปกครองเพิกถอนคำสั่งที่ไม่ชอบด้วยกฎหมายนั้น แล้วแต่กรณี ตามมาตรา 49 ประกอบมาตรา 72 วรรคหนึ่ง แห่งพระราชบัญญัติจัดตั้งศาลปกครองและวิธีพิจารณาคดีปกครอง พ.ศ. 2542 
สำหรับการจัดทำคำฟ้องนั้นสามารถดาวน์โหลดแบบฟอร์มคำฟ้องได้จากเว็บไซต์ของศาลปกครอง ซึ่งอาจเขียนคำฟ้องเองด้วยลายมือหรือจะใช้วิธีการพิมพ์ก็ได้ โดยคำฟ้องให้ใช้ถ้อยคำสุภาพและต้องมีรายการครบถ้วนตามมาตรา 45 แห่งพระราชบัญญัติจัดตั้งศาลปกครองและวิธีพิจารณาคดีปกครอง พ.ศ. 2542 ดังนี้ (1) ชื่อและที่อยู่ของผู้ฟ้องคดี (2) ชื่อหน่วยงานทางปกครองหรือเจ้าหน้าที่ของรัฐที่เกี่ยวข้องอันเป็นเหตุแห่งการฟ้องคดี (3) การกระทำทั้งหลายที่เป็นเหตุแห่งการฟ้องคดี พร้อมทั้งข้อเท็จจริงหรือพฤติการณ์ตามสมควรเกี่ยวกับการกระทำดังกล่าว (4) คำขอของผู้ฟ้องคดี และ (5) ลายมือชื่อของผู้ฟ้องคดี และหากผู้ฟ้องคดีประสงค์จะให้บุคคลอื่นเป็นผู้ดำเนินคดีแทน จะต้องจัดทำใบมอบอำนาจพร้อมแนบสำเนาบัตรประจำตัวของผู้มอบอำนาจและผู้รับมอบอำนาจพร้อมปิดอากรแสตมป์มาด้วย โดยต้องจัดทำสำเนาคำฟ้องและสำเนาพยานหลักฐานที่รับรองสำเนาถูกต้องตามจำนวนของผู้ถูกฟ้องคดี ตามข้อ 33 แห่งระเบียบของที่ประชุมใหญ่ตุลาการในศาลปกครองสูงสุด ว่าด้วยวิธีพิจารณาคดีปกครอง พ.ศ. 2543 ซึ่งผู้ขอคำปรึกษาสามารถเลือกยื่นคำฟ้องได้ 3 ช่องทาง คือ (1) ยื่นด้วยตนเองที่ศาลปกครอง (2) ส่งทางไปรษณีย์ลงทะเบียน หรือ (3) ยื่นทางระบบอิเล็กทรอนิกส์ และให้ยื่นฟ้องต่อศาลปกครองชั้นต้นที่ผู้ฟ้องคดีมีภูมิลำเนาหรือที่มูลคดีเกิดขึ้นก็ได้ ตามมาตรา 46 ประกอบมาตรา 47 วรรคหนึ่ง แห่งพระราชบัญญัติฉบับเดียวกัน ซึ่งกรณีดังกล่าว ผู้ขอคำปรึกษามีภูมิลำเนาและมูลคดีเกิดขึ้นที่จังหวัดสงขลา คดีจึงอยู่ในเขตอำนาจของศาลปกครองสงขลา "
เป็นคดีที่อยู่ในอำนาจของศาลปกครองหรือไม่,ถูกคำสั่งไล่ออก และได้อุทธรณ์คำสั่งดังกล่าวต่อ ก.พ.ค. แล้ว ขณะนี้มีผลคำวินิจฉัยของก.พ.ค. เมื่อวันที่ 20 สิงหาคม 2568 สามารถฟ้องคดีต่อศาลปกครองได้หรือไม่,"สามารถฟ้องคดีต่อศาลปกครองสูงสุดได้ภายใน 90 วัน นับแต่วันที่ทราบคำวินิจฉัยตามมาตรา 49 แห่งพรบ.จัดตั้งศาลปกครองฯ2542การฟ้องคดีปกครองจะต้องยื่นฟ้องภายในเก้าสิบวันนับแต่วันที่รู้หรือควรรู้
ถึงเหตุแห่งการฟ้องคดี หรือนับแต่วันที่พ้นกำหนดเก้าสิบวันนับแต่วันที่ผู้ฟ้องคดีได้มีหนังสือร้องขอต่อหน่วยงานทางปกครองหรือเจ้าหน้าที่ของรัฐเพื่อให้ปฏิบัติหน้าที่ตามที่กฎหมายกำหนดและไม่ได้รับหนังสือชี้แจงจากหน่วยงานทางปกครอง หรือเจ้าหน้าที่ของรัฐหรือได้รับแต่เป็นคำชี้แจงที่ผู้ฟ้องคดีเห็นว่าไม่มีเหตุผล แล้วแต่กรณี เว้นแต่จะมีบทกฎหมายเฉพาะกำหนดไว้เป็นอย่างอื่น
"
ขอความเห็นทางกฎหมาย,ผู้ขอคำปรึกษาสอบถามข้อกฎหมายว่า กรณีที่เจ้าหน้าที่ตำรวจวางสิ่งกีดขวางบนถนน การกระทำของเจ้าหน้าที่ตำรวจดังกล่าวเป็นการกระทำที่ถูกต้องและเป็นไปตามกฎหมายหรือไม่,กรณีที่เจ้าหน้าที่ตำรวจวางสิ่งกีดขวางบนถนน ผู้ขอคำปรึกษาจึงขอสอบถามว่า การกระทำของเจ้าหน้าที่ตำรวจดังกล่าวเป็นการกระทำที่ถูกต้องและเป็นไปตามกฎหมายหรือไม่ จึงได้ให้คำแนะนำว่า กลุ่มสนับสนุนงานวิชาการและให้ปรึกษาแนะนำ มีหน้าที่ให้คำปรึกษาแนะนำเกี่ยวกับการฟ้องคดีและกระบวนการพิจารณาคดีปกครอง แต่ไม่รวมถึงการตอบข้อหารือทางกฎหมาย อย่างไรก็ตาม ได้แนะนำให้ผู้ขอคำปรึกษาสอบถามเรื่องดังกล่าวไปยังหน่วยงานเจ้าของเรื่องว่าการกระทำของเจ้าหน้าที่อาศัยข้อกฎหมายในเรื่องใด และการกระทำดังกล่าวเป็นการกระทำที่เป็นไปตามที่กฎหมายกำหนดไว้หรือไม่ ต่อไป
การจัดทำคำฟ้องหรือคำร้อง และขั้นตอนที่เกี่ยวข้อง,บริษัท สีสรรการพิพ์ ซื้อโรงงานต่อจากบริษัทเอ และเมื่อขอใบ รง.4 ปรากฏว่า อบต.ท่าไม้ จังหวัดสมุทรสาคร ซึ่งเป็นผู้ออกใบอนุญาตก่อสร้างโรงงานปฏิเสธ อ้างว่าอยู่ในเขตอำนาจสวนหลวง ส่วนสวนหลวง ก็อ้างว่าไม่สามารถทำได้เช่นกัน  เพราะใบอนุญาตออกโดยท่าไม้ ท่าไม้ต้องเพิกถอนใบอนุญาตก่อน หากจะออกใบอนุญาตโดยเขตสวนหลวง ต้องพิจารณาตามกฎหมายควบคุมอาคาร 2522 ซึ่งจะส่งผลให้ผู้ขอฯต้องรื้อถอนอาคารที่ซื้อมาบางส่วน,"มีข้อแนะนำ 1.มีหนังสือโต้แย้งอบต.ท่าไม้ ที่ไม่สามารถเพิกถอนใบอนุญาตจากข้ออ้างของหน่วยงานที่ว่าใบอนุญาตหมดอายุแล้วจึงเพิกถอนไม่ได้  2. มีหนังสือถึง อบต.สวนหลวงให้ดำเนินการภายใน 90 วัน ออกใบอนุญาตโดยใช้ฐานของใบอนุญาตเดิมและให้ออกใบ รง.4 ต่ออุตสาหกรรมจังหวัด
  เมื่อมีหนังสือกำหนดให้กระทำภายใน 90 วัน แล้วยังไม่ดำเนินการให้นำคดีมาฟ้องภายใน 90 วัน นับแต่วันที่พ้นกำหนดให้กระทำ ตามมาตรา 49 แห่งพรบ.จัดตั้งศาลปกครอง 2542"
ความรู้ทั่วไปเกี่ยวกับศาลปกครอง/คดีปกครอง,ผู้ขอคำปรึกษามีความประสงค์จะยื่นฟ้องคดดีต่อศาลปกครอง ขอสอบถามว่า กรณีที่ผู้ฟ้องคดีมีภูมิลำเนาจังหวัดกาญจนบุรี จะต้องยื่นฟ้องคดีต่อศาลปกครองใด,มาตรา 47 วรรคหนึ่งแห่งพ.ร.บ.จัดตั้งศาลปกครองฯบัญญัติว่า การฟ้องคดีที่อยู่ในเขตอำนาจของศาลปกครองชั้นต้น ให้ยื่นฟ้องต่อศาลปกครองชั้นต้นที่ผู้ฟ้องคดีมีภูมิลำเนาหรือที่มูลคดีเกิดขึ้นในเขตศาลปกครองชั้นต้นนั้น ที่ประชุมใหญ่ตุลาการในศาลปกครองสูงสุด ได้มีประกาศลงวันที่ 13 ม.ค.2565 กำหนดให้ศาลปกครองสุพรรณบุรีมีเขตอำนาจเพิ่มเติมในจังหวัดพระนครศรีอยุธยา จังหวัดสิงห์บุรี และจังหวัดอ่างทอง เพื่อประโยชน์ในการอำนวยความยุติธรรมแก่ประชาชน ดังนั้น ผู้ฟ้องคดีจะต้องยื่นฟ้องคดีต่อศาลปกครองสุพรรณบุรีซึ่งเป็นศาลที่มีอำนาจในจังหวัดที่เป็นภูมิลำเนาของผู้ฟ้องคดี นอกจากจะยื่นฟ้อง ณ ที่ทำการของศาลปกครองสุพรรณบุรีแล้ว สามารถยื่นฟ้องคดีผ่านทางไปรษณีย์ลงทะเบียนของบริษัท ไปรษณีย์ไทย จำกัด หรือยื่นฟ้องคดีผ่านระบบคดีปกครองอิเล็กทรอนิกส์
ขอความเห็นทางกฎหมาย,ผู้ขอคำปรึกษาเป็นผู้จัดการมรดกของผู้ตายที่จะยื่นฟ้องคดีต่อศาลปกครองร่วมกับทายาทของผู้ตายต่อศาลปกครองกลาง  ในกรณีที่ทายาทจะมอบหมายให้ผู้จัดการมรดกดำเนินคดีปกครองจะต้องทำหนังสือมอบอำนาจใช่หรือไม่,ประมวลกฎหมายแพ่งและพาณิชย์ มาตรา 1713 ทายาทหรือผู้มีส่วนได้เสียหรือพนักงาน อัยการจะร้องต่อศาลขอให้ตั้งผู้จัดการมรดกก็ได้...  ผู้จัดการมรดกมีสิทธิและหน้าที่ในการจัดการมรดกให้เป็นไปตามคำสั่งในพินัยกรรม หรือเพื่อจัดการมรดกโดยทั่วไป ย่อมร่วมถึงการใช้สิทธิเรียกร้องทางศาลด้วย  เช่น ฟ้องขอให้คืนทรัพย์สินที่ผู้ตายเป็นเจ้าของ หรือฟ้องเรียกค่าเสียหายจากบุคคลภายนอกที่ทำให้ทรัพย์มรดกเสียหาย  กรณีผู้จัดการมรดกเป็นการดำเนินการแทนในฐานะของผู้ตายซึ่งเป็นเจ้ามรดก ถือเป็นผู้มีสิทธิฟ้องคดี กรณีที่มีผู้ฟ้องคดีหลายคนประสงค์จะมอบให้ผู้ฟ้องคดีคนหนึ่งเป็นคนดำเนินคดีแทนคนอื่นจะต้องทำหนังสือแต่งตั้งผู้แทนมอบหมายให้ดำเนินคดีปกครองและลงลายมื่อชื่อในคำฟ้อง คำร้องคำขอ คำแถลง คำอุทธรณ์ รวมถึงการจำหน่ายสิทธิ เช่น การถอนฟ้อง ตามที่ระบุไว้ในเนื้อหาการแต่งตั้งผู้แทน ผู้ขอคำปรึกษาสามารถดูตัวอย่างการแต่งตั้งหนังสือแต่งตั้งตัวแทนในว็ปไซต์ศาลปกครองหรือเสิร์ชในอินเตอร์เน็ต 
กระบวนวิธีพิจารณาคดีปกครอง/แสวงหาข้อเท็จจริง,   ส่งคำให้การโดยทางไปรษณีลงทะเบียน จะถือว่าศาลได้รับวันใหน ,"        แนะนำว่า หากยื่นทางบริษัทไปรษณีย์ไทยและได้ลงทะเบียน ถือว่าวันที่ส่งคำให้การแก่เจ้าพนักงานไปรษณีย์เป็นวันที่ยื่นต่อศาลปกครอง  
       ทั้งนี้ ตามพระราชบัญญัติ จัดตั้งศาลปกครองและวิธีพิจารณาคดีปกครอง พ.ศ. 2542  มาตรา	46 บัญญัติว่า  คําฟ้องให้ยื่นต่อพนักงานเจ้าหน้าที่ของศาลปกครอง หรือส่งทางไปรษณีย์ ลงทะเบียน ในการนี้อาจยื่นคําฟ้องโดยส่งทางไปรษณีย์อิเล็กทรอนิกส์ สื่อดิจิทัลอื่นใด หรือโทรสาร ตามระเบียบของที่ประชุมใหญ่ตุลาการในศาลปกครองสูงสุด และเพื่อประโยชน์ในการนับอายุความ ให้ถือว่า วันที่ส่งคําฟ้องแก่เจ้าพนักงานไปรษณีย์หรือวันที่ส่งคําฟ้องทางไปรษณีย์อิเล็กทรอนิกส์ สื่อดิจิทัลอื่นใดหรือโทรสารเป็นวันที่ยื่นคําฟ้องต่อศาลปกครอง  ประกอบระเบียบของที่ประชุมใหญ่ตุลาการในศาลปกครองสูงสุดว่าด้วยวิธีพิจารณาคดีปกครอง พ.ศ. 2543 ข้อ 13 กำหนดว่าการยื่นเอกสารหรือพยานหลักฐานต่อศาล คู่กรณีจะยื่นด้วยตนเองหรือมอบฉันทะให้ผู้อื่นยื่นต่อศาลหรือต่อพนักงานเจ้าหน้าที่ของศาล หรือจะทำโดยวิธีส่งทางไปรษณีย์ลงทะเบียนก็ได้ในกรณีที่ส่งทางไปรษณีย์ลงทะเบียน ให้ถือว่าวันที่ส่งเอกสารหรือพยานหลักฐานแก่เจ้าพนักงานไปรษณีย์เป็นวันที่ยื่นเอกสารหรือพยานหลักฐานต่อศาล
"
การจัดทำหนังสือมอบอำนาจ,   ผู้ถูกฟ้องคดีเป็นคณะกรรมการ สอบถามว่าจะมอบอำนาจต้องทำอย่างไร,"   แนะนำว่า ให้คณะกรรมการมอบโดยใช้มติที่ประชุม หรือ ให้คณะกรรมการทุกคนลงชื่อในหนังสือมอบอำนาจ 
   ทั้งนี้ ตาม พระราชบัญญัติ จัดตั้งศาลปกครองและวิธีพิจารณาคดีปกครอง พ.ศ. 2542มาตรา 45 วรรคห้า บัญญัติว่า ในการดำเนินกระบวนพิจารณา คู่กรณีจะดำเนินการทั้งปวงด้วยตนเองหรือจะมอบอำนาจให้ทนายความหรือบุคคลอื่น ซึ่งมีคุณสมบัติตามระเบียบของที่ประชุมใหญ่ตุลาการในศาลปกครองสูงสุดกำหนดเพื่อฟ้องคดีหรือดำเนินการแทนได้"
กระบวนวิธีพิจารณาคดีปกครอง/แสวงหาข้อเท็จจริง,   สอบถามการทำคำคัดค้านคำให้การ,   แนะนำว่า เมื่อผู้ถูกฟ้องคดียื่นคำให้การแล้ว ศาลจะส่งสำเนาคำให้การพร้อมทั้งสำเนาพยานหลักฐานไปยังผู้ฟ้องคดีเพื่อให้ผู้ฟ้องคดีคัดค้านหรือยอมรับคำให้การหรือพยานหลักฐานที่ผู้ถูกฟ้องคดียื่นต่อศาล ถ้าผู้ฟ้องคดีประสงค์จะคัดค้านคำให้การ ให้ทำคำคัดค้านคำให้การเฉพาะในประเด็นที่ได้ยกขึ้นกล่าวในคำฟ้องคำให้การ ยื่นต่อศาลพร้อมสำเนาตามจำนวนที่ศาลกำหนด ภายในระยะเวลาที่ศาลกำหนด แต่ถ้าผู้ฟ้องคดีไม่ประสงค์จะทำคำคัดค้านคำให้การ แต่ประสงค์จะให้ศาลพิจารณาพิพากษาคดีต่อไปให้ผู้ฟ้องคดีแจ้งเป็นหนังสือให้ศาลทราบภายในกำหนดระยะดังกล่าว ถ้าไม่ดำเนินการศาลจะสั่งจำหน่ายคดีออกจากสารบบความก็ได้ ทั้งนี้ ตามข้อ 47 ข้อ 48 ของระเบียบของที่ประชุมใหญ่ตุลาการในศาลปกครองสูงสุดว่าด้วยวิธีพิจารณาคดีปกครอง พ.ศ. 2543
"ความรู้ทั่วไปเกี่ยวกับศาลปกครอง/คดีปกครอง, การอุทธรณ์คำพิพากษา/คำสั่งต่อศาลปกครองสูงสุด",    สอบถามว่าการอุทธรณ์คำพิพากษาขยายเวลาได้หรือไม่,"   แนะนำว่า  การคัดค้านคำพิพากษาหรือคำสั่งของศาลปกครองชั้นต้นนั้น ให้ยื่นอุทธรณ์ต่อศาลปกครองชั้นต้นที่มีคำพิพากษาหรือคำสั่งภายในกำหนดสามสิบวันนับแต่วันที่ได้มีคำพิพากษาหรือคำสั่ง ถ้ามิได้ยื่นอุทธรณ์ตามกำหนดเวลาดังกล่าว ให้ถือว่าคดีนั้นเป็นอันถึงที่สุด คำพิพากษาหรือคำสั่งหมายความรวมถึง คำสั่งเกี่ยวกับการละเมิดอำนาจศาลหรือคำสั่งอื่นใดที่ทำให้คดีเสร็จเด็ดขาด ในกรณีที่ศาลปกครองสูงสุดเห็นว่าคำอุทธรณ์ใดมีข้อเท็จจริงหรือข้อกฎหมายที่ไม่เป็นสาระอันควรได้รับการวินิจฉัย ศาลปกครองสูงสุดจะสั่งไม่รับอุทธรณ์นั้นไว้พิจารณาก็ได้ คำพิพากษาหรือคำสั่งของศาลปกครองสูงสุดให้เป็นที่สุด 
   ดังนั้น คำพิพากษาต้องอุทธรณ์ภายใน 30 วัน ไม่อาจขยายเวลาได้ ทั้งนี้ ตามพระราชบัญญัติ จัดตั้งศาลปกครองและวิธีพิจารณาคดีปกครอง พ.ศ. 2542 มาตรา 73"
เป็นคดีที่อยู่ในอำนาจของศาลปกครองหรือไม่,   ผู้ขอรับคำปรึกษาเห็นว่า เทศบาลประเมินภาษีไม่เป็นธรรม จะต้องฟ้องที่ศาลใหน,"     แนะนำว่า  มาตรา 9 วรรคหนึ่ง แห่งพระราชบัญญัติจัดตั้งศาลปกครองและวิธีพิจารณาคดีปกครอง พ.ศ. 2542 บัญญัติให้ศาลปกครองมีอำนาจพิจารณาพิพากษาหรือมีคำสั่งในเรื่องดังต่อไปนี้ (1) คดีพิพาทเกี่ยวกับการที่หน่วยงานทางปกครองหรือเจ้าหน้าที่ของรัฐกระทำการโดยไม่ชอบด้วยกฎหมาย ไม่ว่าจะเป็นการออกกฎ คำสั่ง หรือการกระทำอื่นใด เนื่องจากกระทำโดยไม่มีอำนาจหรือนอกเหนืออำนาจหน้าที่ หรือไม่ถูกต้องตามกฎหมาย หรือโดยไม่ถูกต้องตามรูปแบบขั้นตอน หรือวิธีการอันเป็นสาระสำคัญที่กำหนดไว้สำหรับการกระทำนั้น หรือโดยไม่สุจริต หรือมีลักษณะเป็นการเลือกปฏิบัติที่ไม่เป็นธรรม หรือมีลักษณะเป็นการสร้างขั้นตอนโดยไม่จำเป็นหรือสร้างภาระให้เกิดกับประชาชนเกินสมควร หรือเป็นการใช้ดุลพินิจโดยมิชอบ (2) คดีพิพาทเกี่ยวกับการที่หน่วยงานทางปกครองหรือเจ้าหน้าที่ของรัฐละเลยต่อหน้าที่ตามที่กฎหมายกำหนดให้ต้องปฏิบัติ หรือปฏิบัติหน้าที่ดังกล่าวล่าช้าเกินสมควร (3) คดีพิพาทเกี่ยวกับการกระทำละเมิดหรือความรับผิดอย่างอื่นของหน่วยงานทางปกครองหรือเจ้าหน้าที่ของรัฐอันเกิดจากการใช้อำนาจตามกฎหมาย หรือจากกฎ คำสั่งทางปกครอง หรือคำสั่งอื่น หรือจากการละเลยต่อหน้าที่ตามที่กฎหมายกำหนดให้ต้องปฏิบัติหรือปฏิบัติหน้าที่ดังกล่าวล่าช้าเกินสมควร (4) คดีพิพาทเกี่ยวกับสัญญาทางปกครอง (5) คดีที่มีกฎหมายกำหนดให้หน่วยงานทางปกครองหรือเจ้าหน้าที่ของรัฐฟ้องคดีต่อศาลเพื่อบังคับให้บุคคลต้องกระทำหรือละเว้นกระทำอย่างหนึ่งอย่างใด และ  (6) คดีพิพาทเกี่ยวกับเรื่องที่มีกฎหมายกำหนดให้อยู่ในเขตอำนาจศาลปกครอง โดยในการพิจารณาพิพากษาคดีดังกล่าว มาตรา 72 วรรคหนึ่ง แห่งพระราชบัญญัติดังกล่าว บัญญัติให้ศาลปกครองมีอำนาจกำหนดคำบังคับอย่างหนึ่งอย่างใด ดังต่อไปนี้ (1) สั่งให้เพิกถอนกฎหรือคำสั่งหรือสั่งห้ามการกระทำทั้งหมดหรือบางส่วน ในกรณีที่มีการฟ้องว่าหน่วยงานทางปกครองหรือเจ้าหน้าที่ของรัฐกระทำการโดยไม่ชอบด้วยกฎหมายตามมาตรา 9 วรรคหนึ่ง (1) (2) สั่งให้หัวหน้าหน่วยงานทางปกครองหรือเจ้าหน้าที่ของรัฐที่เกี่ยวข้องปฏิบัติตามหน้าที่ภายในเวลาที่ศาลปกครองกำหนด ในกรณีที่มีการฟ้องว่าหน่วยงานทางปกครอง หรือเจ้าหน้าที่ของรัฐละเลยต่อหน้าที่หรือปฏิบัติหน้าที่ล่าช้าเกินสมควร (3) สั่งให้ใช้เงินหรือให้ส่งมอบทรัพย์สินหรือให้กระทำการหรืองดเว้นกระทำการ โดยจะกำหนดระยะเวลาและเงื่อนไขอื่น ๆ ไว้ด้วยก็ได้ ในกรณีที่มีการฟ้องเกี่ยวกับการกระทำละเมิดหรือความรับผิดของหน่วยงานทางปกครองหรือเจ้าหน้าที่ของรัฐหรือการฟ้องเกี่ยวกับสัญญาทางปกครอง (4) สั่งให้ถือปฏิบัติต่อสิทธิหรือหน้าที่ของบุคคลที่เกี่ยวข้อง ในกรณีที่มีการฟ้องให้ศาลมีคำพิพากษาแสดงความเป็นอยู่ของสิทธิหรือหน้าที่นั้น (5) สั่งให้บุคคลกระทำหรือละเว้นกระทำอย่างหนึ่งอย่างใดเพื่อให้เป็นไปตามกฎหมาย  ทั้งนี้ ในกรณีที่หน่วยงานทางปกครองหรือเจ้าหน้าที่ของรัฐฟ้องคดีเพื่อบังคับให้บุคคลต้องกระทำการหรือละเว้นกระทำอย่างหนึ่ง
      เรื่องดังต่อไปนี้ไม่อยู่ในอำนาจศาลปกครอง 	(1)	การดำเนินการเกี่ยวกับวินัยทหาร 	(2)	การดำเนินการของคณะกรรมการตุลาการตามกฎหมายว่าด้วยระเบียบข้าราชการฝ่ายตุลาการ	(3)	คดีที่อยู่ในอำนาจของศาลเยาวชนและครอบครัว ศาลแรงงาน ศาลภาษีอากร ศาลทรัพย์สินทางปัญญาและการค้าระหว่างประเทศ ศาลล้มละลาย หรือศาลชำนัญพิเศษอื่น 
  ดังนั้นเรื่องพิพาทเกี่ยวกับการประเมินภาษี จึงอยู่ในอำนาจของศาลภาษีอากร"
เป็นคดีที่อยู่ในอำนาจของศาลปกครองหรือไม่,   ผู้ขอคำปรึกษาได้ร้องเรียนเพื่อนข้าราชการว่ากระทำผิดวินัย แต่หน่วยงานตรวจสอบแล้วไม่เป็นความผิดตามที่ร้องเรียน ผู้ขอคำปรึกษาไม่เห็นพ้องด้วย จะฟ้องศาลปกครองได้หรือไม่,"   แนะนำว่าโดยที่ พระราชบัญญัติ จัดตั้งศาลปกครองและวิธีพิจารณาคดีปกครอง พ.ศ. 2542มาตรา	42  ผู้ใดได้รับความเดือดร้อนหรือเสียหาย หรืออาจจะเดือดร้อนหรือเสียหายโดยมิอาจหลีกเลี่ยงได้อันเนื่องจากการกระทำหรือการงดเว้นการกระทำของหน่วยงานทางปกครองหรือเจ้าหน้าที่ของรัฐหรือมีข้อโต้แย้งเกี่ยวกับสัญญาทางปกครอง หรือกรณีอื่นใดที่อยู่ในเขตอำนาจศาลปกครองตามมาตรา 9 และการแก้ไขหรือบรรเทาความเดือดร้อนหรือความเสียหายหรือยุติข้อโต้แย้งนั้น ต้องมีคำบังคับตามที่กำหนดในมาตรา 72 ผู้นั้นมีสิทธิฟ้องคดีต่อศาลปกครอง
   ซึ่งในกรณีนี้แนวทางการพิจารณาของศาลปกครอง ผู้ร้องเรียนไม่ใช่ผู้เดือดร้อนเสียหาย ศาลจะมีคำสั่งไม่รับคำฟ้องไว้พิจารณา
"
เป็นคดีที่อยู่ในอำนาจของศาลปกครองหรือไม่,สอบถามว่ากรณีจอดรถยนต์ไว้ข้างวิทยาลัยเทคนิค โรงเรียนรัฐบาล ต่อมามีฝนตกหนักพายุพัดรุนแรงทำให้ต้นไม้ล้มทับรถยนต์ของตนได้รับความเสียหาย ตนจึงประสงค์จะฟ้องเรียกร้องค่าเสียหาย จึงขอปรึกษาว่าจะฟ้องคดีต่อศาลปกครองได้หรือไม่,"พระราชบัญญัติจัดตั้งศาลปกครองและวิธีพิจารณาคดีปกครอง พ.ศ. 2542 ศาลปกครองมีอำนาจพิจารณาพิพากษาหรือมีคำสั่งในเรื่องดังต่อไปนี้มาตรา 9 วรรคหนึ่ง (3) คดีพิพาทเกี่ยวกับการกระทำละเมิดหรือความรับผิดอย่างอื่นของหน่วยงานทางปกครองหรือเจ้าหน้าที่ของรัฐอันเกิดจากการใช้อำนาจตามกฎหมาย หรือจากกฎ คำสั่งทางปกครอง หรือคำสั่งอื่น หรือจากการละเลยต่อหน้าที่ตามที่กฎหมายกำหนดให้ต้องปฏิบัติหรือปฏิบัติหน้าที่ดังกล่าวล่าช้าเกินสมควร  และ มาตรา  51   การฟ้องคดีตามมาตรา 9 วรรคหนึ่ง (3) ให้ยื่นฟ้องภายในหนึ่งปี และการฟ้องคดีตามมาตรา 9 วรรคหนึ่ง (4) ให้ยื่นฟ้องภายในห้าปี นับแต่วันที่รู้หรือควรรู้ถึงเหตุแห่งการฟ้องคดี แต่ไม่เกินสิบปีนับแต่วันที่มีเหตุแห่งการฟ้องคดี 
  ท่านได้รับความเสียหายจากการที่จอดรถยนต์ไว้ข้างวิทยาลัยเทคนิค  ต่อมามีฝนตกหนักพายุพัดรุนแรงทำให้ต้นไม้ล้มทับรถยนต์ได้รับความเสียหาย แม้วิทยาลัยเทคนิคจะเป็นหน่วยงานทางปกครองแต่การที่ต้นไม้ล้มทับรถยนต์ได้รับความเสียหาย มิใช่เกิดจากการกระทำละเมิดจากการใช้อำนาจตามกฎหมายหรือจากการละเลยต่อหน้าที่ตามที่กฎหมายกำหนดแต่อย่างใด แต่อาจเป็นเพียงการละเมิดจากการละเลยหน้าที่ทั่วไปในทางแพ่ง คดีนี้จึงมิใช่คดีพิพาทเกี่ยวกับการกระทำละเมิดของหน่วยงานทางปกครองหรือเจ้าหน้าที่ของรัฐอันเนื่องมาจากการใช้อำนาจตามกฎหมายตามมาตรา 9 วรรคหนึ่ง (3) แห่งพระราชบัญญัติจัดตั้งศาลปกครองและวิธีพิจารณาคดีปกครอง พ.ศ. 2542 ที่จะอยู่ในอำนาจพิจารณาพิพากษาของศาลปกครอง  ท่านจึงไม่อาจนำคดีมาฟ้องร้องต่อศาลปกครองได้ "
กระบวนวิธีพิจารณาคดีปกครอง/แสวงหาข้อเท็จจริง,ถามว่า ถ้ายื่นฟ้องต่อศาลแล้ว ต่อมาจะขอเพิ่มเติมข้อเท็จจริง และหลักฐานภาพถ่ายหรือรูปถ่ายจะสามารถทำได้หรือไม่,"ระเบียบของที่ประชุมใหญ่ตุลาการในศาลปกครองสูงสุดว่าด้วยวิธีพิจารณาคดีปกครอง พ.ศ. 2543  ข้อ	 62 	เมื่อองค์คณะได้รับสำนวนคดีจากตุลาการเจ้าของสำนวนแล้ว หากเห็นว่าไม่มีกรณีที่จะต้องแสวงหาข้อเท็จจริงเพิ่มเติม ให้ตุลาการหัวหน้าคณะมีคำสั่งกำหนดวันหนึ่งวันใดเป็นวันสิ้นสุด
การแสวงหาข้อเท็จจริงในคดีนั้น  	ให้ศาลแจ้งให้คู่กรณีทราบกำหนดวันสิ้นสุดการแสวงหาข้อเท็จจริงล่วงหน้าไม่น้อยกว่าสิบวัน 	บรรดาคำฟ้องเพิ่มเติม คำให้การ คำคัดค้านคำให้การ คำให้การเพิ่มเติม รวมทั้งพยานหลักฐานอื่น ๆที่ยื่นต่อศาลหลังวันสิ้นสุดการแสวงหาข้อเท็จจริง ไม่ให้ศาลรับไว้เป็นส่วนหนึ่งของสำนวนคดี และไม่ต้องส่งสำเนาให้คู่กรณีที่เกี่ยวข้อง  การเพิ่มเติมข้อเท็จจริง และหลักฐานภาพถ่ายหรือรูปถ่าย สามารถทำได้ ตามระเบียบฯ ข้อ 62 วรรคสาม โดยจะต้องยื่นก่อนวันสิ้นสุดการแสวงหาข้อเท็จจริง คดีนี้ศาลยังมิได้กำหนดวันสิ้นสุดการแสวงหาข้อเท็จจริง  ท่านย่อมมีสิทธิจะขอเพิ่มเติมข้อเท็จจริง และหลักฐานภาพถ่ายหรือรูปถ่ายดังกล่าวได้
"
เป็นคดีที่อยู่ในอำนาจของศาลปกครองหรือไม่,ผู้ปรึกษาได้มีหนังสือร้องเรียนไปที่สำนักงานเขตมีนบุรี กรณีเจ้าของที่ดินใกล้เคียงก่อความเดือดร้อน โดยนำรถบรรทุกวัสดุก่อสร้างวิ่งผ่านถนนใกล้หมู่บ้าน จนทำให้บ้านเกิดสั่นสะเทือน บ้านพังทรุด ส่งเสียงดัง และมีฝุ่นละอองรบกวนชาวบ้านในบริเวณใกล้เคียงซึ่งสำนักงานเขตได้เข้าไปทำการตรวจสอบ แต่หลังจากนั้นก็ไม่ปรากฏว่าได้ทำการแก้ไขปัญหาแต่อย่างใด  จึงประสงค์ฟ้องคดีต่อศาลปกครองได้หรือไม่,"พระราชบัญญัติจัดตั้งศาลปกครองและวิธีพิจารณาคดีปกครอง พ.ศ. 2542 ศาลปกครองมีอำนาจพิจารณาพิพากษาหรือมีคำสั่งในเรื่องดังต่อไปนี้มาตรา 9 วรรคหนึ่ง (2) คดีพิพาทเกี่ยวกับการที่หน่วยงานทางปกครองหรือเจ้าหน้าที่ของรัฐละเลยต่อหน้าที่ตามที่กฎหมายกำหนดให้ต้องปฏิบัติ หรือปฏิบัติหน้าที่ดังกล่าวล่าช้าเกินสมควร 
แนะนำว่ากรณีดังกล่าวเป็นคดีพิพาทเกี่ยวกับการที่เจ้าหน้าที่ของรัฐหรือหน่วยงานทางปกครองละเลยต่อหน้าที่ตามที่กฎหมายกำหนดให้ต้องปฏิบัติ ตามมาตรา 9 วรรคหนึ่ง (2) ผู้ปรึกษาได้ร้องเรียนสำนักงานเขต เกี่ยวกับความเดือดร้อนกรณีเจ้าของที่ดินใกล้เคียงก่อความเดือดร้อน โดยนำรถบรรทุกวัสดุก่อสร้างวิ่งผ่านถนนใกล้หมู่บ้าน จนทำให้บ้านเกิดสั่นสะเทือน บ้านพังทรุด ส่งเสียงดัง และมีฝุ่นละอองรบกวน
แต่หลังจากนั้นก็ไม่ปรากฏการแก้ไขและไม่ได้รับคำชี้แจงหรือมีการแก้ไขกรณีดังกล่าวต่อแต่อย่างใด ผู้ปรึกษาจึงเป็นผู้ที่ได้รับความเดือดร้อนเสียหายจากการละเลยการกระทำดังกล่าวของสำนักงานเขต ตามมาตรา 42 วรรคหนึ่ง ผู้ปรึกษาสามารถยื่นฟ้องคดีต่อศาลปกครองได้ภายใน 90 วัน นับแต่วันที่พ้นกำหนด 90 วันนับแต่วันที่ได้มีหนังสือร้องขอต่อหน่วยงานทางปกครองหรือเจ้าหน้าที่ของรัฐเพื่อให้ปฏิบัติหน้าที่ตามที่กฎหมายกำหนดและไม่ได้รับหนังสือชี้แจงจากหน่วยงานทางปกครองหรือเจ้าหน้าที่ของรัฐ หรือได้รับแต่เป็นคำชี้แจงที่ผู้ขอฯ เห็นว่าไม่มีเหตุผล แล้วแต่กรณีตาม ม.49 "
เป็นคดีที่อยู่ในอำนาจของศาลปกครองหรือไม่,ผู้ขอคำปรึกษาได้ยื่นฟ้องชาวต่างชาติเพื่อขอให้ชดใช้เงิน คดีนี้ศาลยุติธรรมได้มีคำพิพากษาถึงที่สุดให้จำเลยชดใช้เงิน และได้ยื่นคำร้องต่อเจ้าพนักงานบังคับคดีเพื่อให้มีการพิทักษ์ทรัพย์เด็ดขาดตั้งแต่ปีพ.ศ. 2566 แล้วแต่ไม่มีความคืบหน้าแต่อย่างใด ,มาตรา 42 วรรคหนึ่งแห่งพ.ร.บ.จัดตั้งศาลปกครองฯ บัญญัติว่า  ผู้ใดได้รับความเดือดร้อนหรือเสียหาย หรืออาจจะเดือดร้อนหรือเสียหายโดยมิอาจหลีกเลี่ยงได้อันเนื่องจากการกระทำหรือการงดเว้นการกระทำของหน่วยงานทางปกครองหรือเจ้าหน้าที่ของรัฐหรือมีข้อโต้แย้งเกี่ยวกับสัญญาทางปกครอง หรือกรณีอื่นใดที่อยู่ในเขตอำนาจศาลปกครองตามมาตรา 9 และการแก้ไขหรือบรรเทาความเดือดร้อนหรือความเสียหายหรือยุติข้อโต้แย้งนั้น ต้องมีคำบังคับตามที่กำหนดในมาตรา 72 ผู้นั้นมีสิทธิฟ้องคดีต่อศาลปกครอง  คดีนี้ที่อยู่ในอำนาจศาลปกครองจะต้องเป็นการใช้อำนาจเข้าเจ้าหน้าที่ตามกฎหมายปกครองซ฿่งเกี่ยวกับอำนาจหน้าที่ของเจ้าหน้าที่ตามกฎหมาย เช่น กฎ หรือคำสั่งทางปกครอง หรือสัญญาทางปกครอง การดำเนินการเกี่ยวกับการบังคับคดีของศาลยุติธรรมนั้นเป็นการใช้อำนาจของเจ้าพนักงานบังคับคดีตามป.วิ.พ. ไม่ใช่อำนาจทางปกครอง แต่เป็นการดำเนินกระบวนการยุติธรรมทางปกครอง ศาลที่มีอำนาจในการพิจารณาทบทวนการใช้อำนาจในกระบวนการบังคับคดีคือศาลยุติธรรม
"ความรู้ทั่วไปเกี่ยวกับศาลปกครอง/คดีปกครอง, ขั้นตอนแก้ไขความเสียหายก่อนฟ้องคดี, การจัดทำคำฟ้องหรือคำร้อง และขั้นตอนที่เกี่ยวข้อง",ผู้ขอคำปรึกษาสอบถามว่า  กรณีที่ผู้ขอคำปรึกษาได้ยื่นคำขอเปลี่ยนแปลงกรรมการบริษัทของผู้ขอคำปรึกษาแล้ว แต่กรมพัฒนาธุรกิจการค้ายังไม่ดำเนินการใด ๆ ให้ ผู้ขอคำปรึกษาจะสามารถฟ้องคดีต่อศาลปกครองได้หรือไม่ และหากประสงค์จะขอวิธีการคุ้มครองชั่วการก่อนการพิพากษา และเรียกค่าเสียหายจากกรณีดังกล่าวได้หรือไม่ อย่างไร,"กรณีที่ผู้ขอคำปรึกษาได้ยื่นคำขอเปลี่ยนแปลงกรรมการบริษัทของผู้ขอคำปรึกษาแล้ว แต่กรมพัฒนาธุรกิจการค้ายังไม่ดำเนินการใด ๆ ให้ จึงได้ให้คำแนะนำว่า ให้ผู้ขอคำปรึกษาตรวจสอบกฎหมายเฉพาะในกรณีดังกล่าวว่ากรมพัฒนาธุรกิจการค้ามีระยะเวลาในการพิจารณาเรื่องการจดทะเบียนเปลี่ยนแปลงกรรมการบริษัทในระยะเวลาเท่าใด หากพ้นกำหนดระยะเวลาดังกล่าวแล้ว หรือพ้นกำหนดเก้าสิบวันนับแต่วันที่ได้มีหนังสือดังกล่าว แต่ไม่ได้รับหนังสือแจ้งผลการพิจารณาจากหน่วยงาน จึงมีสิทธินำคดีมาฟ้องต่อศาลปกครองภายในเก้าสิบวันนับแต่วันที่พ้นกำหนดระยะเวลาดังกล่าว หรือได้รับแต่เป็นคำชี้แจงที่ผู้ขอคำปรึกษาเห็นว่าไม่มีเหตุผล จึงมีสิทธินำคดีมาฟ้องต่อศาลปกครองภายในเก้าสิบวันนับแต่วันที่รู้หรือควรรู้ถึงเหตุแห่งการฟ้องคดี โดยจะต้องมีคำขอท้ายคำฟ้องให้หน่วยงานทางปกครองหรือเจ้าหน้าที่ของรัฐที่เกี่ยวข้องปฏิบัติตามหน้าที่ภายในเวลาที่ศาลปกครองกำหนด หรือให้หน่วยงานทางปกครองเพิกถอนคำสั่งที่ไม่ชอบด้วยกฎหมายนั้น แล้วแต่กรณี ตามมาตรา 49 ประกอบมาตรา 72 วรรคหนึ่ง แห่งพระราชบัญญัติจัดตั้งศาลปกครองและวิธีพิจารณาคดีปกครอง พ.ศ. 2542 ทั้งนี้ หากผู้ขอคำปรึกษาประสงค์จะขอวิธีการคุ้มครองชั่วการก่อนการพิพากษา ก็ให้จัดทำคำร้องขอคุ้มครองชั่วการก่อนการพิพากษาพร้อมระบุเหตุผลประกอบยื่นต่อศาล โดยสามารถยื่นมาพร้อมกับคำฟ้องได้ รวมทั้งหากผู้ขอคำปรึกษาได้รับความเสียหายจากการที่หน่วยงานทางปกครองละเลยไม่จดทะเบียนเปลี่ยนแปลงกรรมการบริษัทให้แก่ผู้ขอคำปรึกษา สามารถเรียกค่าเสียหายจากกรณีดังกล่าวได้ โดยการฟ้องให้ใช้เงิน ให้เสียค่าธรรมเนียมศาล โดยกรณีทุนทรัพย์ไม่เกิน 50 ล้านบาท ให้เสียค่าธรรมเนียมศาลร้อยละ 2 แต่ไม่เกิน 200,000 บาท ส่วนที่เกิน 50 ล้านบาทขึ้นไป ให้เสียค่าธรรมเนียมศาล ร้อยละ 0.1 ตามมาตรา 45 วรรคสี่ แห่งพระราชบัญญัติจัดตั้งศาลปกครองและวิธีพิจารณาคดีปกครอง พ.ศ. 2542 "
"ความรู้ทั่วไปเกี่ยวกับศาลปกครอง/คดีปกครอง, การจัดทำคำฟ้องหรือคำร้อง และขั้นตอนที่เกี่ยวข้อง",ผู้ว่าราชการฯ ซึ่งเป็นเจ้าหน้าที่ของรัฐจะมอบอำนาจให้ข้าราชการ อยากทราบว่าผู้รับมอบอำนาจจะลงลายมือชื่อในเอกสารคำคู่ความนั้นได้หรือไม่,แนะนำว่า ผู้ว่าราชการฯ ซึ่งเป็นเจ้าหน้าที่ของรัฐอาจมอบอำนาจให้ข้าราชการ พนักงานหรือลูกจ้าง ตามข้อ 20 วรรคสอง แห่งระเบียบของที่ประชุมใหญ่ตุลาการในศาลปกครองสูงสุด ว่าด้วยองค์คณะ การจ่ายสำนวน การโอนคดี การปฏิบัติหน้าที่ของตุลาการในคดีปกครอง การคัดค้านตุลาการศาลปกครอง การปฏิบัติหน้าที่ของพนักงานคดีปกครอง และการมอบอำนาจให้ดำเนินคดีปกครองแทน พ.ศ. 2544 ทั้งนี้ ผู้ถูกฟ้องคดีสามารถยื่นเอกสารคำคู่ความและแนบใบมอบอำนาจมาพร้อมกัน โดยผู้รับมอบอำนาจสามารถลงนามแทนตัวความได้
"ความรู้ทั่วไปเกี่ยวกับศาลปกครอง/คดีปกครอง, เป็นคดีที่อยู่ในอำนาจของศาลปกครองหรือไม่",นายจ้างเห็นว่าคำสั่งพนักงานตรวจแรงงานมิชอบจะขอให้ศาลเพิกถอนคำสั่งของพนักงานตรวจแรงงานดังกล่าว ได้หรือไม่ ,แนะนำว่า นายจ้าง ลูกจ้าง หรือทายาทมีสิทธิยื่นฟ้องคดีต่อศาลแรงงานเพื่อขอให้ศาลเพิกถอนคำสั่งของพนักงานตรวจแรงงานหากไม่พอใจคำสั่งนั้นโดยมีเงื่อนไขต้องนำคดีไปฟ้องภายใน 30 วันนับแต่วันที่ทราบคำสั่ง ตามมาตรา 125 แห่งพระราชบัญญัติคุ้มครองแรงงาน พ.ศ. 2541 
ความรู้ทั่วไปเกี่ยวกับศาลปกครอง/คดีปกครอง,ผู้ขอคำปรึกษาสอบถามว่า กรณีที่ผู้ขอคำปรึกษามีความประสงค์จะฟ้องคดีต่อศาลปกครอง หากผู้ฟ้องคดีมีภูมิลำเนาอยู่ที่จังหวัดอุบลราชธานี และมูลคดีเกิดขึ้นที่จังหวัดอุบลราชธานี จะต้องยื่นฟ้องคดีต่อศาลใด,ได้ให้คำแนะนำว่า ในการฟ้องคดีต่อศาลปกครอง ให้ยื่นฟ้องต่อศาลปกครองชั้นต้นที่ผู้ฟ้องคดีมีภูมิลำเนาหรือที่มูลคดีเกิดขึ้น ตามมาตรา 47 วรรคหนึ่ง แห่งพระราชบัญญัติจัดตั้งศาลปกครองและวิธีพิจารณาคดีปกครอง พ.ศ. 2542 ซึ่งกรณีดังกล่าว ผู้ขอคำปรึกษามีภูมิลำเนาอยู่ที่จังหวัดอุบลราชธานี และมูลคดีเกิดขึ้นที่จังหวัดอุบลราชธานี จึงต้องยื่นฟ้องคดีต่อศาลปกครองอุบลราชธานี
"ความรู้ทั่วไปเกี่ยวกับศาลปกครอง/คดีปกครอง, การจัดทำคำฟ้องหรือคำร้อง และขั้นตอนที่เกี่ยวข้อง",ผู้ขอคำปรึกษาสอบถามว่า กรณีที่บุตรของผู้ขอคำปรึกษายังไม่บรรลุนิติภาวะ โดยมีอายุ 18 ปี หากมีความประสงค์จะฟ้องคดีต่อศาลปกครอง จะต้องได้รับความยินยอมจากผู้แทนโดยชอบธรรมหรือไม่ อย่างไร,กรณีที่บุตรของผู้ขอคำปรึกษายังไม่บรรลุนิติภาวะ โดยมีอายุ 18 ปี หากมีความประสงค์จะฟ้องคดีต่อศาลปกครอง จึงได้ให้คำแนะนำว่า ในกรณีที่ผู้เยาว์ซึ่งมีอายุไม่ต่ำกว่าสิบห้าปีบริบูรณ์ประสงค์จะฟ้องคดีปกครองด้วยตนเองถ้าศาลเห็นสมควร จะอนุญาตให้ฟ้องคดีปกครองด้วยตนเองก็ได้ โดยศาลจะแจ้งให้ผู้แทนโดยชอบธรรมของผู้เยาว์ดังกล่าวทราบ และศาลอาจมีคำสั่งให้ผู้แทนโดยชอบธรรมนั้นหรือบุคคลอื่นที่เกี่ยวข้องให้ข้อเท็จจริงต่อศาลเพื่อประกอบการพิจารณาได้ ตามข้อ 27 แห่งระเบียบของที่ประชุมใหญ่ตุลาการในศาลปกครองสูงสุด ว่าด้วยวิธีพิจารณาคดีปกครอง พ.ศ. 2543 นอกจากนั้น บุตรของผู้ขอคำปรึกษาที่ประสงค์จะฟ้องคดีต่อศาลปกครองสามารถมอบอำนาจให้บิดาหรือบุคคลอื่นเป็นผู้ดำเนินคดีดังกล่าวแทนได้ โดยจัดทำใบมอบอำนาจพร้อมแนบสำเนาบัตรประจำตัวของผู้มอบอำนาจและผู้รับมอบอำนาจ พร้อมทั้งปิดอากรแสตมป์ให้ครบถ้วน
"ความรู้ทั่วไปเกี่ยวกับศาลปกครอง/คดีปกครอง, การจัดทำคำฟ้องหรือคำร้อง และขั้นตอนที่เกี่ยวข้อง",ผู้ขอคำปรึกษาสอบถามว่า กรณีที่เห็นว่าสำนักงานที่ดินกรุงเทพมหานคร สาขาห้วยขวาง ดำเนินการจดทะเบียนเปลี่ยนแปลงกรรมการนิติบุคคล โดยไม่ชอบด้วยกฎหมาย ซึ่งได้มีหนังสือเพื่อขอให้แก้ไขแล้ว แต่สำนักงานที่ดินกรุงเทพมหานคร สาขาห้วยขวาง ยืนยันว่าได้กระทำการโดยถูกต้องแล้ว หากผู้ขอคำปรึกษาไม่เห็นด้วยและประสงค์จะฟ้องคดีต่อศาลปกครอง จะต้องดำเนินการอย่างไร,"กรณีที่ผู้ขอคำปรึกษาเห็นว่าสำนักงานที่ดินกรุงเทพมหานคร สาขาห้วยขวาง ดำเนินการจดทะเบียนเปลี่ยนแปลงกรรมการนิติบุคคล โดยไม่ชอบด้วยกฎหมาย ซึ่งได้มีหนังสือเพื่อขอให้แก้ไขแล้ว แต่สำนักงานที่ดินกรุงเทพมหานคร สาขาห้วยขวาง ยืนยันว่าได้กระทำการโดยถูกต้องแล้ว หากผู้ขอคำปรึกษาไม่เห็นด้วยโดยประสงค์จะฟ้องคดีต่อศาลปกครอง จึงได้ให้คำแนะนำว่า กรณีดังกล่าวเป็นคดีพิพาทเกี่ยวกับการที่หน่วยงานทางปกครองกระทำการโดยไม่ชอบด้วยกฎหมายในการออกคำสั่งทางปกครอง ซึ่งจะต้องมีคำขอท้ายคำฟ้องให้หน่วยงานทางปกครองเพิกถอนคำสั่งทางปกครองไม่ชอบด้วยกฎหมายนั้น ตามมาตรา 9 วรรคหนึ่ง (1) ประกอบมาตรา 72 วรรคหนึ่ง (1) แห่งพระราชบัญญัติจัดตั้งศาลปกครองและวิธีพิจารณาคดีปกครอง พ.ศ. 2542 โดยจะต้องยื่นฟ้องคดีต่อศาลปกครองภายใน 90 วัน นับแต่วันที่รู้หรือควรรู้ถึงเหตุแห่งการฟ้องคดี ตามมาตรา 49 แห่งพระราชบัญญัติฉบับเดียวกัน
สำหรับการจัดทำคำฟ้องนั้นสามารถดาวน์โหลดแบบฟอร์มคำฟ้องได้จากเว็บไซต์ของศาลปกครอง ซึ่งอาจเขียนคำฟ้องเองด้วยลายมือหรือจะใช้วิธีการพิมพ์ก็ได้ โดยคำฟ้องให้ใช้ถ้อยคำสุภาพและต้องมีรายการครบถ้วนตามมาตรา 45 แห่งพระราชบัญญัติจัดตั้งศาลปกครองและวิธีพิจารณาคดีปกครอง พ.ศ. 2542 ดังนี้ (1) ชื่อและที่อยู่ของผู้ฟ้องคดี (2) ชื่อหน่วยงานทางปกครองหรือเจ้าหน้าที่ของรัฐที่เกี่ยวข้องอันเป็นเหตุแห่งการฟ้องคดี (3) การกระทำทั้งหลายที่เป็นเหตุแห่งการฟ้องคดี พร้อมทั้งข้อเท็จจริงหรือพฤติการณ์ตามสมควรเกี่ยวกับการกระทำดังกล่าว (4) คำขอของผู้ฟ้องคดี และ (5) ลายมือชื่อของผู้ฟ้องคดี และหากผู้ฟ้องคดีประสงค์จะให้บุคคลอื่นเป็นผู้ดำเนินคดีแทน จะต้องจัดทำใบมอบอำนาจพร้อมแนบสำเนาบัตรประจำตัวของผู้มอบอำนาจและผู้รับมอบอำนาจพร้อมปิดอากรแสตมป์มาด้วย โดยต้องจัดทำสำเนาคำฟ้องและสำเนาพยานหลักฐานที่รับรองสำเนาถูกต้องตามจำนวนของผู้ถูกฟ้องคดี ตามข้อ 33 แห่งระเบียบของที่ประชุมใหญ่ตุลาการในศาลปกครองสูงสุด ว่าด้วยวิธีพิจารณาคดีปกครอง พ.ศ. 2543 ซึ่งผู้ขอคำปรึกษาสามารถเลือกยื่นคำฟ้องได้ 3 ช่องทาง คือ (1) ยื่นด้วยตนเองที่ศาลปกครอง (2) ส่งทางไปรษณีย์ลงทะเบียน หรือ (3) ยื่นทางระบบอิเล็กทรอนิกส์ และให้ยื่นฟ้องต่อศาลปกครองชั้นต้นที่ผู้ฟ้องคดีมีภูมิลำเนาหรือที่มูลคดีเกิดขึ้นก็ได้ ตามมาตรา 46 แห่งพระราชบัญญัติฉบับเดียวกัน "
ความรู้ทั่วไปเกี่ยวกับศาลปกครอง/คดีปกครอง,  การลงนามในคำให้การจะใช้ลายมือชื่ออิเล็คทรอนิคได้หรือไม่,"   แนะนำว่าการลงนามในคำให้การต้องเป็นลายมือชื่อโดยแท้เท่านั้น จะใช้ลายมือชื่ออิเล็คทรอนิคไม่ได้
   ทั้งนี้ ในการทำคำให้การ ระเบียบของที่ประชุมใหญ่ตุลาการในศาลปกครองสูงสุดว่าด้วยวิธีพิจารณาคดีปกครอง พ.ศ. 2543 ข้อ	43 กำหนดไว้ว่าให้ผู้ถูกฟ้องคดียื่นคำให้การโดยชัดแจ้งแสดงการปฏิเสธหรือยอมรับข้อหาที่ปรากฏในคำฟ้องและคำขอท้ายฟ้อง และเหตุแห่งการนั้น พร้อมส่งพยานหลักฐานตามที่ตุลาการเจ้าของสำนวนกำหนดโดยจัดทำสำเนาคำให้การและสำเนาพยานหลักฐานดังกล่าวที่รับรองถูกต้องหนึ่งชุดหรือตามจำนวนที่ตุลาการเจ้าของสำนวนกำหนดยื่นมาพร้อมกับคำให้การด้วย ทั้งนี้ ภายในสามสิบวัน นับแต่วันที่ได้รับสำเนาคำฟ้อง หรือภายในระยะเวลาที่ศาลกำหนด
"
ความรู้ทั่วไปเกี่ยวกับศาลปกครอง/คดีปกครอง,ผู้ขอคำปรึกษามีความประสงค์ในการยื่นฟ้องคดีต่อศาลปกครอง ขอสอบถามว่า หากมูลเหตุเกิดขึ้นในอำเภอดอนยายหอมและภูมิลำเนาเกิดขึ้นในจังหวัดนครปฐม จะต้องยื่นฟ้องคดีต่อศาลปกครองใด,มาตรา 47 วรรคหนึ่งแห่งพ.ร.บ.จัดตั้งศาลปกครองฯบัญญัติว่า การฟ้องคดีที่อยู่ในเขตอำนาจของศาลปกครองชั้นต้น ให้ยื่นฟ้องต่อศาลปกครองชั้นต้นที่ผู้ฟ้องคดีมีภูมิลำเนาหรือที่มูลคดีเกิดขึ้นในเขตศาลปกครองชั้นต้นนั้น มาตรา 8 วรรคสองแห่งพ.ร.บ.จัดตั้งศาลปกครองบัญญัติว่า ให้จัดตั้งศาลปกครองกลางขึ้นมีที่ตั้งในกรุงเทพมหานครหรือในจังหวัดใกล้เคียง โดยมีเขตตลอดท้องที่กรุงเทพมหานคร จังหวัดนครปฐม จังหวัดนนทบุรี จังหวัดปทุมธานี จังหวัดราชบุรี จังหวัดสมุทรปราการ จังหวัดสมุทรสงคราม และจังหวัดสมุทรสาคร ดังนั้นผู้ขอคำปรึกษาจะต้องนำคดียื่นฟ้องต่อศาลปกครองกลางซึ่งเป็นศาลที่มีอำนาจในจังหวัดนครปฐม
เป็นคดีที่อยู่ในอำนาจของศาลปกครองหรือไม่,ผู้ขอคำปรึกษาได้รับความเดือดร้อนเสียหายจากการที่เจ้าพนักงานตำรวจปลอมแปลงลายมือและนำเอกสารที่มีการลงลายมือชื่อปลอมนั้น จะฟ้องคดีต่อศาลปกครองให้ลงโทษตามมาตรา 157 แห่งป.อ.และขอให้ศาลลงโทษไล่ออกได้หรือไม่,มาตรา 42 วรรคหนึ่งแห่งพ.ร.บ.จัดตั้งศาลปกครองฯบัญญัติว่า ผู้ใดได้รับความเดือดร้อนหรือเสียหาย หรืออาจจะเดือดร้อนหรือเสียหายโดยมิอาจหลีกเลี่ยงได้อันเนื่องจากการกระทำหรือการงดเว้นการกระทำของหน่วยงานทางปกครองหรือเจ้าหน้าที่ของรัฐหรือมีข้อโต้แย้งเกี่ยวกับสัญญาทางปกครอง หรือกรณีอื่นใดที่อยู่ในเขตอำนาจศาลปกครองตามมาตรา 9 และการแก้ไขหรือบรรเทาความเดือดร้อนหรือความเสียหายหรือยุติข้อโต้แย้งนั้น ต้องมีคำบังคับตามที่กำหนดในมาตรา 72 ผู้นั้นมีสิทธิฟ้องคดีต่อศาลปกครอง กรณีที่ผู้ขอคำปรึกษาได้รับความเดือดร้อนเสียหายจากการที่เจ้าพนักงานตำรวจปลอมแปลงและขอให้พิจารณาลงโทษตามมาตรา 157 แห่งป.อ.เป็นคดีอาญาที่อยู่ในอำนาจของศาลยุติธรรม  ส่วนการขอให้ลงโทษไล่เจ้าพนักงานตำรวจนั้นออกจากราชการเป็นอำนาจในการพิจารณาของหน่วยงานต้นสังกัด ศาลปกครองไม่่สามารถออกคำบังคับได้
ความรู้ทั่วไปเกี่ยวกับศาลปกครอง/คดีปกครอง,    ได้รับเทศบาลเมืองลพบุรีมีคำสั่งห้ามเลี้ยงไก่เกิน 100ตัว ได้อุทธรณ์แล้วยืนตามเดิม ผู้จะฟ้องคดีมีภูมิลำเนาอยู่จังหวัดลพบุรี ถามว่าจะฟ้องศาลปกครองกลางได้หรือไม่ ,   แนะนำว่า จะฟ้องต่อศาลปกครองกลางไม่ได้ เพราะมูลคดีเกิดและผู้ฟ้องคดีมีภูมิลำเนาอยู่จังหวัดลพบุรี จึงอยู่ในอำนาจของศาลปกครองนครรสวรรค์
"ความรู้ทั่วไปเกี่ยวกับศาลปกครอง/คดีปกครอง, การจัดทำคำฟ้องหรือคำร้อง และขั้นตอนที่เกี่ยวข้อง",ผู้ขอคำปรึกษาสอบถามว่า กรณีที่ผู้ขอคำปรึกษาและเพื่อนบ้านในหมู่บ้าน ไม่เห็นด้วยกับการที่คณะกรรมการผู้ชำนาญการพิจารณารายงานการประเมินผลกระทบสิ่งแวดล้อม กรุงเทพมหานคร ให้ความเห็นชอบกับรายงานการประเมินผลกระทบสิ่งแวดล้อมโครงการที่พักอาศัยที่อยู่ติดกับหมู่บ้านของผู้ขอคำปรึกษา ที่มีความสูงอาคาร 47 ชั้น ซึ่งย่อมต้องเกิดผลกระทบต่อบ้านของผู้ขอคำปรึกษาและชาวบ้านในหมู่บ้าน จึงมีความประสงค์จะฟ้องคดีต่อศาลปกครองเพื่อขอให้เพิกถอนความเห็นของคณะกรรมการผู้ชำนาญการพิจารณารายงานการประเมินผลกระทบสิ่งแวดล้อม กรุงเทพมหานคร ที่ให้ความเห็นชอบกับรายงานการประเมินผลกระทบสิ่งแวดล้อมโครงการดังกล่าว จะต้องดำเนินการอย่างไร,กรณีที่ผู้ขอคำปรึกษาและเพื่อนบ้านในหมู่บ้าน ไม่เห็นด้วยกับการที่คณะกรรมการผู้ชำนาญการพิจารณารายงานการประเมินผลกระทบสิ่งแวดล้อม กรุงเทพมหานคร ให้ความเห็นชอบกับรายงานการประเมินผลกระทบสิ่งแวดล้อมโครงการที่พักอาศัยที่อยู่ติดกับหมู่บ้านของผู้ขอคำปรึกษา ที่มีความสูงอาคาร 47 ชั้น ซึ่งย่อมต้องเกิดผลกระทบต่อบ้านของผู้ขอคำปรึกษาและชาวบ้านในหมู่บ้าน จึงได้ให้คำแนะนำว่า กรณีที่คณะกรรมการผู้ชำนาญการพิจารณารายงานการประเมินผลกระทบสิ่งแวดล้อม กรุงเทพมหานคร ได้ให้ความเห็นชอบกับรายงานการประเมินผลกระทบสิ่งแวดล้อมโครงการที่พักอาศัยที่อยู่ติดกับหมู่บ้านของผู้ขอคำปรึกษา ซึ่งการให้ความเห็นชอบรายงานฯ ดังกล่าว ทำให้ผู้ขอคำปรึกษาและชาวบ้านในหมู่บ้านได้รับความเดือดร้อนหรือเสียหาย หรืออาจจะเดือดร้อนหรือเสียหายโดยมิอาจหลีกเลี่ยงได้อันเนื่องจากการกระทำของคณะกรรมการผู้ชำนาญการพิจารณารายงานการประเมินผลกระทบสิ่งแวดล้อม กรุงเทพมหานคร ให้ความเห็นชอบกับรายงานการประเมินผลกระทบสิ่งแวดล้อมโครงการที่พักอาศัยที่อยู่ติดกับหมู่บ้านของผู้ขอคำปรึกษา อันเป็นผู้มีสิทธิฟ้องคดีต่อศาลปกครองตามมาตรา 42 แห่งพระราชบัญญัติจัดตั้งศาลปกครองและวิธีพิจารณาคดีปกครอง พ.ศ. 2542 และกรณีดังกล่าวเป็นคดีพิพาทเกี่ยวกับการที่หน่วยงานทางปกครองหรือเจ้าหน้าที่ของรัฐกระทำการโดยไม่ชอบด้วยกฎหมายในการออกคำสั่งทางปกครอง ซึ่งศาลปกครองมีอำนาจพิจารณาพิพากษาคดี และมีอำนาจกำหนดคำบังคับให้ได้ ตามมาตรา 9 วรรคหนึ่ง (1) ประกอบมาตรา 72 วรรคหนึ่ง (1) ซึ่งผู้ขอคำปรึกษาจะต้องยื่นฟ้องคดีภายในเก้าสิบวันนับแต่วันที่รู้หรือควรรู้ถึงเหตุแห่งการฟ้องคดี ตามมาตรา 49 แห่งพระราชบัญญัติฉบับเดียวกัน สำหรับการจัดทำคำฟ้องนั้นสามารถดาวน์โหลดแบบฟอร์มคำฟ้องได้จากเว็บไซต์ของศาลปกครอง ซึ่งอาจเขียนคำฟ้องเองด้วยลายมือหรือจะใช้วิธีการพิมพ์ก็ได้ โดยคำฟ้องให้ใช้ถ้อยคำสุภาพและต้องมีรายการครบถ้วนตามมาตรา 45 แห่งพระราชบัญญัติจัดตั้งศาลปกครองและวิธีพิจารณาคดีปกครอง พ.ศ. 2542 ดังนี้ (1) ชื่อและที่อยู่ของผู้ฟ้องคดี (2) ชื่อหน่วยงานทางปกครองหรือเจ้าหน้าที่ของรัฐที่เกี่ยวข้องอันเป็นเหตุแห่งการฟ้องคดี (3) การกระทำทั้งหลายที่เป็นเหตุแห่งการฟ้องคดี พร้อมทั้งข้อเท็จจริงหรือพฤติการณ์ตามสมควรเกี่ยวกับการกระทำดังกล่าว (4) คำขอของผู้ฟ้องคดี และ (5) ลายมือชื่อของผู้ฟ้องคดี และในกรณีที่มีผู้ประสงค์จะฟ้องคดีหลายคนในเหตุเดียวกัน อาจยื่นคำฟ้องร่วมกันเป็นฉบับเดียวโดยจะมอบหมายให้ผู้ฟ้องคดีคนใดเป็นผู้แทนของผู้ฟ้องคดีทุกคนในการดำเนินคดีต่อไปก็ได้ โดยใช้แบบฟอร์มใบแต่งตั้งผู้แทน และการฟ้องคดีไม่ต้องเสียค่าธรรมเนียมศาล เว้นแต่การฟ้องคดีขอให้สั่งให้ใช้เงินหรือส่งมอบทรัพย์สิน ตามมาตรา 45 แห่งพระราชบัญญัติจัดตั้งศาลปกครองและวิธีพิจารณาคดีปกครอง พ.ศ. 2542 โดยต้องจัดทำสำเนาคำฟ้องและสำเนาพยานหลักฐานที่รับรองสำเนาถูกต้องตามจำนวนของผู้ถูกฟ้องคดี ตามข้อ 33 แห่งระเบียบของที่ประชุมใหญ่ตุลาการในศาลปกครองสูงสุด ว่าด้วยวิธีพิจารณาคดีปกครอง พ.ศ. 2543 ซึ่งผู้ขอคำปรึกษาสามารถเลือกยื่นคำฟ้องได้ 3 ช่องทาง คือ (1) ยื่นด้วยตนเองที่ศาลปกครอง (2) ส่งทางไปรษณีย์ลงทะเบียน หรือ (3) ยื่นทางระบบอิเล็กทรอนิกส์ และให้ยื่นฟ้องต่อศาลปกครองชั้นต้นที่ผู้ฟ้องคดีมีภูมิลำเนาหรือที่มูลคดีเกิดขึ้นก็ได้ ตามมาตรา 46 แห่งพระราชบัญญัติจัดตั้งศาลปกครองและวิธีพิจารณาคดีปกครอง พ.ศ. 2542 
"ความรู้ทั่วไปเกี่ยวกับศาลปกครอง/คดีปกครอง, เป็นคดีที่อยู่ในอำนาจของศาลปกครองหรือไม่",ผู้ขอคำปรึกษาอยากทราบว่าจะร้องเรียนว่าเจ้าหน้าที่ได้กระทำการโดยมิชอบ ได้หรือไม่,แนะนำว่า กรณีที่ประชาชนได้รับความเดือดร้อนเสียหายจากการกระทำของเจ้าหน้าที่ฝ่ายปกครอง และประสงค์จะยื่นเรื่องร้องเรียน ให้โทรศัพท์ปรึกษาที่สายด่วนศูนย์ดำรงธรรม หมายเลข 1567 หรือศูนย์รับเรื่องราวร้องทุกข์ของรัฐบาล 1111 ทั้งนี้ ถ้าผู้ขอฯ ประสงค์จะใช้สิทธิฟ้องคดีต่อศาลปกครอง ให้ใช้แบบฟอร์มศาล ค.1 จัดทำคำฟ้องพร้อมพยานหลักฐานยื่นต่อศาล
"ความรู้ทั่วไปเกี่ยวกับศาลปกครอง/คดีปกครอง, ขั้นตอนแก้ไขความเสียหายก่อนฟ้องคดี, การจัดทำคำฟ้องหรือคำร้อง และขั้นตอนที่เกี่ยวข้อง",ผู้ขอคำปรึกษาสอบถามว่า กรณีที่ได้รับคำสั่งจากอธิบดีกรมอนามัย ให้ผู้ขอคำปรึกษาขนย้ายสุนัขออกไปจากบ้านพัก ซึ่งผู้ขอคำปรึกษาได้ยื่นอุทธรณ์เรื่องดังกล่าวแล้ว แต่ยังไม่ได้รับแจ้งผลการพิจารณาแต่อย่างใด หากประสงค์จะขอทุเลาการบังคับตามคำสั่งของอธิบดีกรมอนามัยดังกล่าว จะต้องดำเนินการอย่างไร,กรณีที่ผู้ขอคำปรึกษาได้รับคำสั่งจากอธิบดีกรมอนามัย ให้ผู้ขอคำปรึกษาขนย้ายสุนัขออกไปจากบ้านพัก ซึ่งผู้ขอคำปรึกษาได้ยื่นอุทธรณ์เรื่องดังกล่าวแล้ว แต่ยังไม่ได้รับแจ้งผลการพิจารณาแต่อย่างใด จึงได้ให้คำแนะนำว่า ให้ผู้ขอคำปรึกษาตรวจสอบระยะเวลาการพิจารณาอุทธรณ์เรื่องดังกล่าวจากกรมอนามัย ว่ามีระยะเวลาการพิจารณาเท่าใด หากพ้นกำหนดระยะเวลาดังกล่าวแล้ว หรือหากกรมอนามัยไม่ได้กำหนดระยะเวลาการพิจารณาอุทธรณ์ไว้ หากพ้นกำหนดเก้าสิบวันนับแต่วันที่ได้มีหนังสือดังกล่าวแล้ว ไม่ได้รับหนังสือชี้แจงจากหน่วยงานทางปกครอง จึงมีสิทธินำคดีมาฟ้องต่อศาลปกครองภายในเก้าสิบวันนับแต่วันที่พ้นกำหนดระยะเวลาดังกล่าว หรือได้รับแต่เป็นคำชี้แจงที่ผู้ขอคำปรึกษาเห็นว่าไม่มีเหตุผล จึงมีสิทธินำคดีมาฟ้องต่อศาลปกครองภายในเก้าสิบวันนับแต่วันที่รู้หรือควรรู้ถึงเหตุแห่งการฟ้องคดี โดยจะต้องมีคำขอท้ายคำฟ้องให้หน่วยงานทางปกครองหรือเจ้าหน้าที่ของรัฐที่เกี่ยวข้องปฏิบัติตามหน้าที่ภายในเวลาที่ศาลปกครองกำหนด หรือให้หน่วยงานทางปกครองเพิกถอนคำสั่งที่ไม่ชอบด้วยกฎหมายนั้น แล้วแต่กรณี ตามมาตรา 49 ประกอบมาตรา 72 วรรคหนึ่ง แห่งพระราชบัญญัติจัดตั้งศาลปกครองและวิธีพิจารณาคดีปกครอง พ.ศ. 2542 สำหรับกรณีที่ผู้ขอคำปรึกษาประสงค์จะขอทุเลาการบังคับตามคำสั่งของอธิบดีกรมอนามัยดังกล่าว จะต้องยื่นฟ้องคดีต่อศาลปกครองพร้อมกับยื่นคำขอทุเลาการบังคับตามคำสั่งของอธิบดีกรมอนามัยมาพร้อมกัน โดยทุเลาการบังคับตามคำสั่งดังกล่าว จะต้องชี้แจงต่อศาล ดังนี้ (1) คำสั่งทางปกครองที่เป็นเหตุแห่งการฟ้องคดีนั้นน่าจะไม่ชอบด้วยกฎหมาย (2) การให้คำสั่งทางปกครองดังกล่าวมีผลใช้บังคับต่อไปจะทำให้เกิดความเสียหายอย่างร้ายแรงที่ยากแก่การเยียวยาแก้ไขในภายหลัง และ (3) การทุเลาการบังคับตามคำสั่งทางปกครองนั้นไม่เป็นอุปสรรคแก่การบริหารงานของรัฐหรือแก่บริการสาธารณะ ตามข้อ 72 แห่งระเบียบของที่ประชุมใหญ่ตุลาการในศาลปกครองสูงสุด ว่าด้วยวิธีพิจารณาคดีปกครอง พ.ศ. 2543
"ความรู้ทั่วไปเกี่ยวกับศาลปกครอง/คดีปกครอง, การจัดทำคำฟ้องหรือคำร้อง และขั้นตอนที่เกี่ยวข้อง",ผู้ขอคำปรึกษาสอบถามว่า กรณีที่มหาวิทยาลัยมีคำสั่งลงโทษทางวินัยตามที่สำนักงาน ป.ป.ช. ชี้มูล หากผู้ขอคำปรึกษาไม่เห็นด้วยกับคำสั่งดังกล่าว จะสามารถนำเรื่องมาฟ้องคดีต่อศาลปกครองได้เลยหรือไม่ อย่างไร,"กรณีที่มหาวิทยาลัยมีคำสั่งลงโทษทางวินัยแก่ผู้ขอคำปรึกษาตามที่สำนักงาน ป.ป.ช. ชี้มูล หากผู้ขอคำปรึกษาไม่เห็นด้วยกับคำสั่งดังกล่าว จึงได้ให้คำแนะนำว่า ผู้ขอคำปรึกษามีสิทธิเลือกดำเนินการได้ 2 แนวทาง คือ (1) ฟ้องคดีต่อศาลปกครองภายในเก้าสิบวันนับแต่วันที่ถูกลงโทษ โดยไม่ต้องอุทธรณ์ตามกฎหมาย หรือ (2) ดำเนินการอุทธรณ์ดุลพินิจในการกำหนดโทษของผู้บังคับบัญชาตามกฎหมายเกี่ยวกับการบริหารงานบุคคลของผู้ขอคำปรึกษานั้นก่อน ตามมาตรา 101 แห่งพระราชบัญญัติประกอบรัฐธรรมนูญ ว่าด้วยการป้องกันและปราบปรามการทุจริต พ.ศ. 2561 อย่างไรก็ตาม หากผู้ขอคำปรึกษามีความประสงค์จะฟ้องคดีต่อศาลปกครอง สามารถดาวน์โหลดแบบฟอร์มคำฟ้องได้จากเว็บไซต์ของศาลปกครอง ซึ่งอาจเขียนคำฟ้องเองด้วยลายมือหรือจะใช้วิธีการพิมพ์ก็ได้ โดยคำฟ้องให้ใช้ถ้อยคำสุภาพและต้องมีรายการครบถ้วนตามมาตรา 45 แห่งพระราชบัญญัติจัดตั้งศาลปกครองและวิธีพิจารณาคดีปกครอง พ.ศ. 2542 ดังนี้ (1) ชื่อและที่อยู่ของผู้ฟ้องคดี (2) ชื่อหน่วยงานทางปกครองหรือเจ้าหน้าที่ของรัฐที่เกี่ยวข้องอันเป็นเหตุแห่งการฟ้องคดี (3) การกระทำทั้งหลายที่เป็นเหตุแห่งการฟ้องคดี พร้อมทั้งข้อเท็จจริงหรือพฤติการณ์ตามสมควรเกี่ยวกับการกระทำดังกล่าว (4) คำขอของผู้ฟ้องคดี และ (5) ลายมือชื่อของผู้ฟ้องคดี และหากผู้ฟ้องคดีประสงค์จะให้บุคคลอื่นเป็นผู้ดำเนินคดีแทน จะต้องจัดทำใบมอบอำนาจพร้อมแนบสำเนาบัตรประจำตัวของผู้มอบอำนาจและผู้รับมอบอำนาจพร้อมปิดอากรแสตมป์มาด้วย โดยต้องจัดทำสำเนาคำฟ้องและสำเนาพยานหลักฐานที่รับรองสำเนาถูกต้องตามจำนวนของผู้ถูกฟ้องคดี ตามข้อ 33 แห่งระเบียบของที่ประชุมใหญ่ตุลาการในศาลปกครองสูงสุด ว่าด้วยวิธีพิจารณาคดีปกครอง พ.ศ. 2543 ซึ่งผู้ขอคำปรึกษาสามารถเลือกยื่นคำฟ้องได้ 3 ช่องทาง คือ (1) ยื่นด้วยตนเองที่ศาลปกครอง (2) ส่งทางไปรษณีย์ลงทะเบียน หรือ (3) ยื่นทางระบบอิเล็กทรอนิกส์ และให้ยื่นฟ้องต่อศาลปกครองชั้นต้นที่ผู้ฟ้องคดีมีภูมิลำเนาหรือที่มูลคดีเกิดขึ้นก็ได้ ตามมาตรา 46 ประกอบมาตรา 47 วรรคหนึ่ง แห่งพระราชบัญญัติฉบับเดียวกัน 
ทั้งนี้ หากผู้ขอคำปรึกษามีความประสงค์จะขอทุเลาการบังคับตามคำสั่งดังกล่าว จะต้องยื่นคำขอทุเลาการบังคับตามคำสั่ง โดยชี้แจงต่อศาล ดังนี้ (1) คำสั่งทางปกครองที่เป็นเหตุแห่งการฟ้องคดีนั้นน่าจะไม่ชอบด้วยกฎหมาย (2) การให้คำสั่งทางปกครองดังกล่าวมีผลใช้บังคับต่อไปจะทำให้เกิดความเสียหายอย่างร้ายแรงที่ยากแก่การเยียวยาแก้ไขในภายหลัง และ (3) การทุเลาการบังคับตามคำสั่งทางปกครองนั้นไม่เป็นอุปสรรคแก่การบริหารงานของรัฐหรือแก่บริการสาธารณะ ตามข้อ 72 แห่งระเบียบของที่ประชุมใหญ่ตุลาการในศาลปกครองสูงสุด ว่าด้วยวิธีพิจารณาคดีปกครอง พ.ศ. 2543"
"ความรู้ทั่วไปเกี่ยวกับศาลปกครอง/คดีปกครอง, เป็นคดีที่อยู่ในอำนาจของศาลปกครองหรือไม่",ผู้ขอคำปรึกษาอยากทราบว่าการประปามีการเรียกเก็บค่าน้ำจากการประกอบกิจการเกินกว่าที่ควรจะเป็นจะฟ้องคดีต่อศาลปกครอง ได้หรือไม่,แนะนำว่า กรณีการเรียกเก็บค่าน้ำจากการประปาไม่ใช่คดีปกครองที่อยู่ในอำนาจศาลปกครอง แต่ถ้าผู้ฟ้องคดีจะขอเพิกถอนกฎระเบียบในการเรียกเก็บค่าน้ำที่ไม่เป็นธรรม ก็สามารถยื่นฟ้องคดีต่อศาลปกครองเป็นคดีพิพาทเกี่ยวกับการออกกฎ หรือคำสั่งโดยไม่ชอบด้วยกฎหมาย ตามมาตรา 9 วรรคหนึ่ง (1) แห่งพระราชบัญญัติจัดตั้งศาลปกครองและวิธีพิจารณาคดีปกครอง พ.ศ. 2542
"ความรู้ทั่วไปเกี่ยวกับศาลปกครอง/คดีปกครอง, การจัดทำคำฟ้องหรือคำร้อง และขั้นตอนที่เกี่ยวข้อง",ผู้ขอคำปรึกษาเป็นภรรยาของนาย[ชื่อสมมติ]กรุงเทพมหานครและกรุงเทพฯ กระทำละเมิดต่อนาย[ชื่อสมมติ]MRT สถานีสาทร บริเวณทางลงชานชาลาที่ 1 ปล่อยปละละเลยจนทำให้มีน้ำขังในขั้นบันไดเลื่อนในช่วงวันเกิดเหตุที่มีฝนตกหนักจนเป็นเหตุให้ในขณะที่นาย[ชื่อสมมติ]จึงมีความประสงค์นำคดีมาฟ้องต่อศาลปกครองเพื่อขอให้ชดใช้ค่าเสียหาย  ดังนั้น ผู้ขอคำปรึกษาจึงนำร่างคำฟ้องมาให้พิจารณา,"มาตรา 45 วรรคหนึ่งแห่งพ.ร.บ.จัดตั้งศาลปกครองฯบัญญัติว่า คำฟ้องให้ใช้ถ้อยคำสุภาพและต้องมี
(1) ชื่อและที่อยู่ของผู้ฟ้องคดี (2) ชื่อหน่วยงานทางปกครองหรือเจ้าหน้าที่ของรัฐที่เกี่ยวข้องอันเป็นเหตุแห่งการฟ้องคดี (3) การกระทำทั้งหลายที่เป็นเหตุแห่งการฟ้องคดี พร้อมทั้งข้อเท็จจริงหรือพฤติการณ์ตามสมควรเกี่ยวกับการกระทำดังกล่าว (4) คำขอของผู้ฟ้องคดี (5) ลายมือชื่อของผู้ฟ้องคดี ถ้าเป็นการยื่นฟ้องคดีแทนผู้อื่นจะต้องแนบใบมอบฉันทะให้ฟ้องคดีมาด้วย  ผู้ให้คำปรึกษาตรวจสอบแล้วมีความเห็นว่า คดีนี้ผู้ฟ้องคดีได้รับความเดือดร้อนเสียหายจากการที่สำนักการจราจรและขนส่ง กรุงเทพมหานครไม่ดูแลบันไดเลื่อนสถานีรถไฟฟ้า BRT สถานีสาทร บริเวณทางลงชานชาลาที่ 1 ปล่อยให้มีน้ำขังในขั้นบันไดเลื่อนในช่วงวันเกิดเหตุที่มีฝนตกหนัก เป็นเหตุให้ในขณะที่ผู้ฟ้องคดีกำลังก้าวลงบันไดเลื่อนลื่นล้มตกลงมาได้รับบาดเจ็บ ผู้ฟ้องคดีได้รับความเดือดร้อนหรือเสียหาย จึงนำคดีมาฟ้องต่อศาลเพื่อขอให้ชดใช้เงินนั้นเป็นคดีพิพาทเกี่ยวกับการกระทำละเมิดอันเกิดจากการที่เจ้าหน้าที่ของรัฐละเมิดจากการละเลยการปฏิบัติหน้าที่ตามที่กฎหมายกำหนดให้ต้องปฏิบัติตามมาตรา 9 วรรคหนึ่ง (3) แห่งพ.ร.บ.จัดตั้งศาลปกครองฯ  ผู้ฟ้องคดีจะต้องยื่นฟ้องภายใน 1 ปีนับแต่วันที่รู้ถถึงเหตุแห่งการฟ้องคดีตามมาตรา 51 แห่งพ.ร.บ.จัดตั้งศาลปกครองฯ
1.) การกำหนดตัวผู้ถูกฟ้องคดีนั้นให้กำหนดกรุงเทพซึ่งเป็นหน่วยงานต้นสังกัดของเจ้าหน้าที่มีหน้าที่ดูแลบันไดเลื่อนสถานีรถไฟฟ้า MRT สถานีสาทรซึ่งถือว่าเป็นกระทำละเมิดไปในการปฏิบัติหน้าที่เป็นผู้ถูกฟ้องคดีที่ต้องรับผิดชดใช้ค่าสินไหมทดแทนตามมาตรา 6 แห่งพ.ร.บ.ความรับผิดทางละเมิดของเจ้าหน้าที่ฯ และให้กำหนดสำนักการจราจรและขนส่ง กรุงเทพมหานครเป็นหน่วยงานที่รับผิดชอบ บันไดเลื่อนสถานีรถไฟฟ้า MRT สถานีสาทรเป็นผู้ถูกฟ้องคดี อย่างไรก็ดี หากศาลเห็นว่าผู้ว่าราชการกรุงเทพฯสมควรเป็นผู้ถูกฟ้องคดีตามความเห็นของผู้ขอคำปรึกษา ศาลอาจสั่งให้มีการแก้ไขเพิ่มเติมคำฟ้องให้ผู้ฟ้องคดีแก้ไขกำหนดตัวผู้ถูกฟ้องคดีใหม่ได้
2.) ร่างคำฟ้องของผู้ฟ้องคดีมีการบรรยายเหตุการณ์ที่เกิดขึ้น แต่ไม่ได้อธิบายในส่วนของจำนวนเงินเรียกค่าเสียหาย มีการระบุในคำขอท้ายคำฟ้องยอดเงินเท่านั้น จึงแนะนำให้ผู้ฟ้องคดีบรรยายเนื้อหาในส่วนของค่าเสียหายว่าเป็นค่าเสียหายอะไรบ้างคิดคำนวณจากอะไร มีเอกสารใดบ้างแนบท้ายคำฟ้อง ในส่วนนี้หากผู้ฟ้องคดีไม่สะดวกเพิ่มเติมก็ให้ดำเนินการทำคำฟ้องเพิ่มเติมยื่นต่อศาลในภายหลังก็ได้
3.) แนะนำให้ทำสำเนาคำฟ้องและเอกสารแนบตามจำนวนของผู้ถูกฟ้องคดี โดยทำสำเนาเก็บไว้เป็นหลักฐานจำนวนหนึ่งชุด"
"ความรู้ทั่วไปเกี่ยวกับศาลปกครอง/คดีปกครอง, การจัดทำคำฟ้องหรือคำร้อง และขั้นตอนที่เกี่ยวข้อง","ผู้ขอคำปรึกษาประสงค์จะฟ้องคดีต่อศาลปกครองเป็นคดีพิพาทเกี่ยวกับการกระทำละเมิดของหน่วยงานทางปกครองหรือเจ้าหน้าที่ของรัฐ และจะขอให้หน่วยงานทางปกครองชดใช้ค่าเสียหายแก้ผู้ขอฯ ด้วย กรณีต้นไม้ของกระทรวงคมนาคมหล่นทับรถยนต์ของผู้ฟ้องคดี จะต้องดำเนินการอย่างไร มีค่าใช้จ่าย
หรือไม่",แนะนำว่า กรณีเป็นคดีพิพาทเกี่ยวกับการกระทำละเมิดของหน่วยงานทางปกครองหรือเจ้าหน้าที่ของรัฐอันเกิดจาการละเลยไม่ดูแลต้นไม้ริมทาง ตามมาตรา 9 วรรคหนึ่ง (3) แห่งพระราชบัญญัติจัดตั้งศาลปกครอง และวิธีพิจารณาคดีปกครอง พ.ศ. 2542 โดยต้องยื่นฟ้องภายในหนึ่งปีนับแต่วันที่มีการกระทำละเมิดต่อผู้ขอฯ ตามมาตรา 51 แห่งพระราชบัญญัติดังกล่าว โดยมีคำขอให้ใช้เงิน ตามมาตรา 72 วรรคหนึ่ง (3) แห่งพระราชบัญญัติเดียวกัน ทั้งนี้ ในการเรียกค่าเสียหายผู้ขอฯ ต้องสามารถแสดงรายละเอียดเกี่ยวกับความเสียหายให้ศาลเห็น พร้อมระบุจำนวนเงิน และต้องชำระค่าธรรมเนียมศาลในอัตราร้อยละ 2 ของทุนทรัพย์ แต่ไม่เกินสองแสนบาท ส่วนที่เกินห้าสิบล้านบาทขึ้นไป คิดอัตราร้อยละ 0.1  เมื่อศาลมีคำพิพากษาแล้วจะมีคำสั่งคืนค่าธรรมเนียมศาลให้แก่ผู้ฟ้องคดีตามส่วนแห่งการชนะคดี ดังนั้น หากผู้ฟ้องคดีแพ้คดีก็จะไม่มีการคืนค่าธรรมเนียมศาลให้แก่ผู้ฟ้องคดีแต่อย่างใด
"ความรู้ทั่วไปเกี่ยวกับศาลปกครอง/คดีปกครอง, ขอความเห็นทางกฎหมาย",ผู้ขอคำปรึกษาได้รับความเดือดร้อนเสียหายจากการที่เมื่อปี พ.ศ. 2568 ผู้ขอคำปรึกษาได้ยื่นร้องเรียนสภาการพยาบาลเกี่ยวกับการปฏิบัติหน้าที่ของพยาบาลที่ทำการรักษาโดยให้ยาจนเป็นเหตุทำให้มารดาของผู้ขอคำปรึกษาเสียชีวิต  แต่ปัจจุบันยังไม่มีการแจ้งผลการพิจารณาจะสอบถามว่าจะฟ้องคดีต่อศาลปกครองเพื่อให้สภาการพยาบาลมีคำวินิจฉัยเรื่องที่ร้องเรียนได้หรือไม่,ข้อ 46 ของข้อบังคับสภาการพยาบาลว่าด้วยการสืบสวนหรือสอบสวนในกรณีมีการกล่าวหาหรือกล่าวโทษว่ามีผู้ประพฤติผิดจริยธรรมแห่งวิชาชีพการพยาบาลและการผดุงครรภ์ พ.ศ. 2561 กำหนดว่า เมื่อคณะกรรมการได้พิจารณาสำนวนการสืบสวนและความเห็นของคณะอนุกรรมการจริยธรรมหรือสำนวนการสอบสวนและความเห็นของคณะอนุกรรมการสอบสวนแล้ว ให้พิจารณาและมีมติ...  ดังนั้น เมื่อผู้ขอคำปรึกษาร้องเรียนว่า พยาบาลผู้ประกอบวิชาชีพประพฤติผิดจริยธรรมและคณะกรรมการของสภาการพยาบาลไม่พิจารณาให้แล้วเสร็จนั้นเป็นคดีพิพาทเกี่ยวกับการที่เจ้าหน้าที่ของรัฐละลเยการปฏิบัติหน้าที่ตามที่กำหนดให้ต้องปฏิบัติตามมาตรา 9 วรรคหนึ่ง (2) แห่งพ.ร.บ.จัดตั้งศาลปกครองฯ ผู้ขอคำปรึกษาจะต้องใช้สิทธิฟ้องคดีภายใน 90 วันนับแต่วันครบกหนดเก้าสิบวันที่มีหนังสือร้องขอต่อหน่วยงานเพื่อขอให้ปฏิบัติหน้าที่ตามกฎหมาย แต่ไม่ได้รับคำชี้แจงตามมาตรา 49 แห่งพ.ร.บ.จัดตั้งศาลปกครองฯ ทั้งนี้ เป็นดุลยพินิจศาลที่จะรับฟ้องไว้พิจารณาหากมีการติดตามทวงถามจาหหน่วยงานทางปกครองสม่ำเสมอ ไม่มีการทิ้งเรื่องไว้  ผู้ขอคำปรึกษาต้องจัดทำคำฟ้องตามมาตรา 45 แห่งพ.ร.บ.จัดตั้งศาลปกครองฯโดยกำหนดให้สภาการพยาบาลและคณะกรรมการสภาการพยาบาลเป็นผู้ถูกฟ้องคดี บรรยายข้อเท็จริงว่ามีการดำเนินการอย่างไรและผู้ถูกฟ้องละเลยการปฏิบัติหน้าที่อย่างไร และกำหนดคำขอท้ายคำฟ้องขอให้ปฏิบัติหน้าที่ตามข้อ 46 ของข้อบังคับสภาการพยาบาลซึ่งเป็นคำขอที่ศาลสามารถออกคำบังคับได้ตามมาตรา 72 วรรคหนึ่ง (2) แห่งพ.ร.บ.จัดตั้งศาลปกครองฯ
การจัดทำคำฟ้องหรือคำร้อง และขั้นตอนที่เกี่ยวข้อง,ฟ้องเกี่ยวกับการประเมิน ที่ผู้บังคับบัญชาประเมินให้ไม่ผ่าน และการจ้างของโรงพยาบาลปกติต้องมีประกาศหรือไม่,"ในส่วนของการประเมิน ที่ผู้บังคับบัญชาประเมินให้ไม่ผ่าน หากร้องทุกข์แล้วไม่ได้รับแจ้งก็ฟ้องคดีต่อศาลปกครอง ตามมาตรา 9 วรรคหนึ่ง (2) แห่งพรบ.จัดตั้งศาลปกครอง บัญญัติว่า ศาลปกครองมีอำนาจพิจารณาพิพากษาหรือมีคำสั่งในเรื่องดังต่อไปนี้ (2) คดีพิพาทเกี่ยวกับการที่หน่วยงานทางปกครองหรือเจ้าหน้าที่ของรัฐละเลยต่อหน้าที่ตามที่กฎหมายกำหนดให้ต้องปฏิบัติ หรือปฏิบัติหน้าที่ดังกล่าวล่าช้าเกินสมควร
"
เป็นคดีที่อยู่ในอำนาจของศาลปกครองหรือไม่,ผู้ขอคำปรึกษาเป็นตัวแทนของบริษัท ธนบุรี เสริมรัฐ จำกัด ซึ่งประกอบกิจการธุรกิจบริหารศูนย์การแพทย์เฉพาะทาง บริหารบุคลากรทางการแพทย์ และบริหารสถานพยาบาลในจังหวัดภูเก็ตเข้าทำสัญญากับโรงพยาบาลค่ายวชิราวุธในการดำเนินการหัตถการโรคหัวใจ และโรงพยาบาลไม่ดำเนินการจ่ายเงินค่าตอบแทนการให้บริการ  ขอคำปรึกษาว่าเป็นคดีที่อยู่ในอำนาจของศาลปกครองหรือไม่,นิยามตามพ.ร.บ.จัดตั้งศาลปกครอง“สัญญาทางปกครอง” หมายความรวมถึง สัญญาที่คู่สัญญาอย่างน้อยฝ่ายใดฝ่ายหนึ่งเป็นหน่วยงานทางปกครองหรือเป็นบุคคลซึ่งกระทำการแทนรัฐ และมีลักษณะเป็นสัญญาสัมปทาน สัญญาที่ให้จัดทำบริการสาธารณะ หรือจัดให้มีสิ่งสาธารณูปโภคหรือแสวงประโยชน์จากทรัพยากรธรรมชาติ  เมื่อข้อพิพาทในคดีนี้เป็นข้อพิพาทที่สืบเนื่องมาจากข้อพิพาทเกี่ยวกับสัญญาจ้างให้บริการทางการแพทย์ระหว่างบริษัทกับโรงพยาบาลค่าวชิรวุธ  เมื่อสัญญาจ้างให้บริการทางการแพทย์เป็นสัญญาที่มีคู่สัญญาอย่างน้อยฝ่ายหนึ่งเป็นหน่วยงานทางปกครองมีสาระสําคัญในการที่โรงพยาลสังกัดกรมการแพทย์ทหารบกว่าจ้าง สถานพยาบาลของผู้ขอคำปรึกษาทําการให้บริการทางการแพทย์เกี่ยวกับหัตถการโรคหัวใจ  ทั้งนี้ เพื่อให้การจัดทําบริการสาธารณะด้านสาธารณสุขของกรมทางแพทย์ทหารบกอันเป็นภารกิจหลักของ บรรลุผลสัญญาจ้างให้บริการทางการแพทย์จึงมีลักษณะที่โรงพยาบาลของกรมการแพทย์ทหารบกมอบหมายให้บริษัทของผู้ขอคำปรึกษาซึ่งเป็นสถานพยาบาลเอกชนเข้าร่วมจัดทําบริการสาธารณะจึงเป็นสัญญาทางปกครอง  ข้อพิพาทระหว่างผู้ขอคำปรึกษษกับบริษัทซึ่งเป็นข้อพิพาทที่สืบเนื่องมาจากสัญญาจ้างให้บริการทางการแพทย์ซึ่งเป็นสัญญาทางปกครองจึงเป็นคดีพิพาทเกี่ยวกับสัญญาทางปกครองซึ่งอยู่ในอํานาจพิจารณาพิพากษาของศาลปกครอง  (คำวินิจฉัยชี้ขาดอำนาจหน้าที่ระหว่างศาลที่ 081/2557)
"ความรู้ทั่วไปเกี่ยวกับศาลปกครอง/คดีปกครอง, การจัดทำคำฟ้องหรือคำร้อง และขั้นตอนที่เกี่ยวข้อง",ผู้ฟ้องคดีอยากทราบว่าจะเพิกถอนมติของคณะกรรมการกิจการกระจายเสียง กิจการโทรทัศน์ และกิจการโทรคมนาคมแห่งชาติ (กสทช.) จะต้องดำเนินการอย่างไรบ้าง,แนะนำว่า กรณีดังกล่าวเป็นคดีพิพาทเกี่ยวกับการที่หน่วยงานทางปกครองหรือเจ้าหน้าที่ของรัฐออกคำสั่งโดยไม่ชอบด้วยกฎหมายตามมาตรา 9 วรรคหนึ่ง (1) แห่งพระราชบัญญัติจัดตั้งศาลปกครองและวิธีพิจารณาคดีปกครอง พ.ศ. 2542 ผู้ขอฯ เป็นผู้ได้รับความเดือดร้อนหรือเสียหาย หรืออาจจะเดือดร้อนหรือเสียหายโดยมิอาจหลีกเลี่ยงได้จากคำสั่ง ตามมาตรา 42 แห่งพระราชบัญญัติดังกล่าว ในส่วนคำขอท้ายคำฟ้อง ต้องมีคำขอให้ศาลเพิกถอนมติ ตามมาตรา 72 วรรคหนึ่ง (1) แห่งพระราชบัญญัติเดียวกัน ในส่วนระยะเวลาการฟ้องคดีต้องยื่นฟ้องคดีภายในเก้าสิบวันนับแต่วันที่ได้รับมติ ตามมาตรา 49 แห่งพระราชบัญญัติข้างต้น 
เป็นคดีที่อยู่ในอำนาจของศาลปกครองหรือไม่,ผู้ขอคำปรึกษาได้รับความเดือดร้อนเสียหายจากการที่พี่เขยซึ่งเป็นผู้จัดการมรดกของแม่สามีดำเนินการยื่นเอกสารหลักฐานอันเป็นเท็จไปยื่นจดทะเเบียนกับเจ้าพนักงานที่ดินเพื่อเบียดบังเอาทรัพย์มรดกโอนไปให้บุคคลอื่น  ขอคำปรึกษาว่าจะฟ้องคดีต่อศาลปกครองหรือไม่,มาตรา 42 วรรคหนึ่งแห่งพ.ร.บ.จัดตั้งศาลปกครองฯบัญญัติว่า ผู้ใดได้รับความเดือดร้อนหรือเสียหาย หรืออาจจะเดือดร้อนหรือเสียหายโดยมิอาจหลีกเลี่ยงได้อันเนื่องจากการกระทำหรือการงดเว้นการกระทำของหน่วยงานทางปกครองหรือเจ้าหน้าที่ของรัฐหรือมีข้อโต้แย้งเกี่ยวกับสัญญาทางปกครอง หรือกรณีอื่นใดที่อยู่ในเขตอำนาจศาลปกครองตามมาตรา 9 และการแก้ไขหรือบรรเทาความเดือดร้อนหรือความเสียหายหรือยุติข้อโต้แย้งนั้น ต้องมีคำบังคับตามที่กำหนดในมาตรา 72 ผู้นั้นมีสิทธิฟ้องคดีต่อศาลปกครองแม้ข้อพิพาทในเรื่องนี้จะมีเจ้าพนักงานที่ดินซึ่งมีอำนาจหน้าที่ในการจดทะเบียนโอนกรรมสิทธิ์ในที่ดินไปให้บุคคลอื่นโดยไม่ชอบด้วยกฎหมายก็ตาม แต่ประเด็นพิพาทเกี่ยวกับความชอบด้วยกฎหมายในเรื่องเกี่ยวกับกรรมสิทธ์ในทรัพย์มรดก การปฏิบัติหน้าที่ของผู้จัดการมรดกซึ่งเป็นอำนาจการพิจารณาของศาลยุติธรรม จึงจะพิจารณาได้ว่าการจดทะเบียนโอนกับเจ้าพนักงานที่ดินเป็นการดำเนินการโดยชอบดวยกฎหมายหรือไม่ ดังนั้น คดีนี้จึงต้องดำเนินการปรึกษาทนายความหรือสำนักงานอัยการสูงสุด ฝ่ายช่วยเหลือประชาชนทางด้านกฎหมาย
"ความรู้ทั่วไปเกี่ยวกับศาลปกครอง/คดีปกครอง, เป็นคดีที่อยู่ในอำนาจของศาลปกครองหรือไม่, การจัดทำคำฟ้องหรือคำร้อง และขั้นตอนที่เกี่ยวข้อง",ผู้ฟ้องคดีได้รับความเดือดร้อนเสียหายจากการที่ข้างบ้านเลี้ยงสุนัขและส่งเสียงดัง ผู้ฟ้องคดีได้มีหนังสือร้องเรียนสำนักงานเขตวังทองหลางไปแล้วแต่เจ้าหน้าที่เพียงเข้ามาตักเตือน จึงอยากทราบว่าผู้ฟ้องคดีจะต้องดำเนินการอย่างไร,แนะนำว่า กรณีเป็นคดีพิพาทเกี่ยวกับการที่หน่วยงานทางปกครองหรือเจ้าหน้าที่ของรัฐละเลยต่อหน้าที่ตามที่กฎหมายกำหนดให้ต้องปฏิบัติ หรือปฏิบัติหน้าที่ดังกล่าวล่าช้าเกินสมควร ตามมาตรา 9 วรรคหนึ่ง (2) แห่งพระราชบัญญัติจัดตั้งศาลปกครองและวิธีพิจารณาคดีปกครอง พ.ศ. 2542 หากพ้นกำหนดเก้าสิบวันนับแต่วันที่มีหนังสือร้องเรียนต่อสำนักงานเขตวังทองหลางและไม่ได้รับหนังสือชี้แจง หรือได้รับคำชี้แจงแต่ผู้ขอคำปรึกษาเห็นว่าไม่มีเหตุผล รวมทั้ง สำนักงานเขตวังทองหลางมิได้ดำเนินการแก้ไขความเดือดร้อนที่เกิดจากสุนัขข้างบ้าน ผู้ขอคำปรึกษามีสิทธิฟ้องคดีต่อศาลปกครองได้ ตามมาตรา 49 แห่งพระราชบัญญัติดังกล่าว โดยขอให้หัวหน้าหน่วยงานทางปกครอง คือ ผู้อำนวยการเขตวังทองหลาง หรือเจ้าหน้าที่ของรัฐที่เกี่ยวข้องปฏิบัติตามหน้าที่ภายในเวลาที่ศาลปกครองกำหนด ตามมาตรา 72 วรรคหนึ่ง (2) แห่งพระราชบัญญัติเดียวกัน     
เป็นคดีที่อยู่ในอำนาจของศาลปกครองหรือไม่,กองขยะใกล้ตลาดแถวหมู่บ้านส่งกลิ่นเหม็นมาใกล้หมู่บ้าน เดือดร้อนมาก รวมถึงท่อน้ำสาธารณะก็เหม็นมาก ร้องเรียนสำนักงานเขตแล้วก็ยังแก้ไขปัญหาไม่ได้ ทำอย่างไร,"พระราชบัญญัติจัดตั้งศาลปกครองและวิธีพิจารณาคดีปกครอง พ.ศ. 2542 ศาลปกครองมีอำนาจพิจารณาพิพากษาหรือมีคำสั่งในเรื่องดังต่อไปนี้มาตรา 9 วรรคหนึ่ง (2) คดีพิพาทเกี่ยวกับการที่หน่วยงานทางปกครองหรือเจ้าหน้าที่ของรัฐละเลยต่อหน้าที่ตามที่กฎหมายกำหนดให้ต้องปฏิบัติ หรือปฏิบัติหน้าที่ดังกล่าวล่าช้าเกินสมควร 
กรณีปัญหาความเดือดร้อนดังกล่าว สำนักงานเขตจะต้องให้ความช่วยเหลือแก่ประชาชนแต่ไม่ดำเนินการแก้ไขความเดือดร้อน เป็นคดีพิพาทเกี่ยวกับการที่ สำนักงานเขตละเลยต่อหน้าที่ตามที่กฎหมายกำหนดให้ต้องปฏิบัติ ตามมาตรา 9 วรรคหนึ่ง (2) ท่านจะต้องไปร้องเรียนสำนักงานเขตหรือ กทม. เกี่ยวกับความเดือดร้อน กรณีไม่ดำเนินการจัดการกลิ่นขยะบริเวณใกล้หมู่บ้านของท่าน หากสำนักงานเขตหรือ กทม. ไม่แก้ไขและไม่ได้รับคำชี้แจงกรณีดังกล่าวต่อแต่อย่างใด ท่านจึงเป็นผู้ที่ได้รับความเดือดร้อนเสียหายจากการละเว้นการกระทำดังกล่าว ตามมาตรา 42 วรรคหนึ่ง และกรณีนี้ไม่มีกฎหมายกำหนดให้ต้องอุทธรณ์ก่อนฟ้องคดี ท่านจึงไม่ต้องดำเนินการอุทธรณ์ตามขั้นตอนภายในฝ่ายปกครอง ตามมาตรา 42 วรรคสองท่านสามารถยื่นฟ้องคดีต่อศาลปกครองได้ภายใน 90 วัน นับแต่วันที่พ้นกำหนด 90 วันนับแต่วันที่ได้มีหนังสือร้องขอต่อ สำนักงานเขตหรือ กทม. เพื่อให้ปฏิบัติหน้าที่ตามที่กฎหมายกำหนดและไม่ได้รับหนังสือชี้แจงจากหน่วยงานทางปกครองหรือเจ้าหน้าที่ของรัฐ หรือได้รับแต่เป็นคำชี้แจงที่เห็นว่าไม่มีเหตุผล แล้วแต่กรณีตาม ม.49 แห่งพระราชบัญญัติดังกล่าว"
การจัดทำคำฟ้องหรือคำร้อง และขั้นตอนที่เกี่ยวข้อง,ศาลมีคำสั่งให้ผู้ฟ้องคดี ทำคำคัดค้านคำให้การยื่นต่อศาลภายใน 30 วันนับแต่ได้รับหมายศาล  จึงปรึกษาว่าจะต้องทำอย่างไร,"ระเบียบของที่ประชุมใหญ่ตุลาการในศาลปกครองสูงสุดว่าด้วยวิธีพิจารณาคดีปกครอง พ.ศ. 2543 ข้อ	47	เมื่อผู้ถูกฟ้องคดียื่นคำให้การแล้ว ให้ศาลส่งสำเนาคำให้การพร้อมทั้งสำเนาพยานหลักฐานไปยังผู้ฟ้องคดีเพื่อให้ผู้ฟ้องคดีคัดค้านหรือยอมรับคำให้การหรือพยานหลักฐานที่ผู้ถูกฟ้องคดี
ยื่นต่อศาล ในการนี้ ตุลาการเจ้าของสำนวนจะกำหนดประเด็นที่ผู้ฟ้องคดีต้องชี้แจง หรือให้จัดส่งพยานหลักฐานใด ๆ ก็ได้  	ถ้าผู้ฟ้องคดีประสงค์จะคัดค้านคำให้การ ให้ทำคำคัดค้านคำให้การยื่นต่อศาลพร้อมสำเนาหนึ่งชุดหรือตามจำนวนที่ศาลกำหนด ทั้งนี้ ภายในสามสิบวันนับแต่วันที่ได้รับสำเนาคำให้การ หรือภายในระยะเวลาที่ศาลกำหนด	ถ้าผู้ฟ้องคดีไม่ประสงค์จะทำคำคัดค้านคำให้การ แต่ประสงค์จะให้ศาลพิจารณาพิพากษาคดีต่อไปให้ผู้ฟ้องคดีแจ้งเป็นหนังสือให้ศาลทราบภายในกำหนดระยะเวลาตามวรรคสอง  	ถ้าผู้ฟ้องคดีไม่ดำเนินการตามวรรคสองหรือวรรคสาม ศาลจะสั่งจำหน่ายคดีออกจากสารบบความก็ได้   
  แนะนำว่า ให้ท่านทำเป็นคำคัดค้านคำให้การ ตามแบบ ค.4 โดยบรรยายข้อเท็จจริงคัดค้านข้อเท็จจริงในคำให้การพร้อมทั้งแสดงพยานหลักฐานที่เกี่ยวข้อง 1 ชุด พร้อมทำสำเนาอีก  1 ชุด รวม 2 ชุดหรือตามจำนวนที่ศาลกำหนด ยื่นต่อศาลภายใน 30 วันนับแต่วันที่ได้รับหมายดังกล่าว
"
การจัดทำคำฟ้องหรือคำร้อง และขั้นตอนที่เกี่ยวข้อง,ศาลสั่งให้ผู้ถูกฟ้องคดีแก้ไขเพิ่มเติมเอกสารและรับรองสำเนาเอกสารให้ครบถ้วน เนื่องจากเอกสารไม่เรียบร้อย ไม่รับรองให้ครบถ้วน จะต้องดำเนินการอย่างไร,แนะนำให้ท่านตรวจสอบสำเนาเอกสารดังกล่าวและแก้ไขข้อผิดพลาดให้เรียบร้อย และนำส่งสำเนาเอกสารพร้อมรับรองสำเนาให้ครบถ้วนตามคำสั่งศาล ซึ่งท่านอาจจะยื่นคำร้องขอตรวจสอบสำนวนคดีของศาลเสียก่อนดำเนินการได้
การจัดทำคำฟ้องหรือคำร้อง และขั้นตอนที่เกี่ยวข้อง,อบต.หนองแม่ไก่ ประสงค์จะมอบอำนาจให้พนักงานอัยการดำเนินคดีในศาลปกครองแทน และฟ้องคดีปกครองแทนด้วย ทำอย่างไร,"พระราชบัญญัติจัดตั้งศาลปกครองและวิธีพิจารณาคดีปกครอง พ.ศ. 2542 
มาตรา	45  คำฟ้องให้ใช้ถ้อยคำสุภาพและต้องมี 	(1)	ชื่อและที่อยู่ของผู้ฟ้องคดี 	(2)	ชื่อหน่วยงานทางปกครองหรือเจ้าหน้าที่ของรัฐที่เกี่ยวข้องอันเป็นเหตุแห่งการฟ้องคดี 	(3)	การกระทำทั้งหลายที่เป็นเหตุแห่งการฟ้องคดี พร้อมทั้งข้อเท็จจริงหรือพฤติการณ์ตามสมควรเกี่ยวกับการกระทำดังกล่าว 	(4)	คำขอของผู้ฟ้องคดี 	(5)	ลายมือชื่อของผู้ฟ้องคดี ถ้าเป็นการยื่นฟ้องคดีแทนผู้อื่นจะต้องแนบใบมอบฉันทะให้ฟ้องคดีมาด้วย
		คำฟ้องใดมีรายการไม่ครบตามวรรคหนึ่ง หรือไม่ชัดเจน หรือไม่อาจเข้าใจได้ ให้สำนักงานศาลปกครองให้คำแนะนำแก่ผู้ฟ้องคดีเพื่อดำเนินการแก้ไขเพิ่มเติมคำฟ้องนั้นให้ถูกต้อง ในการนี้ให้ถือวันที่ ยื่นฟ้องครั้งแรกเป็นหลักในการนับอายุความ 		ในกรณีที่มีผู้ประสงค์จะฟ้องคดีปกครองหลายคนในเหตุเดียวกัน บุคคลเหล่านั้นอาจยื่นคำฟ้องร่วมกันเป็นฉบับเดียว โดยจะมอบหมายให้ผู้ฟ้องคดีคนใดเป็นผู้แทนของผู้ฟ้องคดีทุกคนในการดำเนินคดีต่อไปก็ได้ ในกรณีเช่นว่านี้ให้ถือว่าการกระทำของผู้แทนผู้ฟ้องคดีในกระบวนพิจารณาผูกพันผู้ฟ้องคดีทุกคน
            การฟ้องคดีไม่ต้องเสียค่าธรรมเนียมศาล เว้นแต่การฟ้องคดีขอให้สั่งให้ใช้เงินหรือส่งมอบทรัพย์สินอันสืบเนื่องจากคดีตามมาตรา 9 วรรคหนึ่ง (3) หรือ (4) ให้เสียค่าธรรมเนียมศาลตามทุนทรัพย์ในอัตราตามที่ระบุไว้ในตาราง 1 ท้ายประมวลกฎหมายวิธีพิจารณาความแพ่ง สำหรับคดีที่มีคำขอให้
ปลดเปลื้องทุกข์อันอาจคำนวณเป็นราคาเงินได้ 		ในการดำเนินกระบวนพิจารณา คู่กรณีจะดำเนินการทั้งปวงด้วยตนเองหรือจะมอบอำนาจให้ทนาย[ชื่อสมมติ]ท่านจะต้องติดต่อขอความช่วยเหลือจากพนักงานอัยการ และทำเป็นหนังสือมอบอำนาจยื่นต่อศาล โดยระบุให้ชัดเจนว่าให้ผู้รับมอบอำนาจมีอำนาจฟ้องคดีหรือดำเนินคดีแทนในเรื่องใด"
เป็นคดีที่อยู่ในอำนาจของศาลปกครองหรือไม่,ผู้ขอคำปรึกษาประสงค์จะฟ้องคดีขอให้ศาลเพิกถอนคำสั่งกรมส่งเสริมสหกรณ์ให้ระงับการดำเนินกิจการของสหกรณ์เครดิตยูเนี่ยนสามวาตะวันออกจำกัด ทำให้ตนเดือดร้อนไม่สามารถฝากถอนเงิน โอนทรัพย์สินในสหกรณ์ได้ ตนไม่เห็นด้วยกับคำสั่งดังกล่าว ประสงค์ฟ้องคดีต่อศาลปกครองได้หรือไม่,"พระราชบัญญัติจัดตั้งศาลปกครองและวิธีพิจารณาคดีปกครอง พ.ศ. 2542 ศาลปกครองมีอำนาจพิจารณาพิพากษาหรือมีคำสั่งในเรื่องดังต่อไปนี้
(1)	คดีพิพาทเกี่ยวกับการที่หน่วยงานทางปกครองหรือเจ้าหน้าที่ของรัฐกระทำการ โดยไม่ชอบด้วยกฎหมายไม่ว่าจะเป็นการออกกฎ คำสั่งหรือการกระทำอื่นใดเนื่องจากกระทำโดยไม่มีอำนาจหรือนอกเหนืออำนาจหน้าที่หรือไม่ถูกต้องตามกฎหมาย หรือโดยไม่ถูกต้องตามรูปแบบขั้นตอน หรือวิธีการ
อันเป็นสาระสำคัญที่กำหนดไว้สำหรับการกระทำนั้น หรือโดยไม่สุจริต หรือมีลักษณะเป็นการเลือกปฏิบัติที่ไม่เป็นธรรม หรือมีลักษณะเป็นการสร้างขั้นตอนโดยไม่จำเป็นหรือสร้างภาระให้เกิดกับประชาชนเกินสมควร หรือเป็นการใช้ดุลพินิจโดยมิชอบ 
แนะนำว่า คำสั่งกรมส่งเสริมสหกรณ์ให้ระงับการดำเนินกิจการของสหกรณ์เครดิตยูเนี่ยนสามวาตะวันออกจำกัด ทำให้ตนเดือดร้อนไม่สามารถฝากถอนเงิน โอนทรัพย์สินในสหกรณ์ได้  เป็นคำสั่งทางปกครอง เมื่อกระทบสิทธิท่านย่อมมีสิทธิฟ้องคดีต่อศาล ผู้ปรึกษาเห็นว่าคำสั่งทางปกครองนั้นไม่ชอบด้วยกฎหมาย ประสงค์ฟ้องคดีต่อศาลปกครองขอเพิกถอนคำสั่งดังกล่าว กรณีจึงเป็นคดีพิพาทเกี่ยวกับการที่หน่วยงานทางปกครองหรือเจ้าหน้าที่ของรัฐออกคำสั่งโดยไม่ชอบด้วยกฎหมาย ตาม ม.9 วรรคหนึ่ง (1) แห่ง พ.ร.บ.จัดตั้งศาลปกครองฯ คดีอยู่ในอำนาจศาลปกครอง ท่านเป็นผู้ได้รับความเดือดร้อนหรือเสียหายจากคำสั่งของคู่กรณี ตาม ม.42 วรรคหนึ่ง แห่ง พ.ร.บ.ดังกล่าว  สามารถฟ้องคดีต่อศาลปกครองได้ภายใน 90 วัน นับแต่วันที่รู้เหตุดังกล่าว ตาม ม.49 แห่ง พ.ร.บ.ข้างต้น"
เป็นคดีที่อยู่ในอำนาจของศาลปกครองหรือไม่,   มหาลัยออกประกาศขึ้นค่าหน่วยกิจ จะฟ้องศาลปกครองได้หรือไม่,   แนะนำว่ามหาวิทยาลัยประกาศเพิ่มค่าเล่าเรียน เป็นคำสั่งทางปกครอง นักศึกษาฟ้องต่อศาลปกครองขอให้เพิกถอนได้ เป็นคดีพิพาทตามมาตรา 9 วรรหค1 (1) แห่ง พ.ร.บ. จัดตั้งศาลปกครองฯ และต้องฟ้องภายใน 90 วันนับแต่วันที่รู้หรือควรหรู้
เป็นคดีที่อยู่ในอำนาจของศาลปกครองหรือไม่,     มีบ้านอยู่ที่อำเภอบึงสามพัน จังหวัดเพชรบูรณ์ เห็นว่าถนนหน้าาบ้านเป็นถนนสาธารณะมีคนบุรุกสร้างสิ่งปลูกสร้างทำให้ถนนแคบลง ได้ร้องเรียน อ.บ.ต. แล้วแต่เพิกเฉย จะฟ้องศาลปกครองได้หรือไม่,     การที่ร้องเรียนให้ อ.บ.ต. จัดการให้บุคนที่ก่อสร้างสิ่งปลูกสร้างทางสาธารณะแล้ว แต่ อ.บ.ต. เพิกเฉย เห็นว่า อบต. มีหน้าที่ดูแลทางสาธารณะ  จึงแนะนำให้ฟ้องต่อศาลปกครองขอให้ จัดการให้บุคลที่รุกล้ำทางสาธารณะออกไป เป็นคดีพิพาทเกี่ยวกับการที่เจ้าหน้าที่ละเลยต่อหน้าที่ตามที่กฎหมายกำหนดให้ต้องปฏิบัติ ตามมาตรา 9 วรรคหนึ่ง (2) แห่ง พ.ร.บ. จัดตั้งศาลปกครองฯ 
เป็นคดีที่อยู่ในอำนาจของศาลปกครองหรือไม่,   ในหมู่บ้านจะมีการเลือกผู้ใหญ่บ้าน มีบุคคลภายนอกย้ายเข้ามาในทะเบียนบ้านของชาวบ้านในหมู่บ้านเห็นจำนวนมาก เห็นว่าน่าจะย้ายมาเพื่อเลือกผู้ใหญ่บ้าน จึงปรึกษา ว่าจะฟ้องศาลได้อย่างไรบ้าง,   แนะนำว่า การที่ผู้ปรึกษาคดีเห็นว่าเจ้าหน้าที่อำเภอไม่ตรวจสอบรับย้ายบุคคลภายนอกเข้ามาในหมู่บ้านเพื่อเลือกผู้ใหญ่บ้าน เป็นการกระทำโดยไม่ชอบด้วยกฎหมาย ให้ท่านฟ้องอำเภอให้เพิกถอนการย้ายเข้ามาโดยไม่ชอบ เป็นคดีพิพาทตามมาตรา 9 วรรคหนึ่ง (1) แห่ง พ.ร.บ. จัดตั้งศาลปกครอง ต้องฟ้องภายใน 90 วันนับแต่วันที่รู้ถึงการกระทำไม่ชอบ
"ความรู้ทั่วไปเกี่ยวกับศาลปกครอง/คดีปกครอง, เป็นคดีที่อยู่ในอำนาจของศาลปกครองหรือไม่",  ผู้ขอรับคำปรึกษาเป็นข้าราชครูบำนาญ ได้รับความเดือดร้อนจากการที่หน่วยงานต้นสังกัด และสหกรณ์ครูหักเงินชำระหนี้เหลือให้ใช้จ่ายแค่เดือนละ 500 บาท ทำให้ไม่พอดำรงค์ชีพ จึงเห็นว่าการหักต้องเหลือไว้ 30% ของเงินบำนาญ จึงมาปรึกษาเพื่อฟ้องศาล,  แนะนำว่า หากเห็นว่าการหักเงินเดือนชำระหนี้ไม่ชอบ เป็นคดีพิพาทเกี่ยวกับการที่หน่วยงานทางปกครองกระทำการโดยไม่ชอบด้วยกฎหมาย เป็นคดีพิพาทตามมาตรา 9 วรรคหนึ่ง (1) แห่ง พ.ร.บ. จัดตั้งศาลปกครองฯ ฟ้องขอให้หักให้เหลือใช้ 30 ของเงินบำนาญ
"ความรู้ทั่วไปเกี่ยวกับศาลปกครอง/คดีปกครอง, การจัดทำคำฟ้องหรือคำร้อง และขั้นตอนที่เกี่ยวข้อง",กรณีที่ฟ้องคำสั่งทางปกครองไม่ชอบด้วยกฎหมายและจะขอเรียกค่าเสียหายต้องฟ้องรวมกันมา หรือไม่ ,"แนะนำว่า ผู้ฟ้องคดียื่นฟ้องขอให้เพิกถอนคำสั่งทางปกครองแล้ว และจะเรียกค่าเสียหายจากการกระทำละเมิดอันเกิดจากคำสั่งทางปกครองก็ให้ควรยื่นฟ้องรวมกันมาเนื่องจากมีความเกี่ยวข้องกัน ตามมาตรา 9 วรรคหนึ่ง (1), (3) ประกอบมาตรา 72 วรรคหนึ่ง (1), (3) แห่งพระราชบัญญัติจัดตั้งศาลปกครองและวิธีพิจารณาคดีปกครอง พ.ศ. 2542 "
เป็นคดีที่อยู่ในอำนาจของศาลปกครองหรือไม่,   เป็นข้าราชการได้ยื่นหนังสือลาออกแต่ไม่ได้รับการอนุมัติเนื่องจากอ้างว่าติดเรื่องค้ำประกันสัญญาทุน,  แนะนำว่า คำสั่งปฏิเศษไม่อนุมัติให้ลาออกจากราชการเป็นคำสั่งทางปกครอง  ท่านต้องอุทธรณ์คำสั่งก่อนฟ้องคดี เมื่อทราบผลการพิจารณาอุทธรณ์แล้ว หรือภายในเวลา 60 วันไม่มีการขยายเวลาและ ไม่มีการแจ้งผล ให้ท่านยื่นฟ้องขอเพิกถอนคำสั่งไม่อนุมัติให้ลาออก ต่อศาลปกครอง เป็นคดีพิพาทตามมาตรา 9 วรรคหนึ่ง  (1) แห่ง พ.ร.บ. จัดตั้งศาลปกครองฯ ภายใน 90 วัน นับแต่วันที่ได้รับแจ้งหรือเมื่อพ้นกำหนดระยะเวลาการพิจารณาอุทธรณ์แต่ไม่มีการแจ้งผล
เป็นคดีที่อยู่ในอำนาจของศาลปกครองหรือไม่,สอบถามว่าตนเป็นผู้ใช้บริการสายการบินบางกอกแอร์เวย์ แต่ประสงค์ฟ้องศาลขอให้ตรวจสอบการทำหน้าที่ของสำนักงานการบินพลเรือนจากเรื่องร้องเรียนเกี่ยวกับการให้บริการของสายการบินบางกอกแอร์เวย์ กรณีการจองตั๋วโดยสาร เรื่องดังกล่าวฟ้องศาลปกครองได้หรือไม่,"พระราชบัญญัติจัดตั้งศาลปกครองและวิธีพิจารณาคดีปกครอง พ.ศ. 2542 ศาลปกครองมีอำนาจพิจารณาพิพากษาหรือมีคำสั่งในเรื่องดังต่อไปนี้มาตรา 9 วรรคหนึ่ง (2) คดีพิพาทเกี่ยวกับการที่หน่วยงานทางปกครองหรือเจ้าหน้าที่ของรัฐละเลยต่อหน้าที่ตามที่กฎหมายกำหนดให้ต้องปฏิบัติ หรือปฏิบัติหน้าที่ดังกล่าวล่าช้าเกินสมควร 
กรณีปัญหาความเดือดร้อนดังกล่าว ท่านเห็นว่าเกิดจากการที่สำนักงานการบินพลเรือนไม่ดำเนินการให้ความช่วยเหลือแก่ผู้โดยสารตามที่กฎหมายกำหนด อันเป็นการละเลยต่อหน้าที่ตามที่กฎหมายกำหนดให้ต้องปฏิบัติ ตามมาตรา 9 วรรคหนึ่ง (2) และท่านได้ไปร้องเรียนสำนักงานการบินพลเรือน เกี่ยวกับความเดือดร้อน การให้บริการของสายการบินบางกอกแอร์เวย์ กรณีการจองตั๋วโดยสาร แต่ไม่ได้รับแก้ไขและไม่ได้รับคำชี้แจงกรณีดังกล่าวต่อแต่อย่างใด ท่านจึงเป็นผู้ที่ได้รับความเดือดร้อนเสียหายจากการละเว้นการกระทำดังกล่าว ตามมาตรา 42 วรรคหนึ่ง และกรณีนี้ไม่มีกฎหมายกำหนดให้ต้องอุทธรณ์ก่อนฟ้องคดี ท่านจึงไม่ต้องดำเนินการอุทธรณ์ตามขั้นตอนภายในฝ่ายปกครอง ตามมาตรา 42 วรรคสอง ท่านสามารถยื่นฟ้องคดีต่อศาลปกครองได้ภายใน 90 วัน นับแต่วันที่พ้นกำหนด 90 วันนับแต่วันที่ได้มีหนังสือร้องขอต่อสำนักงานการบินพลเรือน เพื่อให้ปฏิบัติหน้าที่ตามที่กฎหมายกำหนดและไม่ได้รับหนังสือชี้แจงจากหน่วยงานทางปกครองหรือเจ้าหน้าที่ของรัฐ คดีดังกล่าวอยู่ในอำนาจพิจารณาพิพากษาของศาลปกครอง
"
เป็นคดีที่อยู่ในอำนาจของศาลปกครองหรือไม่,สอบถามว่ากรณีเอกสารสูญหาย ถูกทำลาย ทำให้ไม่มีหลักฐานเพื่อดำเนินคดี จะร้องเรียน ป.ป.ช. ได้หรือไม่ และถ้าหากตนถูกกลั่นแกล้งในที่ทำงานโดยผู้บังคับบัญชาและเพื่อนร่วมงาน พูดจาดูถูกไม่เหมาะสม จะฟ้องศาลได้หรือไม่,"พระราชบัญญัติจัดตั้งศาลปกครองและวิธีพิจารณาคดีปกครอง พ.ศ. 2542 ศาลปกครองมีอำนาจพิจารณาพิพากษาหรือมีคำสั่งในเรื่องดังต่อไปนี้
มาตรา	9  ศาลปกครองมีอำนาจพิจารณาพิพากษาหรือมีคำสั่งในเรื่องดังต่อไปนี้
(1)	คดีพิพาทเกี่ยวกับการที่หน่วยงานทางปกครองหรือเจ้าหน้าที่ของรัฐกระทำการ
โดยไม่ชอบด้วยกฎหมายไม่ว่าจะเป็นการออกกฎ คำสั่งหรือการกระทำอื่นใดเนื่องจากกระทำโดยไม่มีอำนาจหรือนอกเหนืออำนาจหน้าที่หรือไม่ถูกต้องตามกฎหมาย หรือโดยไม่ถูกต้องตามรูปแบบขั้นตอน หรือวิธีการอันเป็นสาระสำคัญที่กำหนดไว้สำหรับการกระทำนั้น หรือโดยไม่สุจริต หรือมีลักษณะเป็นการเลือกปฏิบัติที่ไม่เป็นธรรม หรือมีลักษณะเป็นการสร้างขั้นตอนโดยไม่จำเป็นหรือสร้างภาระให้เกิดกับประชาชนเกินสมควร หรือเป็นการใช้ดุลพินิจโดยมิชอบ  (2) คดีพิพาทเกี่ยวกับการที่หน่วยงานทางปกครองหรือเจ้าหน้าที่ของรัฐละเลยต่อหน้าที่ตามที่กฎหมายกำหนดให้ต้องปฏิบัติ หรือปฏิบัติหน้าที่ดังกล่าวล่าช้าเกินสมควร 	(3)	คดีพิพาทเกี่ยวกับการกระทำละเมิดหรือความรับผิดอย่างอื่นของหน่วยงานทางปกครองหรือเจ้าหน้าที่ของรัฐอันเกิดจากการใช้อำนาจตามกฎหมาย หรือจากกฎ คำสั่งทางปกครอง หรือคำสั่งอื่น หรือจากการละเลยต่อหน้าที่ตามที่กฎหมายกำหนดให้ต้องปฏิบัติหรือปฏิบัติหน้าที่ดังกล่าวล่าช้าเกินสมควร 	(4)	คดีพิพาทเกี่ยวกับสัญญาทางปกครอง 	(5)	คดีที่มีกฎหมายกำหนดให้หน่วยงานทางปกครองหรือเจ้าหน้าที่ของรัฐฟ้องคดีต่อศาลเพื่อบังคับให้บุคคลต้องกระทำหรือละเว้นกระทำอย่างหนึ่งอย่างใด 	(6)	คดีพิพาทเกี่ยวกับเรื่องที่มีกฎหมายกำหนดให้อยู่ในเขตอำนาจศาลปกครอง
	เรื่องดังต่อไปนี้ไม่อยู่ในอำนาจศาลปกครอง (1)	การดำเนินการเกี่ยวกับวินัยทหาร 	(2)	การดำเนินการของคณะกรรมการตุลาการตามกฎหมายว่าด้วยระเบียบข้าราชการ ฝ่ายตุลาการ 	(3)	คดีที่อยู่ในอำนาจของศาลเยาวชนและครอบครัว ศาลแรงงาน ศาลภาษีอากร ศาลทรัพย์สินทางปัญญาและการค้าระหว่างประเทศ ศาลล้มละลาย หรือศาลชำนัญพิเศษอื่น
แนะนำว่า กรณีเอกสารสูญหาย ถูกทำลาย ทำให้ไม่มีหลักฐานเพื่อดำเนินคดี จะร้องเรียน ปปปช. ได้หรือไม่ และถ้าหากถูกกลั่นแกล้งในที่ทำงานโดยผู้บังคับบัญชาและเพื่อนร่วมงาน พูดจาดูถูกไม่เหมาะสม จะฟ้องศาลได้หรือไม่นั้น การถูกกลั่นแกล้งในที่ทำงานโดยผู้บังคับบัญชาและเพื่อนร่วมงาน พูดจาดูถูกไม่เหมาะสม อาจเป็นการทำผิดทางอาญา กรณีดังกล่าวจึงเป็นคดีเกี่ยวกับการดำเนินกระบวนยุติธรรมทางอาญา คดีนี้จึงอยู่ในอำนาจพิจารณาพิพากษาของศาลยุติธรรม ไม่ใช่คดีปกครองตาม ม.9 แห่ง พรบ.จัดตั้งศาลปกครองฯ ที่ศาลปกครองจะรับไว้พิจารณาพิพากษาได้  และกรณีเอกสารสูญหาย ถูกทำลาย ทำให้ไม่มีหลักฐานเพื่อดำเนินคดี จะร้องเรียน ป.ป.ช. แนะนำว่าท่านอาจขอคำแนะนำจากสำนักงาน ปปช.ได้โดยตรง"
การจัดทำคำฟ้องหรือคำร้อง และขั้นตอนที่เกี่ยวข้อง,ผู้ปรึกษายื่นฟ้องคดีต่อศาลปกครองกลาง และประสงค์จะยื่นคำขอแก้ไขเพิ่มเติมคำฟ้องเนื่องจากเห็นว่าตนได้บรรยายข้อเท็จจริงไม่ครบถ้วน และจะขอเรียกร้องค่าเสียหาย สามารถทำได้หรือไม่,"ระเบียบของที่ประชุมใหญ่ตุลาการในศาลปกครองสูงสุดว่าด้วยวิธีพิจารณาคดีปกครอง พ.ศ. 2543
ข้อ	62	เมื่อองค์คณะได้รับสำนวนคดีจากตุลาการเจ้าของสำนวนแล้ว หากเห็นว่าไม่มีกรณีที่จะต้องแสวงหาข้อเท็จจริงเพิ่มเติม ให้ตุลาการหัวหน้าคณะมีคำสั่งกำหนดวันหนึ่งวันใดเป็นวันสิ้นสุดการแสวงหาข้อเท็จจริงในคดีนั้น	ให้ศาลแจ้งให้คู่กรณีทราบกำหนดวันสิ้นสุดการแสวงหาข้อเท็จจริงล่วงหน้าไม่น้อยกว่าสิบวัน	บรรดาคำฟ้องเพิ่มเติม คำให้การ คำคัดค้านคำให้การ คำให้การเพิ่มเติม รวมทั้งพยานหลักฐานอื่น ๆที่ยื่นต่อศาลหลังวันสิ้นสุดการแสวงหาข้อเท็จจริง ไม่ให้ศาลรับไว้เป็นส่วนหนึ่งของสำนวนคดี และไม่ต้องส่งสำเนาให้คู่กรณีที่เกี่ยวข้อง
แนะนำว่า การแก้ไขเพิ่มเติมคำฟ้องสามารถทำได้ รวมถึงขอเรียกร้องค่าเสียหาย และจะต้องยื่นก่อนวันสิ้นสุดการแสวงหาข้อเท็จจริง ตามระเบียบฯ ข้อ 62 วรรคสาม โดยคำฟ้องเพิ่มเติมจะต้องเกี่ยวข้องกับฟ้องเดิมพอที่จะรวมการพิจารณาและชี้ขาดตัดสินเข้าด้วยกันได้ด้วย และการเพิ่มเติมเรื่องค่าเสียหายทำให้คดีนี้มีทุนทรัพย์ ท่านจึงต้องชำระค่าธรรมเนียมศาลคิดตามจำนวนทุนทรัพย์ที่เรียกร้องด้วย
"
เป็นคดีที่อยู่ในอำนาจของศาลปกครองหรือไม่,   ได้รับการแจ้งจากหัวหน้างานว่าประเมินไม่ผ่าน 2 รอบจะเลิกเเจ้งสิ้นเดือนกันยายน นี้ จึงปรึกษาว่าจะฟ้องศาลปกครองได้หรือไม่,   แนะนำว่า นิติสัมพันธ์ระหว่างผู้ปรึกษากับหน่วยงานของรัฐ เป็นสัญญาทางปกครอง หากเห็นว่าการไม่ต่อสัญญาจ้างไม่ชอบ ท่านมีสิทธิที่จะฟ้องต่อศาลปกครอง เป็นคดีพิพาทเกี่ยวกับสัญญาทางปกครอง ตามมาตรา 9 วรรคหนึ่ง (4) แห่ง พ.ร.บ. จัดตั้งศาลปกครองฯ ภายใน 5 ปีนับแต่วันเลิกสัญญา
เป็นคดีที่อยู่ในอำนาจของศาลปกครองหรือไม่,   ผู้ปรึกษาคดีเป็นข้าราชการส่วนท้องถิ่นถูก ปปท. ชี้มูลว่าทุจริต หน่วยงานออกคำสั่งไล่ออก จะฟ้องศาลปกครองได้เลยหรือไม่,  แนะนำว่า กฎหมายยกเว้นเฉพาะข้าราชการอื่นที่ไม่ใช่ข้าราชพลเรือน โดยไม่ต้องอุทธรณ์ก่อนฟ้องคดี ท่านสามารถฟ้องคดีได้ภายใน 90 วันนับแต่วันได้รับคำสั่งไล่ออก ตามมาตรา 9 วรรคหนึ่ง (1) แห่งพ.ร.บ. จัดตั้งศาลปกครองฯ
เป็นคดีที่อยู่ในอำนาจของศาลปกครองหรือไม่,ผู้ปรึกษาประสงค์จะฟ้องคดีขอให้ศาลเพิกถอนโฉนดที่ดิน กรณีเจ้าพนักงานที่ดินได้ออกโฉนดที่ดินทับกับโฉนดที่ดินของตนและประชาชนนอื่นอีกหลายราย เรื่องนี้ฟ้องศาลปกครองได้หรือไม่,"พระราชบัญญัติจัดตั้งศาลปกครองและวิธีพิจารณาคดีปกครอง พ.ศ. 2542 ศาลปกครองมีอำนาจพิจารณาพิพากษาหรือมีคำสั่งในเรื่องดังต่อไปนี้
(1)	คดีพิพาทเกี่ยวกับการที่หน่วยงานทางปกครองหรือเจ้าหน้าที่ของรัฐกระทำการ โดยไม่ชอบด้วยกฎหมายไม่ว่าจะเป็นการออกกฎ คำสั่งหรือการกระทำอื่นใดเนื่องจากกระทำโดยไม่มีอำนาจหรือนอกเหนืออำนาจหน้าที่หรือไม่ถูกต้องตามกฎหมาย หรือโดยไม่ถูกต้องตามรูปแบบขั้นตอน หรือวิธีการ
อันเป็นสาระสำคัญที่กำหนดไว้สำหรับการกระทำนั้น หรือโดยไม่สุจริต หรือมีลักษณะเป็นการเลือกปฏิบัติ
ที่ไม่เป็นธรรม หรือมีลักษณะเป็นการสร้างขั้นตอนโดยไม่จำเป็นหรือสร้างภาระให้เกิดกับประชาชนเกินสมควร หรือเป็นการใช้ดุลพินิจโดยมิชอบ 
แนะนำว่ากรณีเจ้าพนักงานที่ดินได้ออกโฉนดที่ดินทับกับโฉนดที่ดินของท่าน เป็นการออกคำสั่งทางปกครอง  เมื่อกระทบสิทธิท่านย่อมมีสิทธิฟ้องคดีต่อศาล  กรณีเป็นคดีพิพาทเกี่ยวกับการที่หน่วยงานทางปกครองหรือเจ้าหน้าที่ของรัฐออกคำสั่งโดยไม่ชอบด้วยกฎหมาย ตาม ม.9 วรรคหนึ่ง (1) แห่ง พ.ร.บ.จัดตั้งศาลปกครองฯ คดีอยู่ในอำนาจศาลปกครอง ท่านเป็นผู้ที่ได้รับความเดือดร้อนหรือเสียหายจากคำสั่งดังกล่าว ตาม ม.42 วรรคหนึ่ง แห่ง พ.ร.บ.ดังกล่าว สามารถฟ้องคดีต่อศาลปกครองได้ภายใน 90 วัน นับแต่วันที่ได้รับรู้ถึงเหตุดังกล่าว ตาม ม.49 "
ความรู้ทั่วไปเกี่ยวกับศาลปกครอง/คดีปกครอง,    สอบถามว่าทำไมแบบคำฟ้องศาลปกครองไม่มีครุฑ ,แนะนำว่า เป็นแบบคำฟ้องจะไม่มีครุฑ แตกต่างจากหนังสือราชการ
ความรู้ทั่วไปเกี่ยวกับศาลปกครอง/คดีปกครอง,   การบังคับคดีเป็นไปตามอะไร,  แนะนำว่าการบังคับคดีเป็นไปตามคำพิพากษาของศาลซึ่งถึงที่สุดแล้ว
การจัดทำคำฟ้องหรือคำร้อง และขั้นตอนที่เกี่ยวข้อง,ตนประสงค์จะมอบอำนาจให้บุคคลอื่นดำเนินคดีในศาลปกครองแทน และฟ้องคดีปกครองแทนด้วย สามารถทำได้หรือไม่,"พระราชบัญญัติจัดตั้งศาลปกครองและวิธีพิจารณาคดีปกครอง พ.ศ. 2542 
มาตรา	45  คำฟ้องให้ใช้ถ้อยคำสุภาพและต้องมี 	(1)	ชื่อและที่อยู่ของผู้ฟ้องคดี 	(2)	ชื่อหน่วยงานทางปกครองหรือเจ้าหน้าที่ของรัฐที่เกี่ยวข้องอันเป็นเหตุแห่งการฟ้องคดี 	(3)	การกระทำทั้งหลายที่เป็นเหตุแห่งการฟ้องคดี พร้อมทั้งข้อเท็จจริงหรือพฤติการณ์ตามสมควรเกี่ยวกับการกระทำดังกล่าว 	(4)	คำขอของผู้ฟ้องคดี 	(5)	ลายมือชื่อของผู้ฟ้องคดี ถ้าเป็นการยื่นฟ้องคดีแทนผู้อื่นจะต้องแนบใบมอบฉันทะให้ฟ้องคดีมาด้วย
		คำฟ้องใดมีรายการไม่ครบตามวรรคหนึ่ง หรือไม่ชัดเจน หรือไม่อาจเข้าใจได้ ให้สำนักงานศาลปกครองให้คำแนะนำแก่ผู้ฟ้องคดีเพื่อดำเนินการแก้ไขเพิ่มเติมคำฟ้องนั้นให้ถูกต้อง ในการนี้ให้ถือวันที่ยื่นฟ้องครั้งแรกเป็นหลักในการนับอายุความ
		ในกรณีที่มีผู้ประสงค์จะฟ้องคดีปกครองหลายคนในเหตุเดียวกัน บุคคลเหล่านั้นอาจยื่นคำฟ้องร่วมกันเป็นฉบับเดียว โดยจะมอบหมายให้ผู้ฟ้องคดีคนใดเป็นผู้แทนของผู้ฟ้องคดีทุกคนในการดำเนินคดีต่อไปก็ได้ ในกรณีเช่นว่านี้ให้ถือว่าการกระทำของผู้แทนผู้ฟ้องคดีในกระบวนพิจารณาผูกพันผู้ฟ้องคดีทุกคน
            การฟ้องคดีไม่ต้องเสียค่าธรรมเนียมศาล เว้นแต่การฟ้องคดีขอให้สั่งให้ใช้เงินหรือส่งมอบทรัพย์สินอันสืบเนื่องจากคดีตามมาตรา 9 วรรคหนึ่ง (3) หรือ (4) ให้เสียค่าธรรมเนียมศาลตามทุนทรัพย์ในอัตราตามที่ระบุไว้ในตาราง 1 ท้ายประมวลกฎหมายวิธีพิจารณาความแพ่ง สำหรับคดีที่มีคำขอให้
ปลดเปลื้องทุกข์อันอาจคำนวณเป็นราคาเงินได้ 		ในการดำเนินกระบวนพิจารณา คู่กรณีจะดำเนินการทั้งปวงด้วยตนเองหรือจะมอบอำนาจให้ทนายความหรือบุคคลอื่น ซึ่งมีคุณสมบัติตามระเบียบของที่ประชุมใหญ่ตุลาการในศาลปกครองสูงสุดกำหนดเพื่อฟ้องคดีหรือดำเนินการแทนได้
แนะนำว่า ท่านสามารถที่จะมอบอำนาจให้ทนาย[ชื่อสมมติ]โดยท่านจะต้องทำเป็นหนังสือมอบอำนาจยื่นต่อศาล โดยระบุให้ชัดเจนว่าให้ผู้รับมอบอำนาจมีอำนาจฟ้องคดีหรือดำเนินคดีแทนในเรื่องใดบ้าง "
เป็นคดีที่อยู่ในอำนาจของศาลปกครองหรือไม่,ผู้ปรึกษาค้ำประกันเงินกู้ยืมธนาคารให้เพื่อนในหน่วยงานรัฐ ต่อมาธนาคารฟ้องบังคับให้ลูกหนี้และผู้ค้ำประกันชำระหนี้ ศาลตัดสินให้ชำระหนี้ต่อธนาคาร ต่อมาลูกหนี้เสียชีวิตและทายาทมีสิทธิได้รับเงินบำเหน็จตกทอดจากหน่วยงานรัฐ ตนซึ่งเป็นผู้ค้ำประกันจะฟ้องหน่วยงานรัฐให้จ่ายเงินบำเหน็จดังกล่าวใช้หนี้แก่ธนาคารโดยฟ้องศาลปกครองได้หรือไม่,"พระราชบัญญัติจัดตั้งศาลปกครองและวิธีพิจารณาคดีปกครอง พ.ศ. 2542 ศาลปกครองมีอำนาจพิจารณาพิพากษาหรือมีคำสั่งในเรื่องดังต่อไปนี้
มาตรา	9  ศาลปกครองมีอำนาจพิจารณาพิพากษาหรือมีคำสั่งในเรื่องดังต่อไปนี้
(1)	คดีพิพาทเกี่ยวกับการที่หน่วยงานทางปกครองหรือเจ้าหน้าที่ของรัฐกระทำการ
โดยไม่ชอบด้วยกฎหมายไม่ว่าจะเป็นการออกกฎ คำสั่งหรือการกระทำอื่นใดเนื่องจากกระทำโดยไม่มีอำนาจหรือนอกเหนืออำนาจหน้าที่หรือไม่ถูกต้องตามกฎหมาย หรือโดยไม่ถูกต้องตามรูปแบบขั้นตอน หรือวิธีการอันเป็นสาระสำคัญที่กำหนดไว้สำหรับการกระทำนั้น หรือโดยไม่สุจริต หรือมีลักษณะเป็นการเลือกปฏิบัติที่ไม่เป็นธรรม หรือมีลักษณะเป็นการสร้างขั้นตอนโดยไม่จำเป็นหรือสร้างภาระให้เกิดกับประชาชนเกินสมควร หรือเป็นการใช้ดุลพินิจโดยมิชอบ  (2) คดีพิพาทเกี่ยวกับการที่หน่วยงานทางปกครองหรือเจ้าหน้าที่ของรัฐละเลยต่อหน้าที่ตามที่กฎหมายกำหนดให้ต้องปฏิบัติ หรือปฏิบัติหน้าที่ดังกล่าวล่าช้าเกินสมควร 	(3)	คดีพิพาทเกี่ยวกับการกระทำละเมิดหรือความรับผิดอย่างอื่นของหน่วยงานทางปกครองหรือเจ้าหน้าที่ของรัฐอันเกิดจากการใช้อำนาจตามกฎหมาย หรือจากกฎ คำสั่งทางปกครอง หรือคำสั่งอื่น หรือจากการละเลยต่อหน้าที่ตามที่กฎหมายกำหนดให้ต้องปฏิบัติหรือปฏิบัติหน้าที่ดังกล่าวล่าช้าเกินสมควร 	(4)	คดีพิพาทเกี่ยวกับสัญญาทางปกครอง 	(5)	คดีที่มีกฎหมายกำหนดให้หน่วยงานทางปกครองหรือเจ้าหน้าที่ของรัฐฟ้องคดีต่อศาลเพื่อบังคับให้บุคคลต้องกระทำหรือละเว้นกระทำอย่างหนึ่งอย่างใด 	(6)	คดีพิพาทเกี่ยวกับเรื่องที่มีกฎหมายกำหนดให้อยู่ในเขตอำนาจศาลปกครอง
	เรื่องดังต่อไปนี้ไม่อยู่ในอำนาจศาลปกครอง (1)	การดำเนินการเกี่ยวกับวินัยทหาร 	(2)	การดำเนินการของคณะกรรมการตุลาการตามกฎหมายว่าด้วยระเบียบข้าราชการ ฝ่ายตุลาการ 	(3)	คดีที่อยู่ในอำนาจของศาลเยาวชนและครอบครัว ศาลแรงงาน ศาลภาษีอากร ศาลทรัพย์สินทางปัญญาและการค้าระหว่างประเทศ ศาลล้มละลาย หรือศาลชำนัญพิเศษอื่น
แนะนำว่า กรณีหน่วยงานของรัฐไม่ยอมจ่ายเงินบำเหน็จตกทอดเพื่อใช้หนี้ให้แก่เจ้าหนี้ของเจ้าหน้าที่ในหน่วยงานซึ่งเป็นลูกหนี้ธนาคาร และเสียชีวิตไปแล้วนั้น สิทธิในเงินดังกล่าวจะตกเป็นของทายาทของผู้เสียชีวิต การจ่ายเงินดังกล่าวมิใช่การใช้อำนาจทางปกครองแต่อย่างใดและมิใช่คดีพิพาทเกี่ยวกับการที่หน่วยงานทางปกครองหรือเจ้าหน้าที่ของรัฐกระทำการโดยไม่ชอบด้วยกฎหมาย แต่เป็นเรื่องสิทธิหน้าที่ระหว่างหน่วยงานรัฐผู้จ่ายเงินและทายาทผู้มีสิทธิรับเงินดังกล่าว กรณีนี้ไม่ใช่คดีปกครองตาม ม.9 แห่ง พรบ.จัดตั้งศาลปกครองฯ ที่ศาลปกครองจะรับไว้พิจารณาพิพากษาได้"
การจัดทำคำฟ้องหรือคำร้อง และขั้นตอนที่เกี่ยวข้อง,ถามว่าถ้ายื่นฟ้องต่อศาลแล้ว ต่อมาจะขอแก้ไขเพิ่มเติมฟ้อง ลดจำนวนค่าเสียหายจะสามารถทำได้หรือไม่,"ระเบียบของที่ประชุมใหญ่ตุลาการในศาลปกครองสูงสุดว่าด้วยวิธีพิจารณาคดีปกครอง พ.ศ. 2543
ข้อ	62	เมื่อองค์คณะได้รับสำนวนคดีจากตุลาการเจ้าของสำนวนแล้ว หากเห็นว่าไม่มีกรณีที่จะต้องแสวงหาข้อเท็จจริงเพิ่มเติม ให้ตุลาการหัวหน้าคณะมีคำสั่งกำหนดวันหนึ่งวันใดเป็นวันสิ้นสุดการแสวงหาข้อเท็จจริงในคดีนั้น	ให้ศาลแจ้งให้คู่กรณีทราบกำหนดวันสิ้นสุดการแสวงหาข้อเท็จจริงล่วงหน้าไม่น้อยกว่าสิบวัน	บรรดาคำฟ้องเพิ่มเติม คำให้การ คำคัดค้านคำให้การ คำให้การเพิ่มเติม รวมทั้งพยานหลักฐานอื่น ๆที่ยื่นต่อศาลหลังวันสิ้นสุดการแสวงหาข้อเท็จจริง ไม่ให้ศาลรับไว้เป็นส่วนหนึ่งของสำนวนคดี และไม่ต้องส่งสำเนาให้คู่กรณีที่เกี่ยวข้องแนะนำว่าการแก้ไขเพิ่มเติมคำฟ้องสามารถทำได้ ตามระเบียบฯ ข้อ 62 วรรคสาม โดยจะต้องยื่นก่อนวันสิ้นสุดการแสวงหาข้อเท็จจริง ท่านจะขอแก้ไขเพิ่มเติมฟ้อง โดยลดจำนวนค่าเสียหายสามารถทำได้ "
เป็นคดีที่อยู่ในอำนาจของศาลปกครองหรือไม่,ได้รับความเดือดร้อนจากผู้ช่วยผู้ใหญ่บ้าน กรณีเปิดดเครื่องเสียงเสียงดัง อบต.ลงตรวจพื้นที่แล้ว แต่ก็ไม่ดำเนินการใดๆ,มีหนังสือร้องเรียนทั้ง อบต. อำเภอ ร้องเรียนพฤติกรรม และแนบหลัฐานคลิปเสียงที่มีวันเวลา กำหนดระยะเวลาให้ปฏิบัติ 90 วัน หากไม่ดำเนินการภายในระยะเวลาที่กำหนดให้นำคดีมาฟ้องต่อศาลปกครองภายใน 90 วัน นับแต่วันที่ครบกำหนดให้ดำเนินการ ทั้งนี้ ตามพรบ.จัดตั้งศาลปกครองฯ 2542 มาตรา 9 วรรคหนึ่ง (2) บัญญัติว่า ศาลปกครองมีอำนาจพิจารณาพิพากษาหรือมีคำสั่งในเรื่องดังต่อไปนี้ (2)	 คดีพิพาทเกี่ยวกับการที่หน่วยงานทางปกครองหรือเจ้าหน้าที่ของรัฐละเลยต่อหน้าที่ตามที่กฎหมายกำหนดให้ต้องปฏิบัติ หรือปฏิบัติหน้าที่ดังกล่าวล่าช้าเกินสมควร และ มาตรา 49 บัญญัติว่า การฟ้องคดีปกครองจะต้องยื่นฟ้องภายในเก้าสิบวันนับแต่วันที่รู้หรือควรรู้ถึงเหตุแห่งการฟ้องคดี หรือนับแต่วันที่พ้นกำหนดเก้าสิบวันนับแต่วันที่ผู้ฟ้องคดีได้มีหนังสือร้องขอต่อหน่วยงานทางปกครองหรือเจ้าหน้าที่ของรัฐเพื่อให้ปฏิบัติหน้าที่ตามที่กฎหมายกำหนดและไม่ได้รับหนังสือชี้แจงจากหน่วยงานทางปกครอง หรือเจ้าหน้าที่ของรัฐหรือได้รับแต่เป็นคำชี้แจงที่ผู้ฟ้องคดีเห็นว่าไม่มีเหตุผล แล้วแต่กรณี เว้นแต่จะมีบทกฎหมายเฉพาะกำหนดไว้เป็นอย่างอื่น	
เป็นคดีที่อยู่ในอำนาจของศาลปกครองหรือไม่,สำนักงานเขต ใช้ถนนในหมู่บ้านเปิดเป็นถนนสาธารณะให้ประชาชนทั่วไปผ่านทางโดยสมาชิกในหมู่บ้านไม่ยินยอมให้เปิดถนนดังกล่าว นิติบุคคลหมู๋บ้านจึงจะฟ้องศาลให้สั่งปิดถนนเป็นถนนส่วนบุคคลเฉพาะใช้ภานในหมู่บ้านได้หรือไม่,"พระราชบัญญัติจัดตั้งศาลปกครองและวิธีพิจารณาคดีปกครอง พ.ศ. 2542 มาตรา	9  ศาลปกครองมีอำนาจพิจารณาพิพากษาหรือมีคำสั่งในเรื่องดังต่อไปนี้
(1)	คดีพิพาทเกี่ยวกับการที่หน่วยงานทางปกครองหรือเจ้าหน้าที่ของรัฐกระทำการ
โดยไม่ชอบด้วยกฎหมายไม่ว่าจะเป็นการออกกฎ คำสั่งหรือการกระทำอื่นใดเนื่องจากกระทำโดยไม่มีอำนาจหรือนอกเหนืออำนาจหน้าที่หรือไม่ถูกต้องตามกฎหมาย หรือโดยไม่ถูกต้องตามรูปแบบขั้นตอน หรือวิธีการอันเป็นสาระสำคัญที่กำหนดไว้สำหรับการกระทำนั้น หรือโดยไม่สุจริต หรือมีลักษณะเป็นการเลือกปฏิบัติที่ไม่เป็นธรรม หรือมีลักษณะเป็นการสร้างขั้นตอนโดยไม่จำเป็นหรือสร้างภาระให้เกิดกับประชาชนเกินสมควร หรือเป็นการใช้ดุลพินิจโดยมิชอบ 	(2)	คดีพิพาทเกี่ยวกับการที่หน่วยงานทางปกครองหรือเจ้าหน้าที่ของรัฐละเลยต่อหน้าที่ตามที่กฎหมายกำหนดให้ต้องปฏิบัติ หรือปฏิบัติหน้าที่ดังกล่าวล่าช้าเกินสมควร 	(3)	คดีพิพาทเกี่ยวกับการกระทำละเมิดหรือความรับผิดอย่างอื่นของหน่วยงานทางปกครองหรือเจ้าหน้าที่ของรัฐอันเกิดจากการใช้อำนาจตามกฎหมาย หรือจากกฎ คำสั่งทางปกครอง หรือคำสั่งอื่น หรือจากการละเลยต่อหน้าที่ตามที่กฎหมายกำหนดให้ต้องปฏิบัติหรือปฏิบัติหน้าที่ดังกล่าวล่าช้าเกินสมควร 	(4)	คดีพิพาทเกี่ยวกับสัญญาทางปกครอง 	(5)	คดีที่มีกฎหมายกำหนดให้หน่วยงานทางปกครองหรือเจ้าหน้าที่ของรัฐฟ้องคดีต่อศาลเพื่อบังคับให้บุคคลต้องกระทำหรือละเว้นกระทำอย่างหนึ่งอย่างใด 	(6)	คดีพิพาทเกี่ยวกับเรื่องที่มีกฎหมายกำหนดให้อยู่ในเขตอำนาจศาลปกครอง
	เรื่องดังต่อไปนี้ไม่อยู่ในอำนาจศาลปกครอง (1)	การดำเนินการเกี่ยวกับวินัยทหาร 	(2)	การดำเนินการของคณะกรรมการตุลาการตามกฎหมายว่าด้วยระเบียบข้าราชการฝ่ายตุลาการ	(3)	คดีที่อยู่ในอำนาจของศาลเยาวชนและครอบครัว ศาลแรงงาน ศาลภาษีอากร ศาลทรัพย์สินทางปัญญาและการค้าระหว่างประเทศ ศาลล้มละลาย หรือศาลชำนัญพิเศษอื่น 
แนะนำว่าการฟ้องขอให้ศาลสั่งห้ามมิให้ผู้อื่นที่ไม่มีสิทธิใช้ถนนหรือเปิดถนนในหมู่บ้าน  หรือขับไล่บุคคลอื่นออกจากที่ดินเป็นการใช้สิทธิในฐานะเจ้าของกรรมสิทธิ์ขับไล่บุคคลอื่นซึ่งกระทำละเมิดต่อสิทธิในที่ดินของเจ้าของที่ดิน เป็นคดีเกี่ยวกับสิทธิในทางแพ่ง คดีนี้จึงอยู่ในอำนาจพิจารณาพิพากษาของศาลยุติธรรม ไม่ใช่คดีปกครองตาม ม.9 แห่งพระราชบัญญัติจัดตั้งศาลปกครองและวิธีพิจารณาคดีปกครอง พ.ศ. 2542 ที่ศาลปกครองจะรับไว้พิจารณาพิพากษาได้ "
เป็นคดีที่อยู่ในอำนาจของศาลปกครองหรือไม่,สอบถามว่าตนจะฟ้องเจ้าพนักงานที่ดิน ไม่ยอมจดทะเบียนการโอนขายที่ดินให้ตน อ้างว่าตนไม่ชำระค่าส่วนกลางให้ครบถ้วน ตนเห็นว่าการกระทำดังกล่าวไม่ถูกต้อง จะฟ้องศาลปกครองได้หรือไม่,"พระราชบัญญัติจัดตั้งศาลปกครองและวิธีพิจารณาคดีปกครอง พ.ศ. 2542 ศาลปกครองมีอำนาจพิจารณาพิพากษาหรือมีคำสั่งในเรื่องดังต่อไปนี้ มาตรา 9
(1)	คดีพิพาทเกี่ยวกับการที่หน่วยงานทางปกครองหรือเจ้าหน้าที่ของรัฐกระทำการ โดยไม่ชอบด้วยกฎหมายไม่ว่าจะเป็นการออกกฎ คำสั่งหรือการกระทำอื่นใดเนื่องจากกระทำโดยไม่มีอำนาจหรือนอกเหนืออำนาจหน้าที่หรือไม่ถูกต้องตามกฎหมาย หรือโดยไม่ถูกต้องตามรูปแบบขั้นตอน หรือวิธีการ
อันเป็นสาระสำคัญที่กำหนดไว้สำหรับการกระทำนั้น หรือโดยไม่สุจริต หรือมีลักษณะเป็นการเลือกปฏิบัติที่ไม่เป็นธรรม หรือมีลักษณะเป็นการสร้างขั้นตอนโดยไม่จำเป็นหรือสร้างภาระให้เกิดกับประชาชนเกินสมควร หรือเป็นการใช้ดุลพินิจโดยมิชอบ 
มาตรา	42  ผู้ใดได้รับความเดือดร้อนหรือเสียหาย หรืออาจจะเดือดร้อนหรือเสียหายโดยมิอาจหลีกเลี่ยงได้อันเนื่องจากการกระทำหรือการงดเว้นการกระทำของหน่วยงานทางปกครองหรือเจ้าหน้าที่ของรัฐหรือมีข้อโต้แย้งเกี่ยวกับสัญญาทางปกครอง หรือกรณีอื่นใดที่อยู่ในเขตอำนาจศาลปกครองตามมาตรา 9 และการแก้ไขหรือบรรเทาความเดือดร้อนหรือความเสียหายหรือยุติข้อโต้แย้งนั้น ต้องมีคำบังคับตามที่กำหนดในมาตรา 72 ผู้นั้นมีสิทธิฟ้องคดีต่อศาลปกครอง	ในกรณีที่มีกฎหมายกำหนดขั้นตอนหรือวิธีการสำหรับการแก้ไขความเดือดร้อนหรือเสียหายในเรื่องใดไว้โดยเฉพาะ การฟ้องคดีปกครองในเรื่องนั้นจะกระทำได้ต่อเมื่อมีการดำเนินการตามขั้นตอนและวิธีการดังกล่าว และได้มีการสั่งการตามกฎหมายนั้น หรือมิได้มีการสั่งการภายในเวลาอันสมควร หรือภายในเวลาที่กฎหมายนั้นกำหนด
แนะนำว่า หากท่านเห็นว่าการไม่ยอมจดทะเบียนการโอนขายที่ดินดังกล่าวนั้นไม่ชอบด้วยกฎหมายและประสงค์ฟ้องคดีต่อศาลปกครองขอเพิกถอนคำสั่งดังกล่าว กรณีจึงเป็นคดีพิพาทเกี่ยวกับการที่หน่วยงานทางปกครองหรือเจ้าหน้าที่ของรัฐออกคำสั่งโดยไม่ชอบด้วยกฎหมาย ตาม ม.9 วรรคหนึ่ง (1) แห่ง พ.ร.บ.จัดตั้งฯ เมื่อการไม่ยอมจดทะเบียนการโอนขายที่ดินดังกล่าว มีลักษณะเป็นคำสั่งทางปกครอง ท่านจะต้องยื่นหนังสืออุทธรณ์โต้แย้งคำสั่งดังกล่าวก่อนนำคดีมาฟ้องศาลปกครอง โดยถือว่าเป็นการแก้ไขความเดือดร้อยเสียหายก่อนนำคดีมาฟ้องศาล แต่ท่านยังไม่ได้ดำเนินการดังกล่าวจึงยังไม่ครบตามเงื่อนไขการฟ้องคดี จึงแนะนำให้ท่านดำเนินการดังกล่าวเสียก่อนนำคดีมาฟ้องศาล"
เป็นคดีที่อยู่ในอำนาจของศาลปกครองหรือไม่,แพทย์และพยาบาล ทำให้บุตรของผู้ขอฯถึงแก่ความตาย แต่ไม่ต้องการเรียกร้องค่าเสียหาย แต่ต้องการให้ลงโทษไล่ออกแพทญ์และพยาบาล,"การกระทำของแพทย์ไม่ใช่การกระทำทางปกครอง แต่เป็นหน้าที่ทั่วไป การจะนำคดีเกี่ยวกับแพทย์มาฟ้องต่อศาลปกครองจะเป็นกรณี แพทยสภามีมติที่ไม่เป็นที่พอใจ สามารถนำมาฟ้องเพิกถอนตามมาตรา 9 วรรคหนึ่ง (1) แห่งพรบ.จัดตั้งศาลปกครองฯ2542 บัญญัติว่า  ศาลปกครองมีอำนาจพิจารณาพิพากษาหรือมีคำสั่งในเรื่องดังต่อไปนี้
	(1)	คดีพิพาทเกี่ยวกับการที่หน่วยงานทางปกครองหรือเจ้าหน้าที่ของรัฐกระทำการ
โดยไม่ชอบด้วยกฎหมายไม่ว่าจะเป็นการออกกฎ คำสั่งหรือการกระทำอื่นใดเนื่องจากกระทำโดยไม่มีอำนาจหรือนอกเหนืออำนาจหน้าที่หรือไม่ถูกต้องตามกฎหมาย หรือโดยไม่ถูกต้องตามรูปแบบขั้นตอน หรือวิธีการอันเป็นสาระสำคัญที่กำหนดไว้สำหรับการกระทำนั้น หรือโดยไม่สุจริต หรือมีลักษณะเป็นการเลือกปฏิบัติที่ไม่เป็นธรรม หรือมีลักษณะเป็นการสร้างขั้นตอนโดยไม่จำเป็นหรือสร้างภาระให้เกิดกับประชาชนเกินสมควร หรือเป็นการใช้ดุลพินิจโดยมิชอบ
      หากจะดำเนินการทางวินัยก็ต้องร้องต่อแพทยสภา กรณีเรียกค่าเสียหายก็ต้องฟ้องต่อศาลแพ่ง
"
ความรู้ทั่วไปเกี่ยวกับศาลปกครอง/คดีปกครอง,อยู่ที่จังหวัดอุดรธานี ต้องการฟ้องคดีต่อศาลปกครอง ต้องฟ้องที่ไหน,"มาตรา 47 แห่งพรบ.จัดตั้งศาลปกครองฯ 2542 บัญญัติว่า การฟ้องคดีที่อยู่ในเขตอำนาจของศาลปกครองชั้นต้น ให้ยื่นฟ้องต่อศาลปกครองชั้นต้นที่ผู้ฟ้องคดีมีภูมิลำเนาหรือที่มูลคดีเกิดขึ้นในเขตศาลปกครองชั้นต้นนั้น  
     จากข้อเท็จจริงอยู่ที่จังหวัดอุดรธานี ต้องการฟ้องคดีต่อศาลปกครอง ต้องฟ้องที่ศาลปกครองอุดรธานี
"
เป็นคดีที่อยู่ในอำนาจของศาลปกครองหรือไม่,อบต.เดินสายไฟริมทาง แต่จากการทำงานได้ทำให้ไฟรั่ว และน้องชายได้รับผลจากการทำงานผิดพลาดของ อบต. ถูกไฟดูดสมองตาย จะฟ้องอบต.ได้หรือไม่ ,"ให้ดำเนินการฟ้องต่อศาลปกครองเป็นกรณ๊ละเมิดตามมาตรา 9 (3) แห่งพรบ.จัดตั้งศาลปกครองฯ 2542  บัญญัติว่า ศาลปกครองมีอำนาจพิจารณาพิพากษาหรือมีคำสั่งในเรื่องดังต่อไปนี้
		(3)	คดีพิพาทเกี่ยวกับการกระทำละเมิดหรือความรับผิดอย่างอื่นของหน่วยงานทางปกครองหรือเจ้าหน้าที่ของรัฐอันเกิดจากการใช้อำนาจตามกฎหมาย หรือจากกฎ คำสั่งทางปกครอง หรือคำสั่งอื่น 
หรือจากการละเลยต่อหน้าที่ตามที่กฎหมายกำหนดให้ต้องปฏิบัติหรือปฏิบัติหน้าที่ดังกล่าวล่าช้าเกินสมควร
โดยต้องวางค่าธณรมเนียมศาลร้อยละสองของจำนวนเงินที่เรียก"
การจัดทำคำฟ้องหรือคำร้อง และขั้นตอนที่เกี่ยวข้อง,ถอนฟ้องบางส่วนได้หรือไม่,"ข้อ 82 แห่งระเบียบที่ประชุมใหญ่ ฯ 2543 บัญญัตว่า ผู้ฟ้องคดีอาจถอนคำฟ้องในเวลาใด ๆ ก่อนศาลพิพากษาหรือมีคำสั่งชี้ขาดคดีได้การถอนคำฟ้องจะถอนเฉพาะบางข้อหาหรือบางส่วนของข้อหาก็ได้ 	การถอนคำฟ้องต้องทำเป็นหนังสือและลงลายมือชื่อผู้ฟ้องคดี แต่ถ้าผู้ฟ้องคดีถอนคำฟ้อง
ด้วยวาจาต่อหน้าศาลในระหว่างการไต่สวนหรือการนั่งพิจารณาคดี ให้ศาลบันทึกไว้และให้ผู้ฟ้องคดี ลงลายมือชื่อไว้เป็นหลักฐาน
	ในกรณีที่มีผู้ฟ้องคดีหลายคน ผู้ฟ้องคดีแต่ละคนอาจถอนคำฟ้องของตนได้ การถอนคำฟ้องของผู้ฟ้องคดีดังกล่าวให้มีผลเฉพาะผู้ฟ้องคดีที่ถอนคำฟ้องนั้น เว้นแต่กรณีที่ผู้ถอนคำฟ้องเป็นผู้แทนของผู้ฟ้องคดีทุกคน การถอนคำฟ้องให้มีผลเป็นการถอนคำฟ้องทั้งคดี ในการนี้ ศาลจะไต่สวนเพื่อให้
ได้ความเป็นที่ยุติว่าการถอนคำฟ้องของผู้แทนดังกล่าวเป็นไปตามความประสงค์ของผู้ฟ้องคดีทุกคนก่อนมีคำสั่งอนุญาตให้ถอนคำฟ้องก็ได้
	เมื่อมีการถอนคำฟ้อง ให้ศาลอนุญาตและสั่งจำหน่ายคดีออกจากสารบบความ กับคืนค่าธรรมเนียมศาลทั้งหมดหรือบางส่วนให้แก่ผู้ฟ้องคดี แต่ในคดีที่เกี่ยวกับการคุ้มครองประโยชน์สาธารณะ หรือคดีที่การพิจารณาต่อไปจะเป็นประโยชน์แก่ส่วนรวม หรือการถอนคำฟ้องเกิดจากการสมยอมกันโดยไม่เหมาะสมศาลจะมีคำสั่งไม่อนุญาตให้ถอนคำฟ้องก็ได้ คำสั่งไม่อนุญาตให้ถอนคำฟ้องให้เป็นที่สุด
    ดังนั้นผู้ฟ้องคดีถอนคำฟ้องในเวลาใด ๆ ก่อนศาลพิพากษาหรือมีคำสั่งชี้ขาดคดีได้การถอนคำฟ้องจะถอนเฉพาะบางข้อหาหรือบางส่วนของข้อหาก็ได้"
การจัดทำคำฟ้องหรือคำร้อง และขั้นตอนที่เกี่ยวข้อง,หินที่อยู่บนพื้นถนนทางหลวง ดีดใส่กระจกขณะรถวิ่ง ฟ้องเรียกค่าเสียหายได้หรือไม่ เพราะไม่มีเงินพอที่จะฟ้องทางแพ่งเอง,ให้เขียนคำฟ้อง โดยบรรยายฟ้องตามลำดับวันเวลา พร้อมแนบเอกสารหลักฐานเพื่อสนับสนุนข้ออ้างของตน และให้เขียนคำร้องอีกหนึ่งฉบับเพื่อขอยกเว้นค่าธรรมเนียมศาล
การจัดทำคำฟ้องหรือคำร้อง และขั้นตอนที่เกี่ยวข้อง,ต้องการฟ้องหน่วยงานทางปกครองที่กำกับดูแลโรงเรียนเอกชน เนื่องจากโรงเรียนไล่บุตรทั้งสามของผู้ขอฯ ออกจากโรงเรียนโดยไม่แจ้งล่วงหน้า และหน่วยงานได้ตอบเป็นหนังสือแล้วว่าเป็นการกระทำไม่ชอบ แต่ดำเนินการอะไรไม่ได้,"เขียนคำฟ้องโดยบรรยายตามลำดับของวันและเวลา และให้มีสิ่งที่กำหนดให้คำฟ้องต้องมีตามมาตรา 45 แห่งพรบ.จัดตั้งศาลปกครองฯ2542 บัญญัติว่า คำฟ้องให้ใช้ถ้อยคำสุภาพและต้องมี
	(1)	ชื่อและที่อยู่ของผู้ฟ้องคดี
	(2)	ชื่อหน่วยงานทางปกครองหรือเจ้าหน้าที่ของรัฐที่เกี่ยวข้องอันเป็นเหตุแห่งการฟ้องคดี
	(3)	การกระทำทั้งหลายที่เป็นเหตุแห่งการฟ้องคดี พร้อมทั้งข้อเท็จจริงหรือพฤติการณ์
ตามสมควรเกี่ยวกับการกระทำดังกล่าว
	(4)	คำขอของผู้ฟ้องคดี
	(5)	ลายมือชื่อของผู้ฟ้องคดี ถ้าเป็นการยื่นฟ้องคดีแทนผู้อื่นจะต้องแนบใบมอบฉันทะ  ให้ฟ้องคดีมาด้วย
		คำฟ้องใดมีรายการไม่ครบตามวรรคหนึ่ง หรือไม่ชัดเจน หรือไม่อาจเข้าใจได้ ให้สำนักงานศาลปกครองให้คำแนะนำแก่ผู้ฟ้องคดีเพื่อดำเนินการแก้ไขเพิ่มเติมคำฟ้องนั้นให้ถูกต้อง ในการนี้ให้ถือวันที่ยื่นฟ้องครั้งแรกเป็นหลักในการนับอายุความ  		ในกรณีที่มีผู้ประสงค์จะฟ้องคดีปกครองหลายคนในเหตุเดียวกัน บุคคลเหล่านั้นอาจยื่นคำฟ้องร่วมกันเป็นฉบับเดียว โดยจะมอบหมายให้ผู้ฟ้องคดีคนใดเป็นผู้แทนของผู้ฟ้องคดีทุกคนในการดำเนินคดีต่อไปก็ได้ ในกรณีเช่นว่านี้ให้ถือว่าการกระทำของผู้แทนผู้ฟ้องคดีในกระบวนพิจารณาผูกพันผู้ฟ้องคดีทุกคน
การฟ้องคดีไม่ต้องเสียค่าธรรมเนียมศาล เว้นแต่การฟ้องคดีขอให้สั่งให้ใช้เงินหรือส่งมอบทรัพย์สินอันสืบเนื่องจากคดีตามมาตรา 9 วรรคหนึ่ง (3) หรือ (4) ให้เสียค่าธรรมเนียมศาลตามทุนทรัพย์ ในอัตราตามที่ระบุไว้ในตาราง 1 ท้ายประมวลกฎหมายวิธีพิจารณาความแพ่ง สำหรับคดีที่มีคำขอให้
ปลดเปลื้องทุกข์อันอาจคำนวณเป็นราคาเงินได้  		ในการดำเนินกระบวนพิจารณา คู่กรณีจะดำเนินการทั้งปวงด้วยตนเองหรือจะมอบอำนาจให้ทนายความหรือบุคคลอื่น ซึ่งมีคุณสมบัติตามระเบียบของที่ประชุมใหญ่ตุลาการในศาลปกครองสูงสุดกำหนดเพื่อฟ้องคดีหรือดำเนินการแทนได้"
การจัดทำคำฟ้องหรือคำร้อง และขั้นตอนที่เกี่ยวข้อง,การฟ้องคดีต้องใช้ใบแต่งทนายหรือไม่,ศาลปกครองไม่จำต้องมีทนาย[ชื่อสมมติ]ติดอากรแสตมป์ 30 บาท 
ความรู้ทั่วไปเกี่ยวกับศาลปกครอง/คดีปกครอง,     ผู้ขอคำปรึกษาได้ร้องเรียนต่อหน่วยงานทีภรรยาทำงานส่วนราชการแห่งหนึ่งว่า ภรรยาประพฤติชั่ว มีชู้กับชายในที่ทำงานเดียวกัน แต่ผ่านมาแล้วหลายเดือนไม่มีความคืบหน้าใดๆเกี่ยวกับเรื่องที่ร้องเรียน ประสงค์จะให้ศาลปกครองลงโทษไล่ออกจากราชการ,    แนะนำว่า การลงโทษทางวินัยเป็นดุลยพินิจของผู้บังคับบัญชาของหน่วยงานนั้นๆ ศาลปกครองไม่มีอำนาจลงโทษทางวินัยได้ จึงไม่อยู่ในอำนาจของศาลปกครอง 
การจัดทำคำฟ้องหรือคำร้อง และขั้นตอนที่เกี่ยวข้อง,ลื่นที่บันไดเลื่อนรถไฟฟ้าบีทีเอส ต้องการฟ้องหน่วยงานกทม.ให้รับผิดชอบ ร่างฟ้องมาแล้วขอให้ช่วยตรวจ ,ข้อเท็จจริงจากการสอบถามขณะนี้ได้ฟ้องร้องดำเนินคดีที่ศาลแขวงพระนครเหนือแล้ว แต่ต้องการฟ้องหน่วยงานของรัฐด้วย เนื่องจากบริษัท บีทีเอส ฯ ยื่นคำร้องว่า โจทก์ฟ้องผิดศาล ประกอบกับระยะเวลาที่จะฟ้องต่อศาลปกครองกรณีละเมิดใกล้จะครบ 1 ปีแล้ว  จึงช่วยตรวจดูเนื้อความตามคำฟ้อง ได้ให้ผู้ขอฯเพิ่มเติมรายละเอียดและบรรยายฟ้องเพิ่มเติมว่า ตนไม่ได้ประมาท แต่เกิดจากสภาพบันไดเลื่อนที่มีนำ้มันบนพื้นผิวจึงทำให้ลื่นไถล 
ความรู้ทั่วไปเกี่ยวกับศาลปกครอง/คดีปกครอง,   ขอความรู้ว่าศาลปกครองมีอำนาจพิจารณาคดีประเภทใดบ้าง,     แนะนำว่า  มาตรา 9 วรรคหนึ่ง แห่งพระราชบัญญัติจัดตั้งศาลปกครองและวิธีพิจารณาคดีปกครอง พ.ศ. 2542 บัญญัติให้ศาลปกครองมีอำนาจพิจารณาพิพากษาหรือมีคำสั่งในเรื่องดังต่อไปนี้ (1) คดีพิพาทเกี่ยวกับการที่หน่วยงานทางปกครองหรือเจ้าหน้าที่ของรัฐกระทำการโดยไม่ชอบด้วยกฎหมาย ไม่ว่าจะเป็นการออกกฎ คำสั่ง หรือการกระทำอื่นใด เนื่องจากกระทำโดยไม่มีอำนาจหรือนอกเหนืออำนาจหน้าที่ หรือไม่ถูกต้องตามกฎหมาย หรือโดยไม่ถูกต้องตามรูปแบบขั้นตอน หรือวิธีการอันเป็นสาระสำคัญที่กำหนดไว้สำหรับการกระทำนั้น หรือโดยไม่สุจริต หรือมีลักษณะเป็นการเลือกปฏิบัติที่ไม่เป็นธรรม หรือมีลักษณะเป็นการสร้างขั้นตอนโดยไม่จำเป็นหรือสร้างภาระให้เกิดกับประชาชนเกินสมควร หรือเป็นการใช้ดุลพินิจโดยมิชอบ (2) คดีพิพาทเกี่ยวกับการที่หน่วยงานทางปกครองหรือเจ้าหน้าที่ของรัฐละเลยต่อหน้าที่ตามที่กฎหมายกำหนดให้ต้องปฏิบัติ หรือปฏิบัติหน้าที่ดังกล่าวล่าช้าเกินสมควร (3) คดีพิพาทเกี่ยวกับการกระทำละเมิดหรือความรับผิดอย่างอื่นของหน่วยงานทางปกครองหรือเจ้าหน้าที่ของรัฐอันเกิดจากการใช้อำนาจตามกฎหมาย หรือจากกฎ คำสั่งทางปกครอง หรือคำสั่งอื่น หรือจากการละเลยต่อหน้าที่ตามที่กฎหมายกำหนดให้ต้องปฏิบัติหรือปฏิบัติหน้าที่ดังกล่าวล่าช้าเกินสมควร (4) คดีพิพาทเกี่ยวกับสัญญาทางปกครอง (5) คดีที่มีกฎหมายกำหนดให้หน่วยงานทางปกครองหรือเจ้าหน้าที่ของรัฐฟ้องคดีต่อศาลเพื่อบังคับให้บุคคลต้องกระทำหรือละเว้นกระทำอย่างหนึ่งอย่างใด และ  (6) คดีพิพาทเกี่ยวกับเรื่องที่มีกฎหมายกำหนดให้อยู่ในเขตอำนาจศาลปกครอง โดยในการพิจารณาพิพากษาคดีดังกล่าว มาตรา 72 วรรคหนึ่ง แห่งพระราชบัญญัติดังกล่าว บัญญัติให้ศาลปกครองมีอำนาจกำหนดคำบังคับอย่างหนึ่งอย่างใด ดังต่อไปนี้ (1) สั่งให้เพิกถอนกฎหรือคำสั่งหรือสั่งห้ามการกระทำทั้งหมดหรือบางส่วน ในกรณีที่มีการฟ้องว่าหน่วยงานทางปกครองหรือเจ้าหน้าที่ของรัฐกระทำการโดยไม่ชอบด้วยกฎหมายตามมาตรา 9 วรรคหนึ่ง (1) (2) สั่งให้หัวหน้าหน่วยงานทางปกครองหรือเจ้าหน้าที่ของรัฐที่เกี่ยวข้องปฏิบัติตามหน้าที่ภายในเวลาที่ศาลปกครองกำหนด ในกรณีที่มีการฟ้องว่าหน่วยงานทางปกครอง หรือเจ้าหน้าที่ของรัฐละเลยต่อหน้าที่หรือปฏิบัติหน้าที่ล่าช้าเกินสมควร (3) สั่งให้ใช้เงินหรือให้ส่งมอบทรัพย์สินหรือให้กระทำการหรืองดเว้นกระทำการ โดยจะกำหนดระยะเวลาและเงื่อนไขอื่น ๆ ไว้ด้วยก็ได้ ในกรณีที่มีการฟ้องเกี่ยวกับการกระทำละเมิดหรือความรับผิดของหน่วยงานทางปกครองหรือเจ้าหน้าที่ของรัฐหรือการฟ้องเกี่ยวกับสัญญาทางปกครอง (4) สั่งให้ถือปฏิบัติต่อสิทธิหรือหน้าที่ของบุคคลที่เกี่ยวข้อง ในกรณีที่มีการฟ้องให้ศาลมีคำพิพากษาแสดงความเป็นอยู่ของสิทธิหรือหน้าที่นั้น (5) สั่งให้บุคคลกระทำหรือละเว้นกระทำอย่างหนึ่งอย่างใดเพื่อให้เป็นไปตามกฎหมาย  ทั้งนี้ ในกรณีที่หน่วยงานทางปกครองหรือเจ้าหน้าที่ของรัฐฟ้องคดีเพื่อบังคับให้บุคคลต้องกระทำการหรือละเว้นกระทำอย่างหนึ่ง
เป็นคดีที่อยู่ในอำนาจของศาลปกครองหรือไม่,   สรรพกรพื้นที่จังหวัดสมุทรสาคร ไม่คืนภาษีให้ผู้ขอคำปรึกษา ฟ้องต่อศาลปกครองได้หรือไม่,"  แนะนำว่า  โดยที่ พระราชบัญญัติ จัดตั้งศาลปกครองและวิธีพิจารณาคดีปกครอง พ.ศ. 2542 มาตรา 9 วรรคสองบัญญัติว่า  เรื่องดังต่อไปนี้ไม่อยู่ในอำนาจศาลปกครอง  (1) การดำเนินการเกี่ยวกับวินัยทหาร (2)	การดำเนินการของคณะกรรมการตุลาการตามกฎหมายว่าด้วยระเบียบข้าราชการฝ่ายตุลาการ (3) คดีที่อยู่ในอำนาจของศาลเยาวชนและครอบครัว ศาลแรงงาน ศาลภาษีอากร 
ศาลทรัพย์สินทางปัญญาและการค้าระหว่างประเทศ ศาลล้มละลาย หรือศาลชำนัญพิเศษอื่น 
   ดังนั้น เมื่อความเดือดร้อนของผู้ขอคำปรึกษาเกิดจาการไม่ได้รับคืนภาษี จึงอยู่ในอำนาจพิจารณาของศาลภาษีอากร"
เป็นคดีที่อยู่ในอำนาจของศาลปกครองหรือไม่,   ผู้ขอคำปรึกษาเป็นนักศึกษา เห็นว่าประกาศเรื่องการแต่งกายของมหาลัยไม่ชอบ จะฟ้องต่อศาลปกครองขอให้ยกเลิกได้หรือไม่, แนะนำว่า ประกาศเรื่องการแต่งกายของมหาลัยเป็นคำสั่งทางปกครอง  ฟ้องต่อศาลปกครองเป้นคดีพิพาทตามมาตรา 9 วรรคหนึ่ง (1) และสาลปกครองมีอำนาจเพิกถอนคำประกาศที่ไม่ชอบได้ ทั้งนี้ต้องฟ้องภายใน 90 วันนับแต่วันที่รู้หรือควรรู้
ขอความเห็นทางกฎหมาย,สัดส่วนความรับผิดที่กระทรวงการคลังกำหนด ซึ่งกำลังมีการดำเนินการสอบสวนข้อเท็จจริง จะแบ่งสัดส่วนความรับผิดอย่างไร,เป็นไปตามที่กรมบัญชีกลางกำหนด หากมีข้อสงสัยในเรื่องสัดส่วนความรับผิดให้สอบถามไปยังกรมบัญชีกลาง
ขอความเห็นทางกฎหมาย,สำนักงานที่ดินจังหวัดปราจีนบุรี แจ้งว่า อบต.จะออกนสล.ในที่ดินที่ผู้ขอฯได้ทำกินมาตั้งแต่รุ่นบิดามารดา จึงต้องการฟ้องหน่วยงานต่อศาลปกครอง,"การโต้แย้งกรรมสิทธิ์ในที่ดินอยู่ในเขตอำนาจศาลยุติธรรม แต่ทั้งนี้ หากผู้ขอฯประสงค์จะฟ้องศาลปกครองก็ให้เขียนคำฟ้องบรรยายความเดือดร้อนเสียหาย และกำหนดคำขอท้ายคำฟ้องต้องการให้ศาลมีคำพิพากษาอย่างไร ซึ่งเป็นลักษณะของคำฟ้องตามมาตรา 45 แห่งพรบ.จัดตั้งศาลปกครองฯ2542 บัญญัติว่า คำฟ้องให้ใช้ถ้อยคำสุภาพและต้องมี
                    (1) ชื่อและที่อยู่ของผู้ฟ้องคดี
                    (2) ชื่อหน่วยงานทางปกครองหรือเจ้าหน้าที่ของรัฐที่เกี่ยวข้องอันเป็นเหตุแห่งการฟ้องคดี
                    (3) การกระทำทั้งหลายที่เป็นเหตุแห่งการฟ้องคดี พร้อมทั้งข้อเท็จจริงหรือพฤติการณ์ตามสมควรเกี่ยวกับการกระทำดังกล่าว
                    (4) คำขอของผู้ฟ้องคดี
                    (5) ลายมือชื่อของผู้ฟ้องคดี ถ้าเป็นการยื่นฟ้องคดีแทนผู้อื่นจะต้องแนบใบมอบฉันทะให้ฟ้องคดีมาด้วย
                    คำฟ้องใดมีรายการไม่ครบตามวรรคหนึ่ง หรือไม่ชัดเจน หรือไม่อาจเข้าใจได้ให้สำนักงานศาลปกครองให้คำแนะนำแก่ผู้ฟ้องคดีเพื่อดำเนินการแก้ไขเพิ่มเติมคำฟ้องนั้นให้ถูกต้อง ในการนี้ให้ถือวันที่ยื่นฟ้องครั้งแรกเป็นหลักในการนับอายุความ"
เป็นคดีที่อยู่ในอำนาจของศาลปกครองหรือไม่,เทศบาลเปิดเผยเรื่องร้องเรียนแก่ผู้ถูกร้องเรียน จนทำให้บุคคลดังกล่าวยื่นฟ้องคดีแพ่งเรียกร้องค่าเสียหายจากตนซึ่งเป็นผู้ร้องเรียน ตนเห็นว่าเทศบาลทำไม่ถูกต้องจะฟ้องศาลปกครองเรียกร้องค่าเสียหายจากเทศบาล ได้หรือไม่,"พระราชบัญญัติจัดตั้งศาลปกครองฯ
มาตรา	9  ศาลปกครองมีอำนาจพิจารณาพิพากษาหรือมีคำสั่งในเรื่องดังต่อไปนี้
	(1)	คดีพิพาทเกี่ยวกับการที่หน่วยงานทางปกครองหรือเจ้าหน้าที่ของรัฐกระทำการ โดยไม่ชอบด้วยกฎหมายไม่ว่าจะเป็นการออกกฎ คำสั่งหรือการกระทำอื่นใดเนื่องจากกระทำโดยไม่มีอำนาจหรือนอกเหนืออำนาจหน้าที่หรือไม่ถูกต้องตามกฎหมาย หรือโดยไม่ถูกต้องตามรูปแบบขั้นตอน หรือวิธีการ  อันเป็นสาระสำคัญที่กำหนดไว้สำหรับการกระทำนั้น หรือโดยไม่สุจริต หรือมีลักษณะเป็นการเลือกปฏิบัติที่ไม่เป็นธรรม หรือมีลักษณะเป็นการสร้างขั้นตอนโดยไม่จำเป็นหรือสร้างภาระให้เกิดกับประชาชนเกินสมควร หรือเป็นการใช้ดุลพินิจโดยมิชอบ 	(2)	คดีพิพาทเกี่ยวกับการที่หน่วยงานทางปกครองหรือเจ้าหน้าที่ของรัฐละเลยต่อหน้าที่ตามที่กฎหมายกำหนดให้ต้องปฏิบัติ หรือปฏิบัติหน้าที่ดังกล่าวล่าช้าเกินสมควร 	(3)	คดีพิพาทเกี่ยวกับการกระทำละเมิดหรือความรับผิดอย่างอื่นของหน่วยงานทางปกครองหรือเจ้าหน้าที่ของรัฐอันเกิดจากการใช้อำนาจตามกฎหมาย หรือจากกฎ คำสั่งทางปกครอง หรือคำสั่งอื่น  หรือจากการละเลยต่อหน้าที่ตามที่กฎหมายกำหนดให้ต้องปฏิบัติหรือปฏิบัติหน้าที่ดังกล่าวล่าช้าเกินสมควร 	(4)	คดีพิพาทเกี่ยวกับสัญญาทางปกครอง 	(5)	คดีที่มีกฎหมายกำหนดให้หน่วยงานทางปกครองหรือเจ้าหน้าที่ของรัฐฟ้องคดีต่อศาล  เพื่อบังคับให้บุคคลต้องกระทำหรือละเว้นกระทำอย่างหนึ่งอย่างใด 	(6)	คดีพิพาทเกี่ยวกับเรื่องที่มีกฎหมายกำหนดให้อยู่ในเขตอำนาจศาลปกครอง
	เรื่องดังต่อไปนี้ไม่อยู่ในอำนาจศาลปกครอง 	(1)	 การดำเนินการเกี่ยวกับวินัยทหาร  	(2)	การดำเนินการของคณะกรรมการตุลาการตามกฎหมายว่าด้วยระเบียบข้าราชการฝ่ายตุลาการ  	(3)	คดีที่อยู่ในอำนาจของศาลเยาวชนและครอบครัว ศาลแรงงาน ศาลภาษีอากร ศาลทรัพย์สินทางปัญญาและการค้าระหว่างประเทศ ศาลล้มละลาย หรือศาลชำนัญพิเศษอื่น
แนะนำว่า กรณีเทศบาลเปิดเผยเรื่องร้องเรียนแก่ผู้ถูกร้องเรียน จนทำให้บุคคลดังกล่าวยื่นฟ้องคดีแพ่งเรียกร้องค่าเสียหายจากท่าน ท่านจึงจะฟ้องศาลปกครองเรียกร้องค่าเสียหายจากเทศบาล เป็นคดีละเมิด แต่มิช่เกิดจากการช้อำนาจตามกฎหมาย หรือจากกฎ คำสั่งทางปกครอง หรือคำสั่งอื่น 
หรือจากการละเลยต่อหน้าที่ตามที่กฎหมายกำหนดให้ต้องปฏิบัติหรือปฏิบัติหน้าที่ดังกล่าวล่าช้าเกินสมควร ตามมาตรา 9 แต่เป็นคดีละเมิดทางแพ่ง เรื่องนี้ไม่อยู่ในอำนาจศาลปกครอง"
เป็นคดีที่อยู่ในอำนาจของศาลปกครองหรือไม่,สอบถามว่าบริษัททำสัญญาซื้อไฟฟ้าจากการไฟฟ้าส่วนภูมิภาคเพื่อนำไฟฟ้ามาช้นโรงงานอุตสาหกรรมผลิตรถยนต์ตั้งอยู่นนิคมอุตสาหกรรม ต่อมาเกิดปัญหาไฟฟ้าตก ขัดข้อง ทำให้การผลิตรถยนต์เสียหาย จึงจะฟ้องการประปาส่วนภูมิภาคเรียกร้องค่าเสียหายจากเรื่องนี้ ฟ้องศาลปกครองได้หรือไม่,"พระราชบัญญัติจัดตั้งศาลปกครองฯ
มาตรา	9  ศาลปกครองมีอำนาจพิจารณาพิพากษาหรือมีคำสั่งในเรื่องดังต่อไปนี้
	(1)	คดีพิพาทเกี่ยวกับการที่หน่วยงานทางปกครองหรือเจ้าหน้าที่ของรัฐกระทำการ
โดยไม่ชอบด้วยกฎหมายไม่ว่าจะเป็นการออกกฎ คำสั่งหรือการกระทำอื่นใดเนื่องจากกระทำโดยไม่มีอำนาจหรือนอกเหนืออำนาจหน้าที่หรือไม่ถูกต้องตามกฎหมาย หรือโดยไม่ถูกต้องตามรูปแบบขั้นตอน หรือวิธีการ  อันเป็นสาระสำคัญที่กำหนดไว้สำหรับการกระทำนั้น หรือโดยไม่สุจริต หรือมีลักษณะเป็นการเลือกปฏิบัติที่ไม่เป็นธรรม หรือมีลักษณะเป็นการสร้างขั้นตอนโดยไม่จำเป็นหรือสร้างภาระให้เกิดกับประชาชนเกินสมควร หรือเป็นการใช้ดุลพินิจโดยมิชอบ 	(2)	คดีพิพาทเกี่ยวกับการที่หน่วยงานทางปกครองหรือเจ้าหน้าที่ของรัฐละเลยต่อหน้าที่ตามที่กฎหมายกำหนดให้ต้องปฏิบัติ หรือปฏิบัติหน้าที่ดังกล่าวล่าช้าเกินสมควร 	(3)	คดีพิพาทเกี่ยวกับการกระทำละเมิดหรือความรับผิดอย่างอื่นของหน่วยงานทางปกครองหรือเจ้าหน้าที่ของรัฐอันเกิดจากการใช้อำนาจตามกฎหมาย หรือจากกฎ คำสั่งทางปกครอง หรือคำสั่งอื่น หรือจากการละเลยต่อหน้าที่ตามที่กฎหมายกำหนดให้ต้องปฏิบัติหรือปฏิบัติหน้าที่ดังกล่าวล่าช้าเกินสมควร 	(4)	คดีพิพาทเกี่ยวกับสัญญาทางปกครอง 	(5)	คดีที่มีกฎหมายกำหนดให้หน่วยงานทางปกครองหรือเจ้าหน้าที่ของรัฐฟ้องคดีต่อศาล  เพื่อบังคับให้บุคคลต้องกระทำหรือละเว้นกระทำอย่างหนึ่งอย่างใด 	(6)	คดีพิพาทเกี่ยวกับเรื่องที่มีกฎหมายกำหนดให้อยู่ในเขตอำนาจศาลปกครอง	เรื่องดังต่อไปนี้ไม่อยู่ในอำนาจศาลปกครอง 	(1)	การดำเนินการเกี่ยวกับวินัยทหาร 	(2)	การดำเนินการของคณะกรรมการตุลาการตามกฎหมายว่าด้วยระเบียบข้าราชการ ฝ่ายตุลาการ
	(3)	คดีที่อยู่ในอำนาจของศาลเยาวชนและครอบครัว ศาลแรงงาน ศาลภาษีอากร ศาลทรัพย์สินทางปัญญาและการค้าระหว่างประเทศ ศาลล้มละลาย หรือศาลชำนัญพิเศษอื่น
แนะนำว่า กรณีบริษัททำสัญญาซื้อไฟฟ้าจากการไฟฟ้าส่วนภูมิภาคเพื่อนำไฟฟ้ามาใช้ในโรงงานอุตสาหกรรมผลิตรถยนต์ตั้งอยู่นนิคมอุตสาหกรรม ต่อมาเกิดปัญหาไฟฟ้าตก ขัดข้อง ทำให้การผลิตรถยนต์เสียหาย  ท่านจึงจะฟ้องศาลปกครองเรียกร้องค่าเสียหาย เป็นคดีละเมิด แต่มิใช่เกิดจากการใช้อำนาจตามกฎหมาย หรือจากกฎ คำสั่งทางปกครอง หรือคำสั่งอื่น หรือจากการละเลยต่อหน้าที่ตามที่กฎหมายกำหนดให้ต้องปฏิบัติหรือปฏิบัติหน้าที่ดังกล่าวล่าช้าเกินสมควร ตามมาตรา 9 แต่เป็นคดีละเมิดทางแพ่ง เรื่องนี้ไม่อยู่ในอำนาจศาลปกครอง"
ขั้นตอนแก้ไขความเสียหายก่อนฟ้องคดี,ตนขออนุญาตซื้ออาวุธปืนจากนายทะเบียน (นายอำเภอ) ต่อมานายทะเบียนมีคำสั่งไม่อนุญาต จึงจะฟ้องศาลปกครองขอให้นายทะเบียนอนุญาตเพราะตนมีคุณสมบัติครบถ้วน ฟ้องศาลได้หรือไม่,"พระราชบัญญัติจัดตั้งศาลปกครองฯ
มาตรา	9  ศาลปกครองมีอำนาจพิจารณาพิพากษาหรือมีคำสั่งในเรื่องดังต่อไปนี้
	(1)	คดีพิพาทเกี่ยวกับการที่หน่วยงานทางปกครองหรือเจ้าหน้าที่ของรัฐกระทำการ
โดยไม่ชอบด้วยกฎหมายไม่ว่าจะเป็นการออกกฎ คำสั่งหรือการกระทำอื่นใดเนื่องจากกระทำโดยไม่มีอำนาจหรือนอกเหนืออำนาจหน้าที่หรือไม่ถูกต้องตามกฎหมาย หรือโดยไม่ถูกต้องตามรูปแบบขั้นตอน หรือวิธีการ
อันเป็นสาระสำคัญที่กำหนดไว้สำหรับการกระทำนั้น หรือโดยไม่สุจริต หรือมีลักษณะเป็นการเลือกปฏิบัติ
ที่ไม่เป็นธรรม หรือมีลักษณะเป็นการสร้างขั้นตอนโดยไม่จำเป็นหรือสร้างภาระให้เกิดกับประชาชนเกินสมควร หรือเป็นการใช้ดุลพินิจโดยมิชอบ 	(2)	คดีพิพาทเกี่ยวกับการที่หน่วยงานทางปกครองหรือเจ้าหน้าที่ของรัฐละเลยต่อหน้าที่ตามที่กฎหมายกำหนดให้ต้องปฏิบัติ หรือปฏิบัติหน้าที่ดังกล่าวล่าช้าเกินสมควร 	(3)	คดีพิพาทเกี่ยวกับการกระทำละเมิดหรือความรับผิดอย่างอื่นของหน่วยงานทางปกครองหรือเจ้าหน้าที่ของรัฐอันเกิดจากการใช้อำนาจตามกฎหมาย หรือจากกฎ คำสั่งทางปกครอง หรือคำสั่งอื่น หรือจากการละเลยต่อหน้าที่ตามที่กฎหมายกำหนดให้ต้องปฏิบัติหรือปฏิบัติหน้าที่ดังกล่าวล่าช้าเกินสมควร 	(4)	คดีพิพาทเกี่ยวกับสัญญาทางปกครอง 	(5)	คดีที่มีกฎหมายกำหนดให้หน่วยงานทางปกครองหรือเจ้าหน้าที่ของรัฐฟ้องคดีต่อศาล
เพื่อบังคับให้บุคคลต้องกระทำหรือละเว้นกระทำอย่างหนึ่งอย่างใด 	(6)	คดีพิพาทเกี่ยวกับเรื่องที่มีกฎหมายกำหนดให้อยู่ในเขตอำนาจศาลปกครอง
	เรื่องดังต่อไปนี้ไม่อยู่ในอำนาจศาลปกครอง 	(1)	การดำเนินการเกี่ยวกับวินัยทหาร 	(2)	การดำเนินการของคณะกรรมการตุลาการตามกฎหมายว่าด้วยระเบียบข้าราชการฝ่ายตุลาการ	(3)	คดีที่อยู่ในอำนาจของศาลเยาวชนและครอบครัว ศาลแรงงาน ศาลภาษีอากร ศาลทรัพย์สินทางปัญญาและการค้าระหว่างประเทศ ศาลล้มละลาย หรือศาลชำนัญพิเศษอื่น
แนะนำว่า กรณีท่านขออนุญาตซื้ออาวุธปืนจากนายทะเบียน (นายอำเภอ) ต่อมานายทะเบียนมีคำสั่งไม่อนุญาต   ท่านจึงจะฟ้องศาลปกครอง แต่เนื่องจากคำสั่งไม่อนุญาตเป็นคำสั่งทางปกครอง ท่านจะต้องยื่นคำอุทธรณ์โต้แย้งคำสั่งดังกล่าวเป็นหนังสือเสียก่อนนำคดีมาฟ้องศาล ถือเป็นขั้นตอนการแก้ไขความเดือดร้อนก่อนนำคดีมาฟ้องศาล ตามมาตรา 42 พรบ.จัดตั้งศาลปกครองฯ เมื่อได้รับแจ้งผลการพิจารณาอุทธรณืจึงมาฟ้องศาลขอห้ศาลเพิกถอนคำสั่งดังกล่าวเป็นคดีพิพาทเกี่ยวกับการที่หน่วยงานทางปกครองหรือเจ้าหน้าที่ของรัฐกระทำการโดยไม่ชอบด้วยกฎหมาย ตามมาตรา 9 วรรคหนึ่ง (1) อยู่ในอำนาจพิจารณาพิพากษาของศาลปกครอง"
เป็นคดีที่อยู่ในอำนาจของศาลปกครองหรือไม่,   ศาลอาญาสั่งให้คืนรถยนต์ของกลาง แต่ไม่สามารถคืนได้ เนื่องจาก ปปส. ได้ขายทอดตลาดไปก่อนแล้ว จึงสอบถามว่าจะต้องฟ้องศาลใหน,  แนะนำว่า การคืนของกลางตามคำพิพากษาของศาลอาญา เป็นการดำเนินกระบวนการยุติธรรมทางอาญา หากไม่อาจปฏิบัติตามคำพิพากษาของศาลอาญา ได้ให้ท่านยื่นคำร้องต่อศาลอาญา ไม่อยู่ในอำนาจของศาลปกครอง
ความรู้ทั่วไปเกี่ยวกับศาลปกครอง/คดีปกครอง,   สอบถามการถอนฟ้อง,"     แนะนำว่าผู้ฟ้องคดีอาจถอนคำฟ้องในเวลาใด ๆ ก่อนศาลพิพากษาหรือมีคำสั่งชี้ขาดคดีได้การถอนคำฟ้องจะถอนเฉพาะบางข้อหาหรือบางส่วนของข้อหาก็ได้  	การถอนคำฟ้องต้องทำเป็นหนังสือและลงลายมือชื่อผู้ฟ้องคดี แต่ถ้าผู้ฟ้องคดีถอนคำฟ้องด้วยวาจาต่อหน้าศาลในระหว่างการไต่สวนหรือการนั่งพิจารณาคดี ให้ศาลบันทึกไว้และให้ผู้ฟ้องคดีลงลายมือชื่อไว้เป็นหลักฐาน  	ในกรณีที่มีผู้ฟ้องคดีหลายคน ผู้ฟ้องคดีแต่ละคนอาจถอนคำฟ้องของตนได้ การถอนคำฟ้องของผู้ฟ้องคดีดังกล่าวให้มีผลเฉพาะผู้ฟ้องคดีที่ถอนคำฟ้องนั้น เว้นแต่กรณีที่ผู้ถอนคำฟ้องเป็นผู้แทน  ของผู้ฟ้องคดีทุกคน การถอนคำฟ้องให้มีผลเป็นการถอนคำฟ้องทั้งคดี ในการนี้ ศาลจะไต่สวน  เพื่อให้ได้ความเป็นที่ยุติว่าการถอนคำฟ้องของผู้แทนดังกล่าวเป็นไปตามความประสงค์ของผู้ฟ้องคดีทุกคนก่อนมีคำสั่งอนุญาตให้ถอนคำฟ้องก็ได้  	เมื่อมีการถอนคำฟ้อง ให้ศาลอนุญาตและสั่งจำหน่ายคดีออกจากสารบบความ กับคืนค่าธรรมเนียมศาลทั้งหมดหรือบางส่วนให้แก่ผู้ฟ้องคดี แต่ในคดีที่เกี่ยวกับการคุ้มครองประโยชน์สาธารณะ หรือคดีที่การพิจารณาต่อไปจะเป็นประโยชน์แก่ส่วนรวม หรือการถอนคำฟ้องเกิดจากการสมยอมกันโดยไม่เหมาะสมศาลจะมีคำสั่งไม่อนุญาตให้ถอนคำฟ้องก็ได้ คำสั่งไม่อนุญาตให้ถอนคำฟ้องให้เป็นที่สุด
 ทั้งนี้ตาม ข้อ 82 ของระเบียบของที่ประชุมใหญ่ตุลาการในศาลปกครองสูงสุดว่าด้วยวิธีพิจารณาคดีปกครอง พ.ศ. 2543
"
เป็นคดีที่อยู่ในอำนาจของศาลปกครองหรือไม่,    ได้รับความเดือดร้อนจากเสียงเครื่องบิน ท่าอากาศยานสุวรรณภูมิ เนื่องจากมีการเพิ่มรันเวย์ ,"    แนะนำ พระราชบัญญัติ จัดตั้งศาลปกครองและวิธีพิจารณาคดีปกครอง พ.ศ. 2542มาตรา	9  ศาลปกครองมีอำนาจพิจารณาพิพากษาหรือมีคำสั่งในเรื่องดังต่อไปนี้ ...(3)คดีพิพาทเกี่ยวกับการกระทำละเมิดหรือความรับผิดอย่างอื่นของหน่วยงานทางปกครองหรือเจ้าหน้าที่ของรัฐอันเกิดจากการใช้อำนาจตามกฎหมาย หรือจากกฎ คำสั่งทางปกครอง หรือคำสั่งอื่น หรือจากการละเลยต่อหน้าที่ตามที่กฎหมายกำหนดให้ต้องปฏิบัติหรือปฏิบัติหน้าที่ดังกล่าวล่าช้าเกินสมควร 
  ดังนั้น เหตุเดือดร้อนจากเสียงเครื่องบินเกิดจากการท่าอากาศยานสุวรรณภูมิเพิ่มทางขึ้นลงของเครื่องบิน ทำให้บ้านผู้ฟ้องคดีเดือดร้อนจากเสียง จึงฟ้องต่อศาลปกครองได้ "
เป็นคดีที่อยู่ในอำนาจของศาลปกครองหรือไม่,   เอกชนทำสัญญาให้หน่วยงานของรัฐเช่าอาคารทำสำนักงานราชการ เมื่อมีข้อพิพาทต้องฟ้องศาลใด,  แนะนำว่าเอกชนทำสัญญาให้หน่วยงานของรัฐเช่าอาคารทำสำนักงานราชการ เป็นการเช่าเพื่อจัดการสถานที่ทำงานในการบริการประชาชนซึ่งเป็นประโยชน์สาธารณะ จึงเป็นสัญญาทางปกครอง ตามมาตรา 3 แห่ง พ.ร.บ. จัดตั้งศาลปกครองฯ เมื่อมีข้อพิพาทดังกล่าวคู่พิพาทย่อมฟ้องต่อศาลปกครองเป็นคดีพิพาทตามมาตรา 9 วรรคหนึ่ง (4) แห่ง พ.ร.บ. เดียวกัน ขอให้ชดใช้ค่าเสียหายจากการผิดสัญญา โดยฟ้องภายใน 5 ปี นับแต่วันผิดสัญญา
"ความรู้ทั่วไปเกี่ยวกับศาลปกครอง/คดีปกครอง, การจัดทำคำฟ้องหรือคำร้อง และขั้นตอนที่เกี่ยวข้อง",    สอบถามการเขียนคำฟ้องคดีปกครอง,"    แนะนำ ผู้ที่จะฟ้องต่อศาลปกครองต้องเป็นผู้ได้รับความเดือดร้อนเสียหายหรืออาจจะเดือดร้อนเสียหาย ตามมาตรา 42 วรรคหนึ่ง แห่งพระราชบัญญัติ จัดตั้งศาลปกครองและวิธีพิจารณาคดีปกครอง พ.ศ. 2542 และต้องเป็นกรณีพิพาทตามมาตรา 9 แห่ง พ.ร.บ.เดียวกัน มาตรา9  ศาลปกครองมีอำนาจพิจารณาพิพากษาหรือมีคำสั่งในเรื่องดังต่อไปนี้
	(1)	คดีพิพาทเกี่ยวกับการที่หน่วยงานทางปกครองหรือเจ้าหน้าที่ของรัฐกระทำการ
โดยไม่ชอบด้วยกฎหมายไม่ว่าจะเป็นการออกกฎ คำสั่งหรือการกระทำอื่นใดเนื่องจากกระทำโดยไม่มีอำนาจหรือนอกเหนืออำนาจหน้าที่หรือไม่ถูกต้องตามกฎหมาย หรือโดยไม่ถูกต้องตามรูปแบบขั้นตอน หรือวิธีการอันเป็นสาระสำคัญที่กำหนดไว้สำหรับการกระทำนั้น หรือโดยไม่สุจริต หรือมีลักษณะเป็นการเลือกปฏิบัติที่ไม่เป็นธรรม หรือมีลักษณะเป็นการสร้างขั้นตอนโดยไม่จำเป็นหรือสร้างภาระให้เกิดกับประชาชนเกินสมควร หรือเป็นการใช้ดุลพินิจโดยมิชอบ 	(2)	คดีพิพาทเกี่ยวกับการที่หน่วยงานทางปกครองหรือเจ้าหน้าที่ของรัฐละเลยต่อหน้าที่ตามที่กฎหมายกำหนดให้ต้องปฏิบัติ หรือปฏิบัติหน้าที่ดังกล่าวล่าช้าเกินสมควร  (3)	คดีพิพาทเกี่ยวกับการกระทำละเมิดหรือความรับผิดอย่างอื่นของหน่วยงานทางปกครองหรือเจ้าหน้าที่ของรัฐอันเกิดจากการใช้อำนาจตามกฎหมาย หรือจากกฎ คำสั่งทางปกครอง หรือคำสั่งอื่น หรือจากการละเลยต่อหน้าที่ตามที่กฎหมายกำหนดให้ต้องปฏิบัติหรือปฏิบัติหน้าที่ดังกล่าวล่าช้าเกินสมควร 	(4)	คดีพิพาทเกี่ยวกับสัญญาทางปกครอง 	(5)	คดีที่มีกฎหมายกำหนดให้หน่วยงานทางปกครองหรือเจ้าหน้าที่ของรัฐฟ้องคดีต่อศาลเพื่อบังคับให้บุคคลต้องกระทำหรือละเว้นกระทำอย่างหนึ่งอย่างใด 	(6)	คดีพิพาทเกี่ยวกับเรื่องที่มีกฎหมายกำหนดให้อยู่ในเขตอำนาจศาลปกครอง
    การฟ้องคดีต่อศาลปกครองมี 3 ช่องทาง ได้แก่ ฟ้องด้วยตนเอง ฟ้องทางไปรษณีย์ลงทะเบียน ฟ้องผ่านระบบอิเล็คทรอนิค  ผู้ฟ้องคดีเลือกฟ้องได้ศาลใดศาลหนึ่ง คือศาลปกครองที่มูลคดีเกิด หรือศาลปกครองที่ผู้ฟ้องคดีมีภูมิลำเนา คำฟ้องให้ใช้ถ้อยคำสุภาพและต้องมี (1) ชื่อและที่อยู่ของผู้ฟ้องคดี (2)ชื่อหน่วยงานทางปกครองหรือเจ้าหน้าที่ของรัฐที่เกี่ยวข้องอันเป็นเหตุแห่งการฟ้องคดี (3)การกระทำทั้งหลายที่เป็นเหตุแห่งการฟ้องคดี พร้อมทั้งข้อเท็จจริงหรือพฤติการณ์ตามสมควรเกี่ยวกับการกระทำดังกล่าว (4)คำขอของผู้ฟ้องคดี (5)	ลายมือชื่อของผู้ฟ้องคดี ถ้าเป็นการยื่นฟ้องคดีแทนผู้อื่นจะต้องแนบใบมอบฉันทะให้ฟ้องคดีมาด้วย การฟ้องคดีไม่ต้องเสียค่าธรรมเนียมศาล เว้นแต่การฟ้องคดีขอให้สั่งให้ใช้เงินหรือส่งมอบทรัพย์สินอันสืบเนื่องจากคดีตามมาตรา 9 วรรคหนึ่ง (3) หรือ (4) ให้เสียค่าธรรมเนียมศาลตามทุนทรัพย์ในอัตราตามที่ระบุไว้ในตาราง 1 ท้ายประมวลกฎหมายวิธีพิจารณาความแพ่ง สำหรับคดีที่มีคำขอให้ปลดเปลื้องทุกข์อันอาจคำนวณเป็นราคาเงินได้"
เป็นคดีที่อยู่ในอำนาจของศาลปกครองหรือไม่,  ผุ้ขอรับคำปรึกษาเป็นทันตแพทย์ ถูกคนไข้ร้องเรียนกล่าวหาต่อคณะกรรมการแพทยสภาว่ารักษาผิดจรรยบรรณ ปรึกษาคดีว่าจะฟ้องศาลปกครองได้อย่างไรบ้าง,"  แนะนำว่าการถูกร้องเรียนต่อแพทยสภาเป็นเพียงกระบวนการภายในฝ่าบริหารนำไปสู่การออกคำสั่งทางปกครองในภายหน้า ดังนั้น ท่านยังไม่เป็นผู้เดือดร้อนเสียหายที่จะฟ้องศาลปกครองได้ ทั้งนี้หากภายหลังมีคำสั่งลงโทษถึงจะฟ้องศาลปกครองได้
   ทั้งนี้ ตามพระราชบัญญัติ จัดตั้งศาลปกครองและวิธีพิจารณาคดีปกครอง พ.ศ. 2542 มาตรา	42  ผู้ใดได้รับความเดือดร้อนหรือเสียหาย หรืออาจจะเดือดร้อนหรือเสียหายโดยมิอาจหลีกเลี่ยงได้อันเนื่องจากการกระทำหรือการงดเว้นการกระทำของหน่วยงานทางปกครองหรือเจ้าหน้าที่ของรัฐหรือมีข้อโต้แย้งเกี่ยวกับสัญญาทางปกครอง หรือกรณีอื่นใดที่อยู่ในเขตอำนาจศาลปกครองตามมาตรา 9 และการแก้ไขหรือบรรเทาความเดือดร้อนหรือความเสียหายหรือยุติข้อโต้แย้งนั้น ต้องมีคำบังคับตามที่กำหนดในมาตรา 72 ผู้นั้นมีสิทธิฟ้องคดีต่อศาลปกครอง
"
เป็นคดีที่อยู่ในอำนาจของศาลปกครองหรือไม่,   ไม่จ่ายค่าส่วนกลางหมู่บ้าน ถูกเจ้าพนักงานที่ดิน สั่งระงับการทำนิติกรรมใดๆ เกี่ยวกับบ้านที่ค้างค่าส่วนกลาง  ได้อุทธรณืคำสั่งแล้วและได้รับแจ้งผลแล้วว่าคำสั่งระงับชอบแล้ว จึงสอบถามว่าจะฟ้องศาลปกครองได้หรือไม่,    คำสั่งห้ามทำนิติกรรมใดๆเกี่ยวกับบ้านหลังที่ค้างค่าส่วนกลางหมู่บ้าน เป็นคำสั่งทางปกครอง หากเห็นว่าเป็นคำสั่งที่ไม่ชอบ ฟ้องศาลปกครองขอให้เพิกถอนได้ เป็นคดีพิพาทตามมาตรา 9 วรรคหนึ่ง (1) แห่ง พ.ร.บ. จัดตั้งศาลปกครองฯ ฟ้องภายใน 90 วัน นับแต่วันที่รับผลการพิจารณาอุทธรณ์
เป็นคดีที่อยู่ในอำนาจของศาลปกครองหรือไม่,   อ.บ.ต. ทำถนนรุกล้ำเข้ามาในที่ดินของผู้ขอปรึกษา จะฟ้องศาลปกครองเรียกค่าเสียหายได้หรือไม่,   แนะนำว่า การทำถนนเป็นการใช้อำนาจทางปกครอง การทำถนนรุกล้ำเข้ามาในที่ดินซึ่งเป็นกรรมสิทธิของผู้ขอคำปรึกษา ชอบที่จะฟ้องต่อศาลปกครอง ขอให้ชดใช้ค่าเสียหาย เป็นคดีพิพาทตามมาตรา 9 วรรคหนึ่ง (3) แห่ง พ.ร.บ. จัดตั้งฯ 
เป็นคดีที่อยู่ในอำนาจของศาลปกครองหรือไม่,    ถูกตั้งคณะกรรมการสอบข้อเท็จจริงว่ากระทำผิดวินัย,"  แนะนำว่าการถูกตั้งคณะกรรมการสอบข้อเท็จจริงเป็นการดำเนินการภายในของฝ่ายบริหารซึ่งจะนำไปสู่การออกคำสั่งทางปกครองต่อไป ดังนั้นจึงยังไม่ใช่ผู้เดือดร้อนเสียหายที่จะฟ้องต่อศาลปกครองได้ 
   ทั้งนี้ ตามมาตรา42  ผู้ใดได้รับความเดือดร้อนหรือเสียหาย หรืออาจจะเดือดร้อนหรือเสียหาย
โดยมิอาจหลีกเลี่ยงได้อันเนื่องจากการกระทำหรือการงดเว้นการกระทำของหน่วยงานทางปกครองหรือเจ้าหน้าที่ของรัฐหรือมีข้อโต้แย้งเกี่ยวกับสัญญาทางปกครอง หรือกรณีอื่นใดที่อยู่ในเขตอำนาจศาลปกครองตามมาตรา 9 และการแก้ไขหรือบรรเทาความเดือดร้อนหรือความเสียหายหรือยุติข้อโต้แย้งนั้น ต้องมีคำบังคับตามที่กำหนดในมาตรา 72 ผู้นั้นมีสิทธิฟ้องคดีต่อศาลปกครอง
"
เป็นคดีที่อยู่ในอำนาจของศาลปกครองหรือไม่,    เป็นพนักงานจ้างของหน่วยงานรัฐ ถูกคำสั่งให้ชดใช้เงินเนื่องจากกระทำละเมิด ได้อุทธรณ์คำสั่งแล้ว แต่มีการยกคำอุทธรณ์ จึงมาปรึกษาว่าจะฟ้องศาลปกครอง ,   แนะนำว่าคำสั่งเรียกให้ชดใช้เงินในกรณีกระทำละเมิดต่อหน่วยงาน เป็นคำสั่งทางปกครอง หากไม่เห็นพ้องด้วยให้ยื่นฟ้องต่อศาลปกครองเป็นคดีพิพาทตามมาตรา 9 วรรคหนึ่ง(1) แห่ง พ.ร.บ. จัดตั้งศาลปกครอง โดยมีคำขอให้เพิกถอนคำสั่งดังกล่าว ทั้งนี้ต้องฟ้องภายใน 90 วันนับแต่ได้รับการแจ้งผลการอุทธรณ์
เป็นคดีที่อยู่ในอำนาจของศาลปกครองหรือไม่,   ยื่นคำร้องขอต่อไปอนุญาตตลาด แต่เจ้าหน้าที่ อ.บ.ต.ปฏิเสธ ถามว่าจะฟ้องศาลปกครองได้หรือไม่,"    แนะนำว่า คำสั่งของเจ้าหน้าที่ อ.บ.ต. ที่ไม่ต่อใบอนุญาตตลาด เป็นคำสั่งทางปกครอง  ต้องอุทธรณ์คำสั่งก่อน ต่อเมื่อได้รับแจ้งผลหรือเมื่อพ้นเวลาที่กฎหมายกำหนดให้พิจารณาอุทธรณ์ แต่ไม่มีการแจ้งผล ท่านมีสิทธิฟ้องต่อสาลปกครองขอให้เพิกถอนคำสั่งไม่ต่อใบอนุญาตตลาด เป็นคดีพิพาทตามมาตรา	9  ศาลปกครองมีอำนาจพิจารณาพิพากษาหรือมีคำสั่งในเรื่องดังต่อไปนี้
	(1)	คดีพิพาทเกี่ยวกับการที่หน่วยงานทางปกครองหรือเจ้าหน้าที่ของรัฐกระทำการ
โดยไม่ชอบด้วยกฎหมายไม่ว่าจะเป็นการออกกฎ คำสั่งหรือการกระทำอื่นใดเนื่องจากกระทำโดยไม่มีอำนาจหรือนอกเหนืออำนาจหน้าที่หรือไม่ถูกต้องตามกฎหมาย หรือโดยไม่ถูกต้องตามรูปแบบขั้นตอน หรือวิธีการอันเป็นสาระสำคัญที่กำหนดไว้สำหรับการกระทำนั้น หรือโดยไม่สุจริต หรือมีลักษณะเป็นการเลือกปฏิบัติที่ไม่เป็นธรรม หรือมีลักษณะเป็นการสร้างขั้นตอนโดยไม่จำเป็นหรือสร้างภาระให้เกิดกับประชาชนเกินสมควร หรือเป็นการใช้ดุลพินิจโดยมิชอบ "
เป็นคดีที่อยู่ในอำนาจของศาลปกครองหรือไม่,    เขตประทุมวัน ประกาศเขตเดินรถทางเดียวในซอยที่ผู้ปรึกษาพักอาศัย ทำให้เดือดร้อนต้องวนรถไกล จะฟ้องขอให้ยกเลิกได้ต่อศาลปกครองได้หรือไม่,"  แนะนำว่า ขตประทุมวัน ประกาศเขตเดินรถทางเดียวในซอยที่ผู้ปรึกษาพักอาศัย ประกาศดังกล่าวเป็นคำสั่งทางปกครอง ฟ้องขอให้ยกเลิก เป็นคดีพิพาทตาม มาตรา	9  ศาลปกครองมีอำนาจพิจารณาพิพากษาหรือมีคำสั่งในเรื่องดังต่อไปนี้
	(1)	คดีพิพาทเกี่ยวกับการที่หน่วยงานทางปกครองหรือเจ้าหน้าที่ของรัฐกระทำการ
โดยไม่ชอบด้วยกฎหมายไม่ว่าจะเป็นการออกกฎ คำสั่งหรือการกระทำอื่นใดเนื่องจากกระทำโดยไม่มีอำนาจหรือนอกเหนืออำนาจหน้าที่หรือไม่ถูกต้องตามกฎหมาย หรือโดยไม่ถูกต้องตามรูปแบบขั้นตอน หรือวิธีการอันเป็นสาระสำคัญที่กำหนดไว้สำหรับการกระทำนั้น หรือโดยไม่สุจริต หรือมีลักษณะเป็นการเลือกปฏิบัติที่ไม่เป็นธรรม หรือมีลักษณะเป็นการสร้างขั้นตอนโดยไม่จำเป็นหรือสร้างภาระให้เกิดกับประชาชนเกินสมควร หรือเป็นการใช้ดุลพินิจโดยมิชอบ 
    ทั้งนี้ ท่านต้องฟ้องภายใน 90 วันนับแต่วันที่รู้"
"ความรู้ทั่วไปเกี่ยวกับศาลปกครอง/คดีปกครอง, การจัดทำคำฟ้องหรือคำร้อง และขั้นตอนที่เกี่ยวข้อง",    การฟ้องคดีต่อศาลปกครองจะต้องแนบสำเนาบัตรประจำตัวประชาชนหรือไม่,  แนะนำว่าจะต้องแนบสำเนาบัตรประจำตัวประชาชนด้วย เพราะเป็นการยืนยันตัวตนต่อศาล ว่าเป็นผู้ฟ้องคดีจริง
เป็นคดีที่อยู่ในอำนาจของศาลปกครองหรือไม่,  ยื่นคำขอโอนย้ายหน่วยงาน แต่ต้นสังกัดปฏิเสธไม่อนุมัติให้โอนเนืองจากติดเรื่องการค้ำประกันเงินกู้สหกรณ์ออมทรัพย์ จะฟ้องศาลปกครองได้หรือไม่,แนะนำว่า การที่ต้นสังกัดปฏิเสธไม่อนุมัติให้โอน เป็นคำสั่งทางปกครอง ก่อนฟ้องคดีต้องอุทธรณ์คำสั่งก่อน ต่อเมื่อได้ทราบผลหรือพ้นระยะเวลาอุทธรณ์แล้วไม่มีการแจ้งผลการอุทธรณ์ จึงจะใช้สิทธิฟ้องศาลปกครองขอให้เพิกถอนคำสั่งดังกล่าวเป็นคดีพิพาทตามมาตรา	9  ศาลปกครองมีอำนาจพิจารณาพิพากษาหรือมีคำสั่งในเรื่องดังต่อไปนี้  (1) คดีพิพาทเกี่ยวกับการที่หน่วยงานทางปกครองหรือเจ้าหน้าที่ของรัฐกระทำการโดยไม่ชอบด้วยกฎหมายไม่ว่าจะเป็นการออกกฎ คำสั่งหรือการกระทำอื่นใดเนื่องจากกระทำโดยไม่มีอำนาจหรือนอกเหนืออำนาจหน้าที่หรือไม่ถูกต้องตามกฎหมาย หรือโดยไม่ถูกต้องตามรูปแบบขั้นตอน หรือวิธีการอันเป็นสาระสำคัญที่กำหนดไว้สำหรับการกระทำนั้น หรือโดยไม่สุจริต หรือมีลักษณะเป็นการเลือกปฏิบัติที่ไม่เป็นธรรม หรือมีลักษณะเป็นการสร้างขั้นตอนโดยไม่จำเป็นหรือสร้างภาระให้เกิดกับประชาชนเกินสมควร หรือเป็นการใช้ดุลพินิจโดยมิชอบ 
เป็นคดีที่อยู่ในอำนาจของศาลปกครองหรือไม่,   ต้นไม้อยู่ในความดูแลของ กรุงเทพมหานคร ล้มทับรถ ฟ้องศาลใหน,"  แนะนำว่า การดูแลต้นไม้ เป็นหน้าที่ของกรุงเทพมหานคร เมื่อเกิดจากการไม่ดูแลต้นไม้ทำให้ล้มทับรถ เป็นละเมิดตามมาตรา 9  ศาลปกครองมีอำนาจพิจารณาพิพากษาหรือมีคำสั่งในเรื่องดังต่อไปนี้
 (3)	 คดีพิพาทเกี่ยวกับการกระทำละเมิดหรือความรับผิดอย่างอื่นของหน่วยงานทางปกครองหรือเจ้าหน้าที่ของรัฐอันเกิดจากการใช้อำนาจตามกฎหมาย หรือจากกฎ คำสั่งทางปกครอง หรือคำสั่งอื่น 
หรือจากการละเลยต่อหน้าที่ตามที่กฎหมายกำหนดให้ต้องปฏิบัติหรือปฏิบัติหน้าที่ดังกล่าวล่าช้าเกินสมควร 
   จึงแนะนำให้ฟ้องต่อศาลปกครองภายใน 1 ปีนับแต่วันที่เกิดเหตุ"
เป็นคดีที่อยู่ในอำนาจของศาลปกครองหรือไม่,   มีข้อพิพาทเกี่ยวกับสัญญารับจ้างก่อสร้างอาคารที่ทำการ อ.บ.ต. เป็นสัญญาทางปกครองหรือไม่ ฟ้องศาลปกครองหรือไม่,  แนะนำว่าสัญญารับจ้างก่อสร้างอาคารที่ทำการ อ.บ.ต. ซึ่งเป็นสถานที่ทำการบริหารราชการและบริการประชาชนที่มาติดต่อราชการ ซึ่งเป็นการบริการสาธารณะ จึงเป็นสัญญาทางปกครองตามมาตรา 3 แห่ง พ.ร.บ. จัดตั้งศาลปกครองฯ เมื่อมีข้อพิพาทเกี่ยวกับสัญญาดังกล่าวต้องฟ้องต่อศาลปกครอง เป็นคดีพิพาทตามมาตรา 9วรรคหนึ่ง(4) ภายใน 5 ปีนับแต่ผิดสัญญา
"ความรู้ทั่วไปเกี่ยวกับศาลปกครอง/คดีปกครอง, ขั้นตอนแก้ไขความเสียหายก่อนฟ้องคดี, การจัดทำคำฟ้องหรือคำร้อง และขั้นตอนที่เกี่ยวข้อง",ผู้ขอคำปรึกษาสอบถามว่า กรณีที่องค์การบริหารส่วนตำบลทำทางสาธารณะรุกล้ำเข้ามาในที่ดินของผู้ขอคำปรึกษา ผู้ขอคำปรึกษาจะสามารถดำเนินการอย่างไรได้บ้าง,กรณีที่องค์การบริหารส่วนตำบลทำทางสาธารณะรุกล้ำเข้ามาในที่ดินของผู้ขอคำปรึกษา จึงได้ให้คำแนะนำว่า ให้ผู้ขอคำปรึกษาทำหนังสือถึงองค์การบริหารส่วนตำบลเพื่อให้ดำเนินการแก้ไขความเดือดร้อนดังกล่าว หากพ้นกำหนดเก้าสิบวันนับแต่วันที่ได้มีหนังสือดังกล่าวแล้ว ไม่ได้รับหนังสือชี้แจงจากหน่วยงาน จึงมีสิทธินำคดีมาฟ้องต่อศาลปกครองภายในเก้าสิบวันนับแต่วันที่พ้นกำหนดระยะเวลาดังกล่าว หรือได้รับแต่เป็นคำชี้แจงที่ผู้ขอคำปรึกษาเห็นว่าไม่มีเหตุผล จึงมีสิทธินำคดีมาฟ้องต่อศาลปกครองภายในเก้าสิบวันนับแต่วันที่รู้หรือควรรู้ถึงเหตุแห่งการฟ้องคดี โดยจะต้องมีคำขอท้ายคำฟ้องให้หน่วยงานทางปกครองหรือเจ้าหน้าที่ของรัฐที่เกี่ยวข้องปฏิบัติตามหน้าที่ภายในเวลาที่ศาลปกครองกำหนด หรือให้หน่วยงานทางปกครองเพิกถอนคำสั่งที่ไม่ชอบด้วยกฎหมายนั้น แล้วแต่กรณี ตามมาตรา 49 ประกอบมาตรา 72 วรรคหนึ่ง แห่งพระราชบัญญัติจัดตั้งศาลปกครองและวิธีพิจารณาคดีปกครอง พ.ศ. 2542
"ความรู้ทั่วไปเกี่ยวกับศาลปกครอง/คดีปกครอง, การจัดทำคำฟ้องหรือคำร้อง และขั้นตอนที่เกี่ยวข้อง",ผู้ขอคำปรึกษาสอบถามว่า กรณีที่ผู้ขอคำปรึกษามีหนังสือขอให้สำนักงานเขตปฏิบัติหน้าที่ในการรื้อถอนรั้วลวดหนามออกไปจากถนนสาธารณะ แต่สำนักงานเขตไม่ดำเนินการใด ๆ ให้ หากผู้ขอคำปรึกษามีความประสงค์จะนำเรื่องดังกล่าวมาฟ้องคดีต่อศาลปกครองจะต้องดำเนินการอย่างไร,"กรณีที่ผู้ขอคำปรึกษามีหนังสือขอให้สำนักงานเขตปฏิบัติหน้าที่ในการรื้อถอนรั้วลวดหนามออกไปจากถนนสาธารณะ แต่สำนักงานเขตไม่ดำเนินการใด ๆ ให้ โดยผู้ขอคำปรึกษามีความประสงค์จะนำเรื่องดังกล่าวมาฟ้องคดีต่อศาลปกครอง จึงได้ให้คำแนะนำว่า กรณีผู้ขอคำปรึกษาเห็นว่าตนเป็นผู้ได้รับความเดือดร้อนหรือเสียหาย หรืออาจจะเดือดร้อนหรือเสียหายโดยมิอาจหลีกเลี่ยงได้อันเนื่องจากการที่หน่วยงานทางปกครองละเลยต่อหน้าที่ตามที่กฎหมายกำหนดให้ต้องปฏิบัติ อันเป็นผู้มีสิทธิฟ้องคดีต่อศาลปกครอง ตามมาตรา 42 วรรคหนึ่ง แห่งพระราชบัญญัติจัดตั้งศาลปกครองและวิธีพิจารณาคดีปกครอง พ.ศ. 2542 ซึ่งกรณีพิพาทตามมาตรา 9 วรรคหนึ่ง (2) โดยจะต้องมีคำขอท้ายคำฟ้องให้ให้หน่วยงานทางปกครองปฏิบัติตามหน้าที่ภายในเวลาที่ศาลปกครองกำหนด ตามมาตรา 72 วรรคหนึ่ง (2) แห่งพระราชบัญญัติฉบับเดียวกัน  
สำหรับการจัดทำคำฟ้องนั้นสามารถดาวน์โหลดแบบฟอร์มคำฟ้องได้จากเว็บไซต์ของศาลปกครอง ซึ่งอาจเขียนคำฟ้องเองด้วยลายมือหรือจะใช้วิธีการพิมพ์ก็ได้ โดยคำฟ้องให้ใช้ถ้อยคำสุภาพและต้องมีรายการครบถ้วนตามมาตรา 45 แห่งพระราชบัญญัติจัดตั้งศาลปกครองและวิธีพิจารณาคดีปกครอง พ.ศ. 2542 ดังนี้ (1) ชื่อและที่อยู่ของผู้ฟ้องคดี (2) ชื่อหน่วยงานทางปกครองหรือเจ้าหน้าที่ของรัฐที่เกี่ยวข้องอันเป็นเหตุแห่งการฟ้องคดี (3) การกระทำทั้งหลายที่เป็นเหตุแห่งการฟ้องคดี พร้อมทั้งข้อเท็จจริงหรือพฤติการณ์ตามสมควรเกี่ยวกับการกระทำดังกล่าว (4) คำขอของผู้ฟ้องคดี และ (5) ลายมือชื่อของผู้ฟ้องคดี และหากผู้ฟ้องคดีประสงค์จะให้บุคคลอื่นเป็นผู้ดำเนินคดีแทน จะต้องจัดทำใบมอบอำนาจพร้อมแนบสำเนาบัตรประจำตัวของผู้มอบอำนาจและผู้รับมอบอำนาจพร้อมปิดอากรแสตมป์มาด้วย โดยต้องจัดทำสำเนาคำฟ้องและสำเนาพยานหลักฐานที่รับรองสำเนาถูกต้องตามจำนวนของผู้ถูกฟ้องคดี ตามข้อ 33 แห่งระเบียบของที่ประชุมใหญ่ตุลาการในศาลปกครองสูงสุด ว่าด้วยวิธีพิจารณาคดีปกครอง พ.ศ. 2543 ซึ่งผู้ขอคำปรึกษาสามารถเลือกยื่นคำฟ้องได้ 3 ช่องทาง คือ (1) ยื่นด้วยตนเองที่ศาลปกครอง (2) ส่งทางไปรษณีย์ลงทะเบียน หรือ (3) ยื่นทางระบบอิเล็กทรอนิกส์ และให้ยื่นฟ้องต่อศาลปกครองชั้นต้นที่ผู้ฟ้องคดีมีภูมิลำเนาหรือที่มูลคดีเกิดขึ้นก็ได้ ตามมาตรา 46 ประกอบมาตรา 47 วรรคหนึ่ง แห่งพระราชบัญญัติฉบับเดียวกัน "
"ความรู้ทั่วไปเกี่ยวกับศาลปกครอง/คดีปกครอง, สอบถามความเคลื่อนไหวคดี",ผู้ขอคำปรึกษาเป็นฝ่ายผู้ฟ้องคดีในคดีหมายเลขดำที่ พม.46/2568 สอบถามว่าคดีดังกล่าวอยู่ในขั้นตอนใด ,ได้ให้คำแนะนำว่า จากการตรวจสอบข้อมูลในระบบงานคดีปกครองแล้วพบว่า คดีหมายเลขดำที่ พม.46/2568 อธิบดีได้มีการจ่ายสำนวนให้องค์คณะและแต่งตั้งตุลาการผู้แถลงคดี รวมทั้งหัวหน้าคณะได้แต่งตั้งตุลาการเจ้าของสำนวน เรียบร้อยแล้ว ซึ่งขณะนี้ตุลาการเจ้าของสำนวนอยู่ระหว่างการตรวจคำฟ้องของผู้ฟ้องคดี
เป็นคดีที่อยู่ในอำนาจของศาลปกครองหรือไม่,สหกรณ์ออมทรัพย์จังหวัดได้นำเงินสหกรณ์ไปใช้โดยไม่เป็นไปตามวัตถุประสงค์ผู้ขอฯจึงร้องเรียนต่อนายทะเบียน นายทะเบียนเห็นว่าสหกรณ์ทำโดยชอบแล้ว ,"ให้ทำคำฟ้องมีรายละเอียดตามมาตรา 45 แห่งพรบ.จัดตั้งศาลปกครองฯ2542 บัญญัติว่า คำฟ้องให้ใช้ถ้อยคำสุภาพและต้องมี
                    (1) ชื่อและที่อยู่ของผู้ฟ้องคดี
                    (2) ชื่อหน่วยงานทางปกครองหรือเจ้าหน้าที่ของรัฐที่เกี่ยวข้องอันเป็นเหตุแห่งการฟ้องคดี
                    (3) การกระทำทั้งหลายที่เป็นเหตุแห่งการฟ้องคดี พร้อมทั้งข้อเท็จจริงหรือพฤติการณ์ตามสมควรเกี่ยวกับการกระทำดังกล่าว
                    (4) คำขอของผู้ฟ้องคดี
                    (5) ลายมือชื่อของผู้ฟ้องคดี ถ้าเป็นการยื่นฟ้องคดีแทนผู้อื่นจะต้องแนบใบมอบฉันทะให้ฟ้องคดีมาด้วย
                   โยเป็นการฟ้องตามมาตรา 49(1) แห่ง
คำฟ้องให้ใช้ถ้อยคำสุภาพและต้องมี
                    (1) ชื่อและที่อยู่ของผู้ฟ้องคดี
                    (2) ชื่อหน่วยงานทางปกครองหรือเจ้าหน้าที่ของรัฐที่เกี่ยวข้องอันเป็นเหตุ
                    คำฟ้องใดมีรายการไม่ครบตามวรรคหนึ่ง หรือไม่ชัดเจน หรือไม่อาจเข้าใจได้ให้สำนักงานศาลปกครองให้คำแนะนำแก่ผู้ฟ้องคดีเพื่อดำเนินการแก้ไขเพิ่มเติมคำฟ้องนั้นให้ถูกต้อง ในการนี้ให้ถือวันที่ยื่นฟ้องครั้งแรกเป็นหลักในการนับอายุความแห่งการฟ้องคดี
                    (3) การกระทำทั้งหลายที่เป็นเหตุแห่งการฟ้องคดี พร้อมทั้งข้อเท็จจริงหรือพฤติการณ์ตามสมควรเกี่ยวกับการกระทำดังกล่าว
                    (4) คำขอของผู้ฟ้องคดี
                    (5) ลายมือชื่อของผู้ฟ้องคดี ถ้าเป็นการยื่นฟ้องคดีแทนผู้อื่นจะต้องแนบใบมอบฉันทะให้ฟ้องคดีมาด้วย
                    คำฟ้องใดมีรายการไม่ครบตามวรรคหนึ่ง หรือไม่ชัดเจน หรือไม่อาจเข้าใจได้ให้สำนักงานศาลปกครองให้คำแนะนำแก่ผู้ฟ้องคดีเพื่อดำเนินการแก้ไขเพิ่มเติมคำฟ้องนั้นให้ถูกต้อง ในการนี้ให้ถือวันที่ยื่นฟ้องครั้งแรกเป็นหลักในการนับอายุความ
                   โดยระยะเวลาการฟ้องเป็นไปตามมาตรา 49 แห่งพรบ.เดียวกัน 49  การฟ้องคดีปกครองจะต้องยื่นฟ้องภายในเก้าสิบวันนับแต่วันที่รู้หรือควรรู้ถึงเหตุแห่งการฟ้องคดี หรือนับแต่วันที่พ้นกำหนดเก้าสิบวันนับแต่วันที่ผู้ฟ้องคดีได้มีหนังสือร้องขอต่อหน่วยงานทางปกครองหรือเจ้าหน้าที่ของรัฐเพื่อให้ปฏิบัติหน้าที่ตามที่กฎหมายกำหนดและไม่ได้รับหนังสือชี้แจงจากหน่วยงานทางปกครอง หรือเจ้าหน้าที่ของรัฐหรือ

 "
"ความรู้ทั่วไปเกี่ยวกับศาลปกครอง/คดีปกครอง, ขั้นตอนแก้ไขความเสียหายก่อนฟ้องคดี","ผู้ขอคำปรึกษาเป็นผู้ได้รับความเดือดร้อนเสียหายจากการที่ผู้ขอคำปรึกษาเข้าร่วมการจัดซื้อจัดจ้างกับหน่วยงานทางปกครอง  ผู้ขอคำปรึกษาเห็นว่า ขอบเขตของงาน"" (Terms of Reference) น่าจะมีลักษณะเป็นการเอื้อประโยชน์ให้ผู้เข้าร่วมการจัดซื้อจัดจ้างฝ่ายหนึ่งฝ่ายใด จึงทำหนังสือยื่นต่อหน่วยงานทางปกครองเพื่อขอให้เผยแพร่ข้อมูลเกี่ยวกับการกำหนดขอบเขตงาน ผู้ขอคำปรึกษาได้รับแจ้งจากเจ้าหน้าที่ของหน่วยงานทางปกครองว่า จะมีหนังสือแจ้งปฏิเสธคำขอของผู้ขอคำปรึกษา จึงขอคำปรึกษาว่าจะฟ้องคดีต่อศาลปกครองเพื่อขอให้เพิกถอนคำสั่งปฏิเสธไม่เปิดเผยข้อมูลตามคำขอของผู้ขอคำปรึกษาได้หรือไม่","1. การยื่นหนังสือนังสือยื่นต่อหน่วยงานทางปกครองเพื่อขอให้เผยแพร่ข้อมูลเกี่ยวกับการกำหนดขอบเขตงานนั้นเป็นการใช้สิทธิตามมาตรา 11 แห่งพ.ร.บ.ข้อมูลข่าวสารของราชการฯ เมื่อปรากฎข้อเท็จจริงว่า หน่วยงานทางปกครองยังไม่ได้ว่าจะมีคำสั่งให้เปิดเผยหรือไม่เปิดเผยข้อมูลนั้น ยังถือไม่ได้ว่าผู้ขอคำปรึกษายังไม่ใช่ผู้ได้รับความเดือดร้อนเสียหายหรืออาจจะเดือดร้อนเสียหายโดยไม่อาจหลีกเลี่ยงได้จากการะทำการหรืองดเว้นการกระทำการของหน่วยงานทางปกครองหรือเจ้าหน้าที่ของรัฐที่จะมีสิทธิฟ้องคดีต่อศาลปกครองตามมาตรา 42 วรรคหนึ่งแห่งพ.ร.บ.จัดตั้งศาลปกครองฯ   หากผู้ขอคำปรึกษานำคดีมาฟ้องคดีต่อศาลปกครอง ศาลอาจจะมีคำสั่งไม่รับคำฟ้องเนื่องจากไม่ใช่ผู้ได้รับความเดือดร้อนเสียหายที่จะมีสิทธิฟ้องคดีต่อศาลปกครองฯ
2. หากปรากฎข้อเท็จจริงว่า หน่วยงานทางปกรองมีหนังสือแจ้งปฏิเสธคำขอข้อมูลของผู้ขอคำปรึกษาตามมาตรา 15 แห่งพ.ร.บ.ข้อมูลข่าวสารของราชการฯ แล้ว ผู้ขอคำปรึกษาไม่เห็นด้วยและประสงค์จะฟ้องคดีต่อศาลปกครองเพื่อขอให้เพิกถอนคำสั่งปฏิเสธดังกล่าวแล้วเป็นดคีพิพาทเกี่ยวกับการที่เจ้าหน้าที่ของรัฐออกคำสั่งโดยไม่ชอบด้วยกฎหมายตามมาตรา 9 วรรคหนึ่ง (1) แห่งพ.ร.บ.จัดตั้งศาลปกครองฯ ทั้งนี้ การฟ้องคดีปกครองในข้อหาดังกล่าวนั้นผู้ขอคำปรึกษาจะต้องดำเนินการแก้ไขความเดือดร้อนเสียหายตามขั้นตอนหรือวิธีการที่กฎหมายกำหนดไว้โดยเฉพาะ พ.ร.บ.ข้อมูลข่าวสารของราชการฯได้กำหนดวิธ๊การแก้ไขความเดือดร้อนเสียหายไว้โดยเฉพาะก่อนการฟ้องคดี ได้แก่ มาตรา 18  ในกรณีที่เจ้าหน้าที่ของรัฐมีคำสั่งมิให้เปิดเผยข้อมูลข่าวสารใดตามมาตรา 14 หรือมาตรา 15 หรือมีคำสั่งไม่รับฟังคำคัดค้านของผู้มีประโยชน์ได้เสียตามมาตรา 17 ผู้นั้นอาจอุทธรณ์ต่อคณะกรรมการวินิจฉัยการเปิดเผยข้อมูลข่าวสารภายในสิบห้าวันนับแต่วันที่ได้รับแจ้งคำสั่งนั้น โดยยื่นคำอุทธรณ์ต่อคณะกรรมการ  ดังนั้น ผู้ขอคำปรึกษาจะต้องยื่นอุทธรณ์คำสั่งปฏิเสธการให้ข้อมูลตามคำขอคณะกรรมการวินิจฉัยการเปิดเผยข้อมูลข่าวสารภายใน 15 วันนับแต่วันที่ได้รับแจ้งคำสั่งนั้น หากได้รับคคำสั่งแล้วไม่เห็นด้วย ผู้ขอคำปรึกษาซึ่งเป็นผู้มีสิทธิฟ้องคดีต่อศาลปกครองตามมาตรา 42 วรรคสองแห่งพ.ร.บ.ข้อมูลข่่าวสารของราชการฯ  ผู้ขอคำปรึกษาจะต้องใช้สิทธิฟ้องคดีต่อศาลปกครองภายใน 90 วันนับแต่วันที่ได้รับแจ้งผลการพิจารณาอุทธรณ์ หรือ วันที่ครบกำหนดระยะเวลาในการพิจารณาอุทธรณ์ 60 วันนับแต่วันที่ได้รับคำอุทธรณ์ตามมาตรา 37 วรรคสองแห่งพ.ร.บ.ข้อมูลข่าวสารของราชการฯ"
"ความรู้ทั่วไปเกี่ยวกับศาลปกครอง/คดีปกครอง, การจัดทำคำฟ้องหรือคำร้อง และขั้นตอนที่เกี่ยวข้อง",ทนายความมีความประสงค์ในการยื่นฟ้องคดีต่อศาลปกครองเกี่ยวกับหลักเกณฑ์ที่กำหนดให้ผู้เข้ารับการอบรมต้องสอบข้อเขียนซึ่งขัดกับ,การสอบใบอนุญาตให้เป็นทนายความ (แบบฝึกหัดงาน) เป็นการสอบเพื่อขอใบอนุญาตเป็นทนาย[ชื่อสมมติ]1 ปี โดยการสอบจะเน้นภาคปฏิบัติ มีทั้งข้อสอบอัตนัยเขียนในแบบพิมพ์ศาล และข้อสอบปรนัย ผู้ที่สอบผ่านจึงจะมีสิทธิไปอบรมและสอบปากเปล่า เพื่อขึ้นทะเบียนเป็นทนายความได้ต่อไปซึ่งหลักเกณฑ์ดังกล่าวมีลักษณะเป็นกฎตามพ.ร.บ.วิธีปฏิบัติราชการทางปกครองปกครองฯ หากผู้ขอคำปรึกษาเห็นว่า เป็นกฎที่ขัดกับพ.ร.บ.ทนายความและมีความประสงค์ในการฟ้องคดีต่อศาลปกครองเพื่อขอให้เพิกถอนกฎดังกล่าวนั้นเป็นคดีพิพาทเกี่ยวกับการที่หน่วยงานทางปกครองหรือเจ้าหน้าที่ของรัฐออกกฎโดยไม่ชอบด้ยกฎหมายตามมาตรา 9 วรรคหนึ่ง (1) แห่งพ.ร.บ.จัดตั้งศาลปกครองฯ  ผู้ขอคำปรึกษาจะต้องฟ้องคดีต่อศาลปกครองภายใน 90 วันนับแต่วันที่รู้ถึงเหตุแห่งารฟ้องคดีตามมาตรา 49 แห่งพ.ร.บ.จัดตั้งศาลปกครองฯซึ่งอาจได้แก่วันที่ประกาศใช้อย่างเป็นทางการตามกฎหมายหรือบุคคลอยู่ภายใต้บังคับของกฎที่พิพาท  ผู้ขอคำปรึกษาต้องจัดทำคำฟ้องตามมาตรา 45 แห่งพ.ร.บ.จัดตั้งศาลปกครองฯ  โดยกำหนดคณะกรรมการสภาทนาย[ชื่อสมมติ]กฎดังกล่าวไม่ชอบด้วยกำหมายเนื่องจากเหตุผลใด  และกำหนดคำขอท้ายคำฟ้องขอเพิกถอนกฎซุ้งเป็นคำขอที่สามารถออกคำบังคับได้ตามมาตรา 72 วรรคหนึ่ง (1) แห่งพ.ร.บ.จัดตั้งศาลปกครองฯ
"ความรู้ทั่วไปเกี่ยวกับศาลปกครอง/คดีปกครอง, ขั้นตอนแก้ไขความเสียหายก่อนฟ้องคดี, การจัดทำคำฟ้องหรือคำร้อง และขั้นตอนที่เกี่ยวข้อง",ผู้ขอคำปรึกษาสอบถามว่า กรณีที่ผู้ขอคำปรึกษามีหนังสือไปยังเทศบาลเพื่อขออนุญาตปรับปรุงอาคาร แต่ยังไม่ได้รับแจ้งผลการพิจารณาดังกล่าว จะต้องดำเนินการอย่างไร,กรณีที่ผู้ขอคำปรึกษามีหนังสือไปยังเทศบาลเพื่อขออนุญาตปรับปรุงอาคาร แต่ยังไม่ได้รับแจ้งผลการพิจารณาดังกล่าว จึงได้ให้คำแนะนำว่า เมื่อผู้ขอคำปรึกษาได้ยื่นหนังสือไปยังเทศบาลเพื่อขออนุญาตปรับปรุงอาคารแล้ว ผู้ขอคำปรึกษาจะต้องตรวจสอบว่าหน่วยงานมีระยะเวลาการพิจารณาเรื่องดังกล่าวเท่าใด หากพ้นกำหนดระยะเวลาดังกล่าวแล้ว ไม่ได้รับหนังสือชี้แจงจากหน่วยงาน จึงมีสิทธินำคดีมาฟ้องต่อศาลปกครองภายในเก้าสิบวันนับแต่วันที่พ้นกำหนดระยะเวลาดังกล่าว หรือได้รับแต่เป็นคำชี้แจงที่ผู้ขอคำปรึกษาเห็นว่าไม่มีเหตุผล ให้ผู้ขอคำปรึกษาอุทธรณ์เรื่องดังกล่าวก่อน จึงมีสิทธินำคดีมาฟ้องต่อศาลปกครองภายในเก้าสิบวันนับแต่วันที่รู้หรือควรรู้ถึงเหตุแห่งการฟ้องคดี โดยจะต้องมีคำขอท้ายคำฟ้องให้หน่วยงานทางปกครองหรือเจ้าหน้าที่ของรัฐที่เกี่ยวข้องปฏิบัติตามหน้าที่ภายในเวลาที่ศาลปกครองกำหนด หรือให้หน่วยงานทางปกครองเพิกถอนคำสั่งที่ไม่ชอบด้วยกฎหมายนั้น แล้วแต่กรณี ตามมาตรา 49 ประกอบมาตรา 72 วรรคหนึ่ง แห่งพระราชบัญญัติจัดตั้งศาลปกครองและวิธีพิจารณาคดีปกครอง พ.ศ. 2542
"ความรู้ทั่วไปเกี่ยวกับศาลปกครอง/คดีปกครอง, การจัดทำคำฟ้องหรือคำร้อง และขั้นตอนที่เกี่ยวข้อง",ผู้ขอคำปรึกษาสอบถามว่า กรณีที่ผู้ขอคำปรึกษาเป็นลูกจ้างตามสัญญาจ้างของหน่วยงานทางปกครอง ซึ่งในสัญญาจ้างดังกล่าวจะครบกำหนดสัญญาในวันที่ 30 กันยายน 2568 โดยผู้ขอคำปรึกษาได้รับแจ้งจากหน่วยงานว่าจะไม่ต่อสัญญาให้ หากผู้ขอคำปรึกษามีความประสงค์จะฟ้องคดีต่อศาลปกครองจะต้องดำเนินการอย่างไร,กรณีที่ผู้ขอคำปรึกษาเป็นลูกจ้างตามสัญญาจ้างของหน่วยงานทางปกครอง ซึ่งในสัญญาจ้างดังกล่าวจะครบกำหนดสัญญาในวันที่ 30 กันยายน 2568 โดยผู้ขอคำปรึกษาได้รับแจ้งจากหน่วยงานว่าจะไม่ต่อสัญญาให้ ซึ่งผู้ขอคำปรึกษามีความประสงค์จะฟ้องคดีต่อศาลปกครอง จึงได้ให้คำแนะนำว่า สัญญาดังกล่าวเป็นสัญญาที่คู่สัญญาอย่างน้อยฝ่ายใดฝ่ายหนึ่งเป็นหน่วยงานทางปกครอง และมีลักษณะที่ให้จัดทำบริการสาธารณะ อันเป็นสัญญาทางปกครอง ตามมาตรา 3 แห่งพระราชบัญญัติจัดตั้งศาลปกครองและวิธีพิจารณาคดีปกครอง พ.ศ. 2542 แต่เนื่องจากสัญญาทางปกครองดังกล่าวมีกำหนดระยะเวลาการจ้างไว้เป็นที่แน่นอน หากครบกำหนดระยะเวลาที่กำหนดไว้ในสัญญาแล้ว หน่วยงานทางปกครองไม่ต่อสัญญาให้ อันเป็นการเลิกจ้างตามที่กำหนดไว้ในสัญญา หน่วยงานทางปกครองจึงไม่ได้เป็นฝ่ายผิดสัญญา แต่อย่างใด แต่หากในสัญญามีการกำหนดเรื่องค่าตอบแทนหรือค่าชดเชยอย่างใดไว้ หากผู้ขอคำปรึกษาไม่ได้รับเงินตอบแทนดังกล่าว และมีความประสงค์จะฟ้องคดีต่อศาลปกครอง ก็สามารถยื่นคำฟ้องต่อศาลได้โดยดาวน์โหลดแบบฟอร์มคำฟ้องจากเว็บไซต์ของศาลปกครอง ซึ่งอาจเขียนคำฟ้องเองด้วยลายมือหรือจะใช้วิธีการพิมพ์ก็ได้ โดยคำฟ้องให้ใช้ถ้อยคำสุภาพและต้องมีรายการครบถ้วนตามมาตรา 45 แห่งพระราชบัญญัติจัดตั้งศาลปกครองและวิธีพิจารณาคดีปกครอง พ.ศ. 2542 ดังนี้ (1) ชื่อและที่อยู่ของผู้ฟ้องคดี (2) ชื่อหน่วยงานทางปกครองหรือเจ้าหน้าที่ของรัฐที่เกี่ยวข้องอันเป็นเหตุแห่งการฟ้องคดี (3) การกระทำทั้งหลายที่เป็นเหตุแห่งการฟ้องคดี พร้อมทั้งข้อเท็จจริงหรือพฤติการณ์ตามสมควรเกี่ยวกับการกระทำดังกล่าว (4) คำขอของผู้ฟ้องคดี และ (5) ลายมือชื่อของผู้ฟ้องคดี และหากผู้ฟ้องคดีประสงค์จะให้บุคคลอื่นเป็นผู้ดำเนินคดีแทน จะต้องจัดทำใบมอบอำนาจพร้อมแนบสำเนาบัตรประจำตัวของผู้มอบอำนาจและผู้รับมอบอำนาจพร้อมปิดอากรแสตมป์มาด้วย โดยต้องจัดทำสำเนาคำฟ้องและสำเนาพยานหลักฐานที่รับรองสำเนาถูกต้องตามจำนวนของผู้ถูกฟ้องคดี ตามข้อ 33 แห่งระเบียบของที่ประชุมใหญ่ตุลาการในศาลปกครองสูงสุด ว่าด้วยวิธีพิจารณาคดีปกครอง พ.ศ. 2543 ซึ่งผู้ขอคำปรึกษาสามารถเลือกยื่นคำฟ้องได้ 3 ช่องทาง คือ (1) ยื่นด้วยตนเองที่ศาลปกครอง (2) ส่งทางไปรษณีย์ลงทะเบียน หรือ (3) ยื่นทางระบบอิเล็กทรอนิกส์ และให้ยื่นฟ้องต่อศาลปกครองชั้นต้นที่ผู้ฟ้องคดีมีภูมิลำเนาหรือที่มูลคดีเกิดขึ้นก็ได้ ตามมาตรา 46 ประกอบมาตรา 47 วรรคหนึ่ง แห่งพระราชบัญญัติฉบับเดียวกัน 
ความรู้ทั่วไปเกี่ยวกับศาลปกครอง/คดีปกครอง,ผู้ขอคำปรึกษาเป็นผู้ประกอบการสอบถามว่า กรณีที่กระทรวงมหาดไทยมีหนังสือถึงสำนักงานตำรวจแห่งชาติเกี่ยวกับการบังคับใช้พระราชบัญญัติการพนัน พุทธศักราช 2478 เพื่อให้ สตช. ปฏิบัติตาม หากผู้ขอคำปรึกษาซึ่งเป็นผู้ประกอบการเห็นว่าตนจะได้รับผลกระทบจากการที่ สตช. ปฏิบัติตามหนังสือของกระทรวงมหาดไทย จะสามารถนำเรื่องมาฟ้องคดีต่อศาลปกครองได้หรือไม่ อย่างไร,กรณีที่กระทรวงมหาดไทยมีหนังสือถึงสำนักงานตำรวจแห่งชาติเกี่ยวกับการบังคับใช้พระราชบัญญัติการพนัน พุทธศักราช 2478 เพื่อให้ สตช. ปฏิบัติตาม หากผู้ขอคำปรึกษาซึ่งเป็นผู้ประกอบการเห็นว่าตนจะได้รับผลกระทบจากการที่ สตช. ปฏิบัติตามหนังสือของกระทรวงมหาดไทย จึงได้ให้คำแนะนำว่า หนังสือของกระทรวงมหาดไทยที่มีถึงสำนักงานตำรวจแห่งชาติเกี่ยวกับการบังคับใช้พระราชบัญญัติการพนัน พุทธศักราช 2478 เพื่อให้ สตช. ปฏิบัติตามนั้น เป็นเพียงแนวทางการปฏิบัติงานระหว่างหน่วยงานทางปกครองด้วยกัน ซึ่งยังไม่ได้มีผลกระทบต่อบุคคลภายนอก อย่างไรก็ตาม หากหน่วยงานทางปกครองดังกล่าวมีการประกาศใช้กฎอย่างใดแล้วเกิดผลกระทบต่อผู้ขอคำปรึกษา ผู้ขอคำปรึกษาจึงมีสิทธินำเรื่องมาฟ้องคดีต่อศาลปกครองเพื่อให้เพิกถอนกฎที่เห็นว่าไม่ชอบด้วยกฎหมายนั้นได้ ตามมาตรา 9 วรรคหนึ่ง (1) แห่งพระราชบัญญัติจัดตั้งศาลปกครองและวิธีพิจารณาคดีปกครอง พ.ศ. 2542 
"ความรู้ทั่วไปเกี่ยวกับศาลปกครอง/คดีปกครอง, การจัดทำคำฟ้องหรือคำร้อง และขั้นตอนที่เกี่ยวข้อง",ผู้ขอคำปรึกษาสอบถามว่า กรณีที่เห็นว่าสำนักงานประกันสังคมกำหนดหลักเกณฑ์การคืนเงินประกันสังคมเมื่อผู้ส่งเงินต้องมีอายุครบ 55 ปี เป็นการกำหนดหลักเกณฑ์ที่ไม่เป็นธรรม เนื่องจากตนมีความจำเป็นต้องใช้เงินแต่ไม่สามารถนำเงินดังกล่าวมาใช้ได้ โดยมีความประสงค์จะฟ้องขอให้เพิกถอนกฎหมายที่กำหนดหลักเกณฑ์ดังกล่าว และฟ้องขอให้สำนักงานประกันสังคมคืนเงินที่ตนส่งจ่ายให้กับประกันสังคม จะต้องดำเนินการอย่างไร,"กรณีที่ผู้ขอคำปรึกษาเห็นว่า สำนักงานประกันสังคมกำหนดหลักเกณฑ์การคืนเงินประกันสังคมเมื่อผู้ส่งเงินต้องมีอายุครบ 55 ปี เป็นการกำหนดหลักเกณฑ์ที่ไม่เป็นธรรม เนื่องจากตนมีความจำเป็นต้องใช้เงินแต่ไม่สามารถนำเงินดังกล่าวมาใช้ได้ โดยมีความประสงค์จะฟ้องขอให้เพิกถอนกฎหมายที่กำหนดหลักเกณฑ์ดังกล่าว และฟ้องขอให้สำนักงานประกันสังคมคืนเงินที่ตนส่งจ่ายให้กับประกันสังคม จึงได้ให้คำแนะนำว่า หากผู้ขอคำปรึกษาเห็นว่าตนเป็นผู้ได้รับความเดือดร้อนหรือเสียหาย หรืออาจจะเดือดร้อนหรือเสียหายโดยมิอาจหลีกเลี่ยงได้อันเนื่องจากการกระทำของหน่วยงานทางปกครองหรือเจ้าหน้าที่ของรัฐ อันเป็นผู้มีสิทธิฟ้องคดีต่อศาลปกครอง ตามมาตรา 42 วรรคหนึ่ง แห่งพระราชบัญญัติจัดตั้งศาลปกครองและวิธีพิจารณาคดีปกครอง พ.ศ. 2542 ซึ่งเป็นกรณีพิพาทตามมาตรา 9 วรรคหนึ่ง (1) โดยจะต้องมีคำขอท้ายคำฟ้องให้ศาลเพิกถอนกฎที่ไม่ชอบด้วยกฎหมายนั้น ตามมาตรา 72 วรรคหนึ่ง (1) แห่งพระราชบัญญัติฉบับเดียวกัน 
สำหรับการจัดทำคำฟ้องนั้นสามารถดาวน์โหลดแบบฟอร์มคำฟ้องได้จากเว็บไซต์ของศาลปกครอง ซึ่งอาจเขียนคำฟ้องเองด้วยลายมือหรือจะใช้วิธีการพิมพ์ก็ได้ โดยคำฟ้องให้ใช้ถ้อยคำสุภาพและต้องมีรายการครบถ้วนตามมาตรา 45 แห่งพระราชบัญญัติจัดตั้งศาลปกครองและวิธีพิจารณาคดีปกครอง พ.ศ. 2542 ดังนี้ (1) ชื่อและที่อยู่ของผู้ฟ้องคดี (2) ชื่อหน่วยงานทางปกครองหรือเจ้าหน้าที่ของรัฐที่เกี่ยวข้องอันเป็นเหตุแห่งการฟ้องคดี (3) การกระทำทั้งหลายที่เป็นเหตุแห่งการฟ้องคดี พร้อมทั้งข้อเท็จจริงหรือพฤติการณ์ตามสมควรเกี่ยวกับการกระทำดังกล่าว (4) คำขอของผู้ฟ้องคดี และ (5) ลายมือชื่อของผู้ฟ้องคดี และหากผู้ฟ้องคดีประสงค์จะให้บุคคลอื่นเป็นผู้ดำเนินคดีแทน จะต้องจัดทำใบมอบอำนาจพร้อมแนบสำเนาบัตรประจำตัวของผู้มอบอำนาจและผู้รับมอบอำนาจพร้อมปิดอากรแสตมป์มาด้วย โดยต้องจัดทำสำเนาคำฟ้องและสำเนาพยานหลักฐานที่รับรองสำเนาถูกต้องตามจำนวนของผู้ถูกฟ้องคดี ตามข้อ 33 แห่งระเบียบของที่ประชุมใหญ่ตุลาการในศาลปกครองสูงสุด ว่าด้วยวิธีพิจารณาคดีปกครอง พ.ศ. 2543 ซึ่งผู้ขอคำปรึกษาสามารถเลือกยื่นคำฟ้องได้ 3 ช่องทาง คือ (1) ยื่นด้วยตนเองที่ศาลปกครอง (2) ส่งทางไปรษณีย์ลงทะเบียน หรือ (3) ยื่นทางระบบอิเล็กทรอนิกส์ และให้ยื่นฟ้องต่อศาลปกครองชั้นต้นที่ผู้ฟ้องคดีมีภูมิลำเนาหรือที่มูลคดีเกิดขึ้นก็ได้ ตามมาตรา 46 ประกอบมาตรา 47 วรรคหนึ่ง แห่งพระราชบัญญัติฉบับเดียวกัน 
ทั้งนี้ หากเป็นการฟ้องให้ใช้เงินหรือส่งมอบทรัพย์สิน ให้เสียค่าธรรมเนียมศาลตามทุนทรัพย์ในอัตราตามที่ระบุไว้ในตาราง 1 ท้ายประมวลกฎหมายวิธีพิจารณาความแพ่ง โดยกรณีทุนทรัพย์ไม่เกิน 50 ล้านบาท ให้เสียค่าธรรมเนียมศาลร้อยละ 2 แต่ไม่เกิน 200,000 บาท ส่วนที่เกิน 50 ล้านบาทขึ้นไป ให้เสียค่าธรรมเนียมศาล ร้อยละ 0.1 ตามมาตรา 45 วรรคสี่ แห่งพระราชบัญญัติจัดตั้งศาลปกครองและวิธีพิจารณาคดีปกครอง พ.ศ. 2542 และหากผู้ฟ้องคดีไม่มีทรัพย์สินเพียงพอที่จะเสียค่าธรรมเนียมศาล หรือถ้าไม่ได้รับยกเว้นค่าธรรมเนียมศาลจะได้รับความเดือดร้อนเกินสมควร ให้ยื่นคำขอยกเว้นค่าธรรมเนียมศาล พร้อมแสดงหลักฐานประกอบต่อศาล ตามข้อ 41/1 ประกอบข้อ 41/2 แห่งระเบียบของที่ประชุมใหญ่ตุลาการในศาลปกครองสูงสุด ว่าด้วยวิธีพิจารณาคดีปกครอง พ.ศ. 2543"
"ความรู้ทั่วไปเกี่ยวกับศาลปกครอง/คดีปกครอง, การจัดทำคำฟ้องหรือคำร้อง และขั้นตอนที่เกี่ยวข้อง",ผู้ขอคำปรึกษาสอบถามว่า กรณีที่ผู้ขอคำปรึกษาเป็นลูกจ้างตามสัญญาจ้างของหน่วยงานทางปกครอง ซึ่งในสัญญาจ้างดังกล่าวจะครบกำหนดสัญญาในวันที่ 30 กันยายน 2568 โดยผู้ขอคำปรึกษาได้รับแจ้งจากหน่วยงานว่าจะไม่ต่อสัญญาให้ ผู้ขอคำปรึกษาจะสามารถดำเนินการอย่างไรได้บ้าง,กรณีที่ผู้ขอคำปรึกษาเป็นลูกจ้างตามสัญญาจ้างของหน่วยงานทางปกครอง ซึ่งในสัญญาจ้างดังกล่าวจะครบกำหนดสัญญาในวันที่ 30 กันยายน 2568 โดยผู้ขอคำปรึกษาได้รับแจ้งจากหน่วยงานว่าจะไม่ต่อสัญญาให้ จึงได้ให้คำแนะนำว่า สัญญาดังกล่าวเป็นสัญญาที่คู่สัญญาอย่างน้อยฝ่ายใดฝ่ายหนึ่งเป็นหน่วยงานทางปกครอง และมีลักษณะที่ให้จัดทำบริการสาธารณะ อันเป็นสัญญาทางปกครอง ตามมาตรา 3 แห่งพระราชบัญญัติจัดตั้งศาลปกครองและวิธีพิจารณาคดีปกครอง พ.ศ. 2542 แต่เนื่องจากสัญญาทางปกครองดังกล่าวมีกำหนดระยะเวลาการจ้างไว้เป็นที่แน่นอน หากครบกำหนดระยะเวลาที่กำหนดไว้ในสัญญาแล้ว หน่วยงานทางปกครองไม่ต่อสัญญาให้ อันเป็นการเลิกจ้างตามที่กำหนดไว้ในสัญญา หน่วยงานทางปกครองจึงไม่ได้เป็นฝ่ายผิดสัญญา แต่อย่างใด แต่หากในสัญญามีการกำหนดเรื่องค่าตอบแทนหรือค่าชดเชยอย่างใดไว้ หากผู้ขอคำปรึกษาไม่ได้รับเงินตอบแทนดังกล่าว และมีความประสงค์จะฟ้องคดีต่อศาลปกครอง ก็สามารถยื่นคำฟ้องต่อศาลได้โดยดาวน์โหลดแบบฟอร์มคำฟ้องจากเว็บไซต์ของศาลปกครอง ซึ่งอาจเขียนคำฟ้องเองด้วยลายมือหรือจะใช้วิธีการพิมพ์ก็ได้ โดยคำฟ้องให้ใช้ถ้อยคำสุภาพและต้องมีรายการครบถ้วนตามมาตรา 45 แห่งพระราชบัญญัติจัดตั้งศาลปกครองและวิธีพิจารณาคดีปกครอง พ.ศ. 2542 ดังนี้ (1) ชื่อและที่อยู่ของผู้ฟ้องคดี (2) ชื่อหน่วยงานทางปกครองหรือเจ้าหน้าที่ของรัฐที่เกี่ยวข้องอันเป็นเหตุแห่งการฟ้องคดี (3) การกระทำทั้งหลายที่เป็นเหตุแห่งการฟ้องคดี พร้อมทั้งข้อเท็จจริงหรือพฤติการณ์ตามสมควรเกี่ยวกับการกระทำดังกล่าว (4) คำขอของผู้ฟ้องคดี และ (5) ลายมือชื่อของผู้ฟ้องคดี และหากผู้ฟ้องคดีประสงค์จะให้บุคคลอื่นเป็นผู้ดำเนินคดีแทน จะต้องจัดทำใบมอบอำนาจพร้อมแนบสำเนาบัตรประจำตัวของผู้มอบอำนาจและผู้รับมอบอำนาจพร้อมปิดอากรแสตมป์มาด้วย โดยต้องจัดทำสำเนาคำฟ้องและสำเนาพยานหลักฐานที่รับรองสำเนาถูกต้องตามจำนวนของผู้ถูกฟ้องคดี ตามข้อ 33 แห่งระเบียบของที่ประชุมใหญ่ตุลาการในศาลปกครองสูงสุด ว่าด้วยวิธีพิจารณาคดีปกครอง พ.ศ. 2543 ซึ่งผู้ขอคำปรึกษาสามารถเลือกยื่นคำฟ้องได้ 3 ช่องทาง คือ (1) ยื่นด้วยตนเองที่ศาลปกครอง (2) ส่งทางไปรษณีย์ลงทะเบียน หรือ (3) ยื่นทางระบบอิเล็กทรอนิกส์ และให้ยื่นฟ้องต่อศาลปกครองชั้นต้นที่ผู้ฟ้องคดีมีภูมิลำเนาหรือที่มูลคดีเกิดขึ้นก็ได้ ตามมาตรา 46 ประกอบมาตรา 47 วรรคหนึ่ง แห่งพระราชบัญญัติฉบับเดียวกัน
"ความรู้ทั่วไปเกี่ยวกับศาลปกครอง/คดีปกครอง, การจัดทำคำฟ้องหรือคำร้อง และขั้นตอนที่เกี่ยวข้อง",ผู้ขอคำปรึกษาสอบถามว่า กรณีที่เห็นว่าข้อ 6 ของข้อบังคับสภาทนาย[ชื่อสมมติ]พ.ศ. 2535 ขัดต่อมาตรา 38 แห่งพระราชบัญญัติทนายความ พ.ศ. 2528 หากมีความประสงค์จะฟ้องคดีต่อศาลปกครอง จะต้องดำเนินการอย่างไร,"กรณีที่ผู้ขอคำปรึกษาเห็นว่าข้อ 6 ของข้อบังคับสภาทนาย[ชื่อสมมติ]พ.ศ. 2535 ขัดต่อมาตรา 38 แห่งพระราชบัญญัติทนายความ พ.ศ. 2528 หากมีความประสงค์จะฟ้องคดีต่อศาลปกครอง จึงได้ให้คำแนะนำว่า เนื่องจากข้อบังคับสภาทนาย[ชื่อสมมติ]พ.ศ. 2535 ได้มีการประกาศใช้เป็นเวลานานแล้ว ซึ่งในการฟ้องคดีต่อศาลปกครองจะต้องยื่นฟ้องคดีภายในเก้าสิบวันนับแต่วันที่รู้หรือควรรู้ถึงเหตุแห่งการฟ้องคดี ตามมาตรา 49 แห่งพระราชบัญญัติจัดตั้งศาลปกครองและวิธีพิจารณาคดีปกครอง พ.ศ. 2542  อย่างไรก็ตาม หากเป็นการฟ้องคดีที่ยื่นพ้นกำหนดเวลาการฟ้องคดี ถ้าศาลปกครองเห็นว่าคดีที่ยื่นฟ้องจะเป็นประโยชน์แก่ส่วนรวม ศาลปกครองจะรับไว้พิจาณณาก็ได้ ตามมาตรา 52 แห่งพระราชบัญญัติฉบับเดียวกัน ทั้งนี้ หากผู้ขอคำปรึกษาเห็นว่าตนเป็นผู้ได้รับความเดือดร้อนหรือเสียหาย หรืออาจจะเดือดร้อนหรือเสียหาย
โดยมิอาจหลีกเลี่ยงได้อันเนื่องจากการที่หน่วยงานทางปกครองกระทำการโดยไม่ชอบด้วยกฎหมายในการออกกฎตามมาตรา 9 วรรคหนึ่ง (1) แห่งพระราชบัญญัติฉบับเดียวกัน จะต้องฟ้องขอให้ศาลปกครองเพิกถอนกฎที่ไม่ชอบด้วยกฎหมายนั้น ตามมาตรา 72 วรรคหนึ่ง (1) แห่งพระราชบัญญัติฉบับเดียวกัน 
สำหรับการจัดทำคำฟ้องนั้นสามารถดาวน์โหลดแบบฟอร์มคำฟ้องได้จากเว็บไซต์ของศาลปกครอง ซึ่งอาจเขียนคำฟ้องเองด้วยลายมือหรือจะใช้วิธีการพิมพ์ก็ได้ โดยคำฟ้องให้ใช้ถ้อยคำสุภาพและต้องมีรายการครบถ้วนตามมาตรา 45 แห่งพระราชบัญญัติจัดตั้งศาลปกครองและวิธีพิจารณาคดีปกครอง พ.ศ. 2542 ดังนี้ (1) ชื่อและที่อยู่ของผู้ฟ้องคดี (2) ชื่อหน่วยงานทางปกครองหรือเจ้าหน้าที่ของรัฐที่เกี่ยวข้องอันเป็นเหตุแห่งการฟ้องคดี (3) การกระทำทั้งหลายที่เป็นเหตุแห่งการฟ้องคดี พร้อมทั้งข้อเท็จจริงหรือพฤติการณ์ตามสมควรเกี่ยวกับการกระทำดังกล่าว (4) คำขอของผู้ฟ้องคดี และ (5) ลายมือชื่อของผู้ฟ้องคดี และหากผู้ฟ้องคดีประสงค์จะให้บุคคลอื่นเป็นผู้ดำเนินคดีแทน จะต้องจัดทำใบมอบอำนาจพร้อมแนบสำเนาบัตรประจำตัวของผู้มอบอำนาจและผู้รับมอบอำนาจพร้อมปิดอากรแสตมป์มาด้วย โดยต้องจัดทำสำเนาคำฟ้องและสำเนาพยานหลักฐานที่รับรองสำเนาถูกต้องตามจำนวนของผู้ถูกฟ้องคดี ตามข้อ 33 แห่งระเบียบของที่ประชุมใหญ่ตุลาการในศาลปกครองสูงสุด ว่าด้วยวิธีพิจารณาคดีปกครอง พ.ศ. 2543 ซึ่งผู้ขอคำปรึกษาสามารถเลือกยื่นคำฟ้องได้ 3 ช่องทาง คือ (1) ยื่นด้วยตนเองที่ศาลปกครอง (2) ส่งทางไปรษณีย์ลงทะเบียน หรือ (3) ยื่นทางระบบอิเล็กทรอนิกส์ และให้ยื่นฟ้องต่อศาลปกครองชั้นต้นที่ผู้ฟ้องคดีมีภูมิลำเนาหรือที่มูลคดีเกิดขึ้นก็ได้ ตามมาตรา 46 ประกอบมาตรา 47 วรรคหนึ่ง แห่งพระราชบัญญัติฉบับเดียวกัน "
"ความรู้ทั่วไปเกี่ยวกับศาลปกครอง/คดีปกครอง, เป็นคดีที่อยู่ในอำนาจของศาลปกครองหรือไม่",กรณีคนเลี้ยงวัวได้ถูกร้องเรียนว่าสร้างความเดือดร้อนให้ประชาชนในบริเวณนั้น ทั้งที่ได้ย้ายวัวออกจากบริเวณนั้นไปแล้ว จึงอยากทราบว่าจะดำเนินการอย่างไรได้บ้าง,กรณีคนเลี้ยงวัวได้ถูกร้องเรียนว่าสร้างความเดือดร้อนให้ประชาชนในบริเวณนั้น ถ้าเจ้าหน้าที่ได้ออกคำสั่งทางปกครองแล้วผู้รับคำสั่งทางปกครองไม่เห็นด้วยก็สามารถยื่นอุทธรณ์คำสั่งดังกล่าวได้ ถ้าผลการพิจารณาอุทธรณ์ไม่เป็นที่พอใจก็ใช้สิทธิยื่นฟ้องคดีต่อศาลปกครอง 
เป็นคดีที่อยู่ในอำนาจของศาลปกครองหรือไม่,บริษัทเข้าทำสัญญารับจ้างก่อสร้างอาคารหอพักนักเรียนโรงเรียนของรัฐแห่งหนึ่ง เป็นโรงเรียนประจำ แต่ยังไม่ได้รับค่าจ้างจึงจะฟ้องศาลปกครองให้ช่วยเหลือได้หรือไม่,"พระราชบัญญัติจัดตั้งศาลปกครองและวิธีพิจารณาคดีปกครอง พ.ศ. 2542 มาตรา 3 สัญญาทางปกครอง หมายความรวมถึง สัญญาที่คู่สัญญาอย่างน้อยฝ่ายใดฝ่ายหนึ่งเป็นหน่วยงานทางปกครองและมีลักษณะเป็นสัญญาสัมปทาน สัญญาที่ให้จัดทำบริการสาธารณะ หรือจัดให้มีสิ่งสาธารณูปโภคหรือแสวงประโยชน์จากทรัพยากรธรรมชาติ 
มาตรา	9  ศาลปกครองมีอำนาจพิจารณาพิพากษาหรือมีคำสั่งในเรื่องดังต่อไปนี้
(4)	คดีพิพาทเกี่ยวกับสัญญาทางปกครอง 	
ดังนั้น สัญญาทางปกครอง หมายความรวมถึง สัญญาที่คู่สัญญาอย่างน้อยฝ่ายใดฝ่ายหนึ่งเป็นหน่วยงานทางปกครองและมีลักษณะเป็นสัญญาสัมปทาน สัญญาที่ให้จัดทำบริการสาธารณะ หรือจัดให้มีสิ่งสาธารณูปโภคหรือแสวงประโยชน์จากทรัพยากรธรรมชาติ
กรณีเป็นเรื่องเกี่ยวกับสัญญารับจ้างก่อสร้างอาคารหอพักนักเรียน คู่สัญญาฝ่ายหโรงเรียนของรัฐซ่งเป็นหน่วยงานทางปกครอง และสัญญาจ้างดังกล่าวเป็นสัญญาจ้างก่อสร้างอาคารซึ่งใช้ในกิจการของโรงเรียนซึ่งเป็นการนำมาใช้ในการจัดทำบริการสาธารณะ สัญญาจ้างดังกล่าวจึงเป็นสัญญาทางปกครอง คดีนี้จึงอยู่ในอำนาจพิจารณาพิพากษาของศาลปกครอง ตาม ม.9 วรรคหนึ่ง (4) แห่ง พรบ.จัดตั้งฯ ที่ศาลปกครองรับไว้พิจารณาพิพากษาได้ และมีอายุความ 5 ปีนับแต่วันที่มีการผิดสัญญาจ้างนั้น ท่านสามารถนำเรื่องดังกล่าวฟ้องศาลปกครองได้


"
เป็นคดีที่อยู่ในอำนาจของศาลปกครองหรือไม่,ตนได้ทำการเช่าที่ดินของ อบจ.เพื่อปลูกสร้างบ้านพักอาศัย ต่อมา อบจ.จะขับไล่ให้ออกจากพื้นที่ จึงจะฟ้องศาลปกครองให้ได้เช่าที่ดินอยู่ต่อไปได้ ฟ้องศาลได้หรือไม่,"พระราชบัญญัติจัดตั้งศาลปกครองและวิธีพิจารณาคดีปกครอง พ.ศ. 2542 ศาลปกครองมีอำนาจพิจารณาพิพากษาหรือมีคำสั่งในเรื่องดังต่อไปนี้ มาตรา 3 สัญญาทางปกครอง หมายความรวมถึง สัญญาที่คู่สัญญาอย่างน้อยฝ่ายใดฝ่ายหนึ่งเป็นหน่วยงานทางปกครองและมีลักษณะเป็นสัญญาสัมปทาน สัญญาที่ให้จัดทำบริการสาธารณะ หรือจัดให้มีสิ่งสาธารณูปโภคหรือแสวงประโยชน์จากทรัพยากรธรรมชาติ 
มาตรา	9  ศาลปกครองมีอำนาจพิจารณาพิพากษาหรือมีคำสั่งในเรื่องดังต่อไปนี้
(1)	คดีพิพาทเกี่ยวกับการที่หน่วยงานทางปกครองหรือเจ้าหน้าที่ของรัฐกระทำการ
โดยไม่ชอบด้วยกฎหมายไม่ว่าจะเป็นการออกกฎ คำสั่งหรือการกระทำอื่นใดเนื่องจากกระทำโดยไม่มีอำนาจหรือนอกเหนืออำนาจหน้าที่หรือไม่ถูกต้องตามกฎหมาย หรือโดยไม่ถูกต้องตามรูปแบบขั้นตอน หรือวิธีการอันเป็นสาระสำคัญที่กำหนดไว้สำหรับการกระทำนั้น หรือโดยไม่สุจริต หรือมีลักษณะเป็นการเลือกปฏิบัติที่ไม่เป็นธรรม หรือมีลักษณะเป็นการสร้างขั้นตอนโดยไม่จำเป็นหรือสร้างภาระให้เกิดกับประชาชนเกินสมควร หรือเป็นการใช้ดุลพินิจโดยมิชอบ 	(2)	คดีพิพาทเกี่ยวกับการที่หน่วยงานทางปกครองหรือเจ้าหน้าที่ของรัฐละเลยต่อหน้าที่ตามที่กฎหมายกำหนดให้ต้องปฏิบัติ หรือปฏิบัติหน้าที่ดังกล่าวล่าช้าเกินสมควร 	(3)	คดีพิพาทเกี่ยวกับการกระทำละเมิดหรือความรับผิดอย่างอื่นของหน่วยงานทางปกครองหรือเจ้าหน้าที่ของรัฐอันเกิดจากการใช้อำนาจตามกฎหมาย หรือจากกฎ คำสั่งทางปกครอง หรือคำสั่งอื่น หรือจากการละเลยต่อหน้าที่ตามที่กฎหมายกำหนดให้ต้องปฏิบัติหรือปฏิบัติหน้าที่ดังกล่าวล่าช้าเกินสมควร 	(4)	คดีพิพาทเกี่ยวกับสัญญาทางปกครอง 	(5)	คดีที่มีกฎหมายกำหนดให้หน่วยงานทางปกครองหรือเจ้าหน้าที่ของรัฐฟ้องคดีต่อศาลเพื่อบังคับให้บุคคลต้องกระทำหรือละเว้นกระทำอย่างหนึ่งอย่างใด 	(6)	คดีพิพาทเกี่ยวกับเรื่องที่มีกฎหมายกำหนดให้อยู่ในเขตอำนาจศาลปกครอง
	เรื่องดังต่อไปนี้ไม่อยู่ในอำนาจศาลปกครอง (1)	การดำเนินการเกี่ยวกับวินัยทหาร 	(2)	การดำเนินการของคณะกรรมการตุลาการตามกฎหมายว่าด้วยระเบียบข้าราชการฝ่ายตุลาการ	(3)	คดีที่อยู่ในอำนาจของศาลเยาวชนและครอบครัว ศาลแรงงาน ศาลภาษีอากร ศาลทรัพย์สินทางปัญญาและการค้าระหว่างประเทศ ศาลล้มละลาย หรือศาลชำนัญพิเศษอื่น 
แนะนำว่า สัญญาทางปกครอง หมายความรวมถึง สัญญาที่คู่สัญญาอย่างน้อยฝ่ายใดฝ่ายหนึ่งเป็นหน่วยงานทางปกครองและมีลักษณะเป็นสัญญาสัมปทาน สัญญาที่ให้จัดทำบริการสาธารณะ หรือจัดให้มีสิ่งสาธารณูปโภคหรือแสวงประโยชน์จากทรัพยากรธรรมชาติ กรณีสัญญาเช่าที่ดินของ อบจ.เพื่อปลูกสร้างบ้านพักอาศัย กับหน่วยงานรัฐ แม้ว่าจะเป็นสัญญาที่คู่สัญญาอย่างน้อยฝ่ายหนึ่งเป็นหน่วยงานทางปกครอง แต่สัญญาดังกล่าวไม่มีลักษณะเป็นสัญญาสัมปทาน สัญญาที่ให้จัดทำบริการสาธารณะ หรือจัดให้มีสิ่งสาธารณูปโภคหรือแสวงประโยชน์จากทรัพยากรธรรมชาติ สัญญาดังกล่าวจึงไม่เป็นสัญญาทางปกครองตามมาตรา 9 วรรคหนึ่ง (4) แต่เป็นสัญญาในทางแพ่ง ไม่อาจฟ้องศาลปกครองได้
"
เป็นคดีที่อยู่ในอำนาจของศาลปกครองหรือไม่,ตนเป็นชาวนานำข้าวไปขายที่โรงสีข้าว แต่ยังไม่ได้รับเงินเต็มจำนวน โรงสีผัดผ่อนให้มารับเงินวันหลัง ปัจจุบันยังไม่ได้รับเงินจากโรงสี ทำอย่างไร,"พระราชบัญญัติจัดตั้งศาลปกครองและวิธีพิจารณาคดีปกครอง พ.ศ. 2542 ศาลปกครองมีอำนาจพิจารณาพิพากษาหรือมีคำสั่งในเรื่องดังต่อไปนี้ มาตรา 3 สัญญาทางปกครอง หมายความรวมถึง สัญญาที่คู่สัญญาอย่างน้อยฝ่ายใดฝ่ายหนึ่งเป็นหน่วยงานทางปกครองและมีลักษณะเป็นสัญญาสัมปทาน สัญญาที่ให้จัดทำบริการสาธารณะ หรือจัดให้มีสิ่งสาธารณูปโภคหรือแสวงประโยชน์จากทรัพยากรธรรมชาติ 
มาตรา	9  ศาลปกครองมีอำนาจพิจารณาพิพากษาหรือมีคำสั่งในเรื่องดังต่อไปนี้
(1)	คดีพิพาทเกี่ยวกับการที่หน่วยงานทางปกครองหรือเจ้าหน้าที่ของรัฐกระทำการ
โดยไม่ชอบด้วยกฎหมายไม่ว่าจะเป็นการออกกฎ คำสั่งหรือการกระทำอื่นใดเนื่องจากกระทำโดยไม่มีอำนาจหรือนอกเหนืออำนาจหน้าที่หรือไม่ถูกต้องตามกฎหมาย หรือโดยไม่ถูกต้องตามรูปแบบขั้นตอน หรือวิธีการอันเป็นสาระสำคัญที่กำหนดไว้สำหรับการกระทำนั้น หรือโดยไม่สุจริต หรือมีลักษณะเป็นการเลือกปฏิบัติที่ไม่เป็นธรรม หรือมีลักษณะเป็นการสร้างขั้นตอนโดยไม่จำเป็นหรือสร้างภาระให้เกิดกับประชาชนเกินสมควร หรือเป็นการใช้ดุลพินิจโดยมิชอบ 	(2)	คดีพิพาทเกี่ยวกับการที่หน่วยงานทางปกครองหรือเจ้าหน้าที่ของรัฐละเลยต่อหน้าที่ตามที่กฎหมายกำหนดให้ต้องปฏิบัติ หรือปฏิบัติหน้าที่ดังกล่าวล่าช้าเกินสมควร 	(3)	คดีพิพาทเกี่ยวกับการกระทำละเมิดหรือความรับผิดอย่างอื่นของหน่วยงานทางปกครองหรือเจ้าหน้าที่ของรัฐอันเกิดจากการใช้อำนาจตามกฎหมาย หรือจากกฎ คำสั่งทางปกครอง หรือคำสั่งอื่น หรือจากการละเลยต่อหน้าที่ตามที่กฎหมายกำหนดให้ต้องปฏิบัติหรือปฏิบัติหน้าที่ดังกล่าวล่าช้าเกินสมควร 	(4)	คดีพิพาทเกี่ยวกับสัญญาทางปกครอง 	(5)	คดีที่มีกฎหมายกำหนดให้หน่วยงานทางปกครองหรือเจ้าหน้าที่ของรัฐฟ้องคดีต่อศาลเพื่อบังคับให้บุคคลต้องกระทำหรือละเว้นกระทำอย่างหนึ่งอย่างใด 	(6)	คดีพิพาทเกี่ยวกับเรื่องที่มีกฎหมายกำหนดให้อยู่ในเขตอำนาจศาลปกครอง
	เรื่องดังต่อไปนี้ไม่อยู่ในอำนาจศาลปกครอง (1)	การดำเนินการเกี่ยวกับวินัยทหาร 	(2)	การดำเนินการของคณะกรรมการตุลาการตามกฎหมายว่าด้วยระเบียบข้าราชการฝ่ายตุลาการ	(3)	คดีที่อยู่ในอำนาจของศาลเยาวชนและครอบครัว ศาลแรงงาน ศาลภาษีอากร ศาลทรัพย์สินทางปัญญาและการค้าระหว่างประเทศ ศาลล้มละลาย หรือศาลชำนัญพิเศษอื่น 
สัญญาทางปกครอง หมายความรวมถึง สัญญาที่คู่สัญญาอย่างน้อยฝ่ายใดฝ่ายหนึ่งเป็นหน่วยงานทางปกครองและมีลักษณะเป็นสัญญาสัมปทาน สัญญาที่ให้จัดทำบริการสาธารณะ หรือจัดให้มีสิ่งสาธารณูปโภคหรือแสวงประโยชน์จากทรัพยากรธรรมชาติ กรณีการนำข้าวไปขายที่โรงสีข้าว แต่ยังไม่ได้รับเงิน  เป็นสัญญาซื้อขายระหว่างเอกชนด้วยกัน   ไม่ได้เป็นสัญญาที่คู่สัญญาอย่างน้อยฝ่ายหนึ่งเป็นหน่วยงานทางปกครอง และสัญญาดังกล่าวไม่มีลักษณะเป็นสัญญาสัมปทาน สัญญาที่ให้จัดทำบริการสาธารณะ หรือจัดให้มีสิ่งสาธารณูปโภคหรือแสวงประโยชน์จากทรัพยากรธรรมชาติ  สัญญาดังกล่าวจึงไม่เป็นสัญญาทางปกครองตามมาตรา 9 วรรคหนึ่ง (4) แต่เป็นสัญญาในทางแพ่ง ไม่อาจฟ้องศาลปกครองได้
"
เป็นคดีที่อยู่ในอำนาจของศาลปกครองหรือไม่,ตนจะฟ้องสำนักงานตำรวจแห่งชาติที่ทำให้ปู่ของตนเสียชีวิตในการปฏิบัติหน้าที่ตำรวจ จะฟ้องเรียกร้องค่าเสียหาย ฟ้องศาลปกครองได้หรือไม่,"พระราชบัญญัติจัดตั้งศาลปกครองและวิธีพิจารณาคดีปกครอง พ.ศ. 2542 ศาลปกครองมีอำนาจพิจารณาพิพากษาหรือมีคำสั่งในเรื่องดังต่อไปนี้มาตรา 9 วรรคหนึ่ง (3) คดีพิพาทเกี่ยวกับการกระทำละเมิดหรือความรับผิดอย่างอื่นของหน่วยงานทางปกครองหรือเจ้าหน้าที่ของรัฐอันเกิดจากการใช้อำนาจตามกฎหมาย หรือจากกฎ คำสั่งทางปกครอง หรือคำสั่งอื่น หรือจากการละเลยต่อหน้าที่ตามที่กฎหมายกำหนดให้ต้องปฏิบัติหรือปฏิบัติหน้าที่ดังกล่าวล่าช้าเกินสมควร 
ท่านได้รับความเสียหายจากกรณีสำนักงานตำรวจแห่งชาติที่ทำให้ปู้ของท่านเสียชีวิตในการปฏิบัติหน้าที่ตำรวจ กรณีดังกล่าวเป็นการเสียชีวิตจากการปฏิบัติหน้าที่ราชการซึ่งเป็นหน้าที่ทั่วไปของตำรวจในการรักษาความสงบเรียบร้อยในบ้านเมือง มิใช่ความเสียหายอันเกิดจากการใช้อำนาจตามกฎหมาย หรือจากกฎ คำสั่งทางปกครอง หรือคำสั่งอื่น หรือจากการละเลยต่อหน้าที่ตามที่กฎหมายกำหนดให้ต้องปฏิบัติหรือปฏิบัติหน้าที่ดังกล่าวล่าช้าเกินสมควร คดีดังกล่าวจึงไม่มีลักษณะเป็นคดีพิพาทเกี่ยวกับการทำละเมิดของหน่วยงานทางปกครองหรือเจ้าหน้าที่ของรัฐอันเนื่องมาจากการใช้อำนาจตามที่กฎหมายกำหนดตามมาตรา 9 วรรคหนึ่ง (3) แห่งพระราชบัญญัติจัดตั้งศาลปกครองและวิธีพิจารณาคดีปกครอง พ.ศ. 2542 คดีเรื่องนี้ไม่อยู่ในอำนาจพิจารณาพิพากษาของศาลปกครอง

 
"
ความรู้ทั่วไปเกี่ยวกับศาลปกครอง/คดีปกครอง,ถ้าจะฟ้องศาลปกครอง อาศัยอยู่ที่จังหวัดตรัง จะต้องยื่นฟ้องศาลปกครองแห่งใด,"พระราชบัญญัติจัดตั้งศาลปกครองและวิธีพิจารณาคดีปกครอง พ.ศ. 2542 
มาตรา	47  การฟ้องคดีที่อยู่ในเขตอำนาจของศาลปกครองชั้นต้น ให้ยื่นฟ้องต่อศาลปกครองชั้นต้นที่ผู้ฟ้องคดีมีภูมิลำเนาหรือที่มูลคดีเกิดขึ้นในเขตศาลปกครองชั้นต้นนั้น 
       การฟ้องคดีที่อยู่ในเขตอำนาจของศาลปกครองสูงสุด ให้ยื่นฟ้องต่อศาลปกครองสูงสุด 	ในกรณีที่ศาลปกครองใดพิพากษาว่าคดีที่ฟ้องต่อศาลปกครองนั้นอยู่ในเขตอำนาจของศาลปกครองอื่น ให้ส่งคำฟ้องนั้นไปให้ศาลปกครองที่มีเขตอำนาจเพื่อพิจารณา 
       ในกรณีที่ศาลปกครองชั้นต้นมีความเห็นขัดแย้งกันในเรื่องเขตอำนาจศาล ให้ศาลปกครองที่รับคำฟ้องไว้หลังสุดเสนอความเห็นต่อศาลปกครองสูงสุดเพื่อมีคำสั่งในเรื่องเขตอำนาจศาล 	
      การพิจารณาคดีที่ยื่นไว้ต่อศาลปกครองใดจะต้องกระทำในศาลปกครองนั้นตามวันเวลาทำการ เว้นแต่ในกรณีที่มีเหตุฉุกเฉินหรือจำเป็นหรือเพื่อความสะดวกของคู่กรณี ศาลปกครองจะสั่งให้ดำเนินการพิจารณาในสถานที่อื่นหรือในวันหยุดหรือในวันเวลาใดก็ได้
แนะนำว่า เมื่อท่านมีภูมิลำเนาในจังหวัดตรัง และมูลคดีเกิดขึ้นในเขตจังหวัดตรัง ซึ่งอยู่ในอำนาจศาลปกครองสงขลา ย่อมมีสิทธิฟ้องคดีต่อศาลปกครองสงขลาได้
"
เป็นคดีที่อยู่ในอำนาจของศาลปกครองหรือไม่,ตนครอบครองใช้ประโยชน์ในที่ดินไม่มีเอกสารสิทธิมาก่อน ที่สำนักงานปฏิรูปที่ดินจะทำการออกโฉนดที่ดินแจกจ่ายให้แก่ประชาชน แต่ไม่ออกโฉนดที่ดินให้ตนผู้ครอบครองที่ดินอยู่ก่อน ตนเห็นว่าตนสมควรได้รับโฉนดที่ดินแปลงที่ตนครอบครองอยู่ แต่ปรากฏว่าสำนักงานปฏิรูปที่ดินทำการออกโฉนดที่ดินให้แก่ผู้อื่น ทำให้ตนเองเสียหาย จะฟ้องศาลปกครองได้หรือไม่,"พระราชบัญญัติจัดตั้งศาลปกครองและวิธีพิจารณาคดีปกครอง พ.ศ. 2542 ศาลปกครองมีอำนาจพิจารณาพิพากษาหรือมีคำสั่งในเรื่องดังต่อไปนี้
(1)	คดีพิพาทเกี่ยวกับการที่หน่วยงานทางปกครองหรือเจ้าหน้าที่ของรัฐกระทำการ โดยไม่ชอบด้วยกฎหมายไม่ว่าจะเป็นการออกกฎ คำสั่งหรือการกระทำอื่นใดเนื่องจากกระทำโดยไม่มีอำนาจหรือนอกเหนืออำนาจหน้าที่หรือไม่ถูกต้องตามกฎหมาย หรือโดยไม่ถูกต้องตามรูปแบบขั้นตอน หรือวิธีการ
อันเป็นสาระสำคัญที่กำหนดไว้สำหรับการกระทำนั้น หรือโดยไม่สุจริต หรือมีลักษณะเป็นการเลือกปฏิบัติ
ที่ไม่เป็นธรรม หรือมีลักษณะเป็นการสร้างขั้นตอนโดยไม่จำเป็นหรือสร้างภาระให้เกิดกับประชาชนเกินสมควร หรือเป็นการใช้ดุลพินิจโดยมิชอบ 
แนะนำว่ากรณีสำนักงานปฏิรูปที่ดินทำการออกโฉนดที่ดินให้แก่ผู้อื่นเป็นการออกคำสั่งทางปกครอง  เมื่อกระทบสิทธิท่านย่อมมีสิทธิฟ้องคดีต่อศาล  กรณีเป็นคดีพิพาทเกี่ยวกับการที่หน่วยงานทางปกครองหรือเจ้าหน้าที่ของรัฐออกคำสั่งโดยไม่ชอบด้วยกฎหมาย ตาม ม.9 วรรคหนึ่ง (1) แห่ง พ.ร.บ.จัดตั้งศาลปกครองฯ คดีอยู่ในอำนาจศาลปกครอง ท่านเป็นผู้ที่ได้รับความเดือดร้อนหรือเสียหายจากคำสั่งดังกล่าว ตาม ม.42 วรรคหนึ่ง แห่ง พ.ร.บ.ดังกล่าว สามารถฟ้องคดีต่อศาลปกครองได้ภายใน 90 วัน นับแต่วันที่ได้รับรู้ถึงเหตุดังกล่าว ตาม ม.49
"
เป็นคดีที่อยู่ในอำนาจของศาลปกครองหรือไม่,พนักงานขับรถยนต์ขับรถโดยประมาทชนผู้อื่นได้รับบาดเจ็บ เทศบาลได้ชดใช้ค่าเสียหายแก่ผู้เสียหายแล้วจะมาขอเรียกร้องค่าเสียหายจากพนักงานขับรถดังกล่าว และได้ออกคำสั่งให้ชดใช้ค่าเสียหายแล้ว ต่อมาจะฟ้องศาลเรียกร้องค่าเสียหายจากพนักงานคนดังกล่าวจะฟ้องศาลปกครองได้หรือไม่,"พระราชบัญญัติจัดตั้งศาลปกครองและวิธีพิจารณาคดีปกครอง พ.ศ. 2542 ศาลปกครองมีอำนาจพิจารณาพิพากษาหรือมีคำสั่งในเรื่องดังต่อไปนี้มาตรา 9 วรรคหนึ่ง (3) คดีพิพาทเกี่ยวกับการกระทำละเมิดหรือความรับผิดอย่างอื่นของหน่วยงานทางปกครองหรือเจ้าหน้าที่ของรัฐอันเกิดจากการใช้อำนาจตามกฎหมาย หรือจากกฎ คำสั่งทางปกครอง หรือคำสั่งอื่น หรือจากการละเลยต่อหน้าที่ตามที่กฎหมายกำหนดให้ต้องปฏิบัติหรือปฏิบัติหน้าที่ดังกล่าวล่าช้าเกินสมควร 
แนะนำว่าเทศบาลได้รับความเสียหายจากกรณีพนักงานขับรถยนต์ขับรถโดยประมาทชนผู้อื่นได้รับบาดเจ็บ เทศบาลได้ชดใช้ค่าเสียหายแก่ผู้เสียหายแทน   กรณีดังกล่าวเป็นความเสียหายจากการขับรถในหน้าที่ราชการซึ่งเป็นหน้าที่ทั่วไปของพนักงานขับรถ มิใช่ความเสียหายอันเกิดจากการใช้อำนาจตามกฎหมาย หรือจากกฎ คำสั่งทางปกครอง หรือคำสั่งอื่น หรือจากการละเลยต่อหน้าที่ตามที่กฎหมายกำหนดให้ต้องปฏิบัติหรือปฏิบัติหน้าที่ดังกล่าวล่าช้าเกินสมควร คดีดังกล่าวจึงไม่มีลักษณะเป็นคดีพิพาทเกี่ยวกับการทำละเมิดของหน่วยงานทางปกครองหรือเจ้าหน้าที่ของรัฐอันเนื่องมาจากการใช้อำนาจตามที่กฎหมายกำหนดตามมาตรา 9 วรรคหนึ่ง (3) แห่งพระราชบัญญัติจัดตั้งศาลปกครองและวิธีพิจารณาคดีปกครอง พ.ศ. 2542 คดีเรื่องนี้ไม่อยู่ในอำนาจพิจารณาพิพากษาของศาลปกครอง
"
เป็นคดีที่อยู่ในอำนาจของศาลปกครองหรือไม่,กรมที่ดินมีหนังสือแจ้งผู้ปรึกษาว่า ได้ทำการเพิกถอนโฉนดที่ดินของตนแล้วและขอให้คืนโฉนดที่ดิน ผู้ปรึกษาได้รับความเดือดร้อนมาก จึงจะฟ้องขอเรียกค่าเสียหายการสูญเสียที่ดินดังกล่าว ฟ้องศาลได้หรือไม่,"พระราชบัญญัติจัดตั้งศาลปกครองและวิธีพิจารณาคดีปกครอง พ.ศ. 2542 ศาลปกครองมีอำนาจพิจารณาพิพากษาหรือมีคำสั่งในเรื่องดังต่อไปนี้มาตรา 9 วรรคหนึ่ง (3) คดีพิพาทเกี่ยวกับการกระทำละเมิดหรือความรับผิดอย่างอื่นของหน่วยงานทางปกครองหรือเจ้าหน้าที่ของรัฐอันเกิดจากการใช้อำนาจตามกฎหมาย หรือจากกฎ คำสั่งทางปกครอง หรือคำสั่งอื่น หรือจากการละเลยต่อหน้าที่ตามที่กฎหมายกำหนดให้ต้องปฏิบัติหรือปฏิบัติหน้าที่ดังกล่าวล่าช้าเกินสมควร 
ท่านได้รับความเสียหายจากกรณีกรมที่ดินทำการเพิกถอนโฉนดที่ดินและขอให้คืนโฉนดที่ดิน ท่านย่อมมีสิทธินำคดีมาฟ้องร้องต่อศาลปกครองได้ และท่านได้รับความเสียหายจากการกระทำดังกล่าว คดีดังกล่าวมีลักษณะเป็นคดีพิพาทเกี่ยวกับการทำละเมิดของหน่วยงานทางปกครองหรือเจ้าหน้าที่ของรัฐอันเนื่องมาจากการใช้อำนาจตามที่กฎหมายกำหนดตามมาตรา 9 วรรคหนึ่ง (3) แห่งพระราชบัญญัติจัดตั้งศาลปกครองและวิธีพิจารณาคดีปกครอง พ.ศ. 2542 ซึ่งการฟ้องคดีดังกล่าวจะต้องยื่นฟ้องภายในหนึ่งปีนับแต่วันที่รู้หรือควรรู้ถึงเหตุแห่งการฟ้องคดี แต่ไม่เกินสิบปีนับแต่วันที่มีเหตุแห่งการฟ้องคดีตามมาตรา 51 แห่งพระราชบัญญัติเดียวกัน ในการเรียกร้องเงินค่าเสียหาย และกรณีนี้เป็นคดีมีทุนทรัพย์จะต้องชำระค่าธรรมเนียมศาลด้วย
"
เป็นคดีที่อยู่ในอำนาจของศาลปกครองหรือไม่,ผู้ขอคำปรึกษาชี้แจงว่า ตนจะฟ้องบริษัทที่ทำการละเมิดกฎหมายเกี่ยวกับการคุ้มครองข้อมูลส่วนบุคคลของตน   จึงขอปรึกษาว่าจะฟ้องคดีต่อศาลปกครองขอให้ลงโทษได้หรือไม่," พระราชบัญญัติจัดตั้งศาลปกครองและวิธีพิจารณาคดีปกครองฯ มาตรา 9  ศาลปกครองมีอำนาจพิจารณาพิพากษาหรือมีคำสั่งในเรื่องดังต่อไปนี้ (3) คดีพิพาทเกี่ยวกับการกระทำละเมิดหรือความรับผิดอย่างอื่นของหน่วยงานทางปกครองหรือเจ้าหน้าที่ของรัฐอันเกิดจากการใช้อำนาจตามกฎหมาย หรือจากกฎ คำสั่งทางปกครอง หรือคำสั่งอื่น หรือจากการละเลยต่อหน้าที่ตามที่กฎหมายกำหนดให้ต้องปฏิบัติหรือปฏิบัติหน้าที่ดังกล่าวล่าช้าเกินสมควร 
แนะนำว่ากรณีดังกล่าวเป็นการกระทำของบริษัทที่ทำการละเมิดกฎหมายเกี่ยวกับการคุ้มครองข้อมูลส่วนบุคคล  ไม่เป็นคดีพิพาทเกี่ยวกับการกระทำละเมิดของเจ้าหน้าที่ของรัฐ อันเกิดจากการใช้อำนาจตามกฎหมาย หรือจากกฎ คำสั่งทางปกครอง คดีนี้จึงอยู่ในอำนาจพิจารณาพิพากษาของศาลยุติธรรม ไม่ใช่คดีปกครองตาม ม.9 แห่ง พรบ.จัดตั้งฯ ที่ศาลปกครองจะรับไว้พิจารณาพิพากษาได้"
เป็นคดีที่อยู่ในอำนาจของศาลปกครองหรือไม่,ผู้ขอคำปรึกษาเป็นผู้ขอใช้ไฟฟ้าในอำเภอลาดหลุมแก้ว จังหวัดปทุมธานี ได้รับความเดือดร้อนเสียหายจากการที่ไม่ดำเนินการติดตั้งหม้อแปลงไฟฟ้าตามคำขอของผู้ขอคำปรึกษาซึ่งถูกถอดการติดตั้งไปเนื่องจากผู้เช่าบ้านกระทำผิดกฎหมายลักใช้กระแสไฟฟ้า ปัจจุบันยังไม่มีการดำเนินการติดตั้งหม้อแปลงไฟฟ้าแต่อย่างใด จึงขอคำปรึกษาว่าจะฟ้องคดีต่อศาลปกครองเพื่อให้ดำเนินการติดตั้งหม้อแปลงไฟฟ้าได้หรือไม่,1.) การติดตั้งหม้อแปลงไฟฟ้าเพื่อจำหน่ายกระแสไฟฟ้าให้แก่ประชาชนอันเป็นการประกอบกิจการในเชิงธุรกิจซึ่งมิใช่เป็นการออกกฎที่มีผลบังคับเป็นการทั่วไปอันเกิดจากการใช้อำนาจทางปกครองหรือการดำเนินกิจการทางปกครอง แม้การกระทำของการไฟฟ้าส่วนภูมิภาคจะทำให้ผู้ฟ้องคดีได้รับความเดือดร้อนหรือเสียหาย ก็มิใช่ความเดือดร้อนหรือเสียหายที่เกิดจากการกระทำทางปกครองที่อยู่ภายใต้การตรวจสอบของศาลปกครองข้อพิพาทของผู้ฟ้องคดี การงดจ่ายกระแสไฟฟ้าและการถอดมิเตอร์ที่จ่ายกระแสไฟฟ้าเข้าบ้านของผู้ฟ้องคดีเนื่องจากค้างชำระค่าไฟฟ้านั้น เป็นการกระทำที่เกี่ยวเนื่องกับสัญญาซื้อขายไฟฟ้าซึ่งเป็นธุรกิจของการไฟฟ้าส่วนภูมิภาค ที่กระทำกับผู้ฟ้องคดีในฐานะเสมอภาคเช่นเดียวกับเอกชนต่อเอกชน และสัญญาดังกล่าวมิได้มีลักษณะเป็นสัญญาสัมปทานสัญญาที่ให้จัดทำบริการสาธารณะ หรือจัดให้มีสิ่งสาธารณูปโภค หรือแสวงประโยชน์จากทรัพยากรธรรมชาติซึ่งเป็นสัญญาทางปกครอง กรณีจึงไม่ใช่ข้อพิพาทที่ศาลปกครองจะมีอำนาจพิจารณาพิพากษาได้ตามมาตรา 9 วรรคหนึ่งแห่งพระราชบัญญัติจัดตั้งศาลปกครองและวิธีพิจารณาคดีปกครอง พ.ศ. 2542 ศาลปกครองจึงไม่อาจรับคำฟ้องนี้ไว้พิจารณาพิพากษาได้  (คำสั่งศาลปกครองสูงสุด ที่ 962/2565)
"ความรู้ทั่วไปเกี่ยวกับศาลปกครอง/คดีปกครอง, การจัดทำคำฟ้องหรือคำร้อง และขั้นตอนที่เกี่ยวข้อง",ผู้ขอคำปรึกษาเป็นผู้อยู่อาศัยในซอยสุทธิสาร อินทามระ เขตพญาไท กรุงเทพฯ ได้รับความเดือดร้อนเสียหายจากการที่ข้างบ้านประกอบกิจการซักรีด ส่งปัญหาเรื่องกลินและเสียงเครื่องซักผ้ารบกวนการอยู่อาศัยตามปกติ  ผู้ขอคำปรึกษาได้ยื่นหนังสือร้องเรียนผู้อำนวยการเขตแล้ว แต่ก็ยังคงมีกลิ่นรบกวนอยู่ จึงขอคำปรึกษาว่ากรณีนี้จะสามารถยื่นฟ้องคดีต่อศาลปกครองได้หรือไม่และจะยื่นฟ้องอย่างไร,ผู้อำนวยการเขตเป็นเจ้าพนักงานท้องถิ่นตามพ.ร.บ.การสาธารณสุข ซึ่งมีในการออกคำสั่งห้าม ก่อเหตุรำคาญ และระงับเหตุรำคาญ ใช้ในกรณีเหตุรำคาญในสถานที่เอกชนตามมาตรา 28 แห่งพ.ร.บ.ดังกล่าว  กรณีที่ผู้อำนวยการเขตพญาไทละเลยไม่ดำเนินการออกคำสั่งในการระงับเหตุรำตาญและมีความประสงค์ฟ้องคดีต่อศาลปกครองและมีความประสงค์ฟ้องคดีเพื่อขอให้ผู้อำนวยการเขตปฏิบัติหน้าที่ตามกฎหมายในการระงับเขตรำคาญนั้นเป็นคดีพิพาทเกี่ยวกับการที่เจ้าหน้าที่ของรัฐละลเยการปฏิบัติหน้าที่ตามที่กฎหมายกำหนดให้ต้องปฏิบัติตามมาตรา 9 วรรคหนึ่ง (2) แห่งพ.ร.บ.จัดตั้งศาลปกครองฯ  ผู้ขอคำปรึกษาจะต้องยื่นฟ้องคดีนี้ภายใน 90 วันนับแต่วันที่รู้ถึงเหตุแห่งการฟ้องคดีตามมาตรา 49 แห่งพ.ร.บ.จัดตั้งศาลปกครองฯ  กรณีได้เคยยื่นร้องเรียนมานานหลายปี แต่มีการติดตามทวงถามนั้นสามารถสามารถใช้ดุลยพินิจในการพิจารณารับเรื่องร้องเรียนได้  คดีปกครองสามารถยื่นฟ้องคดีต่อศาลได้ด้วยตนเองโดยไม่จำเป็นต้องมีทนาย[ชื่อสมมติ] บรรยายคำฟ้องว่า เกิดความเดือดร้อนเสียหายอย่างไรและได้ติดต่อร้องเรียนต่อผู้อำนวยการเขตเมื่อใด และมีการดำเนินการอย่างไรบ้าง และกำหนดคำขอท้ายคำฟ้องขอให้ผู้อำนวยการเขตพญาไทปฏิบัติหน้าที่ในการออกคำสั่งหรือใช้มาตรการระงับเหตุรำคาญตามมาตรา 28 แห่งพ.ร.บ.การสาธารณสุขฯซ฿่งเป็นคำขอที่ศาลสมารถออกคำบังคับได้ตามมาตรา 72 วรรคหนึ่ง (2) แห่งพ.ร.บ.จัดตั้งศาลปกครองฯ 
"ความรู้ทั่วไปเกี่ยวกับศาลปกครอง/คดีปกครอง, การจัดทำคำฟ้องหรือคำร้อง และขั้นตอนที่เกี่ยวข้อง",ผู้ขอคำปรึกษาสอบถามว่า กรณีที่สำนักงาน ป.ป.ช. ชี้มูลความผิด และหน่วยงานทางปกครองมีคำสั่งตามที่ สำนักงาน ป.ป.ช. ชี้มูล หากผู้ขอคำปรึกษาไม่เห็นด้วยกับคำสั่งของหน่วยงานดังกล่าว จะสามารถฟ้องคดีต่อศาลปกครองได้เลยหรือไม่ อย่างไร,กรณีที่สำนักงาน ป.ป.ช. ชี้มูลความผิด และหน่วยงานทางปกครองมีคำสั่งตามที่ สำนักงาน ป.ป.ช. ชี้มูล หากผู้ขอคำปรึกษาไม่เห็นด้วยกับคำสั่งของหน่วยงานดังกล่าว จึงได้ให้คำแนะนำว่า กรณีที่ผู้ขอคำปรึกษาได้รับคำสั่งลงโทษจากหน่วยงานทางปกครอง ผู้ขอคำปรึกษามีสิทธิเลือกดำเนินการได้ 2 แนวทาง คือ (1) ฟ้องคดีต่อศาลปกครองภายในเก้าสิบวันนับแต่วันที่ถูกลงโทษ โดยไม่ต้องอุทธรณ์ตามกฎหมาย หรือ (2) ดำเนินการอุทธรณ์ดุลพินิจในการกำหนดโทษของผู้บังคับบัญชาตามกฎหมายเกี่ยวกับการบริหารงานบุคคลของผู้ขอคำปรึกษานั้นก่อน ตามมาตรา 101 แห่งพระราชบัญญัติประกอบรัฐธรรมนูญ ว่าด้วยการป้องกันและปราบปรามการทุจริต พ.ศ. 2561 
เป็นคดีที่อยู่ในอำนาจของศาลปกครองหรือไม่,ผู้ฟ้องคดีเป็นผู้บริหารขององค์การไม่แสวงหาผลกำไรซึ่งช่วยเหลือประชาชนในการประกอบกิจการรัฐวิสาหกิจท้องถิ่น ตอนนี้ประสบปัญหาขาดทุน ทำให้ไม่สามารถชำระเงินค่าไฟฟ้าของที่ทำการของผู้ขอคำปรึกให้กับการไฟฟ้านครหลวงได้เป็นจำนวน 2 เดือน การไฟฟ้าฯจึงดำเนินตัดไฟฟ้าของผู้ขอคำปรึกษา ก่อให้เกิดความเสียหายกับสินค้าสดที่แช่ตู้เย็นไว้  กรณีนี้จะฟ้องคดีต่อศาลปกครองเพื่อให้ศาลมีคำสั่งคุ้มครองชั่วคราวในการระงับการตัดไฟฟ้า จึงขอคำปรึกษาว่ากรณีนี้จะสามารถฟ้องคดีต่อศาลปกครองเพื่อขอให้ศาลยกเลิกการตัดไฟฟ้าได้หรือไม่,1.) การจำหน่ายกระแสไฟฟ้าให้แก่ประชาชนเป็นการประกอบกิจการในเชิงธุรกิจ การงดจ่ายกระแสไฟฟ้าและการถอดมิเตอร์ที่จ่ายกระแสไฟฟ้าเข้าบ้านของผู้ขอคำปรึกษาเนื่องจากค้างชำระค่าไฟฟ้านั้น เป็นการกระทำที่เกี่ยวเนื่องกับสัญญาซื้อขายไฟฟ้าซึ่งเป็นธุรกิจของการไฟฟ้านครหลวงที่กระทำกับผู้ฟ้องคดีในฐานะเสมอภาคเช่นเดียวกับเอกชนต่อเอกชน และสัญญาดังกล่าวมิได้มีลักษณะเป็นสัญญาสัมปทานสัญญาที่ให้จัดทำบริการสาธารณะ หรือจัดให้มีสิ่งสาธารณูปโภค หรือแสวงประโยชน์จากทรัพยากรธรรมชาติซึ่งเป็นสัญญาทางปกครอง กรณีเป็นสัญญาทางแพ่งของฝ่ายปกครอง ดังนั้น คดีนี้จึงไม่ใช่ข้อพิพาทที่ศาลปกครองจะมีอำนาจพิจารณาพิพากษาได้ตามมาตรา 9 วรรคหนึ่งแห่งพระราชบัญญัติจัดตั้งศาลปกครองและวิธีพิจารณาคดีปกครอง พ.ศ. 2542 ศาลปกครองจึงไม่อาจรับคำฟ้องนี้ไว้พิจารณาพิพากษาได้  (เทียบคียงคำสั่งศาลปกครองสูงสุด ที่ 962/2565)  เมื่อศาลไม่สามารถรับคำฟ้องของผู้ฟ้องคดีไว้พิจารณา ศาลก็ไม่อาจพิจารณาคำขอบรรเทาทุกข์ชั่วคราวที่ขอให้ระงับการตัดกระแสไฟไว้ได้
"ความรู้ทั่วไปเกี่ยวกับศาลปกครอง/คดีปกครอง, การจัดทำคำฟ้องหรือคำร้อง และขั้นตอนที่เกี่ยวข้อง",ผู้ขอคำปรึกษามีน้องชายซึ่งได้รับความเดือดร้อนเสียหายจากการที่เมื่อวันที่ 8 กันยายน 2568 น้องชายของผู้ขอคำปรึกษาได้เดินทางโดยรถจักรยานยนต์บนเส้นทางที่อยู่ในความรับผิดชอบของเทศบาลเมืองบ้านบึงและอยู่ในระหว่างโครงการจ้างบริษัทดำเนินการปรับปรุงถนนของเทศบาล เมื่อถึงเกิดเหตุได้หลุมบนถนนซึ่งไม่ได้ติดตั้งป้ายเตือนไว้ ประสบอุบัติเหตุตกหลุดทำให้ได้รับบาดเจ็บ ผู้ขอคำปรึกษาจึงขอคำปรึกษาในการยื่นฟ้องคดีต่อศาลปกครองเพื่อเรียกค่าเสียหาย ,"1.) พ.ร.บ.เทศบาล พ.ศ. 2496 มาตรา 53 กำหนดให้เทศบาลเมืองมีอำนาจในการบำรุงรักษาถนน กรณีที่หน่วยงานของรัฐไม่ควบคุมดูแลให้ผู้รับจ้างดำเนินการก่อสร้างและบูรณะถนนให้เป็นไปด้วยความเรียบร้อยจนเป็นเหตุให้เกิดความเสียหายดังกล่าวจึงเป็นการละเลยการปฏิบัติหน้าที่ตามที่กฎหมายกำหนดให้ต้องปฏิบัติและเมื่อผู้ขอคำปรึกษามีความประสงค์ในการฟ้องคดีต่อศาลปกครองเพื่อขอให้ศาลมีคำพิพากษาสั่งให้ผู้ถูกฟ้องคดีชดใช้เงินนั้นเป็นคดีพิพาทืเกี่ยวกับการกระทำละเมิดจากการที่หน่วยงานทางปกครองละลเยการปฏิบัติหน้าที่ตามที่กฎหมายกำหนดให้ต้องปฏิบัติตามมาตรา 9 วรรคหนึ่ง (3) แห่งพ.ร.บ.จัดตั้งศาลปกครองฯ  คดีพิพาทเกี่ยวกับการกระทำละเมิดไม่มีบทบัญญัติเกี่ยวกับการแก้ไขความเดือดร้อนเสียหายก่อนการฟ้องคดี  ผู้ขอคำปรึกษาซึ่งมีสิทธิฟ้องคดีต่อศาลปกครองตามมาตรา 42 วรรคหนึ่งแห่งพ.ร.บ.จะต้องใช้สิทธิยื่นฟ้องคดีต่อศาลปกครองภายใน 1 ปีนับแต่วันที่รู้หรือควรรู้ถึงเหตุแห่งการฟ้องคดีตามมาตรา 51 แห่งพ.ร.บ.จัดตั้งศาลปกครองฯ  
2.) คดีปปกครองนั้นผู้เสียหายสามารถยื่นฟ้องคดีต่อศาลปกครองได้โดยไม่จำเป็นจะต้องมีทนาย[ชื่อสมมติ]45 แห่งพ.ร.บ.จัดตั้งศาลปกครองฯ  โดยกำหนดให้เทศบาลเมืองบ้านบึงซุ้งเป็นผู้มีอำนาจดูแลรักษาถนนพิพาทเป็นผู้ถูกฟ้องคดี  บรรยายข้อเท็จจริงที่เกิดขึ้นว่าเกิดเหตุการณ์อะไรขึ้นและ ความเสียหายที่เกิดขึ้นนั้นคิดเป็นค่าเสียหายอะไรบ้าง เช่นค่าซ่อมรถ ค่ารักษาพยาบาล ค่าขาดประโยชน์ในการทำงาน เป็นต้น และระบุคำขอท้ายคำฟ้องขอให้ศาลมีคำพิพากษาให้ผู้ถูกฟ้องคดีชดใช้เงินเป็นเงินจำนวนทั้งสิ้น...บาท  หากเรียกดอกเบี้ยให้ระบุดอกเบี้ยในอัตราร้อยละ .. ของต้นเงินนับแต่วันที่ทำละเมิดจนถึงวันที่ยื่นฟ้อง และระบุดอกเบี้ยนับถัดจากวันฟ้องจนถึงวันที่ชำระเงินเสร็จสิ้นซึ่งเป็นคำขอที่ศาลสามารถออกคำบังคับได้ตามามตรา 72 วรรคหนึ่ง (3) แห่งพ.ร.บ.จัดตั้งศาลปกครองฯ 
3.) ผู้ฟ้องคดีสามารถแนบเอกสารหลักฐานที่เกี่ยวข้องเช่น สำเนาบันทึกประจำวันของเจ้าหน้าที่ตำรวจ รูปถ่ายพื้นที่เกิดเหตุ ค่าเสร็จรับเงินค่าใช้จ่ายต่างที่จะเรียกร้องค่าเสียหาย โดยยื่นฟ้อง ณ ที่ทำการศาลหรือส่งไปรษณีย์ลงทะเบียนของบริษัท ไปรษณีย์ไทย จำกัด ซึ่งจะต้องทำเอกสารคำฟ้องตัวจริง 1 ชุดและสำเนาตามจำนวนของผู้ถูกฟ้องคดี (คดีนี้ทำสำเนา 1 ชุด) ยื่นต่อศาล หรือยื่นฟ้องคดีต่อศาลปกครองผ่านระบบคดีปกครองอิเล็กทรอนิกส์บนเว็ปไซต์ของศาลปกครอง
4.) ผู้เสียหายจะต้องยื่นฟ้องต่อศาลที่มีเขตอำนาจที่ผู้ฟ้องคดีมีภูมิลำเนาหรือมูลดีตั้งอยู่ซึ่งได้แก่ ศาลปกครองระยอง  ทั้งนี้คดีฟ้องขอให้ชดใช้เงินจะต้องเสียค่าธรรมเนียมศาลในอัตราร้อบละ 2 ของจำนวนทุนทรัพย์ในคดี"
ความรู้ทั่วไปเกี่ยวกับศาลปกครอง/คดีปกครอง,ผู้ขอคำปรึกษาสอบถามว่า กรณีที่ได้รับหนังสือแจ้งเตือนจากหน่วยงานทางปกครองว่าผู้ขอคำปรึกษาเป็นผู้ผิดสัญญาใช้ทุน แต่ผู้ขอคำปรึกษาเห็นว่าตนไม่ได้เป็นฝ่ายผิดสัญญาดังกล่าว จะต้องดำเนินการอย่างไรต่อไป,กรณีที่ผู้ขอคำปรึกษาได้รับหนังสือแจ้งเตือนจากหน่วยงานทางปกครองว่าผู้ขอคำปรึกษาเป็นผู้ผิดสัญญาใช้ทุน แต่ผู้ขอคำปรึกษาเห็นว่าตนไม่ได้เป็นฝ่ายผิดสัญญาดังกล่าว จึงได้ให้คำแนะนำว่า ให้ผู้ขอคำปรึกษาประสานไปยังหน่วยงานทางปกครองต้นสังกัดเพื่อขอเจรจาไกล่เกลี่ยและชี้แจงว่าตนไม่ได้เป็นฝ่ายผิดสัญญาในเรื่องดังกล่าวเพื่อไม่ให้เกิดการฟ้องร้องคดีต่อกัน อย่างไรก็ตาม หากผู้ขอคำปรึกษากับหน่วยงานทางปกครองไม่อาจตกลงกันได้ หน่วยงานดังกล่าวอาจฟ้องคดีต่อศาลว่าผู้ขอคำปรึกษาเป็นฝ่ายผิดสัญญาทางปกครอง ซึ่งหากเป็นไปตามกรณีดังกล่าว ก็ให้ผู้ขอคำปรึกษาโทรมาสอบถามเกี่ยวกับการดำเนินคดีต่อไป
ความรู้ทั่วไปเกี่ยวกับศาลปกครอง/คดีปกครอง,ปัญหาเกิดที่จังหวัดฉะเชิงเทรา อยู่อาศัยที่เขตหลักสี่ ฟ้องที่กรุงเทพฯได้หรือไม่,พรบ.จัดตั้งศาลปกครองฯ2542  มาตรา 47  บัญญัติว่า การฟ้องคดีที่อยู่ในเขตอำนาจของศาลปกครองชั้นต้น ให้ยื่นฟ้องต่อศาลปกครองชั้นต้นที่ผู้ฟ้องคดีมีภูมิลำเนาหรือที่มูลคดีเกิดขึ้นในเขตศาลปกครองชั้นต้นนั้น ดังนั้น หากผู้ขอฯต้องการฟ้องตามภูมิลำเนาก็สามารถฟ้องได้ที่ศาลปกครองกลาง
เป็นคดีที่อยู่ในอำนาจของศาลปกครองหรือไม่,"ผู้ขอคำปรึกษาเป็นพนักงานของธนาคารเพื่อการเกษตรและสหกรณ์การเกษตร ""ธกส""  ได้รับความเดือดร้อนเสียหายจากการที่ธนาคารมีหนังสือแจ้งว่า การขอเบิกค่ารักษาพยาบาลของผู้ขอคำปรึกษานั้นไม่เข้าข่ายที่จะมีสิทธิเบิกได้ จึงมีหนังสือเรียกคคืนเงินดังกล่าวกับผู้ขอคำปรึกษา ขอคำปรึกษาว่า กรณีนี้จะใช้สิทธิฟ้องคดีต่อศาลปกครองเพื่อขอให้ยกเลิกเพิกถอนการเรียกคืนเงินค่ารักษาพยาบาลจากผู้ขอคำปรึกษาได้หรือไม่",มาตรา 9 วรรคสองแห่งพ.ร.บ.จัดตั้งศาลปกครองฯบัญญัติว่า เรื่องดังต่อไปนี้ไม่อยู่ในอำนาจศาลปกครอง...(3) คดีที่อยู่ในอำนาจของศาลเยาวชนและครอบครัว ศาลแรงงาน ศาลภาษีอากร ศาลทรัพย์สินทางปัญญาและการค้าระหว่างประเทศ ศาลล้มละลาย หรือศาลชำนัญพิเศษอื่น  แม้ธนาคารเพื่อการเกษตรและสหกรณ์การเกษตรจะเป็นรัฐวิสาหกิจที่จัดตั้งขึ้นตามกฎหมายที่มีลักษณะเป็นหน่วยงานทางปกครองตามนิยามพ.ร.บ.จัดตั้งศาลปกครองฯก็ตาม แต่ความสัมพันธ์ระหว่างผู้ขอคำปรึกษากับธนาคารเป็นความสัมพันธ์ที่เกิดขึ้นจากสัญญา และข้อโต้แย้งเกี่ยวกับสิทธิในการเบิกเงินค่ารักษาพยาบาลเป็นเรื่องเกี่ยวกับข้อตกลงการจ้างและสภาพการจ้างงานตามมาตรา 8 วรรคหนึ่ง (1) แห่งพ.ร.บ.จัดตั้งศาลแรงงานและวิธีพิจารณาคดีแรงงานฯ ดังนั้น คดีนี้จึงไม่ใช่คดีที่อยู่ในอำนาจของศาลปกครอง แต่คดีที่อยู่ในอำนาจของศาลยุติธรรม แนะนำให้โทรศัพท์ปรึกษาศาลแรงงงานกลาง
การจัดทำคำฟ้องหรือคำร้อง และขั้นตอนที่เกี่ยวข้อง,จาก มศว กรณีใบมอบอำนาจที่จะมอบอำนาจให้นิติกรดำเนินคดีแทน ต้องติดอากรแสตมป์หรือไม่,ไม่ต้องติดอากรแสตมป์ ส่วนเนื้อความในใบมอบอำนาจสามารถดูได้ที่หน้าเว็ปไซต์ศาลตรงที่บริการประชาชน
"ความรู้ทั่วไปเกี่ยวกับศาลปกครอง/คดีปกครอง, วิธีการชั่วคราวก่อนการพิพากษา",ผู้ขอคำปรึกษาสอบถามว่า กรณีที่มีความประสงค์จะขอให้ศาลทุเลาการบังคับตามคำสั่งทางปกครองของหน่วยงานทางปกครอง กรณีที่หน่วยงานมีคำสั่งลงโทษไล่ออกจากราชการ จะต้องดำเนินการอย่างไร,ได้ให้คำแนะนำว่า กรณีที่ผู้ขอคำปรึกษาได้รับคำสั่งจากหน่วยงานทางปกครอง โดยหน่วยงานมีคำสั่งลงโทษไล่ออกจากราชการ หากผู้ขอคำปรึกษามีความประสงค์จะยื่นฟ้องคดีต่อศาลปกครองและประสงค์จะขอให้ศาลทุเลาการบังคับตามคำสั่งทางปกครองของหน่วยงานทางปกครอง จึงแนะนำให้ผู้ขอคำปรึกษาจัดทำคำฟ้องยื่นต่อศาลปกครองพร้อมทั้งยื่นคำร้องขอทุเลาการบังคับตามคำสั่งทางปกครองมาพร้อมกับคำฟ้อง โดยชี้แจงต่อศาล ดังนี้ (1) คำสั่งทางปกครองที่เป็นเหตุแห่งการฟ้องคดีนั้นน่าจะไม่ชอบด้วยกฎหมาย (2) การให้คำสั่งทางปกครองดังกล่าวมีผลใช้บังคับต่อไปจะทำให้เกิดความเสียหายอย่างร้ายแรงที่ยากแก่การเยียวยาแก้ไขในภายหลัง และ (3) การทุเลาการบังคับตามคำสั่งทางปกครองนั้นไม่เป็นอุปสรรคแก่การบริหารงานของรัฐหรือแก่บริการสาธารณะ ตามข้อ 72 แห่งระเบียบของที่ประชุมใหญ่ตุลาการในศาลปกครองสูงสุด ว่าด้วยวิธีพิจารณาคดีปกครอง พ.ศ. 2543
"ความรู้ทั่วไปเกี่ยวกับศาลปกครอง/คดีปกครอง, ขั้นตอนแก้ไขความเสียหายก่อนฟ้องคดี",ผู้ขอคำปรึกษาเป็นเลี้ยงสัตว์เลี้ยงและผู้พักอาศัยอยู่ในกรุงเทพเห็นว่าตนเองจะได้รับความเดือดร้อนเสียหายจากการที่ผู้ว่าราชการกรุงเทพมหานครได้ลงนามประกาศใช้ข้อบัญญัติกรุงเทพมหานครเกี่ยวกับสัตว์เลี้ยงซึ่งจะมีผลบังคับใช้ในต้นเดือนมกราคม พ.ศ. 2569 ผู้ขอคำปรึกษาเห็นว่าหลักบางอย่างเช่นจำกัดจำนวนสัตว์เลี้ยงตามขนาดพื้นที่มีผลกระทบกับผู้ขอคำปรึกษาที่เลี้ยงสุนัขเกินกว่าที่กำหนดในข้อบัญญัติจึงมีความประสงค์จะใช้สิทธิฟ้องคดีต่อศาลปกครองเพื่อขอให้เพิกถอนหลักเกณฑ์ดังกล่าว  ขอสอบถามว่า ผู้ขอคำปรึกษาจะใช้สิทธิฟ้องคดีต่อศาลปกครองได้เมื่อใด เมื่อมีการประกาศในราชกิจจานุเบกษษหรือวันที่ข้อบัญญัติมีผลบังคับใช้,"1.) ""ข้อบัญญัติกรุงเทพมหานคร เรื่อง การควบคุมการเลี้ยงหรือปล่อยสัตว์ พ.ศ. 2567"" ได้ประกาศลงราชกิจจานุเบกษา เมื่อวันที่ 15 มกราคม 2568 ซึ่งกฎหมายดังกล่าวจะมีผลบังคับใช้เมื่อพ้น 360 วัน นับแต่วันที่ลงประการ สาระสำคัญของกฎหมายฉบับนี้ เพื่อควบคุมสัตว์เลี้ยงหรือปล่อยสัตว์เลี้ยงให้มีความเหมาะสมยิ่งขึ้น ทั้งความปลอดภัยของคนและสัตว์ที่อยู่ร่วมสังคมเดียวกัน เพื่อมีสวัสดิภาพที่ดี ซึ่งจะมีผลบังคับใช้ตั้งแต่วันที่ 10 มกราคม 2569 เป็นต้นไป หากผู้ใดฝ่าฝืนอาจมีโทษตามที่กฎหมายบัญญัติไว้  ขอบัญญัติกรุงเทพดังกล่าวเป็นบทบัญญัติอื่นที่มีผลบังคับเป็นการทั่วไป โดยไม่มุ่งหมายให้ใช้บังคับแก่กรณีใดหรือบุคคลใดเป็นการเฉพาะ อันมีลักษณะเป็นกฎตามพ.ร.บ.วิธีปฏิบัติราชการทางปกครองฯ  กรณีที่ผู้ขอคำปรึกษาเห็นว่า หลักเกณฑ์หมวด 3 เกี่ยวกับการควบคุมการเลี้ยงสุนัขและแมวเป็นบทบัญญัติที่จำกัดสิทธิของผู้ขอคำปรึกษาและมีความประสงค์จะฟ้องเพิกถอนหลักเกณฑ์หมวดดังกล่าวนั้นเป็นคดีพิพาทเกี่ยวกับการที่เจาหน้าที่ของรัฐออกคำสั่งโดยไม่ชอบด้วยกฎหมายตามมาตรา 9 วรรคหนึ่ง (1) แห่งพ.ร.บ.จัดตั้งศาลปกครองฯ  คดีพิพาทดังนั้นไม่ได้มีกฎหมายกำหนดขั้นตอนหรือวิธีการในกรแก้ไขเยียวยาความเดือดร้อนเสียหายไว้เป็นการเฉพาะก่อนการฟ้องคดี  ผู้ขอคำปรึกษาจึงเป็นผู้มีสิทธิฟ้องคดีตามมาตรา 42 วรรคหนึ่งแห่งพ.ร.บ.จัดตั้งศาลปกครองฯ  ผู้ขอคำปรึกษาจะต้องยื่นฟ้องคดีต่อศาลปกครองภายใน 90 วันนับแต่วันที่รู้หรือควรรู้ถึงเหตุแห่งการฟ้องคดี
2.) ประเด็นเกี่ยวกับวันที่รู้หรือควรรู้ถึงเหตุแห่งการฟ้องคดีนั้น ข้อบัญญัติกรุงเทพได้ประกาศในราชกิจจานุเบกษา เมื่อวันที่ 15 มกราคม 2568 และกำหนดให้ใช้บังคับเมื่อพ้นกำหนด 360 วัน นับแต่วันประกาศในราชกิจจานุเบกษาเป็นต้นไป ดังนั้น จึงมีผลใช้บังคับตั้งแต่วันที่ 10 มกราคม 2569 ผู้ฟ้องคดีจึงอยู่ภายใต้ข้อบัญญัติกรุงเทพฯดังกล่าว และย่อมถือว่าได้รู้ หรือ ควรรู้ถึงเหตุแห่งการฟ้องคดีนี้ตั้งแต่วันที่ข้อบัญญัติกรุงเทพฯมีผลใช้บังคับ คือ วันที่ 10 มกราคม 2569 ผู้ขอคำปรึกษาจึงชอบที่จะยื่นฟ้องคดีนี้ต่อศาลภายในระยะเวลา 90 วันนับแต่วันที่ข้อบัญญัติกรุงเทพมีผลใช้บังคับตาม มาตรา 49 แห่งพระราชบัญญัติจัดตั้งศาลปกครองและวิธีพิจารณาคดีปกครอง พ.ศ. 2542 (เทียบเคียง(คำสั่งศาลปกครองสูงสุดที่ ฟ. 44/2566) ดังนั้น ผู้ขอคำปรึกษาจะต้องรอให้ข้อบัญญัติกรุงเทพฯมีผลใช้บังคับก่อนจึงจะใช้สิทธิฟ้องคดี ณ ตอนนั้นผู้ขอคำปรึกษาสามารถมาขอคำปรึกษาคดีผ่านการโทรศัพท์สายด่วน 1355 ในการจัดทำคำฟ้องตามมาตรา 45 แห่งพ.ร.บ.จัดตั้งศาลปกครองฯได้
"
"ความรู้ทั่วไปเกี่ยวกับศาลปกครอง/คดีปกครอง, การจัดทำคำฟ้องหรือคำร้อง และขั้นตอนที่เกี่ยวข้อง","ผู้ขอคำปรึกษาเป็นผู้ประกอบธุรกิจและเข้าร่วมโครงการจัดซื้อจัดจ้างของภาครัฐ  ผู้ขอคำปรึกษาได้รับความเดือดร้อนเสียหายจากการที่หน่วยงานทางปกครองประกาศหลักเกณฑ์การเข้าร่วมการจัดซื้อจัดจ้าง ที่มีข้อกำหนดให้ การจัดซื้อจัดจ้างที่มีวงเงินเกิน 500,000 บาทขึ้นไป ถ้าเป็นบุคคลธรรมดา ให้พิจารณาจากหนังสือรับรองบัญญชีเงินฝากไม่เกิน 90 วัน กอนวันยื่นข้อเสนอโดยต้องมีเงินฝากคงเหลือในบัญชีธนาคารเป็นมูลค่า 1 ใน 4 ของมูลค่างบประมาณของโครงการนั้นเป็นข้อกำหนดที่มีลักษณะเป็นการสร้างภาระให้กับผู้เข้าร่วมการจัดซื้อจัดจ้าง ทำให้ผู้ตัดสิทธิการเป็นผู้ขอเข้าร่วมการประกวดราคา จึงขอคำปรึกษาว่า ผู้ขอคำปรึกษาจะใช้สิทธิฟ้องคดีต่อศาลปกครองเพื่อขอให้เพิกถอนหลักเกณฑ์ดังกล่าวได้หรือไม่","เมื่อพิจารณาถึงหลักเกณฑ์ที่ผู้ขอคำปรึกษาได้แจ้งไว้แล้ว หลักเกณฑ์ดังกล่าวมาจากหนังสือของคณะกรรมการวินิจฉัยการจัดซื้อจัดจ้างและการบริหารพัสดุของภาครัฐ ที่ กค (กวจ) 0404.2 /ว 124 ลงวันที่ 1 มีนาคม 2566 เรื่อง แนวทางปฏิบัติในการเร่งรัดการปฏิบัติงานตามสัญญาและการกำหนดคุณสมบัติของผู้มีสิทธิยื่นข้อเสนอ ข้อ 1.3 กำหนดว่า การจัดซื้อจัดจ้างที่มีวงเงินเกิน 500,000 บาทขึ้นไป ถ้าเป็นบุคคลธรรมดา ให้พิจารณาจากหนังสือรับรองบัญญชีเงินฝากไม่เกิน 90 วัน กอนวันยื่นข้อเสนอโดยต้องมีเงินฝากคงเหลือในบัญชีธนาคารเป็นมูลค่า 1 ใน 4 ของมูลค่างบประมาณของโครงการนั้นเป็นข้อกำหนดที่มีลักษณะเป็นการสร้างภาระให้กับผู้เข้าร่วมการจัดซื้อจัดจ้าง  ประเด็นที่ต้องพิจารณาว่า หนังสือดังกล่าวมีลักษณะเป็นกฎหรือไม่ หากกรณีที่เห็นว่าเป็นลักษณะบทบัญญัติที่มีผลใช้บังคับทั่วไปบทบัญญัติอื่นที่มีผลบังคับเป็นการทั่วไป โดยไม่มุ่งหมายให้ใช้บังคับแก่กรณีใดหรือบุคคลใดเป็นการเฉพาะอันมีลักษณะเป็นกฎตามพ.ร.บ.วิธีปฏิบัติราชการทางปกครองฯ และเห็นว่า เป็นกฎที่มีหลักเกณฑ์เป็นการสร้างภาระให้กับผู้เข้าร่วมการจัดซื้อจัดจ้างและมีความประสงค์ในการฟ้องขอเพิกถอนหลักเกณฑ์ข้อดังกล่าวนั้นเป็นคดีพิพาทเกี่ยวกับการที่เจ้าหน้าที่ของรัฐออกกฎโดยไม่ชอบด้วยกฎหมายตามมาตรา 9 วรรคหนึ่ง (1) แห่งพ.ร.บ.จัดตั้งศาลปกครองฯ เมื่อคดีฟ้องเพิกถอนกฎนั้นไม่ได้มีกฎหมายกำหนดขั้นตอนหรือวิธีการในการแก้ไขความเดือดร้อนเสียหายไว้เป็นการเฉพาะก่อนการยื่นฟ้องคดี  ผู้ขอคำปรึกษาจึงเป็นผู้มีสิทธิฟ้องคดีของศาลปกครองตามมาตรา 42 วรรคหนึ่งแห่งพ.ร.บ.จัดตั้งศาลปกครองฯ  ผู้ขอคำปรึกษาจะต้องใช้สิทธิฟ้องคดีต่อศาลปกครองภายใน 90 วันนับแต่วันที่รู้ถึงเหตุแห่งการฟ้องคดีตามมาตรา 49 แห่งพ.ร.บ.จัดตั้งศาลปกครองฯ ซึ่งระยะเวลรู้ถึงเหตุแห่งการฟ้องคดีวันที่มีการประการใช้บังคับหรือผู้ฟ้องคดีอยู่ภายใต้การบังคับแห่งกฎ จึงแนะนำให้ผู้ขอคำปรึกษาไปศึกษษว่า หลักเกณฑ์ที่จะฟ้องคดีอยู่ในเอกสารใดของหน่วยงานของรัฐเพื่อมาขอคำปรึกษาในการฟ้องคดีต่อศาลปกครองอีกครั้ง
"
"ความรู้ทั่วไปเกี่ยวกับศาลปกครอง/คดีปกครอง, การจัดทำคำฟ้องหรือคำร้อง และขั้นตอนที่เกี่ยวข้อง",ผู้ขอคำปรึกษาเป็นเจ้าของที่ดินที่ได้ดำเนินการรังวัดแบ่งที่ดินซึ่งได้รับทราบจากเจ้าพนักงานที่ดินว่าที่ดินบางส่วนของผู้ขอคำปรึกษาได้ถูกเวนคืนที่ดินเป็นคลองชลประทานของกรมชลประทานเมื่อ 40 กว่าปีที่แล้ว ซึ่งปัจจุบันอยู่ในความรับผิดชอบของสำนักงานชลประทานที่ 13 ตำบลม่วงชุม อำเภอท่าม่วง จังหวัดกาญจนบุรี  ผู้ขอคำปรึกษาได้ยื่นหนังสือต่อสำนักงานชลประทานที่ 13 เพื่อขอให้จ่ายเงินค่าทดแทนการเวนคืนที่ดิน สำนักงานชลประทานแจ้งว่า อยู่ในระหว่างการดำเนินการตรวจสอบ ขอสอบถามว่า กรณีนี้จะฟ้องคดีต่อศาลปกครองเพื่อขอให้ศาลมีคำพิพากษาให้กรมชลประทานจ่ายเงินค่าทดแทนที่ดินที่ถูกเวนคืนได้หรือไม่,การจ่ายเงินค่าวนคืนที่ดินนั้นเป็นสิทธิตามพระราชบัญญัติว่าด้วยการเวนคืนอสังหาริมทรัพย์ พ.ศ.2497 กรณีที่ผู้ขอคำปรึกษาไม่เห็นด้วยจะใช้สิทธิฟ้องคดีต่อศาลปกครองนั้นเป็นคดีพิพาทเกี่ยวกับความรับผิดอย่างอื่นอันเกิดจากการละเลยการปฏิบัติหน้าที่ตามที่กฎหมายกำหนดให้ต้องปฏิบัติตามมาตรา 9 วรรคหนึ่ง (3) แห่งพ.ร.บ.จัดตั้งศาลปกครองฯ  อย่างไรก็ตาม คดีนี้มีประเด็นต้องพิจารณาเกี่ยวกับการดำเนินการตามขั้นตอนหรือวิธีการที่กฎหมายกำหนดไว้ในการแก้ไขความเดือดร้อนเสียหายก่อนการฟ้องคดี หากไม่ได้ดำเนินการขั้นตอนหรือวิธีการที่กฎหมายกำหนดไว้ ผู้ฟ้องคดีจะเป็นผู้ไม่มีสิทธิฟ้องคดีต่อศาลปกครองตามมาตรา 42 วรรคสองแห่งพ.ร.บ.จัดตั้งศาลปกครองฯ ศาลจะมีคำสั่งไม่รับคำฟ้องไว้พิจารณา และหากไม่ได้มีการยื่นฟ้องคดีต่อศาลปกครองภายใน 1 ปีนับแต่วันที่รู้หรือควรรู้ถึงเหตุแห่งการฟ้องคดีแต่ไม่เกิน 10 ปีนับแต่วันเหตุแห่งการฟ้องคดีเกิดขึ้นตามมาตรา 51 แห่งพ.ร.บ.จัดตั้งศาลปกครองฯ  หากเหตุเกิดขึ้นก่อนการจัดตั้งและเปิดดำเนินการของศาลปกครอง ศาลจะพิจารณาจารณจากวันที่รู้ถึงเหตุแห่งการฟ้องคดีภายใน 1 ปีเป็นวันที่รู้ถึงเหตุแห่งการฟ้องคดี
เป็นคดีที่อยู่ในอำนาจของศาลปกครองหรือไม่,ผู้ขอคำปรึกษาเป็นผู้ดูแลเพจและเว็ปไซต์แห่งหนึ่ง (administrator) ซึ่งไม่ได้เปิดเผยชื่อต่อสาธารณะได้รับความเดือดร้อนเสียหายจากการที่หน่วยงานทางปกครองแห่งหนึ่งซึ่งมีข้อมูลว่าผู้ขอคำปรึกษาเป็นผู้ดูแลเพจได้ปล่อยให้ข้อมูลดังกล่าวให้บุคคลอื่นนำข้อมูลไปใช้ในเป็นหลักฐานอ้างอิงในการฟ้องคดีต่อศาลยุติธรรม ผู้ขอคำปรึกษามีความประสงค์ฟ้องหน่วยงานทางปกครองที่มีข้อมูลดังกล่าวเพื่อเรียกค่าเสียหายจะฟ้องคดีต่อศาลปกครองได้หรือไม่,"พระราชบัญญัติคุ้มครองข้อมูลส่วนบุคคล พ.ศ. 2562 “ข้อมูลส่วนบุคคล” หมายความว่า ข้อมูลเกี่ยวกับบุคคลซึ่งทำให้สามารถระบุตัวบุคคลนั้นได้ไม่ว่าทางตรงหรือทางอ้อม แต่ไม่รวมถึงข้อมูลของผู้ถึงแก่กรรมโดยเฉพาะ “ผู้ควบคุมข้อมูลส่วนบุคคล” หมายความว่า บุคคลหรือนิติบุคคลซึ่งมีอ านาจหน้าที่ตัดสินใจเกี่ยวกับการเก็บรวบรวม ใช้ หรือเปิดเผยข้อมูลส่วนบุคคล  และมาตรา 77 แห่งพระราชบัญญัติดังกล่าว บัญญัติว่า ผู้ควบคุมข้อมูลส่วนบุคคลหรือผู้ประมวลผลข้อมูลส่วนบุคคลซึ่งดำเนินการใด ๆ
เกี่ยวกับข้อมูลส่วนบุคคลอันเป็นการฝ่าฝืนหรือไม่ปฏิบัติตามบทบัญญัติแห่งพระราชบัญญัตินี้ทำให้เกิด
ความเสียหายต่อเจ้าของข้อมูลส่วนบุคคล ต้องชดใช้ค่าสินไหมทดแทนเพื่อการนั้นแก่เจ้าของข้อมูล
ส่วนบุคคล ไม่ว่าการดำเนินการนั้นจะเกิดจากการกระทำโดยจงใจหรือประมาทเลินเล่อหรือไม่ก็ตาม เว้นแต่ผู้ควบคุมข้อมูลส่วนบุคคลหรือผู้ประมวลผลข้อมูลส่วนบุคคลนั้นจะพิสูจน์ได้ว่า... ดังนั้นเมื่อผู้ขอคำปรึกษาได้รับความเดือดร้อนเสียหายจากหน่วยงานทางปกครองแห่งหนึ่งซึ่งมีข้อมูลว่าผู้ขอคำปรึกษาเป็นผู้ดูแลเพจได้ปล่อยให้ข้อมูลดังกล่าวให้บุคคลอื่นนำข้อมูลไปใช้ในเป็นหลักฐานอ้างอิงในการฟ้องคดีต่อศาลและผู้ขอคำปรึกษามีความประสงค์ในการฟ้องคดีต่อศาลปกครองเพื่อเรียกค่าเสียหายนั้นเป็นคดีพิพาทที่พระราชบัญญัติคุ้มครองข้อมูลส่วนบุคคล พ.ศ. 2562 กำหนดให้เป็นคดีที่อยู่ในอำนาจของศาลยุติธรรม ดังนั้น จึงแนะนำให้ปรึกษาคดีกับสภาทนายความ"
"ความรู้ทั่วไปเกี่ยวกับศาลปกครอง/คดีปกครอง, การจัดทำคำฟ้องหรือคำร้อง และขั้นตอนที่เกี่ยวข้อง",ผู้ขอคำปรึกษาได้รับความเดือดร้อนเสียหายจากการที่หน่วยงานทางปกครองส่วนท้องถิ่นดำเนินโครงการปรับปรุงถนนและรุกล้ำเข้ามาในที่ดินของประชาชนนั้นจะฟ้องเป็นคดีต่อศาลปกครองเพื่อขอให้รื้อถอนถนนในส่วนที่รุกล้ำได้หรือไม่,หน่วยงานทางปกครองส่วนท้องถิ่นมีอำนาจหน้าที่ตามกฎหมายจัดตั้งในการจัดให้มีหรือบำรุงดูแลรักษาถนน กรณีที่เห็นว่า หน่วยงานทางปกครองส่วนท้องถิ่นดำเนินโครงการปรับปรุงถนนและรุกล้ำเข้ามาในที่ดินของประชาชนนั้นจะฟ้องเป็นคดีต่อศาลปกครองเพื่อขอให้รื้อถอนถนนในส่วนที่รุกล้ำนั้นเป็นคดีพิพาทเกี่ยวกับการกระทำละเมิดของหน่วยงานทางปกครองหรือเจ้าหน้าที่ของรัฐอันเกิดจากการใช้อำนาจตามกฎหมายตามมาตรา 9 วรรคหนึ่ง (3) แห่งพ.ร.บ.จัดตั้งศาลปกครองฯ  ผู้ขอคำปรึกษาจะต้องยื่นฟ้องคดีต่อศาลปกครองยื่นภายใน 1 ปี แต่ไม่เกิน 10 นับแต่วันที่มีเหตุแห่งการฟ้องคดีตามมาตรา 51 แห่งพ.ร.บ.จัดตั้งศาลปกครองฯ  ผู้ขอคำปรึกษาจะต้องจัดทำคำฟ้องตามมาตรา 45 แห่งพ.ร.บ.จัดตั้งศาลปกครองฯ โดยกำหนดให้หน่วยงานทางปกครองส่วนท้องถิ่นซึ่งเป็นหน่วยงานที่รับผิดชอบคลองดังกล่าวเป็นผู้ถูกฟ้องคดี คำฟ้องบรรยายข้อเท็จจริงที่เกิดขึ้นว่าเป็นเจ้าของที่ดินโฉนดเลขที่อะไร ต่อมามีโครงการก่อสร้างถนนและถนนนั้นรุกล้ำเข้ามาในที่ดินอย่างไร และกำหนดคำขอท้ายคำฟ้องขอให้ให้รื้อถอนถนนในส่วนที่รุกล้ำกลับคืนสู่สภาพเดิมซึ่งเป็นคำขอที่ศาลสามารถออกคำบังคับได้ตามมาตรา 72 วรรคหนึ่ง (3) แห่งพ.ร.บ.จัดตั้งศาลปกครองฯ
"ความรู้ทั่วไปเกี่ยวกับศาลปกครอง/คดีปกครอง, การจัดทำคำฟ้องหรือคำร้อง และขั้นตอนที่เกี่ยวข้อง",ขอคำปรึกษาเกี่ยวกับหลักเกณฑ์เงื่อนไขในการฟ้องเพิกถอนกฎต่อศาลปกครอง,"1.) กรณีที่ผู้คำปรึกษาได้รับความเดือดร้อนเสียหายจากกฎอันเนื่องจากกระทำโดยไม่มีอำนาจหรือนอกเหนืออำนาจหน้าที่หรือไม่ถูกต้องตามกฎหมาย หรือโดยไม่ถูกต้องตามรูปแบบขั้นตอน หรือวิธีการอันเป็นสาระสำคัญที่กำหนดไว้สำหรับการกระทำนั้น หรือโดยไม่สุจริต หรือมีลักษณะเป็นการเลือกปฏิบัติที่ไม่เป็นธรรม หรือมีลักษณะเป็นการสร้างขั้นตอนโดยไม่จำเป็นหรือสร้างภาระให้เกิดกับประชาชนเกินสมควร หรือเป็นการใช้ดุลพินิจโดยมิชอบและมีความประสงค์ฟ้องเพิกถอนกฎดังกล่าวนั้นเป็นคดีพิพาทเกี่ยวกับการที่หน่วยงานทางปกครองหรือเจ้าหน้าที่ของรัฐออกกฎโดยไม่ชอบด้วยกฎหมายตามมาตรา 9 วรรคหนึ่ง (1) แห่งพ.ร.บ.จัดตั้งศาลปกครองฯ  คดีพิพาทนี้ไม่มีกฎหมายกำหนดขั้นตอนหรือวิธีการในการแก้ไขความเดือดร้อนเสียหายไว้เป็นการเฉพาะก่อนการฟ้องคดี ผู้ขอคำปรึกษาจึงเป็นผู้มีสิทธิฟ้องคดีต่อศาลปกครองตามมาตรา 42 วรรคหนึ่งแห่งพ.ร.บ.จัดตั้งศาลปกครอง ผู้ขอคำปรึกษาจะต้องยื่นฟ้องคดีต่อศาลปกครองภายใน 90 วันนับแต่วันที่รู้หรือควรรู้ถึงเหตุแห่งการฟ้องคดีตามมาตรา 49 แห่งพ.ร.บ.จัดตั้งศาลปกครองฯ ซึ่งได้แก่วันที่มีประกาศลงในราชกิจจานุเบกษาหรือวันที่ผู้ขอคำปรึกษาอยู่ในบังคับของกฎ
2.) ผู้ขอคำปรึกษาต้องจัดทำคำฟ้องตามมาตรา 45 แห่งพ.ร.บ.จัดตั้งศาลปกครองฯโดยกำหนดให้เจ้าหน้าที่ของรัฐผู้มีอำนาจในการประกาศใช้กฎพิพาทเป็นผู้ถูกฟ้องคดี บรรยายข้อเท็จจริงว่าผู้ขอคำปรึกษาเป็นผู้อยู่ภายใต้บังคับและได้รับความเดือดร้อนอย่างไร และกฎนั้นเป็นกฎที่ไม่ชอบด้วยกฎหมายอย่างไร และกำหนดคำขอท้ายคำฟ้องขอให้ศาลมีคำพิพากษาเพิกถอนกฎทั้งหมดหรือบางส่วนซึ่งเป็นคำขอที่ศาลสามารถออกคำบังคับได้ตามมาตรา 72 วรรคหนึ่ง (1) แห่งพ.ร.บ.จัดตั้งศาลปกครองฯ โดยจัดทำคำฟ้องและสำเนาตามจำนวนของผู้ถูกฟ้องคดีพร้อมกับลงลายมือชื่อทุกหน้าที่มีข้อความหรือรูปภาพ
3.) ส่วนการการบังคับคดีเพิกถอนกฎนนั้น ข้อ 136 แห่งระเบียบของที่ประชุมใหญ่ฯว่าด้วยวิธีพิจารณาคดีปกครองฯกำหนดว่า ในกรณีที่ศาลมีคำพิพากษาถึงที่สุดให้เพิกถอนกฎ ให้สำนักงานเสนอประกาศผล
แห่งคำพิพากษาที่ให้เพิกถอนกฎดังกล่าวต่อศาลเพื่อลงนาม และให้สำนักงานศาลปกครองส่งประกาศนั้นไปยังสำนักเลขาธิการคณะรัฐมนตรีเพื่อลงประกาศในราชกิจจานุเบกษาโดยเร็ว โดยไม่ต้องขอให้หน่วยงานทางปกครองไปเพิกถอนกฎอีกทีแต่อย่างใด"
"ความรู้ทั่วไปเกี่ยวกับศาลปกครอง/คดีปกครอง, ขั้นตอนแก้ไขความเสียหายก่อนฟ้องคดี, การจัดทำคำฟ้องหรือคำร้อง และขั้นตอนที่เกี่ยวข้อง",ผู้ขอคำปรึกษาสอบถามว่า กรณีที่ผู้ขอคำปรึกษามีหนังสือไปถึงสำนักงานคณะกรรมการกำกับและส่งเสริมการประกอบธุรกิจประกันภัย (คปภ.) เพื่อให้ดำเนินการจ่ายค่าเสียหายให้แก่ผู้ขอคำปรึกษา ประมาณ 1 ปีเศษแล้ว แต่ คปภ. ไม่ดำเนินการใด ๆ ให้แก่ผู้ขอคำปรึกษา เช่นนี้ผู้ขอคำปรึกษาจะสามารถดำเนินการอย่างไรได้บ้าง,"กรณีที่ผู้ขอคำปรึกษามีหนังสือไปถึงสำนักงานคณะกรรมการกำกับและส่งเสริมการประกอบธุรกิจประกันภัย (คปภ.) เพื่อให้ดำเนินการจ่ายค่าเสียหายให้แก่ผู้ขอคำปรึกษา ประมาณ 1 ปีเศษแล้ว แต่ คปภ. ไม่ดำเนินการใด ๆ ให้แก่ผู้ขอคำปรึกษา จึงได้ให้คำแนะนำว่า เนื่องจากขณะนี้ได้ล่วงเลยระยะเวลาการฟ้องคดีต่อศาลปกครองแล้ว จึงแนะนำให้ผู้ขอคำปรึกษาจัดทำหนังสือไปถึง คปภ. เพื่อให้ดำเนินการตามอำนาจหน้าที่อีกครั้งหนึ่ง หากพ้นกำหนดเก้าสิบวันนับแต่วันที่ได้มีหนังสือดังกล่าวแล้ว ไม่ได้รับหนังสือชี้แจงจากหน่วยงาน  จึงมีสิทธินำคดีมาฟ้องต่อศาลปกครองภายในเก้าสิบวันนับแต่วันที่พ้นกำหนดระยะเวลาดังกล่าว หรือได้รับแต่เป็นคำชี้แจงที่ผู้ขอคำปรึกษาเห็นว่าไม่มีเหตุผล จึงมีสิทธินำคดีมาฟ้องต่อศาลปกครองภายในเก้าสิบวันนับแต่วันที่รู้หรือควรรู้ถึงเหตุแห่งการฟ้องคดี โดยจะต้องมีคำขอท้ายคำฟ้องให้หน่วยงานทางปกครองหรือเจ้าหน้าที่ของรัฐที่เกี่ยวข้องปฏิบัติตามหน้าที่ภายในเวลาที่ศาลปกครองกำหนด หรือให้หน่วยงานทางปกครองเพิกถอนคำสั่งที่ไม่ชอบด้วยกฎหมายนั้น แล้วแต่กรณี ตามมาตรา 49 ประกอบมาตรา 72 วรรคหนึ่ง แห่งพระราชบัญญัติจัดตั้งศาลปกครองและวิธีพิจารณาคดีปกครอง พ.ศ. 2542
สำหรับการจัดทำคำฟ้องนั้นสามารถดาวน์โหลดแบบฟอร์มคำฟ้องได้จากเว็บไซต์ของศาลปกครอง ซึ่งอาจเขียนคำฟ้องเองด้วยลายมือหรือจะใช้วิธีการพิมพ์ก็ได้ โดยคำฟ้องให้ใช้ถ้อยคำสุภาพและต้องมีรายการครบถ้วนตามมาตรา 45 แห่งพระราชบัญญัติจัดตั้งศาลปกครองและวิธีพิจารณาคดีปกครอง พ.ศ. 2542 ดังนี้ (1) ชื่อและที่อยู่ของผู้ฟ้องคดี (2) ชื่อหน่วยงานทางปกครองหรือเจ้าหน้าที่ของรัฐที่เกี่ยวข้องอันเป็นเหตุแห่งการฟ้องคดี (3) การกระทำทั้งหลายที่เป็นเหตุแห่งการฟ้องคดี พร้อมทั้งข้อเท็จจริงหรือพฤติการณ์ตามสมควรเกี่ยวกับการกระทำดังกล่าว (4) คำขอของผู้ฟ้องคดี และ (5) ลายมือชื่อของผู้ฟ้องคดี และหากผู้ฟ้องคดีประสงค์จะให้บุคคลอื่นเป็นผู้ดำเนินคดีแทน จะต้องจัดทำใบมอบอำนาจพร้อมแนบสำเนาบัตรประจำตัวของผู้มอบอำนาจและผู้รับมอบอำนาจพร้อมปิดอากรแสตมป์มาด้วย โดยต้องจัดทำสำเนาคำฟ้องและสำเนาพยานหลักฐานที่รับรองสำเนาถูกต้องตามจำนวนของผู้ถูกฟ้องคดี ตามข้อ 33 แห่งระเบียบของที่ประชุมใหญ่ตุลาการในศาลปกครองสูงสุด ว่าด้วยวิธีพิจารณาคดีปกครอง พ.ศ. 2543 ซึ่งผู้ขอคำปรึกษาสามารถเลือกยื่นคำฟ้องได้ 3 ช่องทาง คือ (1) ยื่นด้วยตนเองที่ศาลปกครอง (2) ส่งทางไปรษณีย์ลงทะเบียน หรือ (3) ยื่นทางระบบอิเล็กทรอนิกส์ และให้ยื่นฟ้องต่อศาลปกครองชั้นต้นที่ผู้ฟ้องคดีมีภูมิลำเนาหรือที่มูลคดีเกิดขึ้นก็ได้ ตามมาตรา 46 ประกอบมาตรา 47 วรรคหนึ่ง แห่งพระราชบัญญัติฉบับเดียวกัน "
"ความรู้ทั่วไปเกี่ยวกับศาลปกครอง/คดีปกครอง, การจัดทำคำฟ้องหรือคำร้อง และขั้นตอนที่เกี่ยวข้อง",ผู้ขอคำปรึกษาสอบถามว่า กรณีที่ผู้ขอคำปรึกษาได้รับหนังสือแจ้งจากคณะกรรมการวินิจฉัยการเปิดเผยข้อมูลข่าวสารของราชการ ว่าไม่รับเรื่องของผู้ขอคำปรึกษาไว้พิจารณาเมื่อวันที่ 25 กันยายน 2568 หากผู้ขอคำปรึกษาไม่เห็นด้วยกับความเห็นของคณะกรรมการฯ ดังกล่าว จะต้องยื่นฟ้องคดีต่อศาลปกครองภายในระยะเวลาเท่าใด,ได้ให้คำแนะนำว่า กรณีที่ผู้ขอคำปรึกษาได้รับหนังสือแจ้งจากคณะกรรมการวินิจฉัยการเปิดเผยข้อมูลข่าวสารของราชการ ว่าไม่รับเรื่องของผู้ขอคำปรึกษาไว้พิจารณาเมื่อวันที่ 25 กันยายน 2568 หากผู้ขอคำปรึกษาไม่เห็นด้วยกับความเห็นของคณะกรรมการฯ ดังกล่าว จะต้องยื่นฟ้องคดีต่อศาลปกครองภายใน 90 วัน นับแต่วีนที่รู้หรือควรรู้ถึงเหตุแห่งการฟ้องคดี ตามมาตรา 49 แห่งพระราชบัญญัติจัดตั้งศาลปกครองและวิธีพิจารณาคดีปกครอง พ.ศ. 2542 สำหรับการจัดทำคำฟ้องนั้นสามารถดาวน์โหลดแบบฟอร์มคำฟ้องได้จากเว็บไซต์ของศาลปกครอง ซึ่งอาจเขียนคำฟ้องเองด้วยลายมือหรือจะใช้วิธีการพิมพ์ก็ได้ โดยคำฟ้องให้ใช้ถ้อยคำสุภาพและต้องมีรายการครบถ้วนตามมาตรา 45 แห่งพระราชบัญญัติจัดตั้งศาลปกครองและวิธีพิจารณาคดีปกครอง พ.ศ. 2542 ดังนี้ (1) ชื่อและที่อยู่ของผู้ฟ้องคดี (2) ชื่อหน่วยงานทางปกครองหรือเจ้าหน้าที่ของรัฐที่เกี่ยวข้องอันเป็นเหตุแห่งการฟ้องคดี (3) การกระทำทั้งหลายที่เป็นเหตุแห่งการฟ้องคดี พร้อมทั้งข้อเท็จจริงหรือพฤติการณ์ตามสมควรเกี่ยวกับการกระทำดังกล่าว (4) คำขอของผู้ฟ้องคดี และ (5) ลายมือชื่อของผู้ฟ้องคดี และหากผู้ฟ้องคดีประสงค์จะให้บุคคลอื่นเป็นผู้ดำเนินคดีแทน จะต้องจัดทำใบมอบอำนาจพร้อมแนบสำเนาบัตรประจำตัวของผู้มอบอำนาจและผู้รับมอบอำนาจพร้อมปิดอากรแสตมป์มาด้วย โดยต้องจัดทำสำเนาคำฟ้องและสำเนาพยานหลักฐานที่รับรองสำเนาถูกต้องตามจำนวนของผู้ถูกฟ้องคดี ตามข้อ 33 แห่งระเบียบของที่ประชุมใหญ่ตุลาการในศาลปกครองสูงสุด ว่าด้วยวิธีพิจารณาคดีปกครอง พ.ศ. 2543 ซึ่งผู้ขอคำปรึกษาสามารถเลือกยื่นคำฟ้องได้ 3 ช่องทาง คือ (1) ยื่นด้วยตนเองที่ศาลปกครอง (2) ส่งทางไปรษณีย์ลงทะเบียน หรือ (3) ยื่นทางระบบอิเล็กทรอนิกส์ และให้ยื่นฟ้องต่อศาลปกครองชั้นต้นที่ผู้ฟ้องคดีมีภูมิลำเนาหรือที่มูลคดีเกิดขึ้นก็ได้ ตามมาตรา 46 ประกอบมาตรา 47 วรรคหนึ่ง แห่งพระราชบัญญัติฉบับเดียวกัน 
"ความรู้ทั่วไปเกี่ยวกับศาลปกครอง/คดีปกครอง, เป็นคดีที่อยู่ในอำนาจของศาลปกครองหรือไม่, ขั้นตอนแก้ไขความเสียหายก่อนฟ้องคดี, การจัดทำคำฟ้องหรือคำร้อง และขั้นตอนที่เกี่ยวข้อง",กรณีผู้ขอคำปรึกษาเป็นทีมงานของผู้สมัครผู้ใหญ่บ้าน เห็นว่าควรจะมีการนับคะแนนการเลือกตั้งใหม่ จะต้องดำเนินการอย่างไร และมีสิทธิยื่นฟ้องคดีต่อศาลปกครอง หรือไม่,แนะนำว่า ผู้ขอคำปรึกษาเป็นทีมงานของผู้สมัครผู้ใหญ่บ้าน เห็นว่าควรจะมีการนับคะแนนการเลือกตั้งใหม่ จะต้องยื่นเรื่องให้นายอำเภอพิจารณาว่าจะมีการนับคะแนนใหม่ หรือไม่ หากผลการพิจารณาไม่เป็นที่พอใจ ผู้ขอฯ มีสิทธิยื่นฟ้องคดีต่อศาลปกครองโดยมีคำขอให้เพิกถอนคำสั่งที่ไม่ชอบด้วยกฎหมาย ตามมาตรา 9 วรรคหนึ่ง (1) และมาตรา 72 วรรคหนึ่ง (1) แห่งพระราชบัญญัติจัดตั้งศาลปกครองและวิธีพิจารณาคดีปกครอง พ.ศ. 2542 
"ความรู้ทั่วไปเกี่ยวกับศาลปกครอง/คดีปกครอง, การจัดทำคำฟ้องหรือคำร้อง และขั้นตอนที่เกี่ยวข้อง",กรณีประสงค์จะขอคัดเอกสารในสำนวนคดีจะต้องดำเนินการอย่างไร จะมอบให้บุคคลอื่นมาขอคัดเอกสาร ได้หรือไม่,"	แนะนำว่า ให้ผู้ขอคำปรึกษาใช้แบบพิมพ์ (ค. 2) ระบุมุมบนด้านซ้ายว่าคำขอคัดถ่ายเอกสาร โดยบรรยายว่าประสงค์จะคัดถ่ายเอกสารในเรื่องใด ลงวันที่เท่าไร กรณีมอบให้ผู้อื่นมายื่นคำขอฯ ต้องแนบ
ใบมอบอำนาจ หรือใบมอบฉันทะมาด้วย  
"
"ความรู้ทั่วไปเกี่ยวกับศาลปกครอง/คดีปกครอง, การจัดทำคำฟ้องหรือคำร้อง และขั้นตอนที่เกี่ยวข้อง",ผู้ขอคำปรึกษาเป็นเจ้าของที่ดินซึ่งได้รับความเดือดร้อนเสียหายจากการที่รองปลัดกระทรวงมหาดไทยพิจารณาอุทธรณ์ใหม่เป็นเหตุให้โฉนดที่ดินของผู้ขอคำปรึกษาที่แบ่งแยกจากโฉนดที่ดินของบริษัท อัลไพน์ จำกัด ถูกเพิกถอน เนื่องจากเป็นโฉนดที่ดินที่ออกทับที่ธรณีสงฆ์  ผู้ขอคำปรึกษาจึงขอคำปรึกษาในการฟ้องคดีเพื่อขอให้ชดใช้เงินค่าที่ดิน,โฉนดที่ดินถือเป็นเอกสารสิทธิที่ใช้อำนาจของเจ้าพนักงานที่ดินตามประมวลกฎหมายที่ดินทีมีลักษณะเป็นคำสั่งทางปกครองตามพ.ร.บ.วิธีปฏิบัติราชการทางปกครองฯ การที่รองปลัดกระทรวงมหาดไทย หัวหน้ากลุ่มภารกิจด้านความมั่นคงภายในได้พิจารณาอุทธรณ์ใหม่เพิกถอนคำวินิจฉัยอุทธรณ์ของปลัดกระทรวงมหาดไทยเดิม เป็นผลทำให้เพิกถอนรายการจดทะเบียนสิทธิและนิติกรรมที่ดินของผูขอคำปรึกษาซึ่งซื้อมาจากบริษัท อัลไพน์เรียลเอทเตท จำกัด ซึ่งเป็นผู้จัดสรรที่ดินที่ดินตามโฉนดที่ดินเลขที่ 20 และเลขที่ 1446 อำเภอคอลองหลวง จังหวัดปทุมธานี โดยอ้างว่าเป็นที่ธรณีสงฆ์ของวัดธรรมิการามวรวิหาร จนเป็นเหตุให้ผู้ฟ้องคดีซึ่งได้ซื้อที่ดินมาโดยสุจริตได้รับความเดือดร้อนหรือเสียหายต้องสูยเสียที่ดินดังกล่าวไป จึงมีความประสงค์ฟ้องเรียกค่าเสียหายนั้นเป็นคดีพิพาทเกี่ยวกับการกระทำละเมิดจากการที่เจ้าหน้าที่ของรัฐออกคำสั่งโดยไม่ชอบด้วยกฎหมายตามมาตรา 9 วรรคหนึ่ง (3) แห่งพ.ร.บ.จัดตั้งศาลปกครองฯ  เมื่อคดีพิพาทเกี่ยวกับการกระทำละเมิดไม่มีกฎหมายกำหนดขั้นตอนวิธีการในการแก้ไขความเดือดร้อนเสียหายไว้เป็นการเฉพาะ ผู้ขอคำปรึกษาจึงป็นผู้มีสิทธิฟ้องคดีตามมาตรา 42 วรรคหนึ่งแห่งพ.ร.บ.เดียวกันที่มีสิทธิยื่นฟ้องคดีต่อศาลปกครองภายใน 1 ปีนับแต่วันที่รู้ถึงเหตุแห่งการฟ้องคดีตามมาตรา 51 แห่งพ.ร.บ.จัดตั้งศาลปกครองฯ  ผู้ขอคำปรึกษาต้องจัดทำคำฟ้องตามมาตรา 45 แห่งพ.ร.บ.จัดตั้งศาลปกครองฯโดยกำหนดให้กรมที่ดินเป็นผู้ถูกฟ้องคดี บรรยายข้อเท็จจริงเกิดขึ้นและโต้แย้งว่าการออกโฉนดโดยไม่ชอบด้วยกฎหมายทำให้ผู้ฟ้องคดีเสียหายเป็นจำนวนเงินเท่าใด... บาท ซึ่งเป็นคำขอที่ศาลสามารถออกคำบังคับได้ตามมาตรา 72 วรรคหนึ่ง (3) แห่งพ.ร.บ.จัดตั้งศาลปกครองฯ ทั้งนี้ การฟ้องคดีขอให้ชดใช้เงินจะต้องเสียค่าธรรมเนียมศาลในอัตราร้อยละ 2 ของจำนวนทุนทรัพย์ในคดี
ขั้นตอนแก้ไขความเสียหายก่อนฟ้องคดี,ผู้ขอคำปรึกษาได้รับความเดือดร้อนเสียหายจากการที่เมื่อปี พ.ศ. 2566 ผู้ขอคำปรึกษายื่นคำร้องขอรับเงินช่วยเหลือเบื้องต้น กรณีได้รับความเสียหายจากวัคซีนป้องกันโรคติดเชื้อไวรัสโคโรนา 2019 แต่คณะอนุกรรมการพิจารณาคำร้องมีมติไม่จ่ายเงินช่วยเหลือเบื้องต้น และแจ้งสิทธิอุทธรณ์ผลการวินิจฉัยต่อผู้ถูกฟ้องคดี  แต่ผู้ขอคำปรึกษาไม่ได้ยื่นอุทธรณ์ภายในกำหนดเวลาที่แจ้งไว้ เมื่อไปติดต่อกับสำนักงานหลักประกันสุขภาพแห่งชาติแจ้งว่ายื่นพ้นกำหนดอุทธรณ์ให้ไปฟ้องคดีต่อศาลปกครอง ขอคำปรึกษาว่าจฟ้องคดีต่อศาลปกครองได้หรือไม่,กรณีผู้ขอคำปรึกษาได้รับความเสียหายจากการรับวัคซนป้องกันโควิดและมีความประสงค์ในการขอรับเงินช่วยเหลือเบื้องต้นตามประกาศสำนักงานหลักประกันสุขภาพแห่งชาติ เรื่อง หลักเกณฑ์ วิธีการ และเงื่อนไขการจ่ายเงินช่วยเหลือเบื้องต้น กรณีผู้รับบริการได้รับความเสียหายจากการรับวัคซีนป้องกันโรคติดเชื้อไวรัสโคโรนา 2019 หรือโรคโควิด 19 (Coronavirus Disease 2019 (COVID-19)) พ.ศ. 2564 นั้นเป็นคดีพิพาทเกี่ยวกับความรับผิดอย่างอื่นตามมาตรา 9 วรรคหนึ่ง (3) แห่งพ.ร.บ.จัดตั้งศาลปกครองฯ  เมื่อผู้ขอคำปรึกษาซึ่งทายาทของผู้เสียหายได้ยื่นอุทธรณ์และได้รับผลการพิจารณาอุทธรณ์แล้วจึงถือได้ว่าได้ดำเนินการแก้ไขความเดือดร้อนเสียหายตามขั้นตอนของกฎหมายที่จะเป็นผู้มีสิทธิฟ้องคดีตามมาตรา 42 วรรคสองแห่งพ.ร.บ.จัดตั้งศาลปกครองฯ อุทธรณ์ต่อเลขาธิการสำนักงานหลักประกันสุขภาพแห่งชาติ ภายใน 30 วันนับแต่วันที่ได้ทราบผลการวินิจฉัย ได้ที่สำนักงานสาธารณสุขจังหวัด หรือสำนักงานหลักประกันสุขภาพแห่งชาติสาขาเขตพื้นที่ตามข้อ 8 วรรคหนึ่งตามประกาศสำนักงานหลักประกันสุขภาพแห่งชาติเรื่อง หลักเกณฑ์ วิธีการ และเงื่อนไขการจ่ายเงินช่วยเหลือเบื้องต้นกรณีผู้รับบริการได้รับความเสียหายจากการรับวัคซีนป้องกันโรคติดเชื้อไวรัสโคโรน่า 2019 หรือโรคโควิด 19 (Coronavirus Disease 2019 (COVID-19)) พ.ศ. 2564ระยะเวลาในการพิจารณาอุทธรณ์ไม่มีกำหนดไว้เป็นการเฉพาะไม่มีกำหนดระยะเวลาในการพิจารณาอุทธรณ์ไว้เพาะ กรณีนี้จึงเป็นไปตามมาตรา 45 แห่งพ.ร.บ.วิธีปฏิบัติราชการทางปกครอง หากไม่มีการยื่นอุทธรณ์ก่อนการฟ้องคดี จะไม่ถือว่าผู้ฟ้องคดีได้ดำเนินการแก้ไขความเดือดร้อนเสียหายตามขั้นตอนที่กฎหมายกำหนดไว้ ศาลจะมีคำสั่งไม่รับคำฟ้องไว้พิจารณา  หากได้รับแจ้งผลการพิจารณาอุทธรณ์แล้วไม่เห็นด้วย หรือไม่ได้รับแจ้งภายในระยะเวลาที่กำหนด ผู้ขอคำปรึกษาจะต้องใช้สิทธิฟ้องภายใน 1 ปีนับแต่วันที่รู้หรือวครรู้ถึงเหตุแห่งการฟ้องคดีตามมาตรา 51 แห่งพ.ร.บ.จัดตั้งศาลปกครองฯ 
"ความรู้ทั่วไปเกี่ยวกับศาลปกครอง/คดีปกครอง, การจัดทำคำฟ้องหรือคำร้อง และขั้นตอนที่เกี่ยวข้อง, กระบวนวิธีพิจารณาคดีปกครอง/แสวงหาข้อเท็จจริง",ผู้ขอคำปรึกษาเป็นผู้ฟ้องคดีในคดีของศาลปกครองกลางได้ยื่นฟ้องคดีต่อศาลปกครองกลางศาลมีคำสั่งให้ผู้ฟ้องคดีทำคำชี้แจงและจัดส่งเอกสารหลักฐานประกอบคำชี้แจง ซึ่งผู้ขอฯ ได้ขอขยายระยะเวลายื่นคำชี้แจงไว้ เนื่องจากยังไม่ทราบว่าจะชี้แจงอย่างไร จึงขอคำแนะนำว่าจะต้องดำเนินการอย่างไรบ้าง,"แนะนำว่า เมื่อศาลพิจารณาแล้วเห็นว่า ข้อเท็จจริงยังไม่เพียงพอที่จะพิจารณาพิพากษา ศาลก็อาจจะมี
คำสั่งให้คู่ความทำคำชี้แจงเพิ่มเติมยื่นต่อศาลได้ ทั้งนี้ ให้ผู้ขอคำปรึกษาใช้แบบพิมพ์ (ค. 2) ระบุมุมบนด้านซ้ายว่าคำชี้แจงและส่งเอกสาร โดยบรรยายว่าศาลมีคำสั่งว่าอย่างไรบ้าง จากนั้น ให้ชี้แจงไปตามประเด็นที่ศาลที่ศาลกำหนดไว้ทุกข้อ ให้ศาลเข้าใจการกระทำ ข้อเท็จจริง และพฤติการณ์ และหากศาลให้ส่งเอกสาร ก็ให้ส่งเอกสารตามที่ศาลสั่งมาด้วย กรณีไม่มีเอกสารดังกล่าวก็ให้ชี้แจงเข้ามาว่าอยู่ในครอบครองของหน่วยงานใด  "
ความรู้ทั่วไปเกี่ยวกับศาลปกครอง/คดีปกครอง,กรณีผู้ขอคำปรึกษาถูกอายัดเงินเดือนเนื่องจากเป็นบุคคลล้มละลายซึ่งทำให้ไม่เพียงพอในการใช้จ่ายแต่ละเดือน จึงอยากทราบว่าจะดำเนินการอย่างไรได้บ้าง,แนะนำว่า ผู้ขอคำปรึกษาถูกอายัดเงินเดือนเนื่องจากเป็นบุคคลล้มละลายซึ่งทำให้ไม่เพียงพอในการใช้จ่ายแต่ละเดือน ให้ผู้ขอฯ ยื่นคำร้องต่อเจ้าพนักงานบังคับคดีเพื่อขอให้ลดการหักเงินเดือนในแต่ละเดือน
"ความรู้ทั่วไปเกี่ยวกับศาลปกครอง/คดีปกครอง, เป็นคดีที่อยู่ในอำนาจของศาลปกครองหรือไม่",กรณีผู้ขอคำปรึกษาถูกสหกรณ์การประปาส่วนภูมิภาคหักเงินเดือนเนื่องจากเป็นผู้ค้ำประกันหนี้ของผู้ที่ออกจากราชการไปแล้ว ดังนั้น ผู้ขอฯ อยากทราบว่าจะต้องดำเนินการอย่างไรบ้าง,แนะนำว่า การถูกหักเงินเดือนจากสหกรณ์การประปาไม่ใช่การใช้อำนาจทางปกครองอันอยู่ในอำนาจพิจารณาพิพากษาของศาลปกครอง หากผู้ขอฯ ประสงค์จะฟ้องลูกหนี้ที่ออกจากราชการไปแล้วแต่ไม่มีทนายความขอให้ปรึกษาสภาทนายความ หรือกระทรวงยุติธรรม
การจัดทำคำฟ้องหรือคำร้อง และขั้นตอนที่เกี่ยวข้อง,ต้องการส่งเอกสารหลักฐานเพิ่มเติม ส่งแบบลงทะเบียนตอบรับได้หรือไม่ ,การส่งเอกสารหลักฐานเพิ่มเติม สามารถส่งแบบลงทะเบียนตอบรับได้ ตามข้อ 13 แห่งระเบียบที่ประชุมใหญ่ฯ 2543 การยื่นเอกสารหรือพยานหลักฐานต่อศาล คู่กรณีจะยื่นด้วยตนเองหรือมอบฉันทะให้ผู้อื่นยื่นต่อศาลหรือต่อพนักงานเจ้าหน้าที่ของศาล หรือจะทาโดยวิธีส่งทางไปรษณีย์ลงทะเบียนก็ได้ ในกรณีที่ส่งทางไปรษณีย์ลงทะเบียน ให้ถือว่าวันที่ส่งเอกสารหรือพยานหลักฐานแก่เจ้าพนักงานไปรษณีย์ เป็นวันที่ยื่นเอกสารหรือพยานหลักฐานต่อศาล และในวรรคสองได้บัญญัติว่า การมอบฉันทะให้ผู้อื่นยื่นเอกสารหรือพยานหลักฐาน ให้ทำเป็นหนังสือลงลายมือชื่อผู้มอบ ผู้รับมอบ และพยาน
เป็นคดีที่อยู่ในอำนาจของศาลปกครองหรือไม่,ต้องการฟ้องมติครม.ได้หรือไม่,สามารถฟ้องได้ โดยไม่จำต้องอุทธรณ์ก่อน และให้ฟ้องภายใน 90 วันนับแต่วันที่มีมติใช้บังคับตาม                    มาตรา 49  แห่งพรบ.จัดตั้งศาลปกครอง ฯ 2542 บัญญัติว่า การฟ้องคดีปกครองจะต้องยื่นฟ้องภายในเก้าสิบวันนับแต่วันที่รู้หรือควรรู้ถึงเหตุแห่งการฟ้องคดี หรือนับแต่วันที่พ้นกำหนดเก้าสิบวันนับแต่วันที่ผู้ฟ้องคดีได้มีหนังสือร้องขอต่อหน่วยงานทางปกครองหรือเจ้าหน้าที่ของรัฐเพื่อให้ปฏิบัติหน้าที่ตามที่กฎหมายกำหนดและไม่ได้รับหนังสือชี้แจงจากหน่วยงานทางปกครอง หรือเจ้าหน้าที่ของรัฐหรือ
ความรู้ทั่วไปเกี่ยวกับศาลปกครอง/คดีปกครอง,ต้องการฟ้องศาลปกครองเพชรบุรี กรณีสภาทนายมีมติไม่ให้ทนายขอแรง,ให้ทำเป็นคำฟ้อง และสามารถส่งไปรษณีย์ลงทะเบียนตามข้อ 13 แห่งระเบียบที่ประชุมใหญ่ฯ2543 การยื่นเอกสารหรือพยานหลักฐานต่อศาล คู่กรณีจะยื่นด้วยตนเองหรือมอบฉันทะให้ผู้อื่นยื่นต่อศาลหรือต่อพนักงานเจ้าหน้าที่ของศาล หรือจะทาโดยวิธีส่งทางไปรษณีย์ลงทะเบียนก็ได้ ในกรณีที่ส่งทางไปรษณีย์ลงทะเบียน ให้ถือว่าวันที่ส่งเอกสารหรือพยานหลักฐานแก่เจ้าพนักงานไปรษณีย์ เป็นวันที่ยื่นเอกสารหรือพยานหลักฐานต่อศาล ทั้งนี้ ภายใน 90 วันนับแต่วันที่ทราบมติดังกล่าวตามข้อ 49 แห่งพรบ.จัดตั้งศาลปกครองฯ2542   บัญญัติว่า การฟ้องคดีปกครองจะต้องยื่นฟ้องภายในเก้าสิบวันนับแต่วันที่รู้หรือควรรู้ถึงเหตุแห่งการฟ้องคดี หรือนับแต่วันที่พ้นกำหนดเก้าสิบวันนับแต่วันที่ผู้ฟ้องคดีได้มีหนังสือร้องขอต่อหน่วยงานทางปกครองหรือเจ้าหน้าที่ของรัฐเพื่อให้ปฏิบัติหน้าที่ตามที่กฎหมายกำหนดและไม่ได้รับหนังสือชี้แจงจากหน่วยงานทางปกครอง หรือเจ้าหน้าที่ของรัฐหรือ
"ความรู้ทั่วไปเกี่ยวกับศาลปกครอง/คดีปกครอง, เป็นคดีที่อยู่ในอำนาจของศาลปกครองหรือไม่, การจัดทำคำฟ้องหรือคำร้อง และขั้นตอนที่เกี่ยวข้อง",ผู้ฟ้องคดีเป็นเจ้าหน้าที่ดำรงตำแหน่งนักวิทยาศาสตร์ไม่ได้รับการต่อสัญญาจ้างและไม่ได้รับค่าชดเชย จะยื่นฟ้องคดีต่อศาลปกครองได้หรือไม่,แนะนำว่า เมื่อคู่สัญญาเป็นหน่วยงานในกำกับของกระทรวงการอุดมศึกษาและโต้แย้งกันเกี่ยวกับสัญญาจ้างนักวิทยาศาสตร์โดยไม่มีการจ่ายค่าชดเชย จึงเป็นคดีพิพาทเกี่ยวกับสัญญาทางปกครอง  ตามมาตรา 3 และมาตรา 9 วรรคหนึ่ง (4) แห่งพระราชบัญญัติจัดตั้งศาลปกครองและวิธีพิจารณาคดีปกครอง พ.ศ. 2542
"ความรู้ทั่วไปเกี่ยวกับศาลปกครอง/คดีปกครอง, การจัดทำคำฟ้องหรือคำร้อง และขั้นตอนที่เกี่ยวข้อง",ผู้ขอคำปรึกษาสอบถามว่า กรณีที่หน่วยงานทางปกครองได้มีการประเมินผลการปฏิบัติราชการของผู้ขอคำปรึกษาแล้ว ซึ่งผู้ขอคำปรึกษาได้รับคะแนนผลการประเมินในระดับต่ำ จึงได้อุทธรณ์ผลการประเมินดังกล่าวต่อคณะกรรมการอุทธรณ์และร้องทุกข์ประจำมหาวิทยาลัย โดยคณะกรรมการอุทธรณ์ได้ปรับคะแนนของผู้ขอคำปรึกษาขึ้น แต่ผู้ขอคำปรึกษาเห็นว่าคะแนนที่ได้รับการประเมินดังกล่าวไม่เป็นธรรม จึงมีความประสงค์จะฟ้องคดีเพื่อให้เพิกถอนผลการประเมินดังกล่าว จะต้องดำเนินการอย่างไร,กรณีที่หน่วยงานทางปกครองได้มีการประเมินผลการปฏิบัติราชการของผู้ขอคำปรึกษาแล้ว ซึ่งผู้ขอคำปรึกษาได้รับคะแนนผลการประเมินในระดับต่ำ จึงได้อุทธรณ์ผลการประเมินดังกล่าวต่อคณะกรรมการอุทธรณ์และร้องทุกข์ประจำมหาวิทยาลัย โดยคณะกรรมการอุทธรณ์ได้ปรับคะแนนของผู้ขอคำปรึกษาขึ้น แต่ผู้ขอคำปรึกษาเห็นว่าคะแนนที่ได้รับการประเมินดังกล่าวไม่เป็นธรรม จึงได้ให้คำแนะนำว่า หากผู้ขอคำปรึกษามีความประสงค์จะฟ้องคดีเพื่อขอให้เพิกถอนผลการประเมินดังกล่าวและให้เพิกถอนผลการพิจารณาของคณะกรรมการอุทธรณ์ฯ ให้ยื่นฟ้องคดีต่อศาลปกครองภายใน 90 วัน นับแต่วันที่ได้รับทราบผลการพิจารณาของคณะกรรมการอุทธรณ์ฯ ตามมาตรา 49 แห่งพระราชบัญญัติจัดตั้งศาลปกครองและวิธีพิจารณาคดีปกครอง พ.ศ. 2542 สำหรับการจัดทำคำฟ้องนั้นสามารถดาวน์โหลดแบบฟอร์มคำฟ้องได้จากเว็บไซต์ของศาลปกครอง ซึ่งอาจเขียนคำฟ้องเองด้วยลายมือหรือจะใช้วิธีการพิมพ์ก็ได้ โดยคำฟ้องให้ใช้ถ้อยคำสุภาพและต้องมีรายการครบถ้วนตามมาตรา 45 แห่งพระราชบัญญัติจัดตั้งศาลปกครองและวิธีพิจารณาคดีปกครอง พ.ศ. 2542 ดังนี้ (1) ชื่อและที่อยู่ของผู้ฟ้องคดี (2) ชื่อหน่วยงานทางปกครองหรือเจ้าหน้าที่ของรัฐที่เกี่ยวข้องอันเป็นเหตุแห่งการฟ้องคดี (3) การกระทำทั้งหลายที่เป็นเหตุแห่งการฟ้องคดี พร้อมทั้งข้อเท็จจริงหรือพฤติการณ์ตามสมควรเกี่ยวกับการกระทำดังกล่าว (4) คำขอของผู้ฟ้องคดี และ (5) ลายมือชื่อของผู้ฟ้องคดี และหากผู้ฟ้องคดีประสงค์จะให้บุคคลอื่นเป็นผู้ดำเนินคดีแทน จะต้องจัดทำใบมอบอำนาจพร้อมแนบสำเนาบัตรประจำตัวของผู้มอบอำนาจและผู้รับมอบอำนาจพร้อมปิดอากรแสตมป์มาด้วย โดยต้องจัดทำสำเนาคำฟ้องและสำเนาพยานหลักฐานที่รับรองสำเนาถูกต้องตามจำนวนของผู้ถูกฟ้องคดี ตามข้อ 33 แห่งระเบียบของที่ประชุมใหญ่ตุลาการในศาลปกครองสูงสุด ว่าด้วยวิธีพิจารณาคดีปกครอง พ.ศ. 2543 ซึ่งผู้ขอคำปรึกษาสามารถเลือกยื่นคำฟ้องได้ 3 ช่องทาง คือ (1) ยื่นด้วยตนเองที่ศาลปกครอง (2) ส่งทางไปรษณีย์ลงทะเบียน หรือ (3) ยื่นทางระบบอิเล็กทรอนิกส์ และให้ยื่นฟ้องต่อศาลปกครองชั้นต้นที่ผู้ฟ้องคดีมีภูมิลำเนาหรือที่มูลคดีเกิดขึ้นก็ได้ ตามมาตรา 46 ประกอบมาตรา 47 วรรคหนึ่ง แห่งพระราชบัญญัติฉบับเดียวกัน 
"ความรู้ทั่วไปเกี่ยวกับศาลปกครอง/คดีปกครอง, เป็นคดีที่อยู่ในอำนาจของศาลปกครองหรือไม่, การจัดทำคำฟ้องหรือคำร้อง และขั้นตอนที่เกี่ยวข้อง","ผู้ขอคำปรึกษาได้มีหนังสือร้องเรียนเทศบาลกรณีมีการจัดลานเบียร์ทำให้เกิดเสียงดังแต่เทศบาลมิได้มีการดำเนินการแก้ไขความเดือดร้อนให้ประชาชนแต่อย่างใด ซึ่งผู้ขอฯเห็นว่าเทศบาลละเลยต่อหน้าที่ตามที่กฎหมายกำหนดให้ต้องปฏิบัติ จึงขอคำแนะนำในการฟ้องคดีต่อศาลปกครอง 
","แนะนำว่า กรณีเป็นคดีพิพาทเกี่ยวกับการที่หน่วยงานทางปกครองหรือเจ้าหน้าที่ของรัฐละเลย
ต่อหน้าที่ตามที่กฎหมายกำหนดให้ต้องปฏิบัติ หรือปฏิบัติหน้าที่ดังกล่าวล่าช้าเกินสมควร ตามมาตรา 9 
วรรคหนึ่ง (2) แห่งพระราชบัญญัติจัดตั้งศาลปกครองและวิธีพิจารณาคดีปกครอง พ.ศ. 2542 หากพ้นกำหนดเก้าสิบวันนับแต่วันที่มีหนังสือร้องเรียนต่อเทศบาลและไม่ได้รับหนังสือชี้แจง หรือได้รับคำชี้แจง
แต่ผู้ขอคำปรึกษาเห็นว่าไม่มีเหตุผล รวมทั้ง เทศบาลมิได้ดำเนินการแก้ไขความเดือดร้อน
ของประชาชน ผู้ขอคำปรึกษามีสิทธิฟ้องคดีต่อศาลปกครองได้ ตามมาตรา 49 แห่งพระราชบัญญัติ
ดังกล่าว โดยขอให้หัวหน้าหน่วยงานทางปกครอง หรือเจ้าหน้าที่ของรัฐที่เกี่ยวข้องปฏิบัติตามหน้าที่ภายในเวลาที่ศาลปกครองกำหนด ตามมาตรา 72 วรรคหนึ่ง (2) แห่งพระราชบัญญัติเดียวกัน     "
"ความรู้ทั่วไปเกี่ยวกับศาลปกครอง/คดีปกครอง, เป็นคดีที่อยู่ในอำนาจของศาลปกครองหรือไม่, การจัดทำคำฟ้องหรือคำร้อง และขั้นตอนที่เกี่ยวข้อง",ผู้ขอคำปรึกษาเป็นผู้นำเข้าสินค้าสายรัดเข่าได้มีการนำเข้าสินค้าแต่สินค้าถูกอายัดสินค้าที่กองด่านอาหารและยา ซึ่งบริษัทฯ เกิดความเสียหายจึงจะยื่นฟ้องขอเรียกค่าสินไหมทดแทนต่อศาลปกครอง อยู่ในเขตอำนาจหรือไม่,"แนะนำว่า กรณีเป็นคดีพิพาทเกี่ยวกับหน่วยงานทางปกครองหรือเจ้าหน้าที่ของรัฐออกคำสั่งโดยไม่ชอบด้วยกฎหมาย และเป็นคดีพิพาทเกี่ยวกับการกระทำละเมิดของหน่วยงานทางปกครองหรือเจ้าหน้าที่ของรัฐ ตามมาตรา 9 วรรคหนึ่ง (1) , (3) แห่งพระราชบัญญัติจัดตั้งศาลปกครอง และวิธีพิจารณาคดีปกครอง พ.ศ. 2542 ในส่วนการฟ้องขอให้เพิกถอนคำสั่งที่ไม่ชอบด้วยกฎหมายต้องยื่นฟ้องภายใน 90 วัน นับแต่วันที่รู้หรือควรรู้ถึงเหตุแห่งการฟ้องคดี ส่วนการฟ้องคดีเกี่ยวกับการกระทำละเมิด ต้องยื่นฟ้องภายในหนึ่งปีนับแต่วันที่มีการกระทำละเมิดต่อผู้ขอฯ ตามมาตรา 49 และ 51 แห่งพระราชบัญญัติดังกล่าว โดยมีคำขอให้เพิกถอนคำสั่งคณะกรรมการคุ้มครองผู้บริโภคและให้ผู้ถูกฟ้องคดีชดใช้ค่าเสียหายอันเกิดจากการกระทำละเมิดในการออกคำสั่งดังกล่าว ตามมาตรา 72 วรรคหนึ่ง (1) , (3) แห่งพระราชบัญญัติเดียวกัน"
เป็นคดีที่อยู่ในอำนาจของศาลปกครองหรือไม่,AIS ส่งจดหมายไปยังสรรพสามิต ซึ่งส่งผิดมาโดยตลอด ผู้ขอฯได้ทราบถึงการส่งผิดจากเจ้าหน้าที่ที่ได้รับจดหมาย ผู้ขอฯเห็นว่าการกระทำดังกล่าวทำให้ข้อมูลส่วนบุคคลรั่วไหล ฟ้องศาลปกครองได้หรือไม่ ,"ศาลปกครองมีอำนาจตามมาตรา 9 แห่งพรบ.จัดตั้งศาลปกครองฯ บัญญัติว่า ศาลปกครองมีอำนาจพิจารณาพิพากษาหรือมีคำสั่งในเรื่องดังต่อไปนี้
                    (1) คดีพิพาทเกี่ยวกับการที่หน่วยงานทางปกครองหรือเจ้าหน้าที่ของรัฐกระทำการโดยไม่ชอบด้วยกฎหมายไม่ว่าจะเป็นการออกกฎ คำสั่งหรือการกระทำอื่นใดเนื่องจากกระทำโดยไม่มีอำนาจหรือนอกเหนืออำนาจหน้าที่หรือไม่ถูกต้องตามกฎหมาย หรือโดยไม่ถูกต้องตามรูปแบบขั้นตอน หรือวิธีการอันเป็นสาระสำคัญที่กำหนดไว้สำหรับการกระทำนั้นหรือโดยไม่สุจริตหรือมีลักษณะเป็นการเลือกปฏิบัติที่ไม่เป็นธรรม หรือมีลักษณะเป็นการสร้างขั้นตอนโดยไม่จำเป็น
หรือสร้างภาระให้เกิดกับประชาชนเกินสมควร หรือเป็นการใช้ดุลพินิจโดยมิชอบ
                    (2) คดีพิพาทเกี่ยวกับการที่หน่วยงานทางปกครองหรือเจ้าหน้าที่ของรัฐละเลยต่อหน้าที่ตามที่กฎหมายกำหนดให้ต้องปฏิบัติ หรือปฏิบัติหน้าที่ดังกล่าวล่าช้าเกินสมควร
                    (3) คดีพิพาทเกี่ยวกับการกระทำละเมิดหรือความรับผิดอย่างอื่นของหน่วยงานทางปกครองหรือเจ้าหน้าที่ของรัฐอันเกิดจากการใช้อำนาจตามกฎหมาย หรือจากกฎ คำสั่งปกครอง หรือคำสั่งอื่น หรือจากการละเลยต่อหน้าที่ตามที่กฎหมายกำหนดให้ต้องปฏิบัติหรือปฏิบัติหน้าที่ดังกล่าวล่าช้าเกินสมควร
                    (4) คดีพิพาทเกี่ยวกับสัญญาทางปกครอง
                    (5) คดีที่มีกฎหมายกำหนดให้หน่วยงานทางปกครองหรือเจ้าหน้าที่ของรัฐฟ้องคดีต่อศาลเพื่อบังคับให้บุคคลต้องกระทำหรือละเว้นกระทำอย่างหนึ่งอย่างใด
                    (6) คดีพิพาทเกี่ยวกับเรื่องที่มีกฎหมายกำหนดให้อยู่ในเขตอำนาจศาลปกครองเรื่องดังต่อไปนี้ไม่อยู่ในอำนาจศาลปกครอง
                    (1) การดำเนินการเกี่ยวกับวินัยทหาร
                    (2) การดำเนินการของคณะกรรมการตุลาการตามกฎหมายว่าด้วยระเบียบข้าราชการฝ่ายตุลาการ
                    (3) คดีที่อยู่ในอำนาจของศาลเยาวชนและครอบครัว ศาลแรงงาน ศาลภาษีอากรศาลทรัพย์สินทางปัญญาและการค้าระหว่างประเทศ ศาลล้มละลาย หรือศาลชำนัญพิเศษอื่น
                    จากข้อเท็จจริงไม่อยู่ในเขตอำนาจศาลปกครอง แต่สามารถร้องต่อสคบ.ได้ และร้องต่อ คณะกรรมการคุ้มครองข้อมูลส่วนบุคคล (Personal Data Protection Committee) ซึ่งเป็นหน่วยงานของรัฐที่มีฐานะเป็นนิติบุคคล ตามพระราชบัญญัติคุ้มครองข้อมูลส่วนบุคคล พ.ศ. 2562 (PDPA) โดย PDPC ทำหน้าที่เป็นองค์กรหลักในการ กำกับดูแล ส่งเสริม สนับสนุน และบังคับใช้กฎหมาย PDPA เพื่อคุ้มครองข้อมูลส่วนบุคคลของประชาชนให้เป็นไปตามมาตรฐานสากล. 
"
การจัดทำคำฟ้องหรือคำร้อง และขั้นตอนที่เกี่ยวข้อง,ต้องการเขียนคำฟ้องใช้แบบ ค.1 หรือ ค.2 ,เขียนคำฟ้องใช้แบบ ค.1 ค.2จะเป็นคำร้อง คำแถลง หรือคำชี้แจง
"ความรู้ทั่วไปเกี่ยวกับศาลปกครอง/คดีปกครอง, การจัดทำคำฟ้องหรือคำร้อง และขั้นตอนที่เกี่ยวข้อง",ผู้ขอคำปรึกษาสอบถามว่า กรณีที่เห็นว่าหน่วยงานทางปกครองไม่ดำเนินการเปิดรับสมัครพนักงานราชการผู้พิการเข้าทำงาน ตามพระราชบัญญัติส่งเสริมและพัฒนาคุณภาพชีวิตคนพิการ พ.ศ. 2550 ซึ่งได้ร้องเรียนไปยังหน่วยงานที่เกี่ยวข้องหลายหน่วยงานแล้วแต่ยังไม่ได้รับแจ้งผลการพิจารณาแต่อย่างใด ผู้ขอคำปรึกษาจะสามารถดำเนินการอย่างไรได้บ้าง,กรณีที่ผู้ขอคำปรึกษาเห็นว่าหน่วยงานทางปกครองไม่ดำเนินการเปิดรับสมัครพนักงานราชการผู้พิการเข้าทำงาน ตามพระราชบัญญัติส่งเสริมและพัฒนาคุณภาพชีวิตคนพิการ พ.ศ. 2550 ซึ่งได้ร้องเรียนไปยังหน่วยงานที่เกี่ยวข้องหลายหน่วยงานแล้วแต่ยังไม่ได้รับแจ้งผลการพิจารณาแต่อย่างใด จึงได้ให้คำแนะนำว่า กรณีที่ผู้ขอคำปรึกษาได้ร้องเรียนไปยังหน่วยงานทางปกครองเพื่อให้ปฏิบัติหน้าที่ตามที่กฎหมายกำหนดให้ต้องปฏิบัติ หากพ้นกำหนดเก้าสิบวันนับแต่วันที่ได้มีหนังสือดังกล่าวแล้ว ไม่ได้รับหนังสือชี้แจงจากหน่วยงาน จึงมีสิทธินำคดีมาฟ้องต่อศาลปกครองภายในเก้าสิบวันนับแต่วันที่พ้นกำหนดระยะเวลาดังกล่าว เป็นคดีพิพาทเกี่ยวกับการที่หน่วยงานทางปกครองหรือเจ้าหน้าที่ของรัฐละเลยต่อหน้าที่ตามที่กฎหมายกำหนดให้ต้องปฏิบัติ ตามมาตรา 9 วรรคหนึ่ง (2) ประกอบมาตรา 49 แห่งพระราชบัญญัติจัดตั้งศาลปกครองและวิธีพิจารณาคดีปกครอง พ.ศ. 2542 ซึ่งกรณีดังกล่าวผู้ขอคำปรึกษามีภูมิลำเนาและเหตุเกิดที่จังหวัดศรีสะเกษ จึงอยู่ในเขตอำนาจของศาลปกครองอุบลราชธานี
ขอความเห็นทางกฎหมาย,เจ้าหน้าที่ของรัฐเอางบประมาณมาทำถนนหรือทางเข้าบ้านตนเองและทางรุกลำที่ดินของผู้ขอฯฟ้องศาลปกครองได้หรือไม่      ,"อำนาจของศาลปกครองเป็นไปตามพรบ.จัดตั้งศาลปกครอง มาตรา 9  บัญญัติว่า ศาลปกครองมีอำนาจพิจารณาพิพากษาหรือมีคำสั่งในเรื่องดังต่อไปนี้
                    (1) คดีพิพาทเกี่ยวกับการที่หน่วยงานทางปกครองหรือเจ้าหน้าที่ของรัฐกระทำการโดยไม่ชอบด้วยกฎหมายไม่ว่าจะเป็นการออกกฎ คำสั่งหรือการกระทำอื่นใดเนื่องจากกระทำโดยไม่มีอำนาจหรือนอกเหนืออำนาจหน้าที่หรือไม่ถูกต้องตามกฎหมาย หรือโดยไม่ถูกต้องตามรูปแบบขั้นตอน หรือวิธีการอันเป็นสาระสำคัญที่กำหนดไว้สำหรับการกระทำนั้นหรือโดยไม่สุจริตหรือมีลักษณะเป็นการเลือกปฏิบัติที่ไม่เป็นธรรม หรือมีลักษณะเป็นการสร้างขั้นตอนโดยไม่จำเป็น
หรือสร้างภาระให้เกิดกับประชาชนเกินสมควร หรือเป็นการใช้ดุลพินิจโดยมิชอบ
                    (2) คดีพิพาทเกี่ยวกับการที่หน่วยงานทางปกครองหรือเจ้าหน้าที่ของรัฐละเลยต่อหน้าที่ตามที่กฎหมายกำหนดให้ต้องปฏิบัติ หรือปฏิบัติหน้าที่ดังกล่าวล่าช้าเกินสมควร
                    (3) คดีพิพาทเกี่ยวกับการกระทำละเมิดหรือความรับผิดอย่างอื่นของหน่วยงานทางปกครองหรือเจ้าหน้าที่ของรัฐอันเกิดจากการใช้อำนาจตามกฎหมาย หรือจากกฎ คำสั่งปกครอง หรือคำสั่งอื่น หรือจากการละเลยต่อหน้าที่ตามที่กฎหมายกำหนดให้ต้องปฏิบัติหรือปฏิบัติหน้าที่ดังกล่าวล่าช้าเกินสมควร
                    (4) คดีพิพาทเกี่ยวกับสัญญาทางปกครอง
                    (5) คดีที่มีกฎหมายกำหนดให้หน่วยงานทางปกครองหรือเจ้าหน้าที่ของรัฐฟ้องคดีต่อศาลเพื่อบังคับให้บุคคลต้องกระทำหรือละเว้นกระทำอย่างหนึ่งอย่างใด
                    (6) คดีพิพาทเกี่ยวกับเรื่องที่มีกฎหมายกำหนดให้อยู่ในเขตอำนาจศาลปกครองเรื่องดังต่อไปนี้ไม่อยู่ในอำนาจศาลปกครอง
                    (1) การดำเนินการเกี่ยวกับวินัยทหาร
                    (2) การดำเนินการของคณะกรรมการตุลาการตามกฎหมายว่าด้วยระเบียบข้าราชการฝ่ายตุลาการ
                    (3) คดีที่อยู่ในอำนาจของศาลเยาวชนและครอบครัว ศาลแรงงาน ศาลภาษีอากรศาลทรัพย์สินทางปัญญาและการค้าระหว่างประเทศ ศาลล้มละลาย หรือศาลชำนัญพิเศษอื่น
                    ดังนั้น จากข้อเท็จจริง หากเห็นว่า เป็นกรณีทุจริต ต้องร้องต่อ ปปช. ่วนกรณีที่อ้างว่ารุกลำ้กรรมสิทธิ์ของผู้ขอ ฯ จะอยู่ในเขตอำนาจศาลยุติธรรม
"
สอบถามความเคลื่อนไหวคดี,ถูกขับไล่จากพื้นที่ที่เช่ากับทางราชการ และได้ฟ้องคดีต่อศาลปกครองแล้ว,"คดีอยู่ระหว่างการตรวจคำฟ้องของศาล ส่วนสัญญาเช่าที่จะครบในปี 2569 แต่ถูกเลิกสัญญาเสียก่อน เป็นสัญญาทางแพ่ง 
"
ขั้นตอนแก้ไขความเสียหายก่อนฟ้องคดี,ได้รับความเดือดร้อนจากการก่อสร้างอาคาร ได้ร้องต่อเทศบาลแล้วเมื่อวันที่ 17 กันยายน 2568 จะฟ้องต่อศาลได้หรือไม่,ต้องให้ระยะเวลาหน่วยงานดำเนินการ คือ 90 วัน เมื่อพ้นระยะเวลา 90 วัน แล้วให้นำคดีมาฟ้องต่อศาลปกครองภายใน 90 วัน ตามพรบ.จัดตั้งศาลปกครองฯ2542มาตรา 49  การฟ้องคดีปกครองจะต้องยื่นฟ้องภายในเก้าสิบวันนับแต่วันที่รู้หรือควรรู้ถึงเหตุแห่งการฟ้องคดี หรือนับแต่วันที่พ้นกำหนดเก้าสิบวันนับแต่วันที่ผู้ฟ้องคดีได้มีหนังสือร้องขอต่อหน่วยงานทางปกครองหรือเจ้าหน้าที่ของรัฐเพื่อให้ปฏิบัติหน้าที่ตามที่กฎหมายกำหนดและไม่ได้รับหนังสือชี้แจงจากหน่วยงานทางปกครอง หรือเจ้าหน้าที่ของรัฐหรือ ซึ่งเป็นการฟ้องตามมาตรา 9 วรรคหนึ่ง(2) แห่งพรบ.เดียวกัน
เป็นคดีที่อยู่ในอำนาจของศาลปกครองหรือไม่,ตนได้ยื่นหนังสือร้องเรียนต่อเทศบาล ต่อมาเทศบาลเปิดเผยเรื่องร้องเรียนให้ผู้อื่นทราบเรื่องจนทำให้ผู้ร้องเรียนถูกฟ้องคดีแพ่งเรียกร้องค่าเสียหาย ตนจะฟ้องเรียกร้องค่าเสียหายจากเทศบาลด้วยเหตุดังกล่าว ฟ้องศาลปกครองได้หรือไม่,"พระราชบัญญัติจัดตั้งศาลปกครองและวิธีพิจารณาคดีปกครองฯ มาตรา 9  ศาลปกครองมีอำนาจพิจารณาพิพากษาหรือมีคำสั่งในเรื่องดังต่อไปนี้ (3) คดีพิพาทเกี่ยวกับการกระทำละเมิดหรือความรับผิดอย่างอื่นของหน่วยงานทางปกครองหรือเจ้าหน้าที่ของรัฐอันเกิดจากการใช้อำนาจตามกฎหมาย หรือจากกฎ คำสั่งทางปกครอง หรือคำสั่งอื่น หรือจากการละเลยต่อหน้าที่ตามที่กฎหมายกำหนดให้ต้องปฏิบัติหรือปฏิบัติหน้าที่ดังกล่าวล่าช้าเกินสมควร 
แนะนำว่ากรณีดังกล่าวเป็นการกระทำของเทศบาลที่ทำการละเมิดกฎหมายเกี่ยวกับการคุ้มครองข้อมูลส่วนบุคคล  ไม่เป็นคดีพิพาทเกี่ยวกับการกระทำละเมิดของเจ้าหน้าที่ของรัฐ อันเกิดจากการใช้อำนาจตามกฎหมาย หรือจากกฎ คำสั่งทางปกครอง คดีนี้จึงอยู่ในอำนาจพิจารณาพิพากษาของศาลยุติธรรม ไม่ใช่คดีปกครองตาม ม.9 แห่ง พรบ.จัดตั้งฯ ที่ศาลปกครองจะรับไว้พิจารณาพิพากษาได้
"
การจัดทำคำฟ้องหรือคำร้อง และขั้นตอนที่เกี่ยวข้อง,ผู้ปรึกษาขอให้แนะนำการเขียนคำฟ้องต่อศาล,"พระราชบัญญัติจัดตั้งศาลปกครองและวิธีพิจารณาคดีปกครอง พ.ศ. 2542 
มาตรา	45  คำฟ้องให้ใช้ถ้อยคำสุภาพและต้องมี 	(1)	ชื่อและที่อยู่ของผู้ฟ้องคดี 	(2)	ชื่อหน่วยงานทางปกครองหรือเจ้าหน้าที่ของรัฐที่เกี่ยวข้องอันเป็นเหตุแห่งการฟ้องคดี 	(3)	การกระทำทั้งหลายที่เป็นเหตุแห่งการฟ้องคดี พร้อมทั้งข้อเท็จจริงหรือพฤติการณ์ตามสมควรเกี่ยวกับการกระทำดังกล่าว 	(4)	คำขอของผู้ฟ้องคดี 	(5)	ลายมือชื่อของผู้ฟ้องคดี ถ้าเป็นการยื่นฟ้องคดีแทนผู้อื่นจะต้องแนบใบมอบฉันทะให้ฟ้องคดีมาด้วย
		คำฟ้องใดมีรายการไม่ครบตามวรรคหนึ่ง หรือไม่ชัดเจน หรือไม่อาจเข้าใจได้ ให้สำนักงานศาลปกครองให้คำแนะนำแก่ผู้ฟ้องคดีเพื่อดำเนินการแก้ไขเพิ่มเติมคำฟ้องนั้นให้ถูกต้อง ในการนี้ให้ถือวันที่
ยื่นฟ้องครั้งแรกเป็นหลักในการนับอายุความ
		ในกรณีที่มีผู้ประสงค์จะฟ้องคดีปกครองหลายคนในเหตุเดียวกัน บุคคลเหล่านั้นอาจยื่นคำฟ้องร่วมกันเป็นฉบับเดียว โดยจะมอบหมายให้ผู้ฟ้องคดีคนใดเป็นผู้แทนของผู้ฟ้องคดีทุกคนในการดำเนินคดีต่อไปก็ได้ ในกรณีเช่นว่านี้ให้ถือว่าการกระทำของผู้แทนผู้ฟ้องคดีในกระบวนพิจารณาผูกพันผู้ฟ้องคดีทุกคน
            การฟ้องคดีไม่ต้องเสียค่าธรรมเนียมศาล เว้นแต่การฟ้องคดีขอให้สั่งให้ใช้เงินหรือส่งมอบทรัพย์สินอันสืบเนื่องจากคดีตามมาตรา 9 วรรคหนึ่ง (3) หรือ (4) ให้เสียค่าธรรมเนียมศาลตามทุนทรัพย์
ในอัตราตามที่ระบุไว้ในตาราง 1 ท้ายประมวลกฎหมายวิธีพิจารณาความแพ่ง สำหรับคดีที่มีคำขอให้
ปลดเปลื้องทุกข์อันอาจคำนวณเป็นราคาเงินได้ 
		ในการดำเนินกระบวนพิจารณา คู่กรณีจะดำเนินการทั้งปวงด้วยตนเองหรือจะมอบอำนาจให้ทนายความหรือบุคคลอื่น ซึ่งมีคุณสมบัติตามระเบียบของที่ประชุมใหญ่ตุลาการในศาลปกครองสูงสุดกำหนดเพื่อฟ้องคดีหรือดำเนินการแทนได้
การเขียนฟ้องจะต้องจัดทำโดยใช้ถ้อยคำสุภาพและต้องมีรายการประกอบไปด้วย (1) ชื่อและที่อยู่ของผู้ฟ้องคดี (2) ชื่อหน่วยงานทางปกครองหรือเจ้าหน้าที่ของรัฐที่เกี่ยวข้องอันเป็นเหตุแห่งการฟ้องคดี (3) การกระทำทั้งหลายที่เป็นเหตุแห่งการฟ้องคดี พร้อมทั้งข้อเท็จจริงหรือพฤติการณ์ตามสมควรเกี่ยวกับการกระทำดังกล่าว (4) คำขอของผู้ฟ้องคดี และ    (5) ลายมือชื่อของผู้ฟ้องคดี ตาม ม.45 วรรคหนึ่ง  ดังกล่าว
"
ขอความเห็นทางกฎหมาย,โรงพยาบาลพาน จังหวัดเชียงราย มีหนังสือแจ้งเรียกเงินค่าตอบแทนการปฏิบัติงานคืน อ้างว่าตนไม่มีสิทธิได้รับ ตนเห็นว่าไม่ถูกต้อง จะฟ้องศาลขอให้ยกเลิกหนังสือดังกล่าวจะได้ไม่ต้องคืนเงิน หนังสือดังกล่าวเป็นคำสั่งทางปกครองหรือไม่,"พระราชบัญญัติจัดตั้งศาลปกครองและวิธีพิจารณาคดีปกครอง พ.ศ. 2542 ศาลปกครองมีอำนาจพิจารณาพิพากษาหรือมีคำสั่งในเรื่องดังต่อไปนี้
(1)	คดีพิพาทเกี่ยวกับการที่หน่วยงานทางปกครองหรือเจ้าหน้าที่ของรัฐกระทำการ โดยไม่ชอบด้วยกฎหมายไม่ว่าจะเป็นการออกกฎ คำสั่งหรือการกระทำอื่นใดเนื่องจากกระทำโดยไม่มีอำนาจหรือนอกเหนืออำนาจหน้าที่หรือไม่ถูกต้องตามกฎหมาย หรือโดยไม่ถูกต้องตามรูปแบบขั้นตอน หรือวิธีการ
อันเป็นสาระสำคัญที่กำหนดไว้สำหรับการกระทำนั้น หรือโดยไม่สุจริต หรือมีลักษณะเป็นการเลือกปฏิบัติ
ที่ไม่เป็นธรรม หรือมีลักษณะเป็นการสร้างขั้นตอนโดยไม่จำเป็นหรือสร้างภาระให้เกิดกับประชาชนเกินสมควร หรือเป็นการใช้ดุลพินิจโดยมิชอบ 
พระราชบัญญัติวิธีปฏิบัติราชการทางปกครอง พ.ศ. 2539 มาตรา	5 ในพระราชบัญญัตินี้
	“คำสั่งทางปกครอง” หมายความว่า
	(1)	การใช้อำนาจตามกฎหมายของเจ้าหน้าที่ที่มีผลเป็นการสร้างนิติสัมพันธ์ขึ้นระหว่างบุคคล
ในอันที่จะก่อ เปลี่ยนแปลง โอน สงวน ระงับ หรือมีผลกระทบต่อสถานภาพของสิทธิหรือหน้าที่ของบุคคล
 ไม่ว่าจะเป็นการถาวรหรือชั่วคราว เช่น การสั่งการ การอนุญาต การอนุมัติ การวินิจฉัยอุทธรณ์ การรับรอง และการรับจดทะเบียน แต่ไม่หมายความรวมถึงการออกกฎ
	(2)	การอื่นที่กำหนดในกฎกระทรวง
แนะนำว่า หนังสือแจ้งเรียกเงินค่าตอบแทนการปฏิบัติงานคืน อ้างว่าไม่มีสิทธิได้รับนั้น มิใช่การใช้อำนาจตามกฎหมายของเจ้าหน้าที่ที่มีผลเป็นการสร้างนิติสัมพันธ์ขึ้นระหว่างบุคคล ในอันที่จะก่อ เปลี่ยนแปลง โอน สงวน ระงับ หรือมีผลกระทบต่อสถานภาพของสิทธิหรือหน้าที่ของบุคคล
 ไม่ว่าจะเป็นการถาวรหรือชั่วคราว เช่น การสั่งการ การอนุญาต การอนุมัติ การวินิจฉัยอุทธรณ์ การรับรอง และการรับจดทะเบียน แต่ไม่หมายความรวมถึงการออกกฎ ตามมาตรา 5 ดังกล่าว แต่เป็นเพียงหนังสือทวงถามให้คืนเงินเท่านั้น เรื่องดังกล่าวมิใช่คดีพิพาทเกี่ยวกับการที่หน่วยงานทางปกครองหรือเจ้าหน้าที่ของรัฐกระทำการโดยไม่ชอบด้วยกฎหมายตามพระราชบัญญัติจัดตั้งศาลปกครองและวิธีพิจารณาคดีปกครอง พ.ศ. 2542 มาตรา 9 วรรคหนึ่ง (1) "
เป็นคดีที่อยู่ในอำนาจของศาลปกครองหรือไม่,ตนประสงค์จะฟ้องเจ้าหน้าที่ตำรวจ ผู้กำกับสถานีตำรวจ ที่ไม่ดำเนินคดีอาญากับผู้ต้องหา จะฟ้องมาตรา 157 กฎหมายอาญาและขอให้ตรวจสอบการดำเนินคดีอาญาดังกล่าว ฟ้องศาลได้หรือไม่,"พระราชบัญญัติจัดตั้งศาลปกครองและวิธีพิจารณาคดีปกครอง พ.ศ. 2542 ศาลปกครองมีอำนาจพิจารณาพิพากษาหรือมีคำสั่งในเรื่องดังต่อไปนี้
มาตรา	9  ศาลปกครองมีอำนาจพิจารณาพิพากษาหรือมีคำสั่งในเรื่องดังต่อไปนี้
(1)	คดีพิพาทเกี่ยวกับการที่หน่วยงานทางปกครองหรือเจ้าหน้าที่ของรัฐกระทำการ
โดยไม่ชอบด้วยกฎหมายไม่ว่าจะเป็นการออกกฎ คำสั่งหรือการกระทำอื่นใดเนื่องจากกระทำโดยไม่มีอำนาจหรือนอกเหนืออำนาจหน้าที่หรือไม่ถูกต้องตามกฎหมาย หรือโดยไม่ถูกต้องตามรูปแบบขั้นตอน หรือวิธีการอันเป็นสาระสำคัญที่กำหนดไว้สำหรับการกระทำนั้น หรือโดยไม่สุจริต หรือมีลักษณะเป็นการเลือกปฏิบัติที่ไม่เป็นธรรม หรือมีลักษณะเป็นการสร้างขั้นตอนโดยไม่จำเป็นหรือสร้างภาระให้เกิดกับประชาชนเกินสมควร หรือเป็นการใช้ดุลพินิจโดยมิชอบ  (2) คดีพิพาทเกี่ยวกับการที่หน่วยงานทางปกครองหรือเจ้าหน้าที่ของรัฐละเลยต่อหน้าที่ตามที่กฎหมายกำหนดให้ต้องปฏิบัติ หรือปฏิบัติหน้าที่ดังกล่าวล่าช้าเกินสมควร 	(3)	คดีพิพาทเกี่ยวกับการกระทำละเมิดหรือความรับผิดอย่างอื่นของหน่วยงานทางปกครองหรือเจ้าหน้าที่ของรัฐอันเกิดจากการใช้อำนาจตามกฎหมาย หรือจากกฎ คำสั่งทางปกครอง หรือคำสั่งอื่น หรือจากการละเลยต่อหน้าที่ตามที่กฎหมายกำหนดให้ต้องปฏิบัติหรือปฏิบัติหน้าที่ดังกล่าวล่าช้าเกินสมควร 	(4)	คดีพิพาทเกี่ยวกับสัญญาทางปกครอง 	(5)	คดีที่มีกฎหมายกำหนดให้หน่วยงานทางปกครองหรือเจ้าหน้าที่ของรัฐฟ้องคดีต่อศาลเพื่อบังคับให้บุคคลต้องกระทำหรือละเว้นกระทำอย่างหนึ่งอย่างใด 	(6)	คดีพิพาทเกี่ยวกับเรื่องที่มีกฎหมายกำหนดให้อยู่ในเขตอำนาจศาลปกครอง
	เรื่องดังต่อไปนี้ไม่อยู่ในอำนาจศาลปกครอง (1)	การดำเนินการเกี่ยวกับวินัยทหาร 	(2)	การดำเนินการของคณะกรรมการตุลาการตามกฎหมายว่าด้วยระเบียบข้าราชการ ฝ่ายตุลาการ 	(3)	คดีที่อยู่ในอำนาจของศาลเยาวชนและครอบครัว ศาลแรงงาน ศาลภาษีอากร ศาลทรัพย์สินทางปัญญาและการค้าระหว่างประเทศ ศาลล้มละลาย หรือศาลชำนัญพิเศษอื่น
แนะนำว่า กรณีเจ้าหน้าที่ตำรวจ ผู้กำกับสถานีตำรวจ ที่ไม่ดำเนินคดีอาญากับผู้ต้องหา ท่านจะฟ้องมาตรา 157 กฎหมายอาญาและขอให้ตรวจสอบการดำเนินคดีอาญาดังกล่าว การกระทำดังกล่าวเป็นการทำผิดทางอาญา กรณีดังกล่าวจึงเป็นคดีเกี่ยวกับการดำเนินกระบวนยุติธรรมทางอาญา คดีนี้จึงอยู่ในอำนาจพิจารณาพิพากษาของศาลยุติธรรม ไม่ใช่คดีปกครองตาม ม.9 แห่ง พรบ.จัดตั้งศาลปกครองฯ ที่ศาลปกครองจะรับไว้พิจารณาพิพากษาได้
"
เป็นคดีที่อยู่ในอำนาจของศาลปกครองหรือไม่,ตนแจ้งรังวัดที่ดิน ปรากฏว่าที่ดินหายไป 3 งาน เทศบาลขุดคลองส่งน้ำรุกล้ำเขตที่ดินตน จะฟ้องศาลขอให้ช่วยเหลือได้หรือไม่,"พระราชบัญญัติจัดตั้งศาลปกครองและวิธีพิจารณาคดีปกครอง พ.ศ. 2542 ศาลปกครองมีอำนาจพิจารณาพิพากษาหรือมีคำสั่งในเรื่องดังต่อไปนี้มาตรา 9 วรรคหนึ่ง (3) คดีพิพาทเกี่ยวกับการกระทำละเมิดหรือความรับผิดอย่างอื่นของหน่วยงานทางปกครองหรือเจ้าหน้าที่ของรัฐอันเกิดจากการใช้อำนาจตามกฎหมาย หรือจากกฎ คำสั่งทางปกครอง หรือคำสั่งอื่น หรือจากการละเลยต่อหน้าที่ตามที่กฎหมายกำหนดให้ต้องปฏิบัติหรือปฏิบัติหน้าที่ดังกล่าวล่าช้าเกินสมควร 
ท่านได้รับความเสียหายจากกรณีเทศบาลขุดคลองส่งน้ำรุกล้ำเขตที่ดินของท่าน ท่านย่อมมีสิทธินำคดีมาฟ้องร้องต่อศาลปกครองได้ คดีดังกล่าวมีลักษณะเป็นคดีพิพาทเกี่ยวกับการทำละเมิดของหน่วยงานทางปกครองหรือเจ้าหน้าที่ของรัฐอันเนื่องมาจากการใช้อำนาจตามที่กฎหมายกำหนดตามมาตรา 9 วรรคหนึ่ง (3) แห่งพระราชบัญญัติจัดตั้งศาลปกครองและวิธีพิจารณาคดีปกครอง พ.ศ. 2542 ซึ่งการฟ้องคดีดังกล่าวจะต้องยื่นฟ้องภายในหนึ่งปีนับแต่วันที่รู้หรือควรรู้ถึงเหตุแห่งการฟ้องคดี แต่ไม่เกินสิบปีนับแต่วันที่มีเหตุแห่งการฟ้องคดีตามมาตรา 51 แห่งพระราชบัญญัติเดียวกัน
"
เป็นคดีที่อยู่ในอำนาจของศาลปกครองหรือไม่,สอบถามว่าตนถูกตำรวจแจ้งอายัดบัญชีธนาคารเนื่องจากถูกแจ้งความว่าฉ้อโกง เพราะมีการโอนเงินผิดเข้าบัญชีตนและตนไม่คืนเงิน จะฟ้องศาลเพิกถอนคำสั่งอายัดบัญชีธนาคารได้หรือไม่,"พระราชบัญญัติจัดตั้งศาลปกครองและวิธีพิจารณาคดีปกครอง พ.ศ. 2542 ศาลปกครองมีอำนาจพิจารณาพิพากษาหรือมีคำสั่งในเรื่องดังต่อไปนี้
มาตรา	9  ศาลปกครองมีอำนาจพิจารณาพิพากษาหรือมีคำสั่งในเรื่องดังต่อไปนี้
(1)	คดีพิพาทเกี่ยวกับการที่หน่วยงานทางปกครองหรือเจ้าหน้าที่ของรัฐกระทำการ
โดยไม่ชอบด้วยกฎหมายไม่ว่าจะเป็นการออกกฎ คำสั่งหรือการกระทำอื่นใดเนื่องจากกระทำโดยไม่มีอำนาจหรือนอกเหนืออำนาจหน้าที่หรือไม่ถูกต้องตามกฎหมาย หรือโดยไม่ถูกต้องตามรูปแบบขั้นตอน หรือวิธีการอันเป็นสาระสำคัญที่กำหนดไว้สำหรับการกระทำนั้น หรือโดยไม่สุจริต หรือมีลักษณะเป็นการเลือกปฏิบัติที่ไม่เป็นธรรม หรือมีลักษณะเป็นการสร้างขั้นตอนโดยไม่จำเป็นหรือสร้างภาระให้เกิดกับประชาชนเกินสมควร หรือเป็นการใช้ดุลพินิจโดยมิชอบ  (2) คดีพิพาทเกี่ยวกับการที่หน่วยงานทางปกครองหรือเจ้าหน้าที่ของรัฐละเลยต่อหน้าที่ตามที่กฎหมายกำหนดให้ต้องปฏิบัติ หรือปฏิบัติหน้าที่ดังกล่าวล่าช้าเกินสมควร 	(3)	คดีพิพาทเกี่ยวกับการกระทำละเมิดหรือความรับผิดอย่างอื่นของหน่วยงานทางปกครองหรือเจ้าหน้าที่ของรัฐอันเกิดจากการใช้อำนาจตามกฎหมาย หรือจากกฎ คำสั่งทางปกครอง หรือคำสั่งอื่น หรือจากการละเลยต่อหน้าที่ตามที่กฎหมายกำหนดให้ต้องปฏิบัติหรือปฏิบัติหน้าที่ดังกล่าวล่าช้าเกินสมควร 	(4)	คดีพิพาทเกี่ยวกับสัญญาทางปกครอง 	(5)	คดีที่มีกฎหมายกำหนดให้หน่วยงานทางปกครองหรือเจ้าหน้าที่ของรัฐฟ้องคดีต่อศาลเพื่อบังคับให้บุคคลต้องกระทำหรือละเว้นกระทำอย่างหนึ่งอย่างใด 	(6)	คดีพิพาทเกี่ยวกับเรื่องที่มีกฎหมายกำหนดให้อยู่ในเขตอำนาจศาลปกครอง
	เรื่องดังต่อไปนี้ไม่อยู่ในอำนาจศาลปกครอง (1)	การดำเนินการเกี่ยวกับวินัยทหาร 	(2)	การดำเนินการของคณะกรรมการตุลาการตามกฎหมายว่าด้วยระเบียบข้าราชการ ฝ่ายตุลาการ 	(3)	คดีที่อยู่ในอำนาจของศาลเยาวชนและครอบครัว ศาลแรงงาน ศาลภาษีอากร ศาลทรัพย์สินทางปัญญาและการค้าระหว่างประเทศ ศาลล้มละลาย หรือศาลชำนัญพิเศษอื่น
แนะนำว่า กรณีเจ้าหน้าที่ตำรวจ แจ้งอายัดบัญชีธนาคารเนื่องจากถูกแจ้งความว่าฉ้อโกง เพราะมีการโอนเงินผิดเข้าบัญชีตนและตนไม่คืนเงิน การกระทำดังกล่าวเป็นเรื่องการทำผิดทางอาญา กรณีดังกล่าวจึงเป็นคดีเกี่ยวกับการดำเนินกระบวนยุติธรรมทางอาญา คดีนี้จึงอยู่ในอำนาจพิจารณาพิพากษาของศาลยุติธรรม ไม่ใช่คดีปกครองตาม ม.9 แห่ง พรบ.จัดตั้งศาลปกครองฯ ที่ศาลปกครองจะรับไว้พิจารณาพิพากษาได้

"
ขั้นตอนแก้ไขความเสียหายก่อนฟ้องคดี,ตนสอบตำรวจผ่านการทดสอบทุกขั้นตอนแล้ว แต่ปรากฏว่าประกาศผลสอบ สอบตกไม่ผ่านคุณสมบัติวุฒิการศึกษา ฟ้องศาลปกครองให้ช่วยเหลือได้หรือไม่,"พระราชบัญญัติจัดตั้งศาลปกครองและวิธีพิจารณาคดีปกครอง พ.ศ. 2542 ศาลปกครองมีอำนาจพิจารณาพิพากษาหรือมีคำสั่งในเรื่องดังต่อไปนี้
มาตรา	9  ศาลปกครองมีอำนาจพิจารณาพิพากษาหรือมีคำสั่งในเรื่องดังต่อไปนี้
(1)	คดีพิพาทเกี่ยวกับการที่หน่วยงานทางปกครองหรือเจ้าหน้าที่ของรัฐกระทำการ
โดยไม่ชอบด้วยกฎหมายไม่ว่าจะเป็นการออกกฎ คำสั่งหรือการกระทำอื่นใดเนื่องจากกระทำโดยไม่มีอำนาจหรือนอกเหนืออำนาจหน้าที่หรือไม่ถูกต้องตามกฎหมาย หรือโดยไม่ถูกต้องตามรูปแบบขั้นตอน หรือวิธีการอันเป็นสาระสำคัญที่กำหนดไว้สำหรับการกระทำนั้น หรือโดยไม่สุจริต หรือมีลักษณะเป็นการเลือกปฏิบัติที่ไม่เป็นธรรม หรือมีลักษณะเป็นการสร้างขั้นตอนโดยไม่จำเป็นหรือสร้างภาระให้เกิดกับประชาชนเกินสมควร หรือเป็นการใช้ดุลพินิจโดยมิชอบ
แนะนำว่า การประกาศผลสอบเป็นการทำคำสั่งทางปกครอง คำสั่งทางปกครองที่สั่งออกมากระทบสิทธิหน้าที่ของบุคคล เป็นการใช้อำนาจตามกฎหมายในการออกคำสั่งและมีผลกระทบสิทธิหน้าที่ของบุคคล ไม่ว่าจะเป็นการถาวรหรือชั่วคราว จึงเป็นการออกคำสั่งทางปกครอง หากท่านประสงค์จะฟ้องคดีต่อศาลปกครองขอให้ศาลมีคำพิพากษาหรือคำสั่งเพิกถอนคำสั่งดังกล่าว ท่านจะต้องอุทธรณ์คำสั่งดังกล่าวก่อนฟ้องคดีต่อศาล และการอุทธรณ์คำสั่งทางปกครองในกรณีที่คำสั่งทางปกครองใดไม่ได้ออกโดยรัฐมนตรีและไม่มีกฎหมายกำหนดขั้นตอนอุทธรณ์ภายในฝ่ายปกครองไว้เป็นการเฉพาะให้คู่กรณีอุทธรณ์คำสั่งทางปกครองนั้นโดยยื่นต่อเจ้าหน้าที่ผู้ทำคำสั่งทางปกครองภายในสิบห้าวันนับแต่วันที่ตนได้รับแจ้งคำสั่งดังกล่าว ตามมาตรา 44 แห่ง พ.ร.บ.วิธีปฏิบัติฯ ดังนั้นแนะนำให้ท่านทำคำอุทธรณ์คัดค้านคำสั่งทางปกครองตามหลักเกณฑ์ข้างต้นก่อนฟ้องคดีต่อศาล
"
ความรู้ทั่วไปเกี่ยวกับศาลปกครอง/คดีปกครอง,เหตุเกิดที่ฉะเชิงเทรา ภูมิลำเนาเขตหลักสี่ สามารถฟ้องศาลปกครองที่ใด, มาตรา 47  การฟ้องคดีที่อยู่ในเขตอำนาจของศาลปกครองชั้นต้น ให้ยื่นฟ้องต่อศาลปกครองชั้นต้นที่ผู้ฟ้องคดีมีภูมิลำเนาหรือที่มูลคดีเกิดขึ้นในเขตศาลปกครองชั้นต้นนั้น ดังนั้น จากข้อเท็จจริงที่ผู้ขอ ฯ ต้องการฟ้องตามภูมิลำเนา สามารถฟ้องได้ที่ศาลปกครองกลาง
การจัดทำคำฟ้องหรือคำร้อง และขั้นตอนที่เกี่ยวข้อง,สภาวิศวกรมีมติไม่รับเรื่องร้องเรียนวิศวกรควบคุมงาน ฟ้องได้หรือไม่,"กรณีสภาวิศวกรมีมติไม่รับเรื่องร้องเรียนวิศวกรควบคุมงาน ต้องนำมติมาฟ้องต่อศาลภายใน 90 วัน                     ตามมาตรา 49 แห่งพรบ.จัดตั้งศาลปกครองฯ 2542  การฟ้องคดีปกครองจะต้องยื่นฟ้องภายในเก้าสิบวันนับแต่วันที่รู้หรือควรรู้ถึงเหตุแห่งการฟ้องคดี หรือนับแต่วันที่พ้นกำหนดเก้าสิบวันนับแต่วันที่ผู้ฟ้องคดีได้มีหนังสือร้องขอต่อหน่วยงานทางปกครองหรือเจ้าหน้าที่ของรัฐเพื่อให้ปฏิบัติหน้าที่ตามที่กฎหมายกำหนดและไม่ได้รับหนังสือชี้แจงจากหน่วยงานทางปกครอง หรือเจ้าหน้าที่ของรัฐหรือได้รับแต่เป็นคำชี้แจงที่ผู้ฟ้องคดีเห็นว่าไม่มีเหตุผล แล้วแต่กรณี เว้นแต่จะมีบทกฎหมายเฉพาะกำหนดไว้เป็นอย่างอื่น โดยฟ้องคดีตามมาตรา 9 วรรคหนึ่ง (1) คดีพิพาทเกี่ยวกับการที่หน่วยงานทางปกครองหรือเจ้าหน้าที่ของรัฐกระทำการโดยไม่ชอบด้วยกฎหมายไม่ว่าจะเป็นการออกกฎ คำสั่งหรือการกระทำอื่นใดเนื่องจากกระทำโดยไม่มีอำนาจหรือนอกเหนืออำนาจหน้าที่หรือไม่ถูกต้องตามกฎหมาย หรือโดยไม่ถูกต้องตามรูปแบบขั้นตอน หรือวิธีการอันเป็นสาระสำคัญที่กำหนดไว้สำหรับการกระทำนั้นหรือโดยไม่สุจริตหรือมีลักษณะเป็นการเลือกปฏิบัติที่ไม่เป็นธรรม หรือมีลักษณะเป็นการสร้างขั้นตอนโดยไม่จำเป็น
หรือสร้างภาระให้เกิดกับประชาชนเกินสมควร หรือเป็นการใช้ดุลพินิจโดยมิชอบ
"
การจัดทำคำฟ้องหรือคำร้อง และขั้นตอนที่เกี่ยวข้อง,ต้องการทำหนังสือชี้แจงศาล แต่ต้องทำหนังสือถึงใคร,หากประสงค์จะทำเป็นหนังสือชี้แจงให้เรียนตุลาการเจ้าของสำนวนในคดีหมายเลขดำที่... แต่หน้าเวปไซต์ศาลปกครองก็มีแบบ (ค.2) ให้ทำเป็นคำชี้แจง
ความรู้ทั่วไปเกี่ยวกับศาลปกครอง/คดีปกครอง,ที่ดินเดิมติดทางสาธารณะ ต่อมาที่ดินส่วนหนึ่งด้านติดถนนสาธารณะถูกเวนคืน หลังจากการเวนคืนมีความต้องการพัฒนาที่ดินโดยสร้างคอนโดมิเนียม แต่ไม่มีทางออก ซึ่งรฟม.กำหนดว่าต้องจ่ายค่าใช้ทางเป็นรายเดือนผู้ลงทุนเห็นว่าไม่มีความแน่นอนจึงได้หยุดการลงทุน ซึ่งสร้างความเสียหาย ฟ้องได้หรือไม่,การฟ้องเพิกถอนข้อบังคับการรถไฟฟ้าขนส่งมวลชนแห่งประเทศไทย ว่าด้วยการอนุญาตให้ใช้ประโยชน์ในทรัพย์สินของการรถไฟฟ้า 2566 ระยะเวลาการฟ้องคดีต้องฟ้องภายใน 90 วัน ซึ่งที่นี้คือข้อบังคับบังคับใช้เมื่อใด เมื่อพิจารณาระยะเวลาการฟ้องคดีก็พ้นแล้ว ส่วนข้อแนะนำอื่น คือ ข้อบังคับออกโดยกฎหมายใดและขัดต่อกฎหมายใดหรือไม่
"ความรู้ทั่วไปเกี่ยวกับศาลปกครอง/คดีปกครอง, การจัดทำคำฟ้องหรือคำร้อง และขั้นตอนที่เกี่ยวข้อง",ผู้ขอคำปรึกษาสอบถามว่า กรณีที่สำนักงานเขตพื้นที่การศึกษาประถมศึกษานนทบุรี เขต 1 ได้มีคำสั่งยกเลิกคำสั่ง ฉบับลงวันที่ 27 สิงหาคม 2568 ทำให้ผู้ขอคำปรึกษาเสียสิทธิในการดำรงตำแน่งระดับชำนาญการ ซึ่งผู้ขอคำปรึกษาได้ยื่นอุทธรณ์เรื่องดังกล่าวแล้ว จะสามารถฟ้องคดีต่อศาลปกครองได้เลยหรือไม่ อย่างไร,ได้ให้คำแนะนำว่า กรณีที่สำนักงานเขตพื้นที่การศึกษาประถมศึกษานนทบุรี เขต 1 ได้มีคำสั่งยกเลิกคำสั่ง ฉบับลงวันที่ 27 สิงหาคม 2568 ทำให้ผู้ขอคำปรึกษาเสียสิทธิในการดำรงตำแน่งระดับชำนาญการ ซึ่งผู้ขอคำปรึกษาได้ยื่นอุทธรณ์เรื่องดังกล่าวแล้ว ทั้งนี้ ผู้ขอคำปรึกษาจะต้องตรวจสอบว่าหน่วยงานมีระยะเวลาการพิจารณาเรื่องอุทธรณ์ดังกล่าวภายในระยะเวลาเท่าใด หากครบกำหนดระยะเวลาดังกล่าวแล้วยังไม่ได้รับแจ้งผลการพิจารณา จึงมีสิทธินำคดีมาฟ้องต่อศาลปกครองภายในเก้าสิบวันนับแต่วันที่พ้นกำหนดระยะเวลาดังกล่าว หรือหากไม่มีกฎหมายเฉพาะกำหนดระยะเวลาการพิจารณาอุทธรณ์ไว้ ให้ใช้ระยะเวลาตามมาตรา 45 แห่งพระราชบัญญัติวิธีปฏิบัติราชการทางปกครอง พ.ศ. 2539 คือหากพ้นกำหนด 60 วัน นับแต่วันที่หน่วยงานทางปกครองได้รับเรื่องอุทธรณ์ของผู้ขอคำปรึกษา จึงมีสิทธินำคดีมาฟ้องต่อศาลปกครองภายในเก้าสิบวันนับแต่วันที่พ้นกำหนดระยะเวลาดังกล่าว โดยต้องฟ้องให้หน่วยงานทางปกครองปฏิบัติหน้าที่ภายในเวลาที่ศาลปกครองกำหนด ตามมาตรา 72 วรรคหนึ่ง (2) แห่งพระราชบัญญัติจัดตั้งศาลปกครองและวิธีพิจารณาคดีปกครอง พ.ศ. 2542 หรือได้รับแต่เป็นคำชี้แจงที่ผู้ขอคำปรึกษาเห็นว่าไม่มีเหตุผล จะต้องยื่นฟ้องคดีต่อศาลปกครองภายในเก้าสิบวันนับแต่วันที่รู้หรือควรรู้ถึงเหตุแห่งการฟ้องคดี โดยจะต้องมีคำขอท้ายคำฟ้องให้หน่วยงานทางปกครองเพิกถอนคำสั่งที่ไม่ชอบด้วยกฎหมายดังกล่าว ตามมาตรา 72 วรรคหนึ่ง (1) แห่งพระราชบัญญัติฉบับเดียวกัน แล้วแต่กรณี
"ความรู้ทั่วไปเกี่ยวกับศาลปกครอง/คดีปกครอง, เป็นคดีที่อยู่ในอำนาจของศาลปกครองหรือไม่, การจัดทำคำฟ้องหรือคำร้อง และขั้นตอนที่เกี่ยวข้อง","กรณีคดีที่ดินสนามกอล์ฟอัลไพน์มีการแจ้งจากสำนักงานที่ดินให้นำโฉนดไปคืน ซึ่งล่าสุดผู้ขอคำปรึกษา
ได้รับคำสั่งเจ้าพนักงานที่ดินให้ออกใบแทนโฉนดที่ดินของผู้ฟ้องคดี ทั้งนี้ ผู้ฟ้องคดีอยากทราบว่าจะฟ้องคดีเพื่อเพิกถอนคำสั่งทางปกครองและเรียกค่าเสียหาย ได้หรือไม่","แนะนำว่า กรณีเป็นคดีพิพาทเกี่ยวกับหน่วยงานทางปกครองหรือเจ้าหน้าที่ของรัฐออกคำสั่งโดยไม่ชอบด้วยกฎหมาย และเป็นคดีพิพาทเกี่ยวกับการกระทำละเมิดของหน่วยงานทางปกครองหรือเจ้าหน้าที่ของรัฐ ตามมาตรา 9 วรรคหนึ่ง (1) , (3) แห่งพระราชบัญญัติจัดตั้งศาลปกครอง และวิธีพิจารณาคดีปกครอง พ.ศ. 2542 ในส่วนการฟ้องขอให้เพิกถอนคำสั่งที่ไม่ชอบด้วยกฎหมายต้องยื่นฟ้องภายใน 90 วัน นับแต่วันที่รู้หรือควรรู้ถึงเหตุแห่งการฟ้องคดี ส่วนการฟ้องคดีเกี่ยวกับการกระทำละเมิด ต้องยื่นฟ้องภายในหนึ่งปีนับแต่วันที่มีการกระทำละเมิดต่อผู้ขอฯ ตามมาตรา 49 และ 51 แห่งพระราชบัญญัติดังกล่าว โดยมีคำขอให้เพิกถอนคำสั่งและให้ใช้เงิน ตามมาตรา 72 วรรคหนึ่ง (1) , (3) แห่งพระราชบัญญัติเดียวกัน ทั้งนี้ ในการเรียกค่าเสียหายผู้ขอฯ ต้องสามารถแสดงรายละเอียดเกี่ยวกับความเสียหายให้ศาลเห็นได้ เมื่อศาลมีคำพิพากษาแล้วจะมีคำสั่งคืนค่าธรรมเนียมศาลให้แก่ผู้ฟ้องคดีตามส่วนแห่งการชนะคดี ดังนั้น หากผู้ฟ้องคดีแพ้คดีก็จะไม่มีการคืนค่าธรรมเนียมศาลให้แก่ผู้ฟ้องคดีแต่อย่างใด"
"ความรู้ทั่วไปเกี่ยวกับศาลปกครอง/คดีปกครอง, ขั้นตอนแก้ไขความเสียหายก่อนฟ้องคดี, การจัดทำคำฟ้องหรือคำร้อง และขั้นตอนที่เกี่ยวข้อง",ผู้ขอคำปรึกษาสอบถามว่า กรณีที่ อบจ.ภูเก็ต จะทำการวางหม้อแปลงไฟฟ้าติดกับบ้านของผู้ขอคำปรึกษา ซึ่งผู้ขอคำปรึกษาได้ร้องเรียนเรื่องดังกล่าวไปยัง อบจ.ภูเก็ต แล้ว ตั้งแต่เดือนมีนาคม 2568 ต่อมาในเดือนสิงหาคม 2568 ได้มีเจ้าหน้าที่ลงมาเจรจาและรับปากว่าจะดำเนินการย้ายหม้อแปลงไฟฟ้าให้ แต่ปัจจุบันยังไม่มีการดำเนินการใด ๆ ผู้ขอคำปรึกษาจะต้องดำเนินการอย่างไร,กรณีที่ อบจ.ภูเก็ต จะทำการวางหม้อแปลงไฟฟ้าติดกับบ้านของผู้ขอคำปรึกษา ซึ่งผู้ขอคำปรึกษาได้ร้องเรียนเรื่องดังกล่าวไปยัง อบจ.ภูเก็ต แล้ว ตั้งแต่เดือนมีนาคม 2568 ต่อมาในเดือนสิงหาคม 2568 ได้มีเจ้าหน้าที่ลงมาเจรจาและรับปากว่าจะดำเนินการย้ายหม้อแปลงไฟฟ้าให้ แต่ปัจจุบันยังไม่มีการดำเนินการใด ๆ จึงได้ให้คำแนะนำว่า ให้ผู้ขอคำปรึกษาดำเนินการทำหนังสือไปยัง อบจ.ภูเก็ต อีกครั้งหนึ่ง เพื่อให้ดำเนินการปฏิบัติหน้าที่ หากพ้นกำหนดเก้าสิบวันนับแต่วันที่หน่วยงานได้รับหนังสือดังกล่าวแล้ว ไม่ได้รับหนังสือชี้แจงจากหน่วยงานทางปกครองหรือเจ้าหน้าที่ของรัฐ หรือได้รับแต่เป็นคำชี้แจงที่ผู้ขอคำปรึกษาเห็นว่าไม่มีเหตุผล จึงมีสิทธินำคดีมาฟ้องต่อศาลปกครองภายในเก้าสิบวันนับแต่วันที่พ้นกำหนดระยะเวลาดังกล่าว โดยจะต้องมีคำขอท้ายคำฟ้องให้หน่วยงานทางปกครองหรือเจ้าหน้าที่ของรัฐที่เกี่ยวข้องปฏิบัติตามหน้าที่ภายในเวลาที่ศาลปกครองกำหนด ตามมาตรา 49 ประกอบมาตรา 72 วรรคหนึ่ง (2) แห่งพระราชบัญญัติจัดตั้งศาลปกครองและวิธีพิจารณาคดีปกครอง พ.ศ. 2542 โดยให้ยื่นฟ้องคดีต่อศาลปกครองภูเก็ต
"ความรู้ทั่วไปเกี่ยวกับศาลปกครอง/คดีปกครอง, การจัดทำคำฟ้องหรือคำร้อง และขั้นตอนที่เกี่ยวข้อง",ผู้ขอคำปรึกษาสอบถามว่า กรณีที่หน่วยงานทางปกครองมีคำสั่งไล่ออกจากราชการ ตามที่สำนักงาน ป.ป.ช. ชี้มูล หากผู้ขอคำปรึกษาไม่เห็นด้วยกับคำสั่งดังกล่าว จะต้องดำเนินการอย่างไร,"กรณีที่หน่วยงานทางปกครองมีคำสั่งไล่ออกจากราชการ ตามที่สำนักงาน ป.ป.ช. ชี้มูล หากผู้ขอคำปรึกษาไม่เห็นด้วยกับคำสั่งดังกล่าว จึงได้ให้คำแนะนำว่า ผู้ขอคำปรึกษามีสิทธิเลือกดำเนินการได้ 2 แนวทาง คือ (1) ฟ้องคดีต่อศาลปกครองภายในเก้าสิบวันนับแต่วันที่ถูกลงโทษ โดยไม่ต้องอุทธรณ์ตามกฎหมาย หรือ (2) ดำเนินการอุทธรณ์ดุลพินิจในการกำหนดโทษของผู้บังคับบัญชาตามกฎหมายเกี่ยวกับการบริหารงานบุคคลของผู้ขอคำปรึกษานั้นก่อน ตามมาตรา 101 แห่งพระราชบัญญัติประกอบรัฐธรรมนูญ ว่าด้วยการป้องกันและปราบปรามการทุจริต พ.ศ. 2561 
ทั้งนี้ หากผู้ขอคำปรึกษามีความประสงค์จะฟ้องคดีต่อศาลปกครอง สามารถดาวน์โหลดแบบฟอร์มคำฟ้องได้จากเว็บไซต์ของศาลปกครอง ซึ่งอาจเขียนคำฟ้องเองด้วยลายมือหรือจะใช้วิธีการพิมพ์ก็ได้ โดยคำฟ้องให้ใช้ถ้อยคำสุภาพและต้องมีรายการครบถ้วนตามมาตรา 45 แห่งพระราชบัญญัติจัดตั้งศาลปกครองและวิธีพิจารณาคดีปกครอง พ.ศ. 2542 ดังนี้ (1) ชื่อและที่อยู่ของผู้ฟ้องคดี (2) ชื่อหน่วยงานทางปกครองหรือเจ้าหน้าที่ของรัฐที่เกี่ยวข้องอันเป็นเหตุแห่งการฟ้องคดี (3) การกระทำทั้งหลายที่เป็นเหตุแห่งการฟ้องคดี พร้อมทั้งข้อเท็จจริงหรือพฤติการณ์ตามสมควรเกี่ยวกับการกระทำดังกล่าว (4) คำขอของผู้ฟ้องคดี และ (5) ลายมือชื่อของผู้ฟ้องคดี และหากผู้ฟ้องคดีประสงค์จะให้บุคคลอื่นเป็นผู้ดำเนินคดีแทน จะต้องจัดทำใบมอบอำนาจพร้อมแนบสำเนาบัตรประจำตัวของผู้มอบอำนาจและผู้รับมอบอำนาจพร้อมปิดอากรแสตมป์มาด้วย โดยต้องจัดทำสำเนาคำฟ้องและสำเนาพยานหลักฐานที่รับรองสำเนาถูกต้องตามจำนวนของผู้ถูกฟ้องคดี ตามข้อ 33 แห่งระเบียบของที่ประชุมใหญ่ตุลาการในศาลปกครองสูงสุด ว่าด้วยวิธีพิจารณาคดีปกครอง พ.ศ. 2543 ซึ่งผู้ขอคำปรึกษาสามารถเลือกยื่นคำฟ้องได้ 3 ช่องทาง คือ (1) ยื่นด้วยตนเองที่ศาลปกครอง (2) ส่งทางไปรษณีย์ลงทะเบียน หรือ (3) ยื่นทางระบบอิเล็กทรอนิกส์ และให้ยื่นฟ้องต่อศาลปกครองชั้นต้นที่ผู้ฟ้องคดีมีภูมิลำเนาหรือที่มูลคดีเกิดขึ้นก็ได้ ตามมาตรา 46 ประกอบมาตรา 47 วรรคหนึ่ง แห่งพระราชบัญญัติฉบับเดียวกัน"
ความรู้ทั่วไปเกี่ยวกับศาลปกครอง/คดีปกครอง,ผู้ขอคำปรึกษาสอบถามว่า กรณีที่มีความประสงค์จะฟ้องคดีต่อศาลปกครองว่าหน่วยงานทางปกครองกระทำละเมิด และประสงค์จะเรียกร้องค่าเสียหายด้วยนั้น จะต้องเสียค่าธรรมเนียมศาลหรือไม่ อย่างไร และสามารถมอบอำนาจให้บุคคลอื่นดำเนินคดีแทนได้หรือไม่,"ได้ให้คำแนะนำว่า กรณีที่ผู้ขอคำปรึกษามีความประสงค์จะฟ้องคดีต่อศาลปกครองว่าหน่วยงานทางปกครองกระทำละเมิด และประสงค์จะเรียกร้องค่าเสียหายด้วยนั้น เนื่องจากการฟ้องคดีดังกล่าวเป็นการฟ้องให้ใช้เงิน จึงต้องเสียค่าธรรมเนียมศาลตามทุนทรัพย์ในอัตราตามที่ระบุไว้ในตาราง 1 ท้ายประมวลกฎหมายวิธีพิจารณาความแพ่ง โดยกรณีทุนทรัพย์ไม่เกิน 50 ล้านบาท ให้เสียค่าธรรมเนียมศาลร้อยละ 2 แต่ไม่เกิน 200,000 บาท ส่วนที่เกิน 50 ล้านบาทขึ้นไป ให้เสียค่าธรรมเนียมศาล ร้อยละ 0.1 ตามมาตรา 45 วรรคสี่ แห่งพระราชบัญญัติจัดตั้งศาลปกครองและวิธีพิจารณาคดีปกครอง พ.ศ. 2542 และหากผู้ฟ้องคดีไม่มีทรัพย์สินเพียงพอที่จะเสียค่าธรรมเนียมศาล หรือถ้าไม่ได้รับยกเว้นค่าธรรมเนียมศาลจะได้รับความเดือดร้อนเกินสมควร ให้ยื่นคำขอยกเว้นค่าธรรมเนียมศาล พร้อมแสดงหลักฐานประกอบต่อศาล ตามข้อ 41/1 ประกอบข้อ 41/2 แห่งระเบียบของที่ประชุมใหญ่ตุลาการในศาลปกครองสูงสุด ว่าด้วยวิธีพิจารณาคดีปกครอง พ.ศ. 2543 นอกจากนั้น หากผู้ฟ้องคดีประสงค์จะให้บุคคลอื่นเป็นผู้ดำเนินคดีแทน จะต้องจัดทำใบมอบอำนาจพร้อมแนบสำเนาบัตรประจำตัวของผู้มอบอำนาจและผู้รับมอบอำนาจพร้อมปิดอากรแสตมป์มาด้วย และสามารถมอบอำนาจให้บุคคลอื่นดำเนินคดีแทนได้"
"ความรู้ทั่วไปเกี่ยวกับศาลปกครอง/คดีปกครอง, การจัดทำคำฟ้องหรือคำร้อง และขั้นตอนที่เกี่ยวข้อง",ผู้ขอคำปรึกษาสอบถามว่า กรณีที่มีความประสงค์จะฟ้องขอให้การไฟฟ้าส่วนภูมิภาค (กฟภ.) ชดใช้ค่าเสียหายจากการละเลยต่อหน้าที่ในการใช้สายไฟที่ไม่ได้มาตรฐาน ทำให้น้องชายของผู้ขอคำปรึกษาถูกไฟฟ้าดูดเสียชีวิต จะต้องดำเนินการอย่างไร,"กรณีที่ผู้ขอคำปรึกษามีความประสงค์จะฟ้องขอให้การไฟฟ้าส่วนภูมิภาค (กฟภ.) ชดใช้ค่าเสียหายจากการละเลยต่อหน้าที่ในการใช้สายไฟที่ไม่ได้มาตรฐาน ทำให้น้องชายของผู้ขอคำปรึกษาถูกไฟฟ้าดูดเสียชีวิต จึงได้ให้คำแนะนำว่า กรณีดังกล่าวเป็นคดีพิพาทเกี่ยวกับการกระทำละเมิดของหน่วยงานทางปกครอง ซึ่งศาลปกครองมีอำนาจพิจารณาพิพากษาคดี และมีอำนาจกำหนดคำบังคับให้ได้ ตามมาตรา 9 วรรคหนึ่ง (3) ประกอบมาตรา 72 วรรคหนึ่ง (3) แห่งพระราชบัญญัติจัดตั้งศาลปกครองและวิธีพิจารณาคดีปกครอง พ.ศ. 2542 และต้องยื่นฟ้องคดีภายในหนึ่งปี นับแต่วันที่รู้หรือควรรู้ถึงเหตุแห่งการฟ้องคดี แต่ไม่เกินสิบปีนับแต่วันที่มีเหตุแห่งการฟ้องคดี ตามมาตรา 51 แห่งพระราชบัญญัติฉบับเดียวกัน สำหรับการจัดทำคำฟ้องนั้นสามารถดาวน์โหลดแบบฟอร์มคำฟ้องได้จากเว็บไซต์ของศาลปกครอง ซึ่งอาจเขียนคำฟ้องเองด้วยลายมือหรือจะใช้วิธีการพิมพ์ก็ได้ โดยคำฟ้องให้ใช้ถ้อยคำสุภาพและต้องมีรายการครบถ้วนตามมาตรา 45 แห่งพระราชบัญญัติจัดตั้งศาลปกครองและวิธีพิจารณาคดีปกครอง พ.ศ. 2542 ดังนี้ (1) ชื่อและที่อยู่ของผู้ฟ้องคดี (2) ชื่อหน่วยงานทางปกครองหรือเจ้าหน้าที่ของรัฐที่เกี่ยวข้องอันเป็นเหตุแห่งการฟ้องคดี (3) การกระทำทั้งหลายที่เป็นเหตุแห่งการฟ้องคดี พร้อมทั้งข้อเท็จจริงหรือพฤติการณ์ตามสมควรเกี่ยวกับการกระทำดังกล่าว (4) คำขอของผู้ฟ้องคดี และ (5) ลายมือชื่อของผู้ฟ้องคดี และหากผู้ฟ้องคดีประสงค์จะให้บุคคลอื่นเป็นผู้ดำเนินคดีแทน จะต้องจัดทำใบมอบอำนาจพร้อมแนบสำเนาบัตรประจำตัวของผู้มอบอำนาจและผู้รับมอบอำนาจพร้อมปิดอากรแสตมป์มาด้วย โดยต้องจัดทำสำเนาคำฟ้องและสำเนาพยานหลักฐานที่รับรองสำเนาถูกต้องตามจำนวนของผู้ถูกฟ้องคดี ตามข้อ 33 แห่งระเบียบของที่ประชุมใหญ่ตุลาการในศาลปกครองสูงสุด ว่าด้วยวิธีพิจารณาคดีปกครอง พ.ศ. 2543 ซึ่งผู้ขอคำปรึกษาสามารถเลือกยื่นคำฟ้องได้ 3 ช่องทาง คือ (1) ยื่นด้วยตนเองที่ศาลปกครอง (2) ส่งทางไปรษณีย์ลงทะเบียน หรือ (3) ยื่นทางระบบอิเล็กทรอนิกส์ และให้ยื่นฟ้องต่อศาลปกครองชั้นต้นที่ผู้ฟ้องคดีมีภูมิลำเนาหรือที่มูลคดีเกิดขึ้นก็ได้ ตามมาตรา 46 ประกอบมาตรา 47 วรรคหนึ่ง แห่งพระราชบัญญัติฉบับเดียวกัน 
ทั้งนี้ หากเป็นการฟ้องให้ใช้เงินหรือส่งมอบทรัพย์สิน ให้เสียค่าธรรมเนียมศาลตามทุนทรัพย์ในอัตราตามที่ระบุไว้ในตาราง 1 ท้ายประมวลกฎหมายวิธีพิจารณาความแพ่ง โดยกรณีทุนทรัพย์ไม่เกิน 50 ล้านบาท ให้เสียค่าธรรมเนียมศาลร้อยละ 2 แต่ไม่เกิน 200,000 บาท ส่วนที่เกิน 50 ล้านบาทขึ้นไป ให้เสียค่าธรรมเนียมศาล ร้อยละ 0.1 ตามมาตรา 45 วรรคสี่ แห่งพระราชบัญญัติจัดตั้งศาลปกครองและวิธีพิจารณาคดีปกครอง พ.ศ. 2542 และหากผู้ฟ้องคดีไม่มีทรัพย์สินเพียงพอที่จะเสียค่าธรรมเนียมศาล หรือถ้าไม่ได้รับยกเว้นค่าธรรมเนียมศาลจะได้รับความเดือดร้อนเกินสมควร ให้ยื่นคำขอยกเว้นค่าธรรมเนียมศาล พร้อมแสดงหลักฐานประกอบต่อศาล ตามข้อ 41/1 ประกอบข้อ 41/2 แห่งระเบียบของที่ประชุมใหญ่ตุลาการในศาลปกครองสูงสุด ว่าด้วยวิธีพิจารณาคดีปกครอง พ.ศ. 2543 
นอกจากนั้น คดีนี้เป็นคดีที่ศาลปกครองมีอำนาจไกล่เกลี่ยข้อพิพาทได้ ตามมาตรา 66/2 แห่งพระราชบัญญัติจัดตั้งศาลปกครองและวิธีพิจารณาคดีปกครอง พ.ศ. 2542 หากผู้ขอคำปรึกษามีความประสงค์ที่จะไกล่เกลี่ยข้อพิพาท ให้ผู้ขอคำปรึกษายื่นคำขอไกล่เกลี่ยข้อพิพาทต่อศาลได้จนถึงวันสิ้นสุดการแสวงหาข้อเท็จจริง ตามมาตรา 66/4 วรรคหนึ่ง แห่งพระราชบัญญัติฉบับเดียวกัน
"
"ความรู้ทั่วไปเกี่ยวกับศาลปกครอง/คดีปกครอง, ขั้นตอนแก้ไขความเสียหายก่อนฟ้องคดี",ผู้ขอคำปรึกษาสอบถามว่า กรณีที่หน่วยงานทางปกครองมีคำสั่งลงโทษตามที่ สำนักงาน ป.ป.ท. ชี้มูล จะต้องยื่นอุทธรณ์เรื่องดังกล่าวก่อนการฟ้องคดีต่อศาลปกครองหรือไม่ อย่างไร,ได้ให้คำแนะนำว่า กรณีที่หน่วยงานทางปกครองมีคำสั่งลงโทษตามที่ สำนักงาน ป.ป.ท. ชี้มูล หากเป็นกรณีที่ผู้ขอคำปรึกษามีสิทธิอุทธรณ์ต่อ ก.พ.ค. จึงต้องใช้สิทธิอุทธรณ์ต่อ ก.พ.ค. นั้นก่อน หาก ก.พ.ค. ยกอุทธรณ์ จึงมีสิทธิฟ้องคดีต่อศาลปกครองสูงสุดได้ภายในเก้าสิบวันนับแต่วันที่รับทราบหรือถือว่ารับทราบคำวินิจฉัยของ ก.พ.ค. แต่หากเป็นกรณีที่ผู้ถูกลงโทษไม่มีสิทธิอุทธรณ์ต่อ ก.พ.ค. ให้มีสิทธิฟ้องคดีต่อศาลปกครองได้ภายในเก้าสิบวันนับแต่วันที่รับทราบหรือถือว่ารับทราบคำสั่งลงโทษโดยไม่ต้องอุทธรณ์ตามกฎหมายว่าด้วยการบริหารงานบุคคลที่ใช้บังคับกับผู้ถูกลงโทษ ทั้งนี้ ตามมาตรา 43 แห่งพระราชบัญญัติมาตรการของฝ่ายบริหารในการป้องกันและปราบปรามการทุจริต พ.ศ. 2551
"ความรู้ทั่วไปเกี่ยวกับศาลปกครอง/คดีปกครอง, การจัดทำคำฟ้องหรือคำร้อง และขั้นตอนที่เกี่ยวข้อง",ผู้ขอคำปรึกษาสอบถามว่า กรณีที่มหาวิทยาลัยได้ทำการประเมินผลการปฏิบัติราชการให้แก่ผู้ขอคำปรึกษาในระดับต่ำ 2 ครั้งติดกัน ซึ่งผู้ขอคำปรึกษาได้อุทธรณ์เรื่องดังกล่าวแล้ว หากมหาวิทยาลัยมีคำสั่งเลิกจ้างผู้ขอคำปรึกษา และผู้ขอคำปรึกษาประสงค์จะฟ้องคดีต่อศาลเพื่อเรียกค่าเสียหายจะต้องดำเนินการอย่างไร,"กรณีที่มหาวิทยาลัยได้ทำการประเมินผลการปฏิบัติราชการให้แก่ผู้ขอคำปรึกษาในระดับต่ำ 2 ครั้งติดกัน ซึ่งผู้ขอคำปรึกษาได้อุทธรณ์เรื่องดังกล่าวแล้ว หากมหาวิทยาลัยมีคำสั่งเลิกจ้างผู้ขอคำปรึกษา จึงได้ให้คำแนะนำว่า หากผู้ขอคำปรึกษาประสงค์จะฟ้องคดีต่อศาลเพื่อขอให้เพิกถอนคำสั่งของมหาวิทยาลัยและเรียกค่าเสียหายนั้น ผู้ขอคำปรึกษาสามารถดาวน์โหลดแบบฟอร์มคำฟ้องได้จากเว็บไซต์ของศาลปกครอง ซึ่งอาจเขียนคำฟ้องเองด้วยลายมือหรือจะใช้วิธีการพิมพ์ก็ได้ โดยคำฟ้องให้ใช้ถ้อยคำสุภาพและต้องมีรายการครบถ้วนตามมาตรา 45 แห่งพระราชบัญญัติจัดตั้งศาลปกครองและวิธีพิจารณาคดีปกครอง พ.ศ. 2542 ดังนี้ (1) ชื่อและที่อยู่ของผู้ฟ้องคดี (2) ชื่อหน่วยงานทางปกครองหรือเจ้าหน้าที่ของรัฐที่เกี่ยวข้องอันเป็นเหตุแห่งการฟ้องคดี (3) การกระทำทั้งหลายที่เป็นเหตุแห่งการฟ้องคดี พร้อมทั้งข้อเท็จจริงหรือพฤติการณ์ตามสมควรเกี่ยวกับการกระทำดังกล่าว (4) คำขอของผู้ฟ้องคดี และ (5) ลายมือชื่อของผู้ฟ้องคดี และหากผู้ฟ้องคดีประสงค์จะให้บุคคลอื่นเป็นผู้ดำเนินคดีแทน จะต้องจัดทำใบมอบอำนาจพร้อมแนบสำเนาบัตรประจำตัวของผู้มอบอำนาจและผู้รับมอบอำนาจพร้อมปิดอากรแสตมป์มาด้วย โดยต้องจัดทำสำเนาคำฟ้องและสำเนาพยานหลักฐานที่รับรองสำเนาถูกต้องตามจำนวนของผู้ถูกฟ้องคดี ตามข้อ 33 แห่งระเบียบของที่ประชุมใหญ่ตุลาการในศาลปกครองสูงสุด ว่าด้วยวิธีพิจารณาคดีปกครอง พ.ศ. 2543 ซึ่งผู้ขอคำปรึกษาสามารถเลือกยื่นคำฟ้องได้ 3 ช่องทาง คือ (1) ยื่นด้วยตนเองที่ศาลปกครอง (2) ส่งทางไปรษณีย์ลงทะเบียน หรือ (3) ยื่นทางระบบอิเล็กทรอนิกส์ และให้ยื่นฟ้องต่อศาลปกครองชั้นต้นที่ผู้ฟ้องคดีมีภูมิลำเนาหรือที่มูลคดีเกิดขึ้นก็ได้ ตามมาตรา 46 ประกอบมาตรา 47 วรรคหนึ่ง แห่งพระราชบัญญัติฉบับเดียวกัน 
ทั้งนี้ หากเป็นการฟ้องให้ใช้เงินหรือส่งมอบทรัพย์สิน ให้เสียค่าธรรมเนียมศาลตามทุนทรัพย์ในอัตราตามที่ระบุไว้ในตาราง 1 ท้ายประมวลกฎหมายวิธีพิจารณาความแพ่ง โดยกรณีทุนทรัพย์ไม่เกิน 50 ล้านบาท ให้เสียค่าธรรมเนียมศาลร้อยละ 2 แต่ไม่เกิน 200,000 บาท ส่วนที่เกิน 50 ล้านบาทขึ้นไป ให้เสียค่าธรรมเนียมศาล ร้อยละ 0.1 ตามมาตรา 45 วรรคสี่ แห่งพระราชบัญญัติจัดตั้งศาลปกครองและวิธีพิจารณาคดีปกครอง พ.ศ. 2542 และหากผู้ฟ้องคดีไม่มีทรัพย์สินเพียงพอที่จะเสียค่าธรรมเนียมศาล หรือถ้าไม่ได้รับยกเว้นค่าธรรมเนียมศาลจะได้รับความเดือดร้อนเกินสมควร ให้ยื่นคำขอยกเว้นค่าธรรมเนียมศาล พร้อมแสดงหลักฐานประกอบต่อศาล ตามข้อ 41/1 ประกอบข้อ 41/2 แห่งระเบียบของที่ประชุมใหญ่ตุลาการในศาลปกครองสูงสุด ว่าด้วยวิธีพิจารณาคดีปกครอง พ.ศ. 2543"
"ความรู้ทั่วไปเกี่ยวกับศาลปกครอง/คดีปกครอง, การจัดทำคำฟ้องหรือคำร้อง และขั้นตอนที่เกี่ยวข้อง",ผู้ขอคำปรึกษาสอบถามว่า กรณีที่ได้ทำหนังสือร้องเรียนไปที่เทศบาลว่าข้างบ้านทำการต่อเติมบ้านผิดกฎหมาย แต่ปัจจุบันยังไม่ได้รับการแก้ไขใด ๆ ผู้ขอคำปรึกษาจะต้องดำเนินการอย่างไร,ได้ให้คำแนะนำว่า กรณีที่ผู้ขอคำปรึกษาได้ทำหนังสือร้องเรียนไปที่เทศบาลว่าข้างบ้านทำการต่อเติมบ้านผิดกฎหมาย แต่ปัจจุบันยังไม่ได้รับการแก้ไขใด ๆ ผู้ขอคำปรึกษาจึงเป็นผู้ได้รับความเดือดร้อนหรือเสียหาย หรืออาจจะเดือดร้อนหรือเสียหายโดยมิอาจหลีกเลี่ยงได้อันเนื่องจากการกระทำ หรือการงดเว้นการกระทำของหน่วยงานทางปกครองหรือเจ้าหน้าที่ของรัฐ ตามมาตรา 42 วรรคหนึ่ง แห่งพระราชบัญญัติจัดตั้งศาลปกครองและวิธีพิจารณาคดีปกครอง พ.ศ. 2542 อันเป็นคดีพิพาทเกี่ยวกับการที่หน่วยงานทางปกครองหรือเจ้าหน้าที่ของรัฐละเลยต่อหน้าที่ตามที่กฎหมายกำหนดให้ต้องปฏิบัติ หรือปฏิบัติหน้าที่ดังกล่าวล่าช้าเกินสมควร ซึ่งผู้ขอคำปรึกษาจะต้องยื่นฟ้องคดีภายในเก้าสิบวันนับแต่วันที่พ้นกำหนดเก้าสิบวันนับแต่วันที่ผู้ฟ้องคดีได้มีหนังสือร้องขอต่อหน่วยงานทางปกครองหรือเจ้าหน้าที่ของรัฐเพื่อให้ปฏิบัติหน้าที่ตามที่กฎหมายกำหนดและไม่ได้รับหนังสือชี้แจงดังกล่าว หรือได้รับแต่เป็นคำชี้แจงที่ผู้ฟ้องคดีเห็นว่าไม่มีเหตุผล ตามมาตรา 9 วรรคหนึ่ง (2) ประกอบมาตรา 49 แห่งพระราชบัญญัติฉบับเดียวกัน โดยจะต้องมีคำขอท้ายคำฟ้องให้หน่วยงานทางปกครองหรือเจ้าหน้าที่ของรัฐที่เกี่ยวข้องปฏิบัติตามหน้าที่ภายในเวลาที่ศาลปกครองกำหนด ตามมาตรา 72 วรรคหนึ่ง (2) แห่งพระราชบัญญัติฉบับดังกล่าว และเนื่องจากกรณีนี้มูลคดีเกิดขึ้นที่จังหวัดชุมพร และผู้ฟ้องคดีมีภูมิลำเนาที่จังหวัดชุมพร คดีจึงอยู่ในเขตอำนาจของศาลปกครองนครศรีธรรมราช
"ความรู้ทั่วไปเกี่ยวกับศาลปกครอง/คดีปกครอง, การจัดทำคำฟ้องหรือคำร้อง และขั้นตอนที่เกี่ยวข้อง",ผู้ขอคำปรึกษาสอบถามว่า กรณีที่ได้ยื่นเรื่องเพื่อขอให้สำนักงานเขตสายไหมแก้ไขข้อมูลบัตรประชาชน เนื่องจากผู้ขอคำปรึกษาได้ใช้ใบแจ้งเกิดของพี่สาวไปทำบัตรประชาชน ทำให้ปัจจุบันพี่สาวไม่มีบัตรประชาชน ตั้งแต่วันที่ 6 พฤษภาคม 2568 แต่ปัจจุบันสำนักงานเขตยังไม่ดำเนินการใด ๆ ให้ ผู้ขอคำปรึกษาจะต้องดำเนินการอย่างไร,"กรณีที่ผู้ขอคำปรึกษาได้ยื่นเรื่องเพื่อขอให้สำนักงานเขตสายไหมแก้ไขข้อมูลบัตรประชาชน เนื่องจากผู้ขอคำปรึกษาได้ใช้ใบแจ้งเกิดของพี่สาวไปทำบัตรประชาชน ทำให้ปัจจุบันพี่สาวไม่มีบัตรประชาชน ตั้งแต่วันที่ 6 พฤษภาคม 2568 แต่ปัจจุบันสำนักงานเขตยังไม่ดำเนินการใด ๆ ให้ จึงได้ให้คำแนะนำว่า กรณีที่ผู้ขอคำปรึกษามีหนังสือร้องขอต่อหน่วยงานทางปกครองหรือเจ้าหน้าที่ของรัฐเพื่อให้ปฏิบัติหน้าที่ตามที่กฎหมายกำหนด หากพ้นกำหนดเก้าสิบวันนับแต่วันที่ได้มีหนังสือดังกล่าวแล้ว ไม่ได้รับหนังสือชี้แจงจากหน่วยงานทางปกครองหรือเจ้าหน้าที่ของรัฐ หรือได้รับแต่เป็นคำชี้แจงที่ผู้ขอคำปรึกษาเห็นว่าไม่มีเหตุผล จึงมีสิทธินำคดีมาฟ้องต่อศาลปกครองภายในเก้าสิบวันนับแต่วันที่พ้นกำหนดระยะเวลาดังกล่าว โดยจะต้องมีคำขอท้ายคำฟ้องให้หน่วยงานทางปกครองหรือเจ้าหน้าที่ของรัฐที่เกี่ยวข้องปฏิบัติตามหน้าที่ภายในเวลาที่ศาลปกครองกำหนด ตามมาตรา 49 ประกอบมาตรา 72 วรรคหนึ่ง (2) แห่งพระราชบัญญัติจัดตั้งศาลปกครองและวิธีพิจารณาคดีปกครอง พ.ศ. 2542 ซึ่งกรณีนี้ได้พ้นกำหนดเก้าสิบวันนับแต่วันที่ได้มีหนังสือดังกล่าวแล้ว ผู้ขอคำปรึกษาจึงสามารถนำเรื่องดังกล่าวมาฟ้องคดีต่อศาลปกครองได้
สำหรับการจัดทำคำฟ้องนั้นสามารถดาวน์โหลดแบบฟอร์มคำฟ้องได้จากเว็บไซต์ของศาลปกครอง ซึ่งอาจเขียนคำฟ้องเองด้วยลายมือหรือจะใช้วิธีการพิมพ์ก็ได้ โดยคำฟ้องให้ใช้ถ้อยคำสุภาพและต้องมีรายการครบถ้วนตามมาตรา 45 แห่งพระราชบัญญัติจัดตั้งศาลปกครองและวิธีพิจารณาคดีปกครอง พ.ศ. 2542 ดังนี้ (1) ชื่อและที่อยู่ของผู้ฟ้องคดี (2) ชื่อหน่วยงานทางปกครองหรือเจ้าหน้าที่ของรัฐที่เกี่ยวข้องอันเป็นเหตุแห่งการฟ้องคดี (3) การกระทำทั้งหลายที่เป็นเหตุแห่งการฟ้องคดี พร้อมทั้งข้อเท็จจริงหรือพฤติการณ์ตามสมควรเกี่ยวกับการกระทำดังกล่าว (4) คำขอของผู้ฟ้องคดี และ (5) ลายมือชื่อของผู้ฟ้องคดี และหากผู้ฟ้องคดีประสงค์จะให้บุคคลอื่นเป็นผู้ดำเนินคดีแทน จะต้องจัดทำใบมอบอำนาจพร้อมแนบสำเนาบัตรประจำตัวของผู้มอบอำนาจและผู้รับมอบอำนาจพร้อมปิดอากรแสตมป์มาด้วย โดยต้องจัดทำสำเนาคำฟ้องและสำเนาพยานหลักฐานที่รับรองสำเนาถูกต้องตามจำนวนของผู้ถูกฟ้องคดี ตามข้อ 33 แห่งระเบียบของที่ประชุมใหญ่ตุลาการในศาลปกครองสูงสุด ว่าด้วยวิธีพิจารณาคดีปกครอง พ.ศ. 2543 ซึ่งผู้ขอคำปรึกษาสามารถเลือกยื่นคำฟ้องได้ 3 ช่องทาง คือ (1) ยื่นด้วยตนเองที่ศาลปกครอง (2) ส่งทางไปรษณีย์ลงทะเบียน หรือ (3) ยื่นทางระบบอิเล็กทรอนิกส์ และให้ยื่นฟ้องต่อศาลปกครองชั้นต้นที่ผู้ฟ้องคดีมีภูมิลำเนาหรือที่มูลคดีเกิดขึ้นก็ได้ ตามมาตรา 46 ประกอบมาตรา 47 วรรคหนึ่ง แห่งพระราชบัญญัติฉบับเดียวกัน "
ความรู้ทั่วไปเกี่ยวกับศาลปกครอง/คดีปกครอง,ผู้ขอคำปรึกษาสอบถามว่า กรณีที่มีความประสงค์จะฟ้องคดีต่อศาลปกครองจะต้องจัดทำสำเนาคำฟ้องและเอกสารแนบท้ายคำฟ้องจำนวนเท่าใด ต้องเสียค่าธรรมเนียมศาล ค่านำส่งหมายหรือไม่ และต้องฟ้องคดีต่อศาลปกครองใด,ได้ให้คำแนะนำว่า  กรณีที่ผู้ขอคำปรึกษามีความประสงค์จะฟ้องคดีต่อศาลปกครองสามารถจัดทำคำฟ้องยื่นต่อศาลได้ โดยให้ใช้ถ้อยคำสุภาพและต้องมีรายการครบถ้วนตามมาตรา 45 แห่งพระราชบัญญัติจัดตั้งศาลปกครองและวิธีพิจารณาคดีปกครอง พ.ศ. 2542 ดังนี้ (1) ชื่อและที่อยู่ของผู้ฟ้องคดี (2) ชื่อหน่วยงานทางปกครองหรือเจ้าหน้าที่ของรัฐที่เกี่ยวข้องอันเป็นเหตุแห่งการฟ้องคดี (3) การกระทำทั้งหลายที่เป็นเหตุแห่งการฟ้องคดี พร้อมทั้งข้อเท็จจริงหรือพฤติการณ์ตามสมควรเกี่ยวกับการกระทำดังกล่าว (4) คำขอของผู้ฟ้องคดี และ (5) ลายมือชื่อของผู้ฟ้องคดี โดยต้องจัดทำสำเนาคำฟ้องและสำเนาพยานหลักฐานที่รับรองสำเนาถูกต้องตามจำนวนของผู้ถูกฟ้องคดี ตามข้อ 33 แห่งระเบียบของที่ประชุมใหญ่ตุลาการในศาลปกครองสูงสุด ว่าด้วยวิธีพิจารณาคดีปกครอง พ.ศ. 2543 ซึ่งผู้ขอคำปรึกษาสามารถเลือกยื่นคำฟ้องได้ 3 ช่องทาง คือ (1) ยื่นด้วยตนเองที่ศาลปกครอง (2) ส่งทางไปรษณีย์ลงทะเบียน หรือ (3) ยื่นทางระบบอิเล็กทรอนิกส์ และให้ยื่นฟ้องต่อศาลปกครองชั้นต้นที่ผู้ฟ้องคดีมีภูมิลำเนาหรือที่มูลคดีเกิดขึ้นก็ได้ ตามมาตรา 46 ประกอบมาตรา 47 วรรคหนึ่ง แห่งพระราชบัญญัติฉบับเดียวกัน ซึ่งการฟ้องคดีปกครองจะไม่เสียค่านำส่งหมาย และไม่ต้องเสียค่าธรรมเนียมศาล เว้นแต่การฟ้องคดีขอให้สั่งให้ใช้เงินหรือส่งมอบทรัพย์สิน ทั้งนี้ ตามมาตรา 45 วรรคสี่ แห่งพระราชบัญญัติฉบับเดียวกัน
เป็นคดีที่อยู่ในอำนาจของศาลปกครองหรือไม่,ผู้ขอคำปรึกษาเป็นชาวจีนได้รับความเดือดร้อนเสียหายจากการที่สถานีตำรวจนครบาลภาษีเจริญแจ้งธนาคารกสิกรไทยที่ผู้ขอคำปรึกษาเปิดบัญชีไว้ถูกอายัด โดยให้เหตุผลว่าเป็นบัญาชีที่ใช้ในการกระทำความผิด ดังนั้น ผู้ขอคำปรึกษามีความประสงค์ในการฟ้องคดีต่อศาลปกครองเพื่อให้เพิกถอนคำสั่งอายัดบัญชีนี้ได้หรือไม่,"มาตรา 42 วรรคหนึ่งแห่งพ.ร.บ.จัดตั้งศาลปกครองฯบัญญัติว่า ผู้ใดได้รับความเดือดร้อนหรือเสียหาย หรืออาจจะเดือดร้อนหรือเสียหายโดยมิอาจหลีกเลี่ยงได้อันเนื่องจากการกระทำหรือการงดเว้นการกระทำของหน่วยงานทางปกครองหรือเจ้าหน้าที่ของรัฐหรือมีข้อโต้แย้งเกี่ยวกับสัญญาทางปกครอง หรือกรณีอื่นใดที่อยู่ในเขตอำนาจศาลปกครองตามมาตรา 9 และการแก้ไขหรือบรรเทาความเดือดร้อนหรือความเสียหายหรือยุติข้อโต้แย้งนั้น ต้องมีคำบังคับตามที่กำหนดในมาตรา 72 ผู้นั้นมีสิทธิฟ้องคดีต่อศาลปกครอง  คำสั่งอายัดบัญชี ""ม้าเทาเข้ม"" (บัญชีที่มีผู้เสียหายแจ้งความ) เป็น มาตรการของธนาคาร ที่ดำเนินการอายัดบัญชี ตามอำนาจหน้าที่ของเจ้าพนักงานตามประมวลกฎหมายอาญา (ป.วิ.อาญา) เพื่อป้องกันการโอนเงินของทรัพย์สินที่อาจเกี่ยวข้องกับการกระทำความผิด ดังนั้น กรณีนี้จึงไม่อาจถือได้ว่าผู้ขอคำปรึกษาได้รับความเดือดร้อนสียหายจากการกระทำทางปกครองที่อยู่ในอำนาจการพิจารณาของศาลปกครองแต่อย่างใด ผู้เสียหายสามารถแจ้งความมายัง 1599 หรือแจ้งยังเจ้าหน้าที่ตำรวจที่พบ หรือเดินทางแจ้งด้วยตนเองที่สถานีตำรวจทุกสถานีท้องที่ใดก็ได้เพื่อรับเรื่องไว้ โดยแจ้งเพียงเพียงชื่อ สกุล เลขธนาคาร ชื่อธนาคาร เบอร์โทรศัพท์ และเหตุผลที่จะถอนอายัด ทางเจ้าหน้าที่ตำรวจจึงมีการตรวจสอบเบื้องต้นว่าในแต่ละคนที่ถูกอายัดบัญชีด้วยเหตุผลใด หากถูกอายัดด้วยการเป็นบัญชีม้า ก็จะต้องเดินทางไปพบพนักงานสอบสวนด้วยตนเอง หากถูกระงับด้วยเหตุอื่นที่เป็นมาตรการของทางธนาคารและยังไม่ทราบว่าเป็นการระงับด้วยเหตุใด ทางตำรวจไซเบอร์จะมีการส่งเรื่องไปยังศูนย์ AOC หรือ ศปอท. เพื่อส่งต่อไปยังธนาคารเพื่อตรวจสอบแล้วส่งกลับมาให้ตำรวจไซเบอร์เพื่อแจ้งทางผู้แจ้งทราบ และหากพบว่าเป็นเหยื่อที่ไม่มีส่วนเกี่ยวข้องกับการกระทำผิด ทางเจ้าหน้าที่จะเร่งพิจารณาให้เร็วที่สุด ขณะเดียวกันหากมีการแฝงตัวมาเป็นเหยื่อเพื่อขอปลดอายัดบัญชีก็จะถูกดำเนินคดีโดยทันที"
"ความรู้ทั่วไปเกี่ยวกับศาลปกครอง/คดีปกครอง, การอุทธรณ์คำพิพากษา/คำสั่งต่อศาลปกครองสูงสุด",ผู้ขอคำปรึกษาเป็นฝ่ายผู้ฟ้องคดีในคดีหมายเลขดำที่ 2540/2565 สอบถามว่า กรณีที่มีความประสงค์จะอุทธรณ์คำพิพากษาของศาลปกครองกลางจะต้องดำเนินการอย่างไร  ภายในระยะเวลาเท่าใด และการนับระยะเวลาดังกล่าวนับอย่างไร,"ได้ให้คำแนะนำว่า กรณีที่ศาลปกครองกลางในคดีหมายเลขดำที่ 2540/2565 มีคำพิพากษาให้ผู้ถูกฟ้องคดีที่ 2 ชำระค่าสินไหมทดแทนแก่ผู้ฟ้องคดี เป็นเงินจำนวน 20,000 บาท พร้อมดอกเบี้ยในอัตราร้อยละ 3 ต่อปี หรืออัตราดอกเบี้ยใหม่ที่กำหนดในพระราชกฤษฎีกาซึ่งออกตามความในมาตรา 7 วรรคสอง แห่งประมวลกฎหมายแพ่งและพาณิชย์ บวกด้วยอัตราเพิ่มร้อยละ 2 ต่อปี นับถัดจากวันฟ้องคดี (ฟ้องวันที่ 25 พฤศจิกายน 2565) เป็นต้นไปจนกว่าจะชำระเสร็จ โดยให้ชำระให้เสร็จสิ้นภายในหกสิบวันนับแต่วันที่คดีถึงที่สุด และให้คืนค่าธรรมเนียมศาลบางส่วนตามส่วนของการชนะคดีแก่ผู้ฟ้องคดี คำขออื่นนอกจากนี้ให้ยก เป็นคดีหมายเลขแดงที่ 1872/2568 เมื่อวันที่ 12 กันยายน 2568 หากผู้ฟ้องคดีไม่เห็นด้วยและประสงค์จะคัดค้านคำพิพากษาของศาลปกครองชั้นต้น ให้ยื่นอุทธรณ์ต่อศาลปกครองชั้นต้น โดยคำอุทธรณ์ให้ทำเป็นหนังสือและต้องระบุ (1) ชื่อผู้อุทธรณ์และคู่กรณีในอุทธรณ์ (2) ข้อคัดค้านคำพิพากษาหรือคำสั่งของศาลปกครองชั้นต้น (3) คำขอของผู้อุทธรณ์ (4) ลายมือชื่อผู้อุทธรณ์  ซึ่งข้อเท็จจริงหรือข้อกฎหมายที่จะยกขึ้นอ้างในการยื่นคำอุทธรณ์นั้นจะต้องกล่าวไว้โดยชัดแจ้งในคำอุทธรณ์ และต้องเป็นข้อที่ได้ยกขึ้นว่ากันมาแล้วโดยชอบในศาลปกครองชั้นต้น ตามข้อ 101 แห่งระเบียบของที่ประชุมใหญ่ตุลาการในศาลปกครองสูงสุด ว่าด้วยวิธีพิจารณาคดีปกครอง พ.ศ. 2543 การนับระยะเวลาดังกล่าวถ้ากำหนดระยะเวลาเป็นวัน มิให้นับวันแรกแห่งระยะเวลานั้นรวมเข้าด้วยกัน โดยให้นับทุกวันไม่เว้นวันหยุดราชการ แต่หากวันครบกำหนดตรงกับวันหยุดราชการ ผู้ฟ้องคดีสามารถยื่นคำขอแก้ไขเพิ่มเติมคำฟ้องต่อศาลได้ในวันที่เริ่มทำการใหม่ต่อจากวันที่หยุดทำการนั้น ทั้งนี้ ตามมาตรา 193/3 และมาตรา 193/8 แห่งประมวลกฎหมายแพ่งและพาณิชย์ ประกอบข้อ 5 วรรคสอง แห่งระเบียบของที่ประชุมใหญ่ตุลาการในศาลปกครองสูงสุด ว่าด้วยวิธีพิจารณาคดีปกครอง พ.ศ. 2543 ทั้งนี้ การยื่นอุทธรณ์คำพิพากษาให้ยื่นภายในกำหนดสามสิบวันนับแต่วันที่ได้มีคำพิพากษาหรือคำสั่ง ถ้ามิได้ยื่นอุทธรณ์ตามกำหนดเวลาดังกล่าว ให้ถือว่าคดีนั้นเป็นอันถึงที่สุด ตามมาตรา 73 วรรคหนึ่ง แห่งพระราชบัญญัติฉบับเดียวกัน และไม่อาจขอขยายระยะเวลาการอุทธรณ์ดังกล่าวได้ เนื่องจากเป็นระยะเวลาที่กำหนดไว้ในพระราชบัญญัติจัดตั้งศาลปกครองและวิธีพิจารณาคดีปกครอง พ.ศ. 2542 นอกจากนั้น การนับระยะเวลาดังกล่าวถ้ากำหนดระยะเวลาเป็นวัน มิให้นับวันแรกแห่งระยะเวลานั้นรวมเข้าด้วยกัน โดยให้นับทุกวันไม่เว้นวันหยุดราชการ แต่หากวันครบกำหนดตรงกับวันหยุดราชการ ผู้ฟ้องคดีสามารถยื่นคำอุทธรณ์ต่อศาลได้ในวันที่เริ่มทำการใหม่ต่อจากวันที่หยุดทำการนั้น ทั้งนี้ ตามมาตรา 193/3 และมาตรา 193/8 แห่งประมวลกฎหมายแพ่งและพาณิชย์ ประกอบข้อ 5 วรรคสอง แห่งระเบียบของที่ประชุมใหญ่ตุลาการในศาลปกครองสูงสุด ว่าด้วยวิธีพิจารณาคดีปกครอง พ.ศ. 2543"
เป็นคดีที่อยู่ในอำนาจของศาลปกครองหรือไม่,ผู้ขอคำปรึกษาเดิมเป็นผู้เช่าที่พักอาศัยกับการเคหะแห่งชาติ ผู้ขอคำปรึกษาได้รับความเดือดร้อนเสียหายจากการที่การเคหะแห่งชาติได้มีหนังสือบอกเลิกสัญญาเช่า เนื่องจากผู้ขอคำปรึกษาผิดดสัญญาเช่าโดยนำที่พักอาศัยไปปปล่อยเช่าให้ชาวต่างชาติรายวันและได้ยื่นฟ้องคดีต่อศาลยุติธรรมในข้อหาบุกรุก เพื่อขอให้ศาลยุติธรรมมีคำพิพากษาขับไล่ผู้ขอคำปรึกษาและบริวาร ตลอดจนทรัพย์สินออกจากพื้นที่เช่า จึงขอคำปรึกษาว่าจะตยื่นฟ้องคดีต่อศาลปกครองเพื่อจะยื่นคำขอคุ้มครองชั่วคราวเพื่อให้ศาลมีระงับการขับไล่ผู้ขอคำปรึกษาและขนย้ายทรัพย์สินออกจากพื้นที่เช่าได้หรือไม่,"นิยาม“สัญญาทางปกครอง”ตามพ.ร.บ.จัดตั้งศาลปกครองฯบัญญัติว่า หมายความรวมถึง สัญญาที่คู่สัญญาอย่างน้อยฝ่ายใดฝ่ายหนึ่งเป็นหน่วยงานทางปกครองหรือเป็นบุคคลซึ่งกระทำการแทนรัฐ และมีลักษณะเป็นสัญญาสัมปทาน สัญญาที่ให้จัดทำบริการสาธารณะ หรือจัดให้มีสิ่งสาธารณูปโภคหรือแสวงประโยชน์จากทรัพยากรธรรมชาติ เมื่อสัญญาเช่าที่พักอาศัยกับการเคหะแห่งชาติ ไม่ได้มีลักษณะเป็นสัญญาสัมปทาน สัญญาที่ให้จัดทำบริการสาธารณะ หรือจัดให้มีสิ่งสาธารณูปโภคหรือแสวงประโยชน์จากทรัพยากรธรรมชาติตามนิยาม สัญญาเช่านี้จึงมีลักษณะเป็นสัญญาทางแพ่งของรัฐ  กรณีมีข้อพิพาทเกี่ยวกับการบอกเลิกสัญญาจึงเป็นคดีพิพาทที่อยู่ในอำนาจของศาลยุติธรรม แตกต่างจากสัญญาให้เอกชนเช่าเหมาอาคารของการเคหะฯ เป็นสัญญาที่ให้บุคคลร่วมในการจัดทำบริการสาธาณณะที่มีลักษณะเป็นสัญญาทางปกครองที่อยู่ในอำนาจการพิจารณาของศาลปกครอง (คําวินิจฉัยชี้ขาดอํานาจหน้าที่ระหว่างศาลที่ 39/2565) ดังนั้น ผู้ขอคำปรึกษาจึงไม่อาจขอให้ศาลมีคำสั่งคุ้มครองชั่วคราวในคดีนี้ได้ ผู้ขอคำปรึกษาสามารถยื่นคำขอคุ้มครองชั่วคราวต่อศาลยุติธรรมที่พิจารณาคดีนี้อยู่ โดยแนะนำให้ขอคำปรึกษากับกรมคุ้มครองสิทธิ กระทรวงยุติธรรม
"
การจัดทำคำฟ้องหรือคำร้อง และขั้นตอนที่เกี่ยวข้อง,ผู้ขอคำปรึกษาเป็นผู้ฟ้องคดีต่อศาลปกครอง ขอสอบถามว่าผู้ฟ้องคดีจะต้องเสียค่าปิดหมายหรือไม่,คดีที่อยู่ในอำนาจของศาลปกครองนั้นไม่เหมือนคดีในศาลยุติธรรมซึ่งเป็นคดีพิพาทระหว่างเอกชนดังนั้น คดีแพ่ง โจทก์ยื่นฟ้องคดีจึงรับผิดชอบในการชำระค่าใช้จ่ายที่เกี่ยวข้องกับคดีความ ซึ่งรวมถึงค่านำหมายตามอัตราค่านำหมายในแต่ละพื้นที่ ส่วนศาลปกครองนั้นไม่มีเสียค่าธรรมเนียมศาล รวมถึงไม่เสียค่านำหมายให้คู่กรณีอีกฝ่ายหนึ่งจะเสียค่าใช้จ่ายในส่วนของศาลเฉพาะกรณีฟ้องคดีขอให้ชดใช้เงินหรือส่งมอบทรัพย์สินที่จะต้องเสียค่าธรรมเนียมศาลในอัตราร้อยละ 2 ของจำนวนทุนทรัพย์ในคดี
"ความรู้ทั่วไปเกี่ยวกับศาลปกครอง/คดีปกครอง, ขั้นตอนแก้ไขความเสียหายก่อนฟ้องคดี",ผู้ขอคำปรึกษาเป็นข้าราชการพลเรือนมีความไม่พอใจเกี่ยวกับการปฏิบัติงานและการมอบหมายงานของผู้บังคับบัญชา กรณีดังกล่าวจะฟ้องคดีต่อศาลปกครองได้หรือไม่,กรณีที่ผู้ขอคำปรึกษาได้รับความเดือดร้อนเสียหายจากการที่ผู้บังคับบัญชามอบหมายภาระงานให้ดำเนินการที่ไม่อยู่ในภาระหน้าที่นั้นเป็นกรณีข้าราชการมีความขับข้องใจจากการปฏิบัติหรือไม่ปฏิบัติต่อตนของผู้บังคับบัญชา ซึ่งการปฏิบัตินั้นมีลักษณะเป็นการกระทำที่นอกเหนืออำนาจหน้าที่ตามมาตรา 122 แห่งพ.ร.บ.ระเบียบข้าราชการพลเรือนฯ และข้อ 7 ของกฎ ก.พ.ค.ว่าด้วยการร้องทุกข์และการพิจารณาวินิจฉัยเรื่องร้องทุกข์ พ.ศ. 2551 ผู้ขอคำปรึกษาจะต้องร้องทุกข์ต่อผู้บังคับบัญชาเหนือชั้นขึ้นไปซึ่งกรณีนี้เป็นจากหัวหน้าส่วนราชการที่ขึ้นตรงต่อนายกรัฐมนตรีจะต้องร้องทุกข์ต่อ ก.พ.ค.ภายใน 30 วันนับแต่วันที่ทราบเหตุแห่งการร้องทุกข์ตามข้อ 8 ของกฎ ก.พ.ค.ดังกล่าว  หากผู้ขอคำปรึกษาได้ยื่นร้องทุกข์และได้รับแจ้งผลการพิจารณาร้องทุกข์แล้วไม่เห็นด้วย และมีความประสงค์ฟ้องคดีต่อศาลปกครองเพื่อขอให้เพิกถอนผลการพิจารณาร้องทุกข์นั้นเป็นคดีพิพาทเกี่ยวกับการที่เจ้าหน้าที่ของรัฐกระทำการโดยไม่ชอบด้วยกฎหมายตามมาตรา 9 วรรคหนึ่ง (1) แห่งพ.ร.บ.จัดตั้งศาลปกครองฯ  ผู้ขอคำปรึกษาจะต้องยื่นฟ้องภายใน 90 วันนับแต่วันที่รู้ถึงเหตุแห่งการฟ้องคดีตามมาตรา 49 แห่งพ.ร.บ.จัดตั้งศาลปกครองฯ จึงแนะนำให้ไปยื่นคำร้องทุกข์ต่อต่อผู้มีอำนาจในการพิจารณาร้องทุกข์ตามกฎ ก.พ. ว่าด้วยการร้องทุกข์ฯ
"ความรู้ทั่วไปเกี่ยวกับศาลปกครอง/คดีปกครอง, การจัดทำคำฟ้องหรือคำร้อง และขั้นตอนที่เกี่ยวข้อง",ผู้ขอคำปรึกษาสอบถามว่า กรณีที่บุตรสาวของผู้ขอคำปรึกษาเกิดอุบัติเหตุเดินตกท่อระบายน้ำได้รับบาดเจ็บ จึงมีความประสงค์จะฟ้องคดีต่อศาลปกครองเพื่อให้หน่วยงานที่เกี่ยวข้องชดใช้ค่าเสียหายดังกล่าว จะต้องดำเนินการอย่างไร,"กรณีที่บุตรสาวของผู้ขอคำปรึกษาเกิดอุบัติเหตุเดินตกท่อระบายน้ำได้รับบาดเจ็บ จึงมีความประสงค์จะฟ้องคดีต่อศาลปกครองเพื่อให้หน่วยงานที่เกี่ยวข้องชดใช้ค่าเสียหายดังกล่าว จึงได้ให้คำแนะนำว่า กรณีดังกล่าวเป็นคดีพิพาทเกี่ยวกับการกระทำละเมิดของหน่วยงานทางปกครอง ซึ่งศาลปกครองมีอำนาจพิจารณาพิพากษาคดี และมีอำนาจกำหนดคำบังคับให้ได้ ตามมาตรา 9 วรรคหนึ่ง (3) ประกอบมาตรา 72 วรรคหนึ่ง (3) และต้องยื่นฟ้องคดีภายในหนึ่งปี นับแต่วันที่รู้หรือควรรู้ถึงเหตุแห่งการฟ้องคดี แต่ไม่เกินสิบปีนับแต่วันที่ีมีเหตุแห่งการฟ้องคดี ตามมาตรา 51 แห่งพระราชบัญญัติจัดตั้งศาลปกครองและวิธีพิจารณาคดีปกครอง พ.ศ. 2542 สำหรับการจัดทำคำฟ้องนั้นสามารถดาวน์โหลดแบบฟอร์มคำฟ้องได้จากเว็บไซต์ของศาลปกครอง ซึ่งอาจเขียนคำฟ้องเองด้วยลายมือหรือจะใช้วิธีการพิมพ์ก็ได้ โดยคำฟ้องให้ใช้ถ้อยคำสุภาพและต้องมีรายการครบถ้วนตามมาตรา 45 แห่งพระราชบัญญัติจัดตั้งศาลปกครองและวิธีพิจารณาคดีปกครอง พ.ศ. 2542 ดังนี้ (1) ชื่อและที่อยู่ของผู้ฟ้องคดี (2) ชื่อหน่วยงานทางปกครองหรือเจ้าหน้าที่ของรัฐที่เกี่ยวข้องอันเป็นเหตุแห่งการฟ้องคดี (3) การกระทำทั้งหลายที่เป็นเหตุแห่งการฟ้องคดี พร้อมทั้งข้อเท็จจริงหรือพฤติการณ์ตามสมควรเกี่ยวกับการกระทำดังกล่าว (4) คำขอของผู้ฟ้องคดี และ (5) ลายมือชื่อของผู้ฟ้องคดี และหากผู้ฟ้องคดีประสงค์จะให้บุคคลอื่นเป็นผู้ดำเนินคดีแทน จะต้องจัดทำใบมอบอำนาจพร้อมแนบสำเนาบัตรประจำตัวของผู้มอบอำนาจและผู้รับมอบอำนาจพร้อมปิดอากรแสตมป์มาด้วย โดยต้องจัดทำสำเนาคำฟ้องและสำเนาพยานหลักฐานที่รับรองสำเนาถูกต้องตามจำนวนของผู้ถูกฟ้องคดี ตามข้อ 33 แห่งระเบียบของที่ประชุมใหญ่ตุลาการในศาลปกครองสูงสุด ว่าด้วยวิธีพิจารณาคดีปกครอง พ.ศ. 2543 ซึ่งผู้ขอคำปรึกษาสามารถเลือกยื่นคำฟ้องได้ 3 ช่องทาง คือ (1) ยื่นด้วยตนเองที่ศาลปกครอง (2) ส่งทางไปรษณีย์ลงทะเบียน หรือ (3) ยื่นทางระบบอิเล็กทรอนิกส์ และให้ยื่นฟ้องต่อศาลปกครองชั้นต้นที่ผู้ฟ้องคดีมีภูมิลำเนาหรือที่มูลคดีเกิดขึ้นก็ได้ ตามมาตรา 46 ประกอบมาตรา 47 วรรคหนึ่ง แห่งพระราชบัญญัติฉบับเดียวกัน ซึ่งกรณีดังกล่าวผู้ฟ้องคดีมีภูมิลำเนาและมูลคดีเกิดขึ้นที่จังหวัดบุรีรัมย์ จึงอยู่ในเขตอำนาจของศาลปกครองนครราชสีมา
ทั้งนี้ หากเป็นการฟ้องให้ใช้เงินหรือส่งมอบทรัพย์สิน กรณีทุนทรัพย์ไม่เกิน 50 ล้านบาท ให้เสียค่าธรรมเนียมศาลร้อยละ 2 แต่ไม่เกิน 200,000 บาท ส่วนที่เกิน 50 ล้านบาทขึ้นไป ให้เสียค่าธรรมเนียมศาล ร้อยละ 0.1 ตามมาตรา 45 วรรคสี่ แห่งพระราชบัญญัติจัดตั้งศาลปกครองและวิธีพิจารณาคดีปกครอง พ.ศ. 2542 และหากผู้ฟ้องคดีไม่มีทรัพย์สินเพียงพอที่จะเสียค่าธรรมเนียมศาล หรือถ้าไม่ได้รับยกเว้นค่าธรรมเนียมศาลจะได้รับความเดือดร้อนเกินสมควร ให้ยื่นคำขอยกเว้นค่าธรรมเนียมศาล พร้อมแสดงหลักฐานประกอบต่อศาล ตามข้อ 41/1 ประกอบข้อ 41/2 แห่งระเบียบของที่ประชุมใหญ่ตุลาการในศาลปกครองสูงสุด ว่าด้วยวิธีพิจารณาคดีปกครอง พ.ศ. 2543"
"ความรู้ทั่วไปเกี่ยวกับศาลปกครอง/คดีปกครอง, การจัดทำคำฟ้องหรือคำร้อง และขั้นตอนที่เกี่ยวข้อง",ผู้ขอคำปรึกษาสอบถามว่า กรณีที่มีหนังสือขอข้อมูลข่าวสารจากหน่วยงานทางปกครองแล้ว แต่หน่วยงานดังกล่าวโทรศัพท์แจ้งว่าไม่สามารถเปิดเผยข้อมูลข่าวสารตามที่ผู้ขอคำปรึกษาร้องขอได้ เช่นนี้ผู้ขอคำปรึกษาจะต้องดำเนินการอย่างไร,"กรณีที่ผู้ขอคำปรึกษาได้มีหนังสือขอข้อมูลข่าวสารจากหน่วยงานทางปกครองแล้ว แต่หน่วยงานดังกล่าวโทรศัพท์แจ้งว่าไม่สามารถเปิดเผยข้อมูลข่าวสารตามที่ผู้ขอคำปรึกษาร้องขอได้ จึงได้ให้คำแนะนำว่า 
หากพ้นกำหนดเก้าสิบวันนับแต่วันที่ได้มีหนังสือดังกล่าวแล้ว ไม่ได้รับหนังสือชี้แจงจากหน่วยงาน จึงมีสิทธินำคดีมาฟ้องต่อศาลปกครองภายในเก้าสิบวันนับแต่วันที่พ้นกำหนดระยะเวลาดังกล่าว ตามมาตรา 9 วรรคหนึ่ง (2) ประกอบมาตรา 49 แห่งพระราชบัญญัติจัดตั้งศาลปกครองและวิธีพิจารณาคดีปกครอง พ.ศ. 2542 แต่หากหน่วยงานทางปกครองได้พิจารณาเรื่องดังกล่าวแล้วมีคำสั่งไม่เปิดเผยข้อมูลข่าวสารของราชการจะต้องระบุด้วยว่าที่เปิดเผยไม่ได้เพราะเป็นข้อมูลข่าวสารประเภทใดและเพราะเหตุใด ตามมาตรา 15 แห่งพระราชบัญญัติข้อมูลข่าวสารของราชการ พ.ศ. 2540 ทั้งนี้ หากหน่วยงานมีคำสั่งไม่เปิดเผยข้อมูลข่าวสาร ให้ผู้ขอคำปรึกษาอุทธรณ์ต่อคณะกรรมการวินิจฉัยการเปิดเผยข้อมูลข่าวสารภายในสิบห้าวันนับแต่วันที่ได้รับแจ้งคำสั่ง โดยยื่นอุทธรณ์ต่อคณะกรรมการข้อมูลข่าวสารของราชการ ตามมาตรา 18 แห่งพระราชบัญญัติฉบับเดียวกัน ทั้งนี้ หากคณะกรรมการวินิจฉัยการเปิดเผยข้อมูลข่าวสารไม่ได้แจ้งผลการพิจารณาตามระยะเวลาที่กำหนดไว้ในมาตรา 37 ประกอบมาตรา 13 วรรคสอง แห่งพระราชบัญญัติข้อมูลข่าวสารของราชการ พ.ศ. 2540 หรือผู้ขอข้อมูลข่าวสารไม่เห็นด้วยกับผลการพิจารณาของคณะกรรมการวินิจฉัยการเปิดเผยข้อมูลข่าวสาร จึงจะมีสิทธินำคดีมายื่นฟ้องต่อศาลปกครองภายในเก้าสิบวันนับแต่วันที่รู้หรือควรรู้ถึงเหตุแห่งการฟ้องคดี ตามมาตรา 49 แห่งพระราชบัญญัติจัดตั้งศาลปกครองและวิธีพิจารณาคดีปกครอง พ.ศ. 2542"
เป็นคดีที่อยู่ในอำนาจของศาลปกครองสูงสุด,"ผู้ขอคคำปรึกษาเป็นผู้ได้รับความเดือดร้อนเสียหายจากการที่ได้รับคำสั่งลงโทษทางวินัยและผู้ขอคำปรึกษาได้ยื่นอุทธรณ์ต่อคณะกรรมการพิจารณาระบบคุณ ""ก.พ.ค."" และได้รับผลการพิจารณาอุทธรณ์จากก.พ.ค. ขอสอบถามว่าจะต้องใช้สิทธิฟ้องคดีต่อศาลปกครอง",รณีที่เห็นว่า คำสั่งลงโทษทางวินัยไม่ชอบด้วยกฎหมายและมีความประสงค์ในการฟ้องเพิกถอนคำสั่งดังกล่าวนั้นเป็นคดีพิพาทเกี่ยวกับการที่เจ้าหน้าที่ของรัฐออกคำสั่งโดยไม่ชอบด้วยกฎหมายตามมารา 9 วรรคหนึ่ง (1) แห่งพ.ร.บ.จัดตั้งศาลปกครองฯ กรณีนี้ผู้ขอคำปรึกษาจะแก้ไขความเดือดร้อนเสียหายตามขั้นตอนหรือวิธีการที่กฎหมายกำหนดไว้โดยเฉพาะตามพ.ร.บ.ระเบียบข้าราชการพลเรือนฯ โดยจะต้องยื่นอุทธรณ์คำสั่งค่อคณะกรรมการพิทักษ์ระบบคุณธรรมและมีผลการพิจารณาอุทธรณ์ออกมา ผู้ขอคำปรึกษาจึงจะเป็นผู้มีสิทธิฟ้องคดีต่อศาลปกครองตามาตรา 42 วรรคสองแห่งพ.ร.บ.จัดตั้งศาลปกครองฯ ผู้ขอคำปรึกษาจะต้องยื่นฟ้องคดีต่อศาลปกครองสูงสุดภายใน 90 วันนับแต่วันที่รู้ถึงเหตุแแห่งการฟ้องคดีตามมาตรา 116 วรรคสองแห่งพ.ร.บ.ระเบียบข้าราชการพลเรือนฯ 
เป็นคดีที่อยู่ในอำนาจของศาลปกครองหรือไม่,ผู้ขอคำปรึกษาเป็นผู้ได้รับความเดือดร้อนเสียหายจากการที่เจ้าของที่ดินสร้างรั้วล้ำเข้ามาในที่ดินของผู้ขอคำปรึกษา กรณีดังกล่าวจะฟ้องคดีต่อศาลปกครองเพื่อขอให้ศาลรื้อถอนรั้วได้หรือไม่,มาตรา 42 วรรคหนึ่งแห่งพ.ร.บ.จัดตั้งศาลปกครองฯบัญญัติว่า  ผู้ใดได้รับความเดือดร้อนหรือเสียหาย หรืออาจจะเดือดร้อนหรือเสียหายโดยมิอาจหลีกเลี่ยงได้อันเนื่องจากการกระทำหรือการงดเว้นการกระทำของหน่วยงานทางปกครองหรือเจ้าหน้าที่ของรัฐหรือมีข้อโต้แย้งเกี่ยวกับสัญญาทางปกครอง หรือกรณีอื่นใดที่อยู่ในเขตอำนาจศาลปกครองตามมาตรา 9 และการแก้ไขหรือบรรเทาความเดือดร้อนหรือความเสียหายหรือยุติข้อโต้แย้งนั้น ต้องมีคำบังคับตามที่กำหนดในมาตรา 72 ผู้นั้นมีสิทธิฟ้องคดีต่อศาลปกครอง เมื่อปรากฎว่า ผู้ขอคำปรึกษาได้รับความเดือดร้อนเสียหายจากเจ้าของที่ดินข้างเคียง จึงเป็นกรณีผู้ขอคำปรึกษาไม่ได้รับความการกระทำหรือการงดเว้นการกระทำของหน่วยงานทางปกครองหรือเจ้าหน้าที่ของรัฐหรือมีข้อโต้แย้งเกี่ยวกับสัญญาทางปกครอง หรือกรณีอื่นใดที่อยู่ในเขตอำนาจศาลปกครอง คดีนี้จึงเป็นคดีละเมิดที่อยู่ในอำนาจของศาลยุติธรรม
"ความรู้ทั่วไปเกี่ยวกับศาลปกครอง/คดีปกครอง, การจัดทำคำฟ้องหรือคำร้อง และขั้นตอนที่เกี่ยวข้อง",ผู้ขอคำปรึกษาเป็นอดีตพนักงานของมหาวิทยาลัย ตำแหน่งอาจารย์ ของราชภัฎแห่งหนึ่งในกรุงเทพฯได้รับความเดือดร้อนเสียหายจากการที่อธิการบดีมีคำสั่งให้ออกจากราชการ ผู้ขอคำปรึกษาไม่เห็นด้วยจึงได้ยื่นอุทธรณ์คำสั่งดังกล่าวตามระเบียบของมหาวิทยาลัย ขอสอบถามว่าจะฟ้องคดีต่อศาลปกครองได้เมื่อใด,สัญญาจ้างให้บุคคลเป็นพนักงานตำแหน่งอาจารย์เป้นสัญญาให้บุคคลจัดทำบริการสาธารณะทางด้านการศึกษาตามภารกิจของมหาวิทยาลัยถือเป็นสัญญาทางปกครองตามนิยามที่กำหนดไว้ในพ.ร.บ.จัดตั้งศาลปกครองฯ กรณีที่เห็นว่า การที่อธิการบดีมีคำสั่งให้ออกจากราชการไม่ถูกต้อง ซึ่งเป็นการใช้สิทธิตามข้อตกลงในสัญญาและมีความประสงค์จะฟ้องคดีเพื่อให้ได้กลับเข้าทำงานนั้นเป็นคดีพิพาทเกี่ยวกับสัญญาทางปกครองตามมาตรา 9 วรรคหนึ่ง (4) แห่งพ.ร.บ.จัดตั้งศาลปกครองฯ ประเด็นการเป็นผู้มีสิทธิฟ้องคดีต่อศาลปกครองนั้น ผู้ขอคำปรึกษาจะต้องยื่นอุทธรณ์ร้องทุกข์ตามระเบียบของบังคับของมหาวิทยาลัยและได้รับแจ้งผลการอุทธรณ์ร้องทุกข์หรือไม่ได้มีการแจ้งผลตามระยะเวลาในการพิจารณาอุทธรณ์ร้องทุกข์ จึงจะถือได้ว่า ได้มีการโต้แย้งสิทธิเกี่ยวสัญญาทางปกครองที่จะเป็นผู้มีสิทธิตามมาตรา 42 วรรคหนึ่งแห่งพ.ร.บ.จัดตั้งศาลปกครองฯ  ผู้ขอคำปรึกษามีสิทธิฟ้องคดีต่อศาลปกครองภายใน 5 ปีนับแต่วันที่รู้ถึงเหตุแห่งการฟ้องคดีตามมาตรา 51 แห่งพ.ร.บ.จัดตั้งศาลปกครองฯ
เป็นคดีที่อยู่ในอำนาจของศาลปกครองหรือไม่,ผู้ขอคำปรึกษาได้รับความเดือดร้อนเสียหายจากการซื้อที่ดินขายทอดตลาดในจังหวัดสงขลา ขอสอบถามว่าหากจะฟ้องเรียกค่าเสียหายกับเจ้าพนักงานบังคับคดีจะต้องยื่นฟ้องต่อศาลปกครองใช่หรือไม่,มาตรา 285 วรรคหนึ่งแห่งป.วิ.พ.บัญญัติว่า ความรับผิดทางละเมิดตามประมวลกฎหมายแพ่งและพาณิชย์ต่อลูกหนี้ตามคำพิพากษาหรือต่อบุคคลภายนอกเพื่อความเสียหายที่เกิดจากหรือเกี่ยวเนื่องกับการยึดอายัด หรือขายทรัพย์สินโดยมิชอบหรือเกินกว่าที่จำเป็นแก่การบังคับคดี หรือการบังคับคดีโดยมิชอบ ในกรณีอื่นย่อมไม่ตกแก่เจ้าพนักงานบังคับคดี แต่ตกอยู่แก่เจ้าหนี้ตามคำพิพากษา เว้นแต่ในกรณีเจ้าพนักงานบังคับคดีได้กระทำการฝ่าฝืนต่อบทบัญญัติแห่งประมวลกฎหมายนี้ วรรคสองกำหนดว่า ในกรณีที่ความรับผิดตกแก่เจ้าพนักงานบังคับคดีตามวรรคหนึ่ง และเป็นเรื่องความรับผิดทางละเมิดของเจ้าหน้าที่ในการปฏิบัติหน้าที่ การใช้สิทธิฟ้องคดีต่อศาลตามกฎหมายว่าด้วยความรับผิดทางละเมิดของเจ้าหน้าที่หรือตามกฎหมายอื่นไม่ว่าโดยบุคคลใด ให้อยู่ในอำนาจของศาลยุติธรรม ดังนั้น เมื่อเป็นความเสียหายอันเกิดจากการปฏิบัติหน้าที่ของเจ้าพนักงานบังคับคดี ผู้ขอคำปรึกษาจะใช้สิทธิฟ้องคดีต่อศาลยุติธรรมตามที่กำหนดไว้ในป.วิ.พ.
"ความรู้ทั่วไปเกี่ยวกับศาลปกครอง/คดีปกครอง, การจัดทำคำฟ้องหรือคำร้อง และขั้นตอนที่เกี่ยวข้อง",ผู้ขอคำปรึกษาเป็นเจ้าของที่ดิน,"1.) กรณีพิพาทเกี่ยวกับการจ่ายเงินค่าทดแทนการรอนสิทธิ์ในที่ดินใตามประกาศ กกพ. เรื่อง หลักเกณฑ์ วิธีการ เงื่อนไข เกี่ยวกับการกำหนดและจ่ายค่าทดแทน พ.ศ. 2552 ซึ่งอาศัยอำนาจจากพ.ร.บ.การประกอบกิจการพลังงานฯนั้นเป็นคดีพิพาทเกี่ยวกับความรับผิดอย่างอื่นของหน่วยงานทางปกครองหรือเจ้าหน้าที่ของรัฐตามมาตรา 9 วรรคหนึ่ง (3) แห่งพ.ร.บ.จัดตั้งศาลปกครองฯ  ผู้ขอคำปรึกษาอุทธรณ์
แล้ว ซึ่งกกพ.ซึ่งเป็นผู้มีอำนาจในการพิจารณาอุทธณณ์ต้องพิจารณาอุทธรณ์ภให้แล้วเสร็จภายใน 120 ตามมาตรา 105 แห่งพ.ร.บ.การประกอบกิจการพลังงานฯ จึงถือว่าได้ดำเนินการแก้ไขความเดือดร้อนเสียหายตามขั้นตอนของกฎหมายที่จะมีสิทธิยื่นฟ้องคดีต่อศาลปกครองกลางตามมาตรา 42 วรรคสองแห่งพ.ร.บ.จัดตั้งศาลปกครองฯ  ผู้ขอคำปรึกษาจะต้องใช้สิทธิยื่นฟ้องคดีต่อศาลปกครองภายใน 1 ปีนับแต่วันที่ได้รับหนังสือแจ้งผลคำวินิจฉัยอุทธรณ์ซึ่งเป็นวันที่รู้หรือควรรู้ถึงเหตุแห่งการฟ้องคดีตามมาตรา 51 แห่งพ.ร.บ.จัดตั้งศาลปกครองฯ
2.) ผู้ขอคำปรึกษาจะต้องจัดทำคำฟ้องตามมาตรา 45 แห่งพ.ร.บ.จัดตั้งศาลปกครอง โดยกำหนดให้การไฟฟ้าฝ่ายผลิตแห่งประเทศไทยและคณะกรรมการกำกับกิจการพลังงานเป็นผู้ถูกฟ้องคดี บรรยายข้อเท็จจริงและจำนวนเงินส่วนต่างค่าทดแทนที่ดินและค่าเสียหายอื่นที่ว่าเป็นจำนวนเท่าใด ซึ่งเป็นคำขอที่ศาลสามรถออกคำบังคับได้ตามมาตรา 72 วรรคหนึ่ง (3) แห่งพ.ร.บ.จัดตั้งศาลปกครองฯ โดยยื่นฟ้องที่ศาลปกครองกลางซึ่งเป็นศาลที่มีอำนาจในการพิจารณาคดีก็ได้  ทั้งนี้การฟ้องขอให้ชดใช้เงินนั้นจะต้องเสียค่าธรรมเนียมศาลในอัตราร้อยละ 2 ของจำนวนทุนทรัพย์ในคดี"
"ความรู้ทั่วไปเกี่ยวกับศาลปกครอง/คดีปกครอง, การจัดทำคำฟ้องหรือคำร้อง และขั้นตอนที่เกี่ยวข้อง",ผู้ขอคำปรึกษาเป็นอดีตพนักงานของมหาวิทยาลัยมหิดลได้รับความเดือดร้อนเสียหายจากการที่มหาวิทยาลัยมีคำสั่งปลดออกจากการเป็นพนักงานของมหาวิทยาลัย เนื่องจากการมติชี้มูลความผิดของคณะกรรมการ ปปช. สอบถามว่ากรณีนี้จะต้องใช้สิทธิฟ้องคดีต่อศาลปกครองภายในระยะเวลากี่วัน,สัญญาจ้างบุคคลให้เข้าปฏิบัติงานกับมหาวิทยาลัยมีลักษณะเป็นสัญญาให้จัดทำบริการสาธาณณะทางด้านการศึกษามีลักษณะเป็นสัญญาทางปกครองตามนิยามพ.ร.บ.จัดตั้งศาลปกครองฯ   เมื่อมีคำสั่งยกเลิกการจ้างซึ่งเป็นการใช้สิทธิตามข้อตกลงที่เกี่ยวกับการปฏิบัติระเบียบข้อบังคับนั้นเป็นคดีพิพาทเกี่ยวกับสัญญาทางปกครองตามมาตรา 9 วรรคหนึ่ง (4) แห่งพ.ร.บ.จัดตั้งศาลปกครองฯ  ทั้งนี้เมื่อคดีพิพาทเกี่ยวกับการลงโทษจากการชี้มูลความผิดของปปช.นั้น มาตรา 101 แห่งพ.ร.บ.ประกอบรัฐธรรมนูญว่าด้วยการป้องกันและปราบปรามการทุจริตบัญญัติว่า ผู้ซึ่งถูกลงโทษตามมาตรา 98 ที่มีสิทธิฟ้องคดีต่อศาลปกครอง จะฟ้องคดีต่อศาลปกครองภายในเก้าสิบวันนับแต่วันที่ถูกลงโทษโดยไม่ต้องอุทธรณ์ตามกฎหมาย ระเบียบ หรือข้อบังคับว่าด้วยการบริหารงานบุคคลของผู้ถูกลงโทษนั้น ดังนั้น ผู้ขอคำปรึกษาจะต้องมาฟ้องคดีต่อศาลปกครองภายใน 5 ปีนับแต่วันที่รู้ถึงเหตุแห่งการฟ้องคดีตามมาตรา 51 แห่งพ.ร.บ.จัดตั้งศาลปกครองฯ ซึ่งได้แก่วันที่ได้รับแจ้งคำสั่งลงโทษจากมหาวิทยาลัย โดยไม่จำเป็นจะต้องอุทธรณ์ตามระเบียบว่าด้วยการพิจารณาอุทธรณ์ของมหาวิทยาลัยก่อนการฟ้องคดีแต่อย่างใด  ผู้ขอคำปรึกษาต้องจัดทำคำฟ้องตามมาตรา 45 แห่งพ.ร.บ.จัดตั้งศาลปกครองฯโดยกำหนดมหาวิทยาลัยมหิดลซึ่งเป็นคู่สัญญาเป็นผู้ถูกฟ้องคดี บรรยายข้อเท็จจริงที่เกิดขึ้นและโต้แย้งว่า คำสั่งปลดออกจากการเป็นพนักงานไม่ถูกต้องตามระเบียบข้อบังคับของมหาวิทยาลัยอย่าง และขอให้ศาลมีคำพิพากษายกคำสั่งปลดออกจากการเป็นพนักงานและรับผู้ขอคำปรึกษากลับเข้าทำงานซึ่งเป็นคำขอที่ศาลสามารถออกคำบังคับได้ตามมาตรา 72 วรรคหนึ่ง (3) แห่งพพ.ร.บ.จัดตั้งศาลปกครองฯ
"ความรู้ทั่วไปเกี่ยวกับศาลปกครอง/คดีปกครอง, ขั้นตอนแก้ไขความเสียหายก่อนฟ้องคดี",ผู้ขอคำปรึกษาเป็นเจ้าของที่ดินในอำเภอสะเดา จังหวัดสงขลาได้รับความเดือดร้อนเสียหายจากการที่เจ้าพนักงานมีคำสั่งแก้ไขเปลี่ยนแปลงโฉนดที่ดินของผู้ขอคำปรึกษา ผู้ขอคำปรึกษาเห็นว่า การแก้ไขดังก่ล่าวไม่ถูกต้องตรงกับความเป็นจริง กรณีนี้จะฟ้องคดีต่อศาลปกครองเพื่อขอให้เพิกถอนคำสั่งแก้ไขเปลี่ยนแปลงโฉนดที่ดินได้หรือไม่,กรณีที่ผู้ฟ้องคดีเห็นว่าการที่เจ้าพนักงานมีคำสั่งแก้ไขเปลี่ยนแปลงโฉนดที่ดินของผู้ขอคำปรึกษาไม่ถูกต้องและมีความประสงค์ขอให้ศาลมีคำพิพากษาเพิกถอนคำสั่งแก้ไขโฉนดที่ดินดังกล่าวนั้นเป็นคดีพิพาทเกี่ยวกับการที่เจ้าหน้าที่ของรัฐออกคำสั่งโดยไม่ชอบด้วยกฎหมายตามมาตรา 9 วรรคหนึ่ง (1)  แห่งพ.ร.บ.จัดตั้งศาลปกครองฯ  ทั้งนี้ การแก้ไขโฉนดที่ดินเป็นคำสั่งทางปกครองซึ่งจะต้องดำเนินการแก้ไขความเดือดร้อนเสียหายตามขั้นตอนวิธีการที่กฎหมายกำหนดไว้โดยเฉพาะก่อนการยื่นฟ้องคดี โดยยื่นอุทธรณ์คำสั่งตามขั้นตอนและวิธีการตามพ.ร.บ.วิธีปฏิบัติราชการทางปกครองฯ กล่าวคือ หากไม่มีการแจ้งสิทธิให้ยื่นอุทธรณ์ ผู้ขอคำปรึกษาสามารถยื่นอุทธรณ์ได้ภายใน 1 ปีนับแต่วันที่ได้รับทราบคำสั่งตามมาตรา 40 แห่งพ.ร.บ.วิธีปฏิบัติราชการทางปกครองฯ ผู้มีอำนาจในการพิจารณาอุทธรณ์มีอำนาจในการพิจารณาอุทธรณ์ให้แล้วเสร็จภายใน 60 วันนับแต่วันที่ได้ยื่นอุทธรณ์ตามมาตรา 45 แห่งพ.ร.บ.วิธีปฏิบัติราชการทางปกครอง หากผู้ขอคำปรึกษาได้ผลการพิจารณาอุทธรณ์หรือไม่ได้รับแจ้งผลการพิจารณาภายในระยะเวลาที่กำหนด ผู้ขอคำปรึกษาจึงเป็นผู้มีสิทธิฟ้องคดีตามมาตรา 42 วรรคสองแห่งพ.ร.บ.จัดตั้งศาลปกครองฯซึ่งมีสิทธิฟ้องคดีต่อศาลปกครองภายใน 90 วันนับแต่วันที่รู้หรือควรรู้ถึงเหตุแห่งการฟ้องคดีตามมาตรา 49 แห่งพ.ร.บ.จัดตั้งศาลปกครองฯ
การฟ้องคดีผ่านระบบอิเล็กทรอนิกส์ของศาลปกครอง,ผู้ขอคำปรึกษาเป็นผู้ฟ้องคดีต่อศาลปกครองกลางเป็นระบบปกติ แต่ต่อมาได้เปลี่ยนไปใช้ระบบคดีปกครองอิเล็กทรอนิกส์ ปัจจุบันอยู่ในขั้นตอนการแสวงหาข้อเท็จจริง ผู้ฟ้องคดีมีความประสงค์จะยื่นเอกสารหลักฐานเพิ่มเติมผ่านระบบคดีปกครองอิเล็กทรอนิกส์จะต้องสำเนาส่งไปทางไปรษณีย์อีกหรือไม่,ข้อ 21 แห่งระเบียบที่ประชุมใหญ่ฯว่าด้วยวิธีพิจารณาคดีปกครองอิเล็กทรอนิกส์ฯกำหนดว่า คู่กรณี หน่วยงานทางปกครอง เจ้าหน้าที่ของรัฐ หรือบุคคลที่ศาลมีคำสั่งให้ชี้แจงข้อเท็จจริง ให้ความเห็นเป็นหนังสือ หรือให้ถ้อยคำประกอบการพิจารณา อาจยื่นคำให้การ คำคัดค้านคำให้การ คำให้การเพิ่มเติม คำชี้แจง คำแถลง คำร้อง คำขอ พยานหลักฐาน หรือเอกสารอื่นใดต่อศาลโดยวิธีการทางอิเล็กทรอนิกส์ ข้อ 28 ในวาระเริ่มแรก ในกรณีที่คู่กรณีฝ่ายหนึ่งฝ่ายใดประสงค์ที่จะด าเนินกระบวนพิจารณาโดยระบบงานคดีปกครองอิเล็กทรอนิกส์ แต่คู่กรณีอื่นไม่ได้ใช้ระบบงานคดีปกครองอิเล็กทรอนิกส์บรรดาส าเนาเอกสารหรือส าเนาพยานหลักฐานที่ต้องส่งให้แก่คู่กรณีอีกฝ่ายหนึ่งในรูปกระดาษหรือข้อมูลอิเล็กทรอนิกส์ ให้ส านักงานศาลปกครองเป็นผู้จัดท าสิ่งพิมพ์ออกของข้อมูลอิเล็กทรอนิกส์เป็นเอกสารในรูปกระดาษ หรือแปลงเอกสารในรูปกระดาษเป็นรูปข้อมูลอิเล็กทรอนิกส์ แล้วแต่กรณี ทั้งนี้ ค่าใช้จ่ายในการจัดท าสิ่งพิมพ์ออกหรือแปลงเอกสารดังกล่าวให้เป็นไปตามประกาศของส านักงานศาลปกครอง  ดังนั้น ผู้ฟ้องคดีสามารถยื่นคำชี้แจงผ่านระบบคดีปกครองอิเล็กทรอนิกส์ได้โดยไม่ต้องสำเนาคำชี้แจง
"ความรู้ทั่วไปเกี่ยวกับศาลปกครอง/คดีปกครอง, การจัดทำคำฟ้องหรือคำร้อง และขั้นตอนที่เกี่ยวข้อง",ผู้ขอคำปรึกษาเป็นข้าราชการครูได้รับความเดือดร้อนเสียหายจากการประเมินผลการเลื่อนเงินเดือนที่ไม่เป็นธรรมของผู้ขอคำปรึกษา ขอสอบถามว่าจะต้องฟ้องคดีหรือไม่อย่างไร,การที่หน่วยงานทางปกครองหรือเจ้าหน้าที่ของรัฐประเมินผลการปฏิบัติงานเป็นการใช้อำนาจตามกฎหมาย ระเบียบข้อบังคับของเจ้าหน้าที่ที่มีลักษณะเป็นคำสั่งทางปกครองตามพ.ร.บ.วิธีปฏิบัติราชการทางปกครองฯ กรณที่เห็นว่า การประเมินผลการปฏิบัติงานเพื่อเลื่อนเงินเดือนที่ไม่เป็นธรรมและมีความประสงค์ในการเพิกถอนการประเมินผลการปฏิบัติงานนั้นเป็นคดีพิพาทเกี่ยวกับการที่เจ้าหน้าที่ของรัฐออกคำสั่งโดยไม่ชอบด้วยกฎหมายตามมาตรา 9 วรรคหนึ่ง (1) แห่งพ.ร.บ.จัดตั้งศาลปกครองฯ  ทั้งนี้ คดีเพิกถอนคำสั่งจะต้องเดำเนินการแก้ไขความเดือดร้อนเสียหายตามขั้นตอนหรือวิธีการที่ฎหมายกำหนดไว้โดยการยื่นอุทธรณ์ร้องทุกข์ตามกฎ ก.พ.ค.ว่าด้วยการร้องทุกข์และพิจารณาเรื่องร้องทุกข์ หากได้รับแจ้งผลการพิจารณาอุทธรณ์แล้วไม่เห็นด้วย หรือไม่ได้รับแจ้งผลตามกำหนดระยะเวลาที่กำหนดไว้ภายใน 90 วันนัตแต่วันที่คำร้องทุกข์ตามข้อ 13 แห่งกฎ ก.ค.ศ.ว่าด้วยการร้องทุกข์  ผู้ขอคำปรึกษาซึ่งถือว่าเป็นผู้มีสิทธิฟ้องคดีตามมาตรา 42 วรรคสองแห่งพ.ร.บ.จัดตั้งศาลปกครองฯ สามารถใช้สิทธิยื่นฟ้องคดีต่อศาลปกครองภายใน 90 วันนับแต่วันที่รู้หรือควรรู้ถึงเหตุแห่งการฟ้องคดีตามมาตรา 49 แห่งพ.ร.บ.จัดตั้งศาลปกครองฯ
"ความรู้ทั่วไปเกี่ยวกับศาลปกครอง/คดีปกครอง, การจัดทำคำฟ้องหรือคำร้อง และขั้นตอนที่เกี่ยวข้อง",ผู้ขอคำปรึกษาเป็นข้าราชการครูได้รับความเดือดร้อนเสียหายจากการที่หน่วยงานต้นสังกัดไม่จ่ายเงินค่าตอบแทนพิเศษย้อนหลังให้ถูกต้อง ขอคำปรึกษาว่าจะฟ้องคดีต่อศาลปกครองได้หรือไม่อย่างไร,ค่าตอบแทนพิเศษเป็นเงินสำหรับข้าราชการครูที่มีวิทยฐานะตั้งแต่ชำนาญการพิเศษขึ้นไป อยู่ใน พระราชบัญญัติเงินเดือน เงินวิทยฐานะ และเงินประจำตำแหน่งข้าราชการครูและบุคลากรทางการศึกษา พ.ศ. 2547 กรณีที่หน่วยงานต้นสังกัดไม่ดำเนินการจ่ายเงินค่าตอบแทนพิเศษย้อนหลังตามสิทธิให้กับผู้ขอคำปรึกษาและมีความประสงค์จะฟ้องคดีต่อศาลให้จ่ายเงินค่าตอบแทนพิเศษดังกล่าวนั้นเป็นคดีพิพาทเกี่ยวกับความรับผิดอย่างอื่นของหน่วยงานทางปกครองตามมาตรา 9 วรรคหนึ่ง (3) แห่งพ.ร.บ.จัดตั้งศาลปกครองฯ  เนื่องจากการฟ้องคดีข้อหานี้ไม่มีบทบัญญัติกำหนดขั้นตอนหรือวิธีการแก้ไขความเสียไว้โดยเฉพาะ ผู้ขอคำปรึกษาจึงเป็นผู้มีสิทธิฟ้องคดีตามมาตรา 42 วรรคหนึ่ง แห่งพ.ร.บ.จัดตั้งศาลปกครองซึ่งจะต้องฟ้องคดีต่อศาลปกครองภายใน 1 ปีนับแต่วันที่รู้ถึงเหตุแห่งการฟ้องคดีตามมาตรา 51 แห่งพ.ร.บ.จัดตั้งศาลปกครองฯซึ่งได้แก่วันที่คาดหมายว่าจะได้รับค่าตอบแทนพิเศษจากหน่วยงานต้นสังกัด  ผู้ขอคำปรึกษาจะต้องจัดทำคำฟ้องตามมาตรา 45 แห่งพ.ร.บ.จัดตั้งศาลปกครองฯ โดยกำหนดสำนักงานคณะกรรมการการศึกษาขั้นพื้นฐานซึ่งเป็นหน่วยงานต้นสังกัดเป็นผูุ้ถูกฟ้องคดี บรรยายข้อเท็จจริงที่เกิดขึ้นและอธิบว่าผู้ฟ้องคดีมีสิทธิได้รับเงินค่าตอบแทนพิเศษรวมเป็นเงินทัั้งสิ้นเท่าใด และกำหนดคำขแท้ายคำฟ้องขอให้ศาลมีคำพิพากษาให้ผู้ถูกฟ้องคดีจ่ายเงินเป็นเงินจำนวนทั้งสิ้น ... บาทซึ่งเป็นคำขอที่ศาลสามารถออกคำบังคับได้ตามมาตรา  วรรคหนึ่ง (3) แห่งพ.ร.บ.จัดตั้งศาลปกครองฯ ทั้งนี้การฟ้องขอให้จ่ายเงินจะต้องเสียค่าธรรมเนียมศาลในอัตราร้อยละ 2 ของจำนวนทุนทรัพย์ในคดี
"ความรู้ทั่วไปเกี่ยวกับศาลปกครอง/คดีปกครอง, ขั้นตอนแก้ไขความเสียหายก่อนฟ้องคดี","ผู้ฟ้องคดีเป็นอดีตผู้อำนวยการโรงพยาบาลพร้าวได้รับคำสั่งเรียกให้ชดใช้ค่าสินไหมทดแทนจึง
อยากทราบว่าจะยื่นฟ้องคดีต่อศาลปกครอง ได้หรือไม่","แนะนำว่า ผู้ฟ้องคดีมีสิทธิยื่นฟ้องเป็นคดีพิพาทเกี่ยวกับเจ้าหน้าที่ของรัฐออกคำสั่งโดยไม่ชอบด้วยกฎหมายแต่ต้องยื่นอุทธรณ์โต้แย้งคัดค้านคำสั่งเรียกให้ชดใช้ค่าสินไหมทดแทนนั้นเสียก่อนและได้รับ
คำวินิจฉัยอุทธรณ์แล้วหรือพ้นระยะเวลาพิจารณาอุทธรณ์แล้ว ตามมาตรา 9 วรรคหนึ่ง และมาตรา 42 วรรคสอง แห่งพระราชบัญญัติจัดตั้งศาลปกครองและวิธีพิจารณาคดีปกครอง พ.ศ. 2542"
"ความรู้ทั่วไปเกี่ยวกับศาลปกครอง/คดีปกครอง, การจัดทำคำฟ้องหรือคำร้อง และขั้นตอนที่เกี่ยวข้อง",ผู้ขอคำปรึกษาเป็นข้าราชการตำแหน่งพยาบาลวิชาชีพชำนาญการได้รับความเดือดร้อนเสียหายจากการที่ได้ดข้ารับการประเมินเพื่อเลื่อนขึ้นแต่งตั้งให้ดำรงตำแหน่งผประเภทวิชาการระดับชำนาญการพิเศษของโรงพยาบาลประจวบคีรีขันธ์ สำนักงานสาธารณสุขจังหวัดประจวบคีรีขันธ์ และได้ประกาศผล ณ วันที่ 25 มีนาคม 2568 ผู้ขอคำปรึกษาไม่เห็น เนื่องจากผู้ที่ผ่านการประเมินดังกล่าวนำเสนอผลงานการปฏิบัติงานและอาวุโสน้อยกว่าผู้ขอคำปรึกษา ด้วยจึงยื่นคำคัดค้านแล้ว ปัจจุบันยังไม่ได้แจ้งผลการคัดค้าน ขอสอบถามว่าจะฟ้องคดีต่อศาลเพื่อขอให้ศาลเพิกถอนประกาศที่ไม่ให้ผู้ขอคำปรึกษาเป็นผู้ผ่านการประเมินการปฏิบัติงานได้หรือไม่,การที่ผู้อำนวยการโรงพยาบาลประจวบคีรีขันธ์ได้ประกาศรายชื่อผู้ผ่านการประเมินบุคคลเพื่อเลื่อนขึ้นแต่งตั้งให้ดำรงตำแหน่งประเภทวิชาการ ระดับชำนาญการพิเศษและมีรายชื่อผู้คำปรึกษาเป็นผู้ไม่ผ่านการประเมิน จึงมีความประสงค์จะฟ้องคดีต่อศาลปกครองเพื่อขอให้เพิกถอนประกาศที่ผู้ขอคำปรึกษาไม่ผ่านการประเมิน นั้นเป็นคดีพิพาทเกี่ยวกับการที่เจ้าหน้าที่ของรัฐกระทำการโดยไม่ชอบด้วยกฎหมายตามมาตรา 9 วรรคหนึ่ง (1) แห่งพ.ร.บ.จัดตั้งศาลปกครองฯ ทั้งนี้ การฟ้องข้อหานี้จะต้องยื่นดำเนินการแก้ไขความเดือดร้อนเสียหายตามขั้นตอนหรือวิธีการที่กฎหมายกำหนดไว้โดยะโดยการยื่นร้องทุกข์ตามกฎ ก.พ.ว่าด้วยการร้องทุกข์และพิจารณาเรื่องร้องทุกข์ หากได้รับแจ้งผลการพิจารณแล้วไม่เห็นด้วย เรื่องไม่ได้รับแจ้งผลการพิจารณาภายใน 120 วันตามข้อ 24ของกฎ ก.พ.ว่ด้วยร้องทุกข์ฯ  ผู้ขอคำปรึกษาจึงจะเป็นผู้มีสิทธิฟ้องคดีตามมาตรา 42 วรรคสองแห่งพ.ร.บ.จัดตั้งศาลปกครอฯ โดยมีสิทธิฟ้องคดีต่อศาลปกครองภายใน 90 วันนับแต่วันที่รู้หรือควรรู้ถึงเหตุแห่งการฟ้องคดีตามมาตรา 49 แห่งพ.ร.บ.จัดตั้งศาลปกครองฯ การจัดทำคำฟ้องให้เป็นไปตามมาตรา 45 แห่งพ.ร.บ.จัดตั้งศาลปกครองฯ  โดยกำหนดให้ผู้อำนวยการโรงพยาบาลประจวบคีรีขันธ์เป็นผู้ถูกฟ้องคดี บรรยายคำฟ้องว่าเป็นเป็นใคร  และได้มีการรับสมัครข้าราชการเข้ารับการประมินบุคคลเพื่อเลื่อนขึ้นแต่งตั้งให้ดำรงตำแหน่งประเภทวิชาการ ระดับทรงคุณวุฒิ ของกรมการแพทย์ ที่ไม่ชอบด้วยกฎหมายอย่างไร โดยขอให้เพิกถอนประกาศรายชื่อที่ให้ผู้ขอคำปรึกษาไม่ผ่านการประเมินผลเพื่อเลื่อนขึ้นแต่งตั้งให้ดำรงตำแหน่งประเภทวิชาการ ระดับชำนาญการพิเศษ ซึ่งเป็นคำขอท้ายฟ้องที่ศาลสามารถออกคำบังคับได้ตามมาตรา 72 วรรคหนึ่ง (1) แห่งพ.ร.บ.จัดตั้งศาลปกครองฯ  
"ความรู้ทั่วไปเกี่ยวกับศาลปกครอง/คดีปกครอง, การจัดทำคำฟ้องหรือคำร้อง และขั้นตอนที่เกี่ยวข้อง",ผู้ขอคำปรึกษาสอบถามว่า กรณีที่มีความประสงค์จะฟ้องขอให้ศาลเพิกถอนคำวินิจฉัยอุทธรณ์ของคณะกรรมการพิทักษ์ระบบคุณธรรมข้าราชการตำรวจ (ก.พ.ค.ตร.) จะต้องฟ้องต่อศาลปกครองสูงสุดใช่หรือไม่ และจะต้องดำเนินการอย่างไร,ได้ให้คำแนะนำว่า กรณีที่ผู้ขอคำปรึกษามีความประสงค์จะฟ้องขอให้ศาลเพิกถอนคำวินิจฉัยอุทธรณ์ของคณะกรรมการพิทักษ์ระบบคุณธรรมข้าราชการตำรวจ (ก.พ.ค.ตร.) จะต้องฟ้องคดีต่อศาลปกครองสูงสุดภายในเก้าสิบวันนับแต่วันที่ทราบหรือถือว่าทราบคำวินิจฉัยของ ก.พ.ค.ตร. ตามมาตรา 142 วรรคสอง แห่งพระราชบัญญัติตำรวจแห่งชาติ พ.ศ. 2565 ประกอบมาตรา 11 (3) แห่งพระราชบัญญัติจัดตั้งศาลปกครองและวิธีพิจารณาคดีปกครอง พ.ศ. 2542 สำหรับการจัดทำคำฟ้องนั้นสามารถดาวน์โหลดแบบฟอร์มคำฟ้องได้จากเว็บไซต์ของศาลปกครอง ซึ่งอาจเขียนคำฟ้องเองด้วยลายมือหรือจะใช้วิธีการพิมพ์ก็ได้ โดยคำฟ้องให้ใช้ถ้อยคำสุภาพและต้องมีรายการครบถ้วนตามมาตรา 45 แห่งพระราชบัญญัติจัดตั้งศาลปกครองและวิธีพิจารณาคดีปกครอง พ.ศ. 2542 ดังนี้ (1) ชื่อและที่อยู่ของผู้ฟ้องคดี (2) ชื่อหน่วยงานทางปกครองหรือเจ้าหน้าที่ของรัฐที่เกี่ยวข้องอันเป็นเหตุแห่งการฟ้องคดี (3) การกระทำทั้งหลายที่เป็นเหตุแห่งการฟ้องคดี พร้อมทั้งข้อเท็จจริงหรือพฤติการณ์ตามสมควรเกี่ยวกับการกระทำดังกล่าว (4) คำขอของผู้ฟ้องคดี และ (5) ลายมือชื่อของผู้ฟ้องคดี และหากผู้ฟ้องคดีประสงค์จะให้บุคคลอื่นเป็นผู้ดำเนินคดีแทน จะต้องจัดทำใบมอบอำนาจพร้อมแนบสำเนาบัตรประจำตัวของผู้มอบอำนาจและผู้รับมอบอำนาจพร้อมปิดอากรแสตมป์มาด้วย โดยต้องจัดทำสำเนาคำฟ้องและสำเนาพยานหลักฐานที่รับรองสำเนาถูกต้องตามจำนวนของผู้ถูกฟ้องคดี ตามข้อ 33 แห่งระเบียบของที่ประชุมใหญ่ตุลาการในศาลปกครองสูงสุด ว่าด้วยวิธีพิจารณาคดีปกครอง พ.ศ. 2543 ซึ่งผู้ขอคำปรึกษาสามารถเลือกยื่นคำฟ้องได้ 3 ช่องทาง คือ (1) ยื่นด้วยตนเองที่ศาลปกครอง (2) ส่งทางไปรษณีย์ลงทะเบียน หรือ (3) ยื่นทางระบบอิเล็กทรอนิกส์ และให้ยื่นฟ้องต่อศาลปกครองชั้นต้นที่ผู้ฟ้องคดีมีภูมิลำเนาหรือที่มูลคดีเกิดขึ้นก็ได้ ตามมาตรา 46 ประกอบมาตรา 47 วรรคหนึ่ง แห่งพระราชบัญญัติฉบับเดียวกัน 
"ความรู้ทั่วไปเกี่ยวกับศาลปกครอง/คดีปกครอง, การจัดทำคำฟ้องหรือคำร้อง และขั้นตอนที่เกี่ยวข้อง",ผู้ขอคำปรึกษาสอบถามว่า กรณีที่ผู้ขอคำปรึกษามีหนังสือไปถึงเทศบาลเมืองคูคต เพื่อให้ดำเนินการซ่อมแซมรั้วบนถนนสาธารณะที่ชำรุดทรุมโทรม แต่เทศบาลเพิกเฉยไม่ดำเนินการใดให้ จะนำเรื่องดังกล่าวมาฟ้องคดีต่อศาลปกครองได้เลยหรือไม่ อย่างไร,กรณีที่ผู้ขอคำปรึกษามีหนังสือไปถึงเทศบาลเมืองคูคต เพื่อให้ดำเนินการซ่อมแซมรั้วบนถนนสาธารณะที่ชำรุดทรุมโทรม แต่เทศบาลเพิกเฉยไม่ดำเนินการใดให้ จึงได้ให้คำแนะนำว่า หากพ้นกำหนดเก้าสิบวันนับแต่วันที่ได้มีหนังสือดังกล่าวแล้ว ไม่ได้รับหนังสือชี้แจงจากหน่วยงาน จึงมีสิทธินำคดีมาฟ้องต่อศาลปกครองภายในเก้าสิบวันนับแต่วันที่พ้นกำหนดระยะเวลาดังกล่าว หรือได้รับแต่เป็นคำชี้แจงที่ผู้ขอคำปรึกษาเห็นว่าไม่มีเหตุผล จึงมีสิทธินำคดีมาฟ้องต่อศาลปกครองภายในเก้าสิบวันนับแต่วันที่รู้หรือควรรู้ถึงเหตุแห่งการฟ้องคดี โดยจะต้องมีคำขอท้ายคำฟ้องให้หน่วยงานทางปกครองหรือเจ้าหน้าที่ของรัฐที่เกี่ยวข้องปฏิบัติตามหน้าที่ภายในเวลาที่ศาลปกครองกำหนด  ตามมาตรา 49 ประกอบมาตรา 72 วรรคหนึ่ง แห่งพระราชบัญญัติจัดตั้งศาลปกครองและวิธีพิจารณาคดีปกครอง พ.ศ. 2542
เป็นคดีที่อยู่ในอำนาจของศาลปกครองหรือไม่,ผู้ขอคำปรึกษาได้รับความเดือดร้อนเสียหายหน่วยงานทางปกครองส่วนท้องถิ่นที่มีการประเมินภาษีที่ดินและสิ่งปลูกสร้างที่ไม่ถูกต้อง จึงขอสอบถามว่าจะฟ้องคดีต่อศาลปกครองเพื่อเพิกถอนผลการประเมินภาษีที่ดินต่อศาลปกครองได้หรือไม่,"1. มาตรา 81 วรรคหนึ่งแห่งพ.ร.บ.ภาษีที่ดินและสิ่งปลูกสร้าง พ.ศ. 2562  คณะกรรมการพิจารณาอุทธรณ์การประเมินภาษี มีอำนาจสั่งไม่รับอุทธรณ์ยกอุทธรณ์ เพิกถอนหรือแก้ไขการประเมินขององค์กรปกครองส่วนท้องถิ่น หรือให้ผู้อุทธรณ์ได้รับการลดหรือยกเว้นภาษีหรือได้คืนภาษี และมาตรา 82 แห่ พ.ร.บ.เดียวกัน บัญญัติว่า ผู้อุทธรณ์มีสิทธิอุทธรณ์คำวินิจฉัยของคณะกรรมการพิจารณาอุทธรณ์ การประเมินภาษี โดยฟ้องเป็นคดีต่อศาลภายในสามสิบวันนับแต่วันที่ได้รับแจ้งคำวินิจฉัยอุทธรณ์   มาตรา 9 วรรคสองแห่งพ.ร.บ.จัดตั้งศาลปกครองฯบัญญัติว่า เรื่องดังต่อไปนี้ไม่อยู่ในอำนาจศาลปกครอง ... (3) คดีที่อยู่ในอำนาจของศาลเยาวชนและครอบครัว ศาลแรงงาน ศาลภาษีอากร ศาลทรัพย์สินทางปัญญาและการค้าระหว่างประเทศ ศาลล้มละลาย หรือศาลชำนัญพิเศษอื่น  มาตรา 7 แห่งแห่งพ.ร.บ.จัดตั้งศาลภาษีอากรและวิธีพิจารณาคดีภาษีอากร พ.ศ. 2528 บัญญัติว่า ศาลภาษีอากรมีอำนาจพิจารณาพิพากษาคดีแพ่งในเรื่องต่อไปนี้...(1) คดีอุทธรณ์คำวินิจฉัยของเจ้าพนักงานหรือคณะกรรมการตามกฎหมายเกี่ยวกับภาษีอากร
2. ผู้ขอคำปรึกษาจะต้องพิจารณาอุทธรณ์ของหน่วยงานท้องถิ่น ผู้ขอคำปรึกษาจะต้องยื่นคัดค้านการประเมินภาษีอากรต่อคณะกรรมการพิจารณาอุทธรณ์การประเมินภาษีตามพ.ร.บ.ภาษีที่ดินและสิ่งปลูกสร้างฯอผู้บริหารท้องถิ่นภายใน 30 วันนับแต่วันที่ได้รับแจ้งการประเมินภาษีหรือการเรียกเก็บภาษี หากได้รับผลการพิจารณาแล้วไม่เห็นด้วย กรณีเป็นคดีพิพาทเกี่ยวกับอุทธรณ์คำวินิจฉัยของเจ้าพนักงานหรือคณะกรรมการตามกฎหมายเกี่ยวกับภาษีอากรตามมาตรา 7 วรรคหนึ่ง (1) แห่งพ.ร.บ.จัดตั้งศาลภาษีอากร ผู้ขอคำปรึกษาจะต้องใช้สิทธิยื่นฟ้องคดีต่อศาลศาลภาษีอากรกลาง กรุงเทพมหานครภายใน 30 วันนับแต่วันที่ได้รับแจ้งคำวินิจฉัยตามมาตรา 82 แห่งพ.ร.บ.ภาษีที่ดินฯ  ดังนั้น คดีนี้นี้จึงเป็นคดีที่ไม่อยู่ในอำนาจศาลปกครองตามมาตรา 9 วรรคสองแห่งพ.ร.บ.จัดตั้งศาลปกครองฯ"
เป็นคดีที่อยู่ในอำนาจของศาลปกครองหรือไม่,  คณะกรรมการ ตั้งขึ้น โดย อบต. มีมติเพิกถอน บัญชีรายการที่ดินและสิ่งปลูกสร้าง (ภ.ด.ส.3 ) ทำให้ผู้ปรึกษาอาจเสียสิทธิในการครอบครองที่ดิน จึงปรึกษาว่าจะฟ้องศาลปกครองได้หรือไม่ ,  แนะนำว่า มติเพิกถอนบัญชีรายการที่ดินและสิ่งปลูกสร้าง (ภ.ด.ส.3 ) ของคณะกรรมการที่แต่งตั้งขึ้นโดยนายก อ.บ.ต.  เป็นคำสั่งทางปกครอง ท่านเห็นว่าไม่ชอบด้วยกฎหมาย หรือไม่ถูกต้องไม่เป็นธรรม อาจทำให้ท่านเสียสิทธิในที่ดินได้ ท่านฟ้องต่อศาลปกครอง เป็นคดีพิพาทตามมาตรา 9 วรรคหนึ่ง (1) แห่ง พ.ร.บ. จัดตั้งศาลปกครอง ภายน 90 วัน เมื่อท่านมีภูมิลำเนาและมูลคดีเกิดที่ จ. กาญจนบุรี  ท่านฟ้องได้ที่ศาลปกครองสุพรรษบุรี
การจัดทำคำฟ้องหรือคำร้อง และขั้นตอนที่เกี่ยวข้อง,ผู้ขอคำปรึกษาเป็นผู้มีความประสงค์ฟ้องคดีต่อศาลปกครองกลาง ขอสอบถามเกี่ยวกับการยื่นฟ้องคดีปกครองทางไปรษณีย์ไทย,มาตรา 46 แห่งพ.ร.บ.จัดตั้งศาลปกครองฯบัญญัติว่า คำฟ้องให้ยื่นต่อพนักงานเจ้าหน้าที่ของศาลปกครอง หรือส่งทางไปรษณีย์ลงทะเบียน ในการนี้อาจยื่นคำฟ้องโดยส่งทางไปรษณีย์อิเล็กทรอนิกส์ สื่อดิจิทัลอื่นใด หรือโทรสารตามระเบียบของที่ประชุมใหญ่ตุลาการในศาลปกครองสูงสุด และเพื่อประโยชน์ในการนับอายุความ ให้ถือว่าวันที่ส่งคำฟ้องแก่เจ้าพนักงานไปรษณีย์หรือวันที่ส่งคำฟ้องทางไปรษณีย์อิเล็กทรอนิกส์ สื่อดิจิทัลอื่นใด หรือโทรสารเป็นวันที่ยื่นคำฟ้องต่อศาลปกครอง ดังนั้น การยื่นฟ้องคดีต่อศาลปกครองจะต้องยื่นคำฟ้องผ่านบริษัท ไปรษณีย์ไทย จำกัด เท่านั้น ไม่สามารถยื่นฟ้องผ่านบริษัทขนส่งเอกชนอื่นได้ โดยระบุที่อยู่ในการส่งว่า ศาลปกครองกลาง (กลุ่มงานรับฟ้อง) เลขที่ 120 ถนนแจ้งวัฒนะ แขวงทุ่งสองห้อง เขตหลักสี่ กรุงเทพฯ รหัสไปรษณีย์ 10210 โดยทำสำเนาคำฟ้องตามจำนวนของผู้ถูกฟ้องคดีและลงลายมือชื่อในเอกสารทุกหน้าที่มีข้อความหรือรูปภาพ กฎหมายให้ถือว่าวันที่ผู้ฟ้องคดียื่นต่อบริษัทไปรษณีย์เป็นวันที่ยื่นต่อไม่ว่าคำฟ้องจะมาถึงศาลหลังจากวันที่ยื่นไว้กี่วันก็ตาม
กระบวนวิธีพิจารณาคดีปกครอง/แสวงหาข้อเท็จจริง,เดิมผู้ขอคำปรึกษาเป็นข้าราชการทองถิ่นซึ่งได้ยื่นฟ้องคดีต่อศาลปกครองกลางเพื่อขอให้ศาลมีคำพิพากษาเพิกถอนคำสั่งทางปกครองเมื่อครบกำหนระยะเวลาในการพิจารณาอุทธรณ์คำสั่งพิพาทแล้ว แต่ต่อมาในระหว่างการพิจารณาคดี ปรากฎว่า ผู้มีอำนาจพิจารณาอุทธรณ์ได้แจ้งผลการพิจารณาอุทธรณ์ต่อผู้ฟ้องคดี ขอสอบถามว่าจะต้องดำเนินการอย่างไร,กรณีที่เห็นว่าคำสั่งทางปกครองเป้นคำสั่งไม่ชอบด้วยกฎหมายและมีความประสงค์ฟ้องเพิกถอนคำสั่งเป็นคดีพิพาทเกี่ยวกับการที่เจ้าหน้าที่ของรัฐออกคำสั่งโดยไม่ชอบด้วยกฎหมายตามมาตรา 9 วรรคหนึ่ง (1) แห่งพ.ร.บ.จัดตั้งศาลปกครองฯ ผู้ฟ้องคดีได้ยื่นฟ้องเพิกถอนคำสั่งต่อศาลปกครองเมื่อกำหนดระยะเวลาอุทธรณ์แล้ว ต่อมาในระหว่างาการพิจารณาได้มีการแจ้งผลการพิจารณาอุทธรณ์ให้ผู้ฟ้องคดีทราบ ผลการพิจารณาอุทธรณ์ได้เจ้าแทนที่คำสั่งทางปกครองชั้นต้นโดยผลของกฎหมาย หากผลการพิจารณาอุทธณณ์เป็นการยื่นตามคำสั่งชั้นต้น ผู้ยื่นอุทธรณ์จะต้องนำผลการพิจารณาอุทธรณ์มาฟ้องเพิกอนต่อศาลปกครองในคดีเดิม โดยทำเป็นคำขอแก้ไขเพิ่มเติมคำฟ้องซ฿่งบรรยายว่าผลการพิจารณาอุทธณณ์นั้นไม่ชอบด้วยกฎหมายเนื่องจากเหตุผลอะไรและระบุคำขอท้ายคำฟ้องให้ศาลปกครองมีคำพิพากษาเพิกถอนผลการพิจารณาอุทธณณ์ที่ยืนตามคำสั่งชั้นต้นซึ่งเป็นคำขอที่ศาลที่ศาลสามารถออกคำบังคับได้ตามมาตรา 72 วรรคหนึ่ง (1) แห่งพ.ร.บ.จัดตั้งศาลปกครองฯ
เป็นคดีที่อยู่ในอำนาจของศาลปกครองหรือไม่,ผู้อำนวยการเขต วัฒนาออกคำสั่งให้ผู้ขอคำปรึกษารื้อถอนอาคารที่ก่อสร้างโดยไม่ชอบด้วยกฎหมาย ได้อุทธรณ์แล้ว และได้รับแจ้งผลแล้ว จะฟ้องต่อศาลปกครองได้หรือไม่,  แนะนำว่า คำสั่งให้รื้อถอนอาคารที่พัก เป็นคำสั่งทางปกครอง ฟ้องต่อศาลปกครองเป็นคดีพิพาทตามมาตรา 9 วรรคหนึ่ง (1) แห่ง พ.ร.บ. จัดตั้งศาลปกครองฯ ต้องฟ้องภายใน 90 วันนับแต่วันที่ได้รับแจ้งผลการพิจารณาอุทธรณ์ ขอให้เพิกถอนคำสั่งรื้อถอนฯ และคำสั่งผลการพิจารณาอุทธรณ์
การจัดทำคำฟ้องหรือคำร้อง และขั้นตอนที่เกี่ยวข้อง,แนวเขตของถนนเปลี่ยนไปจากเดิม โดยแนวเคลื่อนเข้ามาในที่ดินของผู้ขอฯซึ่งมีกรรมสิทธิ์ในที่ดินแปลงดังกล่าวตามที่ปรากฏในโฉนดที่ได้มีการรังวัดแล้ว สามารถฟ้องได้หรือไม่,"ในเบื้องต้นทางเทศบาลเจ้าของโครงการอาจไม่ทราบการรุกลำ้ที่ดินของผู้ขขอฯ จึงควรมีหนังสือไปยังเทศบาลขอให้ดำเนินการแก้ไขภายใน 90 วัน หากพ้นระยะเวลาดังกล่าวแล้ว ให้นำคดีมาฟ้องต่อศาลปกครองภายใน 90 วัน ตามพรบ.จัดตั้งศาลปกครองฯ 2542 มาตรา 49 บัญญัติว่า การฟ้องคดีปกครองจะต้องยื่นฟ้องภายในเก้าสิบวันนับแต่วันที่รู้หรือควรรู้ถึงเหตุแห่งการฟ้องคดี หรือนับแต่วันที่พ้นกำหนดเก้าสิบวันนับแต่วันที่ผู้ฟ้องคดีได้มีหนังสือร้องขอต่อหน่วยงานทางปกครองหรือเจ้าหน้าที่ของรัฐเพื่อให้ปฏิบัติหน้าที่ตามที่กฎหมายกำหนดและไม่ได้รับหนังสือชี้แจงจากหน่วยงานทางปกครอง หรือเจ้าหน้าที่ของรัฐหรือได้รับแต่เป็นคำชี้แจงที่ผู้ฟ้องคดีเห็นว่าไม่มีเหตุผล แล้วแต่กรณี เว้นแต่จะมีบทกฎหมายเฉพาะกำหนดไว้เป็นอย่างอื่น จากบทบัญญัติ หากได้รับคำตอบภายใน 90 วัน แต่เป็นคำชี้แจงที่ผู้ฟ้องคดีเห็นว่าไม่มีเหตุผล ก็ให้ฟ้องภายในระยะเวลาดังกล่าว ซึ่งเป็นข้อพิพาทตามมาตรา 9 วรรคหนึ่ง(2) แห่งพรบ.เดียวกัน บัญญัติให้เป็นคดีพิพาทเกี่ยวกับการที่หน่วยงานทางปกครองหรือเจ้าหน้าที่ของรัฐละเลยต่อหน้าที่ตามที่กฎหมายกำหนดให้ต้องปฏิบัติ หรือปฏิบัติหน้าที่ดังกล่าวล่าช้าเกินสมควร
"
ความรู้ทั่วไปเกี่ยวกับศาลปกครอง/คดีปกครอง,     ได้รับคำสั่งโยกย้าย เห็นว่าไม่เป็นธรรม จะฟ้องศาลปกครองได้หรือไม่,   แนะนำว่า คำสั่งย้ายเป็นคำสั่งทางปกครอง หากมีข้พิพาทอยู่ในอำนาจศาลปกครอง ตามมาตรา 9 วรรคหนึ่ง (1) แห่ง พ.ร.บ. จัดตั้งศาลปกครองฯ และคำขอให้เพิกถอนคำสั่งย้ายศาลปกครองมีอำนาจออกคำบังคับได้ แต่อย่างไรก็ตาม ท่านต้องอุทธรณ์ก่อนฟ้องคดี ต่อเมื่อได้รับทราบผล หรือผ่านพ้นระยะเวลาพิจารณาอุทธรณ์แล้วไม่มีการแจ้งผลอุทธรณ์ ท่านมีสิทธิฟ้องต่อศาลปกครองได้ภายใน 90 วันนับแตวันทราบผล หรือกรณีไม่มีการแจ้งผลอุทธรณ์เมื่อพ้นกำหนด 60 วันนับแต่วันยื่นอุทธรณ์
ความรู้ทั่วไปเกี่ยวกับศาลปกครอง/คดีปกครอง,    เปลี่ยนผู้อำนวยการต้องแจ้งศาลหรือไม่,   แนะนำว่า ในการทำคำคู่ความในคราวต่อไป เมื่อผู้อำนวยการท่านไหม่เป็นผู้ลงนามในคำคู่ความให้แนบหนังสือแต่งตั้ง และสำเนาบัตรข้าราชต่อศาลด้วย 
เป็นคดีที่อยู่ในอำนาจของศาลปกครองหรือไม่,ผู้ขอคำปรึกษาเป็นอดีตพนักงานของสำนักงานสลากกินแบ่งรัฐบาล ได้รับความเดือดร้อนเสียหายจากการที่สำนักงานสลากกินแบ่งรัฐบลไม่จ่ายเงินให้กับพนักงานที่ลาออกจากราชการ เนื่องจากมีข้อกำหนดให้ต้องอยู่ปฏิบัติงานจนเกษียณอายุ กรณีนี้จะฟ้องคดีต่อศาลปกครองเพื่อให้ศาลมีคำพิพากษาให้สำนักงานสลากกินแบ่งรัฐบาลจ่ายเงินให้ได้หรือไม่,แม้สำนักงานสลากกินแบ่งรัฐบาลจะเป็นรัฐวิสาหกิจที่จัดตั้งขึ้นโดยพระราชบัญญัติซึ่งถือเป็นหน่วยงานทางปกครองตามนิยามที่กำหนดไว้ในพ.ร.บ.จัดตั้งศาลปกครองฯ แต่นิติสัมพันธ์ระหว่างผู้ขอคำปรึกษาซึ่งเป็นลูกจ้างกับสำนักงานสลากินแบ่งรัฐบาลซึ่งเป็นนายจ้างมีลักษณะผูกพันกันตามพ.ร.บ.แรงงานรัฐวิสาหกิจสัมพันธ์ เมื่อเกิดข้อพิพาทระหว่างกันเกิดขึ้นเกี่ยวกับสิทธิประโยชน์ตามระเบียบข้อบังคับ พรบแรงงานรัฐวิสาหกิจสัมพันธ์ได้กำนดให้เป็นคดีที่อยู่ในอำนาจของศาลแรงงาน ดังนั้นกรณีนี้จึงเป็นคดีพิพาทที่กำหนดให้อยู่ในอำนาจของศาลชำนัญพิเศษ ศาลปกครองไม่มีอำนาจในการพิจารณาคดี จึงแนะนำให้ยื่นฟ้องคดีต่อศาลแรงงานกลาง
"ความรู้ทั่วไปเกี่ยวกับศาลปกครอง/คดีปกครอง, ขอความเห็นทางกฎหมาย",ผู้ขอคำปรึกษาเป็นผู้ใช้บริการศาลยุติธรรมได้รับความเดือดร้อนเสียหายจากการปฏิบัติหน้าที่ข้าราชการของสำนักงานศาลยุติธรรมที่ประพฤติตนไม่เหมาะ จึงขอสอบถามว่าจะฟ้องคดีต่อศาลปกครองเพื่อขอให้ศาลพิจารณาลงโทษทางวินัยกับข้าราชการคนดังกล่าว และเสนอแนะให้ปรับปรุงการปฏิบัติงานได้หรือไม่,มาตรา 42 วรรคหนึ่งแห่งพ.ร.บ.จัดตั้งศาลปกครองฯบัญญัติว่า  ผู้ใดได้รับความเดือดร้อนหรือเสียหาย หรืออาจจะเดือดร้อนหรือเสียหายโดยมิอาจหลีกเลี่ยงได้อันเนื่องจากการกระทำหรือการงดเว้นการกระทำของหน่วยงานทางปกครองหรือเจ้าหน้าที่ของรัฐหรือมีข้อโต้แย้งเกี่ยวกับสัญญาทางปกครอง หรือกรณีอื่นใดที่อยู่ในเขตอำนาจศาลปกครองตามมาตรา 9 และการแก้ไขหรือบรรเทาความเดือดร้อนหรือความเสียหายหรือยุติข้อโต้แย้งนั้น ต้องมีคำบังคับตามที่กำหนดในมาตรา 72 ผู้นั้นมีสิทธิฟ้องคดีต่อศาลปกครอง เมื่อพิจารณาว่าผู้ขอคำปรึกษาจะขอให้ศาลพิจารณาลงโทษทางวินัยกับข้าราชการจากการปฏิบัติหน้าที่ข้าราชการของสำนักงานศาลยุติธรรมที่ประพฤติตนไม่เหมาะ การดำเนินการทางวินัยเป็นกระบวนการทางด้านการบริหารบุคคลโดยหน่วยงานต้นสังกัดที่มีอำนาจหน้าที่ในการสืบสวน สอบสวนว่าผู้ถูกกล่าวหาได้กระทำความผิดทางวินัยหรือไม่ ดังนั้น การขอให้ศาลมีคำพิพากษาให้ลงโทษข้าราชการที่ฝ่าฝืนวินัยข้าราชการ จึงเป็นคำขอที่ศาลไม่สามารถออกคำบังคับได้ตามมาตรา 72 วรรคหนึ่งแห่งพ.ร.บ.จัดตั้งศาลปกครองฯ  ส่วนการเสนอแนะให้ปรับปรุงการปฏิบัติงานไม่ใช่อำนาจหน้าที่ของศาลปกครองที่จะส่งเรื่องให้สำนักงานศาลยุติธรรมเช่นกัน แนะนำให้ทำหนังสือถึงสำนักงานศาลยุติธรรมเกี่ยวกับปัญหาดังกล่าวเพื่อให้พิจารณาว่ามีการกระทำความผิดทางวินัยหรือไม่
"ความรู้ทั่วไปเกี่ยวกับศาลปกครอง/คดีปกครอง, การจัดทำคำฟ้องหรือคำร้อง และขั้นตอนที่เกี่ยวข้อง",ผู้ขอคำปรึกษาเป็นผู้รับมอบอำนาจของนาย ABBAS ANSARI ซึ่งได้รับความเดือดร้อนเสียหายจากการที่พนักงานเข้าหน้าที่ได้มีคำสั่งห้ามเข้ามาในราชอาณาจักร ลว. 9 เม.ย. 68  มีลกษณะต้องห้ามเข้ามาในราชอาณาจักร ตามมาตรา 12 (10) เป็นระยะเวลา 5 ปี กรณีถูกจับกุมดำเนินคดี เนื่องจากอยู่ในราชอาณาจักรนับแต่วันอนุญาตสิ้นสุดเกินกว่า 16 วัน ผู้ขอคำปรึกษาจึงมาขอคำปรึกษาต่อศาลปกครองเพื่อขอให้ศาลเพิกถอนคำสั่งห้ามเข้ามาในราชอาณาจักร ขอสอบถามเกี่ยวกับการจัดทำคำฟ้องต่อศาลปกครองและขอทุเลาการบังคับตามคำสั่งที่พิพาท,"1.) กรณีที่คนต่างด้าวได้รับความเดือดร้อนเสียหายจากการได้รับคำสั่งห้ามเข้ามาในราชอาณาจักรตามคำสั่งรัฐมนตรีว่าการกระทรวงมหาดไทย นั้นเป็นคดีพิพาทเกี่ยวกับการที่เจ้าหน้าที่ของรัฐออกคำสั่งโดยไม่ชอบด้วยกฎหมายตามมาตรา 9 วรรคหนึ่ง (1) แห่งพ.ร.บ.จัดตั้งศาลปกครองฯ เมื่อคำสั่งดังกล่าวเป็นการใช้อำนาจเจ้าหน้าที่ตามกฎหมายในฐานะรัฐมนตรี ผู้ขอคำปรึกษาจึงไม่ต้องดำเนินการแก้ไขความเดือดร้อนเสียหายโดยการยื่นอุทธรณ์ก่อนฟ้องคดีแต่อย่างใด ผู้ขอคำปรึกษาซึ่งเป็นผู้มีสิทธิฟ้องคดีตามมาตรา 42 วรรคหนึ่งแห่งพ.ร.บ.จัดตั้งศาลปกครองฯ จะต้องใช้สิทธิฟ้องคดีต่อศาลปกครองภายใน 90 วันนับแต่วันที่รู้หรือควรรู้ถึงเหตุแห่งการฟ้องคดีตามมาตรา 49 แห่งพ.ร.บ.จัดตั้งศาลปกครองฯ  ผู้ขอคำปรึกษาต้องจัดทำคำฟ้องตามมาตรา 45 แห่งพ.ร.บ.จัดตั้งศาลปกครองฯ โดยกำหนดให้ผู้บังคับการตรวจคนเข้าเมืองและเจ้าพนักงานซึ่งออกคำสั่งตามพ.ร.บ.ตรวจคนเข้าเมืองเป็นผู้ถูกฟ้องคดี โดยบรรยายว่าคำสั่งดังกล่าวไม่ถูกต้องตามกฎหมายระเบียบข้อบังคับอย่างไรและคำขอท้ายคำฟ้องคือขอให้ศาลมีคำสั่งให้เพิกถอนคำสั่งห้ามเข้ามาในราชอาณาจักรซึ่งเป็นคำขอที่ศาลสามารถออกคำบังคับได้ตามมาตรา 72 วรรคหนึ่ง (1) แห่งพร.บ.จัดตั้งศาลปกครองฯ
2.) การจัดทำคำขอทุเลาการบังคับตามคำสั่งทางปกครองนั้นเป็นไปตามข้อ 69 วรรคหนึ่งของระเบียบที่ประชุมใหญ่ฯว่าด้วยวิธีพิจารณาคดีปกครองฯ ซึ่งกำหนดว่า การฟ้องคดีต่อศาลปกครองเพื่อขอให้เพิกถอนกฎหรือคำสั่งทางปกครอง ไม่เป็นเหตุให้ทุเลาการบังคับตามกฎหรือคำสั่งทางปกครองนั้น เว้นแต่ศาลจะมีคำสั่งเป็นอย่างอื่น และข้อ 72 วรรคสามของระเบียบเดียวกันกำหนดว่า ในกรณีที่ศาลเห็นว่ากฎหรือคำสั่งทางปกครองที่เป็นเหตุแห่งการฟ้องคดีนั้นน่าจะไม่ชอบด้วยกฎหมาย และการให้กฎหรือคำสั่งทางปกครองดังกล่าวมีผลใช้บังคับต่อไปจะทำให้เกิดความเสียหายอย่างร้ายแรงที่ยากแก่การเยียวยาแก้ไขในภายหลัง อีกทั้งการทุเลาการบังคับตามกฎหรือคำสั่งทางปกครองนั้นไม่เป็นอุปสรรคแก่การบริหารงานของรัฐหรือแก่บริการสาธารณะ ดังนั้น จึงแนะนำให้ทำคำขอทุเลาการบังคับตามคำสั่งทางปกครองไว้เป็นการชั่วคราวตามเงื่อนไขที่กำหนดระเบียบไว้ เพื่อให้ศลพิจารณา หากไม่ระบุให้ครบตามเงื่อนไข ศาลมีอำนาจในการไม่รับคำขอทุเลาการบังคับตามคำสั่ง"
"ความรู้ทั่วไปเกี่ยวกับศาลปกครอง/คดีปกครอง, การจัดทำคำฟ้องหรือคำร้อง และขั้นตอนที่เกี่ยวข้อง","ผู้ขอคำปรึกษาสอบถามว่า กรณีที่เจ้าหน้าที่การประปาทำการเชื่อมต่อท่อประปาไม่ดี ทำให้ท่อน้ำแตกหักเป็นเหตุให้ผู้ขอคำปรึกษาต้องชำระค่าน้ำเป็นเงิน 4,000 บาท ซึ่งผู้ขอคำปรึกษาได้ยื่นอุทธรณ์เรื่องดังกล่าวต่อสำนักงานการประปาแล้ว แต่สำนักงานการประปายังคงมีความเห็นให้ผู้ขอคำปรึกษาชำระเงินตามเดิม จึงมีความประสงค์จะฟ้องคดีต่อศาลปกครองจะต้องดำเนินการอย่างไร","กรณีที่เจ้าหน้าที่การประปาทำการเชื่อมต่อท่อประปาไม่ดี ทำให้ท่อน้ำแตกหักเป็นเหตุให้ผู้ขอคำปรึกษาต้องชำระค่าน้ำเป็นเงิน 4,000 บาท ซึ่งผู้ขอคำปรึกษาได้ยื่นอุทธรณ์เรื่องดังกล่าวต่อสำนักงานการประปาแล้ว แต่สำนักงานการประปายังคงมีความเห็นให้ผู้ขอคำปรึกษาชำระเงินตามเดิม จึงมีความประสงค์จะฟ้องคดีต่อศาลปกครอง จึงได้ให้คำแนะนำว่า หากผู้ขอคำปรึกษาเห็นว่าตนเป็นผู้ได้รับความเดือดร้อนหรือเสียหาย หรืออาจจะเดือดร้อนหรือเสียหายโดยมิอาจหลีกเลี่ยงได้อันเนื่องจากการกระทำของหน่วยงานทางปกครองหรือเจ้าหน้าที่ของรัฐ อันเป็นผู้มีสิทธิฟ้องคดีต่อศาลปกครอง ตามมาตรา 42 วรรคหนึ่ง แห่งพระราชบัญญัติจัดตั้งศาลปกครองและวิธีพิจารณาคดีปกครอง พ.ศ. 2542 ซึ่งกรณีพิพาทต้องเป็นกรณีพิพาทตามมาตรา 9 และการแก้ไขหรือบรรเทาความเดือดร้อนหรือความเสียหายต้องมีคำบังคับตามที่กำหนดไว้ใน 72 แห่งพระราชบัญญัติฉบับเดียวกัน โดยการยื่นฟ้องคดีจะต้องยื่นต่อศาลตามระยะเวลาที่กำหนดไว้ในมาตรา 49 หรือมาตรา 51 แห่งพระราชบัญญัติฉบับเดียวกัน 
สำหรับการจัดทำคำฟ้องนั้นสามารถดาวน์โหลดแบบฟอร์มคำฟ้องได้จากเว็บไซต์ของศาลปกครอง ซึ่งอาจเขียนคำฟ้องเองด้วยลายมือหรือจะใช้วิธีการพิมพ์ก็ได้ โดยคำฟ้องให้ใช้ถ้อยคำสุภาพและต้องมีรายการครบถ้วนตามมาตรา 45 แห่งพระราชบัญญัติจัดตั้งศาลปกครองและวิธีพิจารณาคดีปกครอง พ.ศ. 2542 ดังนี้ (1) ชื่อและที่อยู่ของผู้ฟ้องคดี (2) ชื่อหน่วยงานทางปกครองหรือเจ้าหน้าที่ของรัฐที่เกี่ยวข้องอันเป็นเหตุแห่งการฟ้องคดี (3) การกระทำทั้งหลายที่เป็นเหตุแห่งการฟ้องคดี พร้อมทั้งข้อเท็จจริงหรือพฤติการณ์ตามสมควรเกี่ยวกับการกระทำดังกล่าว (4) คำขอของผู้ฟ้องคดี และ (5) ลายมือชื่อของผู้ฟ้องคดี และหากผู้ฟ้องคดีประสงค์จะให้บุคคลอื่นเป็นผู้ดำเนินคดีแทน จะต้องจัดทำใบมอบอำนาจพร้อมแนบสำเนาบัตรประจำตัวของผู้มอบอำนาจและผู้รับมอบอำนาจพร้อมปิดอากรแสตมป์มาด้วย โดยต้องจัดทำสำเนาคำฟ้องและสำเนาพยานหลักฐานที่รับรองสำเนาถูกต้องตามจำนวนของผู้ถูกฟ้องคดี ตามข้อ 33 แห่งระเบียบของที่ประชุมใหญ่ตุลาการในศาลปกครองสูงสุด ว่าด้วยวิธีพิจารณาคดีปกครอง พ.ศ. 2543 ซึ่งผู้ขอคำปรึกษาสามารถเลือกยื่นคำฟ้องได้ 3 ช่องทาง คือ (1) ยื่นด้วยตนเองที่ศาลปกครอง (2) ส่งทางไปรษณีย์ลงทะเบียน หรือ (3) ยื่นทางระบบอิเล็กทรอนิกส์ และให้ยื่นฟ้องต่อศาลปกครองชั้นต้นที่ผู้ฟ้องคดีมีภูมิลำเนาหรือที่มูลคดีเกิดขึ้นก็ได้ ตามมาตรา 46 ประกอบมาตรา 47 วรรคหนึ่ง แห่งพระราชบัญญัติฉบับเดียวกัน "
"ความรู้ทั่วไปเกี่ยวกับศาลปกครอง/คดีปกครอง, เป็นคดีที่อยู่ในอำนาจของศาลปกครองหรือไม่, ขั้นตอนแก้ไขความเสียหายก่อนฟ้องคดี",กรณีผู้ขอคำปรึกษาได้รับความเดือดร้อนเสียหายเนื่องจากที่ดินข้างเคียงถมดินสูงมาก เกรงว่าจะกระกระทบกับบ้านของผู้ขอคำปรึกาษา จะยื่นฟ้องคดีต่อศาลปกครองได้หรือไม่,"แนะนำว่า กรณีเป็นคดีพิพาทเกี่ยวกับการที่หน่วยงานทางปกครองหรือเจ้าหน้าที่ของรัฐละเลย
ต่อหน้าที่ตามที่กฎหมายกำหนดให้ต้องปฏิบัติ หรือปฏิบัติหน้าที่ดังกล่าวล่าช้าเกินสมควร ตามมาตรา 9 
วรรคหนึ่ง (2) แห่งพระราชบัญญัติจัดตั้งศาลปกครองและวิธีพิจารณาคดีปกครอง พ.ศ. 2542 หากพ้นกำหนดเก้าสิบวันนับแต่วันที่มีหนังสือร้องเรียนแล้ว และไม่ได้รับหนังสือชี้แจงหรือได้รับคำชี้แจงแต่ผู้ขอคำปรึกษาเห็นว่าไม่มีเหตุผล รวมทั้ง ไม่มีเจ้าหน้าที่เข้ามาตรวจสอบการถมดินของบ้านข้างเคียงกับบ้านของผู้ขอคำปรึกษา ผู้ขอฯ มีสิทธิฟ้องคดีต่อศาลปกครองได้ ตามมาตรา 49 แห่งพระราชบัญญัติดังกล่าว 
โดยขอให้หัวหน้าหน่วยงานทางปกครอง หรือเจ้าหน้าที่ของรัฐที่เกี่ยวข้องปฏิบัติตามหน้าที่ภายในเวลาที่ศาลปกครองกำหนด ตามมาตรา 72 วรรคหนึ่ง (2) แห่งพระราชบัญญัติเดียวกัน     "
"ความรู้ทั่วไปเกี่ยวกับศาลปกครอง/คดีปกครอง, การจัดทำคำฟ้องหรือคำร้อง และขั้นตอนที่เกี่ยวข้อง",ผู้ขอคำปรึกษาสอบถามว่า กรณีที่ข้างบ้านทำการใช้อาคารผิดประเภท ทำให้ผู้ขอคำปรึกษาได้รับผลกระทบจากฝุ่นและเสียงจากการเย็บผ้า ซึ่งผู้ขอคำปรึกษาได้ทำหนังสือสำนักงานเขตคลองสานและผู้ว่าราชการกรุงเทพมหานครแล้ว แต่หน่วยงานดังกล่าวไม่ดำเนินการใด ๆ จึงมีความประสงค์จะฟ้องคดีต่อศาลปกครองจะต้องดำเนินการอย่างไร,"กรณีที่ข้างบ้านของผู้ขอคำปรึกษาทำการใช้อาคารผิดประเภท ทำให้ผู้ขอคำปรึกษาได้รับผลกระทบจากฝุ่นและเสียงจากการเย็บผ้า ซึ่งผู้ขอคำปรึกษาได้ทำหนังสือสำนักงานเขตคลองสานและผู้ว่าราชการกรุงเทพมหานครแล้ว แต่หน่วยงานดังกล่าวไม่ดำเนินการใด ๆ จึงได้ให้คำแนะนำว่า เมื่อผู้ขอคำปรึกษาได้มีหนังสือถึงหน่วยงานทางปกครองเพื่อให้ปฏิบัติหน้าที่ตามกฎหมาย หากพ้นกำหนดเก้าสิบวันนับแต่วันที่หน่วยงานได้รับหนังสือดังกล่าวแล้ว ไม่ได้รับหนังสือชี้แจงจากหน่วยงานทางปกครองหรือเจ้าหน้าที่ของรัฐ หรือได้รับแต่เป็นคำชี้แจงที่ผู้ขอคำปรึกษาเห็นว่าไม่มีเหตุผล จึงมีสิทธินำคดีมาฟ้องต่อศาลปกครองภายในเก้าสิบวันนับแต่วันที่พ้นกำหนดระยะเวลาดังกล่าว  ตามมาตรา 49 แห่งพระราชบัญญัติจัดตั้งศาลปกครองและวิธีพิจารณาคดีปกครอง พ.ศ. 2542 ซึ่งการแก้ไขหรือบรรเทาความเดือดร้อนหรือเสียหายในกรณีดังกล่าวจะต้องเป็นกรณีที่ศาลมีอำนาจกำหนดคำบังคับให้ได้ตามมาตรา 72 วรรคหนึ่ง (2) แห่งพระราชบัญญัติฉบับเดียวกัน 
สำหรับการจัดทำคำฟ้องนั้นสามารถดาวน์โหลดแบบฟอร์มคำฟ้องได้จากเว็บไซต์ของศาลปกครอง ซึ่งอาจเขียนคำฟ้องเองด้วยลายมือหรือจะใช้วิธีการพิมพ์ก็ได้ โดยคำฟ้องให้ใช้ถ้อยคำสุภาพและต้องมีรายการครบถ้วนตามมาตรา 45 แห่งพระราชบัญญัติจัดตั้งศาลปกครองและวิธีพิจารณาคดีปกครอง พ.ศ. 2542 ดังนี้ (1) ชื่อและที่อยู่ของผู้ฟ้องคดี (2) ชื่อหน่วยงานทางปกครองหรือเจ้าหน้าที่ของรัฐที่เกี่ยวข้องอันเป็นเหตุแห่งการฟ้องคดี (3) การกระทำทั้งหลายที่เป็นเหตุแห่งการฟ้องคดี พร้อมทั้งข้อเท็จจริงหรือพฤติการณ์ตามสมควรเกี่ยวกับการกระทำดังกล่าว (4) คำขอของผู้ฟ้องคดี และ (5) ลายมือชื่อของผู้ฟ้องคดี และหากผู้ฟ้องคดีประสงค์จะให้บุคคลอื่นเป็นผู้ดำเนินคดีแทน จะต้องจัดทำใบมอบอำนาจพร้อมแนบสำเนาบัตรประจำตัวของผู้มอบอำนาจและผู้รับมอบอำนาจพร้อมปิดอากรแสตมป์มาด้วย โดยต้องจัดทำสำเนาคำฟ้องและสำเนาพยานหลักฐานที่รับรองสำเนาถูกต้องตามจำนวนของผู้ถูกฟ้องคดี ตามข้อ 33 แห่งระเบียบของที่ประชุมใหญ่ตุลาการในศาลปกครองสูงสุด ว่าด้วยวิธีพิจารณาคดีปกครอง พ.ศ. 2543 ซึ่งผู้ขอคำปรึกษาสามารถเลือกยื่นคำฟ้องได้ 3 ช่องทาง คือ (1) ยื่นด้วยตนเองที่ศาลปกครอง (2) ส่งทางไปรษณีย์ลงทะเบียนตอบรับ หรือ (3) ยื่นทางระบบอิเล็กทรอนิกส์ โดยให้ยื่นฟ้องต่อศาลปกครองชั้นต้นที่ผู้ฟ้องคดีมีภูมิลำเนาหรือที่มูลคดีเกิดขึ้นก็ได้ ตามมาตรา 46 ประกอบมาตรา 47 วรรคหนึ่ง แห่งพระราชบัญญัติฉบับเดียวกัน 
"
เป็นคดีที่อยู่ในอำนาจของศาลปกครองหรือไม่,ผู้เช่าห้องที่อยู่ติดห้องผู้ขอฯส่งเสียงดังยามวิกาล แต่นิติบุคคลไม่ดำเนินการใดๆ และเจ้าของผู้ให้เช่าขู่จะดำเนินคดีกับผู้ขอฯ กรณีมีการร้องเรียน สามารถฟ้องคดีได้หรือไม่,"การที่นิติบุคคลไม่ดำเนินการใดๆกับผู้เช่าห้องที่อยู่ติดห้องผู้ขอฯได้ส่งเสียงดังยามวิกาล ไม่อยู่ในเขตอำนาจศาลปกครองตามพรบ.จัดตั้งศาลปกครองฯ2542 มาตรา 9 บัญญัติว่า ศาลปกครองมีอำนาจพิจารณาพิพากษาหรือมีคำสั่งในเรื่องดังต่อไปนี้
                    (1) คดีพิพาทเกี่ยวกับการที่หน่วยงานทางปกครองหรือเจ้าหน้าที่ของรัฐกระทำการโดยไม่ชอบด้วยกฎหมายไม่ว่าจะเป็นการออกกฎ คำสั่งหรือการกระทำอื่นใดเนื่องจากกระทำโดยไม่มีอำนาจหรือนอกเหนืออำนาจหน้าที่หรือไม่ถูกต้องตามกฎหมาย หรือโดยไม่ถูกต้องตามรูปแบบขั้นตอน หรือวิธีการอันเป็นสาระสำคัญที่กำหนดไว้สำหรับการกระทำนั้นหรือโดยไม่สุจริตหรือมีลักษณะเป็นการเลือกปฏิบัติที่ไม่เป็นธรรม หรือมีลักษณะเป็นการสร้างขั้นตอนโดยไม่จำเป็น
หรือสร้างภาระให้เกิดกับประชาชนเกินสมควร หรือเป็นการใช้ดุลพินิจโดยมิชอบ
                    (2) คดีพิพาทเกี่ยวกับการที่หน่วยงานทางปกครองหรือเจ้าหน้าที่ของรัฐละเลยต่อหน้าที่ตามที่กฎหมายกำหนดให้ต้องปฏิบัติ หรือปฏิบัติหน้าที่ดังกล่าวล่าช้าเกินสมควร
                    (3) คดีพิพาทเกี่ยวกับการกระทำละเมิดหรือความรับผิดอย่างอื่นของหน่วยงานทางปกครองหรือเจ้าหน้าที่ของรัฐอันเกิดจากการใช้อำนาจตามกฎหมาย หรือจากกฎ คำสั่งปกครอง หรือคำสั่งอื่น หรือจากการละเลยต่อหน้าที่ตามที่กฎหมายกำหนดให้ต้องปฏิบัติหรือปฏิบัติหน้าที่ดังกล่าวล่าช้าเกินสมควร
                    (4) คดีพิพาทเกี่ยวกับสัญญาทางปกครอง
                    (5) คดีที่มีกฎหมายกำหนดให้หน่วยงานทางปกครองหรือเจ้าหน้าที่ของรัฐฟ้องคดีต่อศาลเพื่อบังคับให้บุคคลต้องกระทำหรือละเว้นกระทำอย่างหนึ่งอย่างใด
                   จากข้อเท็จจริง เป็นเรื่องของเอกชนกับเอกชน สิ่งที่สามารถกระทำได้คือ แจ้งความให้ตำรวจเข้าระงับเหตุ ส่วนที่ถูกขู่ว่าจะฟ้องนั้น หากเป็นจริงต้องดูว่าข้อหาอะไร ส่วนการจัดตั้งนิติบุคคลถูกต้องหรือไม่ ร้องเรียนนายทะเบียนได้"
"ความรู้ทั่วไปเกี่ยวกับศาลปกครอง/คดีปกครอง, เป็นคดีที่อยู่ในอำนาจของศาลปกครองหรือไม่, การจัดทำคำฟ้องหรือคำร้อง และขั้นตอนที่เกี่ยวข้อง",กรณีประกาศรับสมัครสอบแข่งขันเพื่อบรรจุแต่งตั้งบุคคลเข้ารับราชการไม่ชอบ ประสงค์จะฟ้องเพิกถอนประกาศรับสมัครดังกล่าวจะยื่นฟ้องคดีต่อศาลปกครอง ได้หรือไม่ ,"แนะนำว่า กรณีดังกล่าวเป็นคดีพิพาทเกี่ยวกับการที่หน่วยงานทางปกครองหรือเจ้าหน้าที่ของรัฐออกคำสั่งโดยไม่ชอบด้วยกฎหมายตามมาตรา 9 วรรคหนึ่ง (1) แห่งพระราชบัญญัติจัดตั้งศาลปกครองและ
วิธีพิจารณาคดีปกครอง พ.ศ. 2542 โดยประกาศรับสมัครสอบแข่งขันเพื่อบรรจุแต่งตั้งบุคคลเข้ารับราชการ เป็นคำสั่งทางปกครองทั่วไป ซึ่งไม่ต้องมีการยื่นอุทธรณ์ก่อนยื่นฟ้องคดี ทั้งนี้ ผู้สมัครที่เห็นว่าประกาศดังกล่าวไม่ชอบด้วยกฎหมายทำให้ตนได้รับความเดือดร้อนหรือเสียหาย และประสงค์จะฟ้องเพิกถอนประกาศรับสมัครดังกล่าว มีสิทธิที่จะยื่นฟ้องคดีต่อศาลปกครอง ภายใน 90 วัน นับแต่วันที่ได้รับแต่วันที่รู้หรือควรรู้ถึงเหตุแห่งการฟ้องคดี ตามมาตรา 49 แห่งพระราชบัญญัติดังกล่าว "
"ความรู้ทั่วไปเกี่ยวกับศาลปกครอง/คดีปกครอง, ขั้นตอนแก้ไขความเสียหายก่อนฟ้องคดี, การจัดทำคำฟ้องหรือคำร้อง และขั้นตอนที่เกี่ยวข้อง","กรณีที่บริเวณตรงข้ามหมู่บ้านของผู้ขอฯ มีการประกอบกิจการร้านค้าทำให้เกิดเสียงดังและมีกลิ่น
รบกวนประชาชนซึ่งอยู่ในหมู่บ้านและบริเวณใกล้เคียง แต่สำนักงานเขตฯ มิได้มีการดำเนินการแก้ไขความเดือดร้อนให้ประชาชนแต่อย่างใดซึ่งผู้ขอฯเห็นว่าสำนักงานเขตฯ ละเลยต่อหน้าที่ตามที่กฎหมายกำหนดให้ต้องปฏิบัติ จึงขอคำแนะนำในการฟ้องคดีต่อศาลปกครอง ","แนะนำว่า กรณีเป็นคดีพิพาทเกี่ยวกับการที่หน่วยงานทางปกครองหรือเจ้าหน้าที่ของรัฐละเลย
ต่อหน้าที่ตามที่กฎหมายกำหนดให้ต้องปฏิบัติ หรือปฏิบัติหน้าที่ดังกล่าวล่าช้าเกินสมควร ตามมาตรา 9 
วรรคหนึ่ง (2) แห่งพระราชบัญญัติจัดตั้งศาลปกครองและวิธีพิจารณาคดีปกครอง พ.ศ. 2542 หากพ้นกำหนดเก้าสิบวันนับแต่วันที่มีหนังสือร้องเรียนต่อสำนักงานเขตฯ และไม่ได้รับหนังสือชี้แจง หรือได้รับ
คำชี้แจงแต่ผู้ขอคำปรึกษาเห็นว่าไม่มีเหตุผล รวมทั้ง สำนักงานเขตฯ มิได้ดำเนินการแก้ไขความเดือดร้อนของประชาชน ผู้ขอคำปรึกษามีสิทธิฟ้องคดีต่อศาลปกครองได้ ตามมาตรา 49 แห่งพระราชบัญญัติดังกล่าว โดยขอให้หัวหน้าหน่วยงานทางปกครอง คือ ผู้อำนวยการเขตฯ หรือเจ้าหน้าที่ของรัฐที่เกี่ยวข้องปฏิบัติตามหน้าที่ภายในเวลาที่ศาลปกครองกำหนด ตามมาตรา 72 วรรคหนึ่ง (2) แห่งพระราชบัญญัติเดียวกัน     "
"ความรู้ทั่วไปเกี่ยวกับศาลปกครอง/คดีปกครอง, การจัดทำคำฟ้องหรือคำร้อง และขั้นตอนที่เกี่ยวข้อง",ผู้ฟ้องคดีจะฟ้องคดีเพื่อขอเพิกถอนคำสั่งทางปกครองจะต้องดำเนินการอย่างไรบ้าง มีขั้นตอนก่อนการฟ้องคดี หรือไม่,"แนะนำว่า กรณีดังกล่าวเป็นคดีพิพาทเกี่ยวกับการที่หน่วยงานทางปกครองหรือเจ้าหน้าที่ของรัฐ
ออกคำสั่งโดยไม่ชอบด้วยกฎหมายตามมาตรา 9 วรรคหนึ่ง (1) แห่งพระราชบัญญัติจัดตั้งศาลปกครองและวิธีพิจารณาคดีปกครอง พ.ศ. 2542 ให้ผู้ขอฯ ใช้สิทธิอุทธรณ์เสียก่อน หากมีผลการพิจารณาแล้ว 
ผู้ขอฯ ยังคงไม่พอใจในผลการพิจารณาอุทธรณ์ ก็มีสิทธิที่จะยื่นฟ้องคดีต่อศาลปกครอง ขอให้เพิกถอนคำสั่ง และขอให้เพิกถอนผลการพิจารณาอุทธรณ์ ตามมาตรา 72 วรรคหนึ่ง (1) แห่งพระราชบัญญัติ
ดังกล่าว โดยยื่นฟ้องคดีภายใน 90 วัน นับแต่วันที่ได้รับแจ้งผลการพิจารณาอุทธรณ์ ตามมาตรา 49 แห่งพระราชบัญญัติเดียวกัน 
"
การจัดทำคำฟ้องหรือคำร้อง และขั้นตอนที่เกี่ยวข้อง,ต้องการฟ้องคดีคดี โดยส่งคำฟ้องทางไปรษณีย์ ต้องส่งแบบใด,"พรบ.จัดตั้งศาลปกครองฯ2542 มาตรา 46 บัญญัติว่า คำฟ้องให้ยื่นต่อพนักงานเจ้าหน้าที่ของศาลปกครอง ในการนี้อาจยื่นคำฟ้องโดยส่งทางไปรษณีย์ลงทะเบียนก็ได้ และเพื่อประโยชน์ในการนับอายุความให้ถือว่าวันที่ส่งคำฟ้องแก่เจ้าพนักงานไปรษณีย์เป็นวันที่ยื่นคำฟ้องต่อศาลปกครอง 
จากกฎหมายดังกล่าวการส่งคำฟ้องทางไปรษณีย์สามารถส่งทางไปรษณีย์ลงทะเบียนหรืออีเอ็มเอสได้ โดยถือวันที่ประทับตรารับเป็นวันที่ส่ง"
"ความรู้ทั่วไปเกี่ยวกับศาลปกครอง/คดีปกครอง, วิธีการชั่วคราวก่อนการพิพากษา",ผู้ขอคำปรึกษาสอบถามว่า กรณีที่มีความประสงค์จะยื่นฟ้องคดีต่อศาลปกครอง และจะขอทุเลาการบังคับตามคำสั่งทางปกครองที่หน่วยงานทางปกครองมีคำสั่งให้รื้อถอนอาคาร จะต้องดำเนินการอย่างไร,"ได้ให้คำแนะนำว่า กรณีที่ผู้ขอคำปรึกษามีความประสงค์จะยื่นฟ้องคดีต่อศาลปกครอง ผู้ขอคำปรึกษาสามารถจัดทำคำฟ้องยื่นต่อศาลได้โดยดาวน์โหลดแบบฟอร์มคำฟ้องได้จากเว็บไซต์ของศาลปกครอง ซึ่งอาจเขียนคำฟ้องเองด้วยลายมือหรือจะใช้วิธีการพิมพ์ก็ได้ โดยคำฟ้องให้ใช้ถ้อยคำสุภาพและต้องมีรายการครบถ้วนตามมาตรา 45 แห่งพระราชบัญญัติจัดตั้งศาลปกครองและวิธีพิจารณาคดีปกครอง พ.ศ. 2542 ดังนี้ (1) ชื่อและที่อยู่ของผู้ฟ้องคดี (2) ชื่อหน่วยงานทางปกครองหรือเจ้าหน้าที่ของรัฐที่เกี่ยวข้องอันเป็นเหตุแห่งการฟ้องคดี (3) การกระทำทั้งหลายที่เป็นเหตุแห่งการฟ้องคดี พร้อมทั้งข้อเท็จจริงหรือพฤติการณ์ตามสมควรเกี่ยวกับการกระทำดังกล่าว (4) คำขอของผู้ฟ้องคดี และ (5) ลายมือชื่อของผู้ฟ้องคดี ในกรณีที่มีผู้ประสงค์จะฟ้องคดีหลายคนในเหตุเดียวกัน อาจยื่นคำฟ้องร่วมกันเป็นฉบับเดียวโดยจะมอบหมายให้ผู้ฟ้องคดีคนใดเป็นผู้แทนของผู้ฟ้องคดีทุกคนในการดำเนินคดีต่อไปก็ได้ โดยใช้แบบฟอร์มใบแต่งตั้งผู้แทน  โดยต้องจัดทำสำเนาคำฟ้องและสำเนาพยานหลักฐานที่รับรองสำเนาถูกต้องตามจำนวนของผู้ถูกฟ้องคดี ตามข้อ 33 แห่งระเบียบของที่ประชุมใหญ่ตุลาการในศาลปกครองสูงสุด ว่าด้วยวิธีพิจารณาคดีปกครอง พ.ศ. 2543 ซึ่งผู้ขอคำปรึกษาสามารถเลือกยื่นคำฟ้องได้ 3 ช่องทาง คือ (1) ยื่นด้วยตนเองที่ศาลปกครอง (2) ส่งทางไปรษณีย์ลงทะเบียน หรือ (3) ยื่นทางระบบอิเล็กทรอนิกส์ และให้ยื่นฟ้องต่อศาลปกครองชั้นต้นที่ผู้ฟ้องคดีมีภูมิลำเนาหรือที่มูลคดีเกิดขึ้นก็ได้ ตามมาตรา 46 ประกอบมาตรา 47 วรรคหนึ่ง แห่งพระราชบัญญัติฉบับเดียวกัน 
สำหรับกรณีที่มีความประสงค์จะขอทุเลาการบังคับตามคำสั่งทางปกครองที่หน่วยงานทางปกครองมีคำสั่งให้รื้อถอนอาคารนั้น ให้ยื่นคำขอทุเลาการบังคับตามคำสั่งทางปกครอง โดยชี้แจงต่อศาล ดังนี้ (1) คำสั่งทางปกครองที่เป็นเหตุแห่งการฟ้องคดีนั้นน่าจะไม่ชอบด้วยกฎหมาย (2) การให้คำสั่งทางปกครองดังกล่าวมีผลใช้บังคับต่อไปจะทำให้เกิดความเสียหายอย่างร้ายแรงที่ยากแก่การเยียวยาแก้ไขในภายหลัง และ (3) การทุเลาการบังคับตามคำสั่งทางปกครองนั้นไม่เป็นอุปสรรคแก่การบริหารงานของรัฐหรือแก่บริการสาธารณะ ตามข้อ 72 แห่งระเบียบของที่ประชุมใหญ่ตุลาการในศาลปกครองสูงสุด ว่าด้วยวิธีพิจารณาคดีปกครอง พ.ศ. 2543 โดยใช้แบบฟอร์มคำร้อง/คำขอ (ค.2)"
"ความรู้ทั่วไปเกี่ยวกับศาลปกครอง/คดีปกครอง, การจัดทำคำฟ้องหรือคำร้อง และขั้นตอนที่เกี่ยวข้อง",ผู้ขอคำปรึกษาได้สมัครเข้ารับคัดเลือกเพื่อเลื่อนตำแหน่งเป็นผู้บริหารแต่ไม่ได้รับความเป็นธรรมในการพิจารณาคัดเลือกดังกล่าว จะยื่นฟ้องคดีต่อศาลปกครอง ได้หรือไม่ ,แนะนำว่า ผู้ขอฯ เป็นผู้สมัครเข้ารับการคัดเลือกผู้บริหารแต่ไม่ผ่านการคัดเลือก กรณีเป็นคดีพิพาทหน่วยงานทางปกครองหรือเจ้าหน้าที่ของรัฐออกคำสั่งโดยไม่ชอบด้วยกฎหมายตามมาตรา 9 วรรคหนึ่ง (1) แห่งพระราชบัญญัติจัดตั้งศาลปกครองและวิธีพิจารณาคดีปกครอง พ.ศ. 2542 ให้ผู้ขอฯ ใช้สิทธิอุทธรณ์เสียก่อน หากมีผลการพิจารณาแล้ว ผู้ขอฯ ยังคงไม่พอใจในผลการพิจารณาอุทธรณ์ ก็มีสิทธิที่จะยื่นฟ้องคดีต่อศาลปกครอง ขอให้เพิกถอนคำสั่ง และขอให้เพิกถอนผลการพิจารณาอุทธรณ์ ตามมาตรา 72 วรรคหนึ่ง (1) แห่งพระราชบัญญัติดังกล่าว โดยยื่นฟ้องคดีภายใน 90 วัน นับแต่วันที่ได้รับแจ้งผลการพิจารณาอุทธรณ์ ตามมาตรา 49 แห่งพระราชบัญญัติเดียวกัน
การฟ้องคดีผ่านระบบอิเล็กทรอนิกส์ของศาลปกครอง,ผู้ฟ้องคดียื่นฟ้องทางระบบงานคดีปกครองอิเล็กทรอนิกส์แต่มีเหตุที่จะต้องยื่นเอกสารพยานหลักฐานในช่องทางอื่นจะทำได้หรือไม่,"แนะนำว่า ผู้ฟ้องคดียื่นฟ้องคดีผ่านทางอิเล็กทรอนิกส์มาแล้ว การยื่นคำชี้แจงและส่งเอกสารพยาน
หลักฐานต่างๆ ก็ควรยื่นทางระบบงานคดีปกครองอิเล็กทรอนิกส์ แต่ถ้ามีเหตุจำเป็นที่จะต้องยื่นเอกสารด้วยตนเองหรือทางไปรษณีย์ลงทะเบียนก็ให้ขออนุญาตศาลยื่นด้วยวิธีการอื่นในครั้งนั้นและกลับมาใช้ระบบฯ ในครั้งถัดไป"
"ความรู้ทั่วไปเกี่ยวกับศาลปกครอง/คดีปกครอง, การจัดทำคำฟ้องหรือคำร้อง และขั้นตอนที่เกี่ยวข้อง",กรณีได้เคยร้องเรียนไปยังเทศบาลในเรื่องของเหตุเดือดร้อนรำคาญจากผู้อยู่อาศัยในหมู่บ้านเดียวกัน แต่ไม่ได้รับการแก้ไขปัญหาแต่อย่างใด จึงอยากทราบว่าจะยื่นฟ้องคดีต่อศาลปกครอง ได้หรือไม่,	แนะนำว่า กรณีเป็นคดีพิพาทเกี่ยวกับการที่หน่วยงานทางปกครองหรือเจ้าหน้าที่ของรัฐละเลยต่อหน้าที่ตามที่กฎหมายกำหนดให้ต้องปฏิบัติ หรือปฏิบัติหน้าที่ดังกล่าวล่าช้าเกินสมควร ตามมาตรา 9 วรรคหนึ่ง (2) แห่งพระราชบัญญัติจัดตั้งศาลปกครองและวิธีพิจารณาคดีปกครอง พ.ศ. 2542 เมื่อพ้นกำหนดเก้าสิบวันนับแต่วันที่มีหนังสือร้องเรียนต่อนายกเทศมนตรีเพื่อขอให้ปฏิบัติหน้าที่ และไม่มีการปฏิบัติหน้าที่ช่วยแก้ไขความเดือดร้อนให้แก่ผู้ขอฯ ได้  ผู้ขอฯ มีสิทธิยื่นฟ้องคดีต่อศาลปกครองได้ ตามมาตรา 49 แห่งพระราชบัญญัติดังกล่าว โดยขอให้หัวหน้าหน่วยงานทางปกครองนั้น หรือเจ้าหน้าที่ของรัฐที่เกี่ยวข้องปฏิบัติตามหน้าที่ ตามมาตรา 72 วรรคหนึ่ง (2) แห่งพระราชบัญญัติเดียวกัน     
เป็นคดีที่อยู่ในอำนาจของศาลปกครองหรือไม่,ผู้ขอปรึกษาทำงานราชการถูกคำสั่งลงโทษไล่ออกจากราชการ ตนเห็นว่าไม่ถูกต้องประสงค์จะฟ้องศาลขอให้ช่วยเหลือสามารถทำได้หรือไม่ ,"พระราชบัญญัติจัดตั้งศาลปกครองและวิธีพิจารณาคดีปกครอง พ.ศ. 2542 ศาลปกครองมีอำนาจพิจารณาพิพากษาหรือมีคำสั่งในเรื่องดังต่อไปนี้ มาตรา 9
(1)	คดีพิพาทเกี่ยวกับการที่หน่วยงานทางปกครองหรือเจ้าหน้าที่ของรัฐกระทำการ โดยไม่ชอบด้วยกฎหมายไม่ว่าจะเป็นการออกกฎ คำสั่งหรือการกระทำอื่นใดเนื่องจากกระทำโดยไม่มีอำนาจหรือนอกเหนืออำนาจหน้าที่หรือไม่ถูกต้องตามกฎหมาย หรือโดยไม่ถูกต้องตามรูปแบบขั้นตอน หรือวิธีการ
อันเป็นสาระสำคัญที่กำหนดไว้สำหรับการกระทำนั้น หรือโดยไม่สุจริต หรือมีลักษณะเป็นการเลือกปฏิบัติ
ที่ไม่เป็นธรรม หรือมีลักษณะเป็นการสร้างขั้นตอนโดยไม่จำเป็นหรือสร้างภาระให้เกิดกับประชาชนเกินสมควร หรือเป็นการใช้ดุลพินิจโดยมิชอบ 
มาตรา	42  ผู้ใดได้รับความเดือดร้อนหรือเสียหาย หรืออาจจะเดือดร้อนหรือเสียหาย
โดยมิอาจหลีกเลี่ยงได้อันเนื่องจากการกระทำหรือการงดเว้นการกระทำของหน่วยงานทางปกครองหรือเจ้าหน้าที่ของรัฐหรือมีข้อโต้แย้งเกี่ยวกับสัญญาทางปกครอง หรือกรณีอื่นใดที่อยู่ในเขตอำนาจศาลปกครองตามมาตรา 9 และการแก้ไขหรือบรรเทาความเดือดร้อนหรือความเสียหายหรือยุติข้อโต้แย้งนั้น ต้องมีคำบังคับตามที่กำหนดในมาตรา 72 ผู้นั้นมีสิทธิฟ้องคดีต่อศาลปกครอง
	ในกรณีที่มีกฎหมายกำหนดขั้นตอนหรือวิธีการสำหรับการแก้ไขความเดือดร้อนหรือเสียหายในเรื่องใดไว้โดยเฉพาะ การฟ้องคดีปกครองในเรื่องนั้นจะกระทำได้ต่อเมื่อมีการดำเนินการตามขั้นตอน
และวิธีการดังกล่าว และได้มีการสั่งการตามกฎหมายนั้น หรือมิได้มีการสั่งการภายในเวลาอันสมควร 
หรือภายในเวลาที่กฎหมายนั้นกำหนด
คำสั่งลงโทษไล่ออกจากราชการ ถือว่าเป็นคำสั่งทางปกครอง กรณีจึงเป็นคดีพิพาทเกี่ยวกับการที่หน่วยงานทางปกครองหรือเจ้าหน้าที่ของรัฐออกคำสั่งโดยไม่ชอบด้วยกฎหมาย ตาม ม.9 วรรคหนึ่ง (1) 
ท่านได้รับความเดือดร้อนจากคำสั่งถือว่าเป็นผู้ได้รับความเดือดร้อนหรือเสียหาย หรืออาจจะเดือดร้อนหรือเสียหายโดยมิอาจหลีกเลี่ยงได้อันเนื่องจากการกระทำหรือการงดเว้นการกระทำของหน่วยงานทางปกครองหรือเจ้าหน้าที่ของรัฐตามมาตรา 42 และท่านจะต้องยื่นหนังสืออุทธรณ์โต้แย้งคำสั่งดังกล่าวก่อนนำคดีมาฟ้องศาลปกครอง โดยถือว่าเป็นการแก้ไขความเดือดร้อยเสียหายก่อนนำคดีมาฟ้องศาล แต่ท่านยังไม่ได้ดำเนินการดังกล่าวจึงยังไม่ครบตามเงื่อนไขการฟ้องคดี จึงแนะนำให้ท่านดำเนินการดังกล่าวเสียก่อน จึงมาฟ้องศาล
"
การจัดทำคำฟ้องหรือคำร้อง และขั้นตอนที่เกี่ยวข้อง,ผู้ขอคำปรึกษาแจ้งว่าตนประสงค์ฟ้องคดีต่อศาลปกครอง        ,แนะนำว่า กรณีที่ผู้ขอคำปรึกษาประสงค์จะฟ้องคดีต่อศาลปกครอง การเตรียมคำฟ้องนั้นผู้ขอฯ จะต้องจัดทำคำฟ้องโดยใช้ถ้อยคำสุภาพและต้องมีรายการประกอบไปด้วย (1) ชื่อและที่อยู่ของผู้ฟ้องคดี (2) ชื่อหน่วยงานทางปกครองหรือเจ้าหน้าที่ของรัฐที่เกี่ยวข้องอันเป็นเหตุแห่งการฟ้องคดี (3) การกระทำทั้งหลายที่เป็นเหตุแห่งการฟ้องคดี พร้อมทั้งข้อเท็จจริงหรือพฤติการณ์ตามสมควรเกี่ยวกับการกระทำดังกล่าว (4) คำขอของผู้ฟ้องคดี และ    (5) ลายมือชื่อของผู้ฟ้องคดี ตาม ม.45 วรรคหนึ่ง แห่ง พ.ร.บ.จัดตั้งฯ 
การจัดทำคำฟ้องหรือคำร้อง และขั้นตอนที่เกี่ยวข้อง, ผู้ขอปรึกษาแจ้งว่า ประสงค์จะขอส่งเอกสารต่างๆ ต่อศาลปกครองกลาง จึงสอบถามว่าจะขอส่งทางไปรษณีย์ได้หรือไม่ ,แนะนำว่า การส่งเอกสารต่างๆ ต่อศาลปกครองกลางสามารถที่จะขอส่งทางไปรษณีย์โดยวิธีลงทะเบียนได้ แนะนำให้ท่านทำคำร้องนำส่งเอกสารต่างๆ พร้อมแนบเอกสารหลักฐาน โดยส่งทางบริษัทไปรษณีย์ไทย  ตามข้อ 13 แห่งระเบียบของที่ประชุมใหญ่ตุลาการฯ พ.ศ. 2543 สำหรับที่อยู่ของศาลปกครองกลาง ขอให้ส่งมาที่ ศาลปกครองกลาง เลขที่ 120 ถนนแจ้งวัฒนะ แขวงทุ่งสองห้อง เขตหลักสี่ กรุงเทพมหานคร 10210 
การจัดทำคำฟ้องหรือคำร้อง และขั้นตอนที่เกี่ยวข้อง,ผู้ขอคำปรึกษายื่นฟ้องคดีต่อศาลปกครองกลาง และตนประสงค์จะยื่นคำขอแก้ไขเพิ่มเติมคำฟ้องเนื่องจากเห็นว่าตนได้บรรยายข้อเท็จจริงไม่ครบถ้วน,แนะนำว่า การแก้ไขเพิ่มเติมคำฟ้องไม่มีบทกฎหมายกำหนดหลักเกณฑ์วิธีการ ขั้นตอน หรือข้อจำกัดไว้เป็นการเฉพาะ แต่เมื่อพิจารณาระเบียบฯ ข้อ 62 วรรคสาม และข้อ 48 จึงเห็นได้ว่าการยื่นคำขอเพิ่มเติม   คำขอท้ายฟ้องนั้นจะต้องยื่นก่อนวันสิ้นสุดการแสวงหาข้อเท็จจริง โดยคำฟ้องเพิ่มเติมจะต้องเกี่ยวข้องกับฟ้องเดิมพอที่จะรวมการพิจารณาและชี้ขาดตัดสินเข้าด้วยกันได้ อีกทั้งคำฟ้องเพิ่มเติมดังกล่าวต้องคำนึงถึงระยะเวลาการฟ้องคดีตามคำขอในประเด็นนั้นๆ ด้วย เว้นแต่กรณีที่เป็นการแก้ไขเพิ่มเติมคำฟ้องเพื่อให้ชัดเจนและสมบูรณ์เท่านั้น ก็ไม่จำต้องพิจารณาว่าเป็นคำฟ้องที่ยื่นภายในกำหนดระยะเวลาการฟ้องคดีหรือไม่ 
การจัดทำคำฟ้องหรือคำร้อง และขั้นตอนที่เกี่ยวข้อง,ผู้ขอคำปรึกษาแจ้งว่าตนประสงค์ฟ้องคดีต่อศาลปกครอง จึงขอสอบถามการเตรียมคำฟ้อง,แนะนำว่า กรณีที่ผู้ขอคำปรึกษาประสงค์จะฟ้องคดีต่อศาลปกครอง การเตรียมคำฟ้องนั้นผู้ขอฯ จะต้องจัดทำคำฟ้องโดยใช้ถ้อยคำสุภาพและต้องมีรายการประกอบไปด้วย (1) ชื่อและที่อยู่ของผู้ฟ้องคดี (2) ชื่อหน่วยงานทางปกครองหรือเจ้าหน้าที่ของรัฐที่เกี่ยวข้องอันเป็นเหตุแห่งการฟ้องคดี (3) การกระทำทั้งหลายที่เป็นเหตุแห่งการฟ้องคดี พร้อมทั้งข้อเท็จจริงหรือพฤติการณ์ตามสมควรเกี่ยวกับการกระทำดังกล่าว (4) คำขอของผู้ฟ้องคดี และ    (5) ลายมือชื่อของผู้ฟ้องคดี ตาม ม.45 วรรคหนึ่ง แห่ง พ.ร.บ.จัดตั้งฯ 
เป็นคดีที่อยู่ในอำนาจของศาลปกครองหรือไม่,ตนเป็นเจ้าของที่ดินมีโฉนด ต่อมาได้ตรวจสอบพบว่า กรมทางหลวง ทำการสร้างถนน รุกล้ำเข้ามาในเขตที่ดินของตน ตนได้แจ้งให้ กรมทางหลวงทราบแล้วแต่ยังไม่ได้รับการแก้ไขความเดือดร้อน,เมื่อที่ดินดังกล่าวเป็นที่ดินซึ่งท่านเป็นเจ้าของกรรมสิทธิ์ และกรมทางหลวงได้เข้ามาดำเนินการ สร้างถนน รุกล้ำเข้ามาในเขตที่ดินโดยไม่ได้รับอนุญาต และที่ดินดังกล่าวไม่เป็นที่สาธารณประโยชน์แต่อย่างใด กรณีจึงอาจเข้าลักษณะเป็นคดีพิพาทเกี่ยวกับการกระทำละเมิดของหน่วยงานทางปกครองหรือเจ้าหน้าที่ของรัฐอันเนื่องมาจากการใช้อำนาจตามกฎหมายตามมาตรา 9 วรรคหนึ่ง (3) แห่งพระราชบัญญัติจัดตั้งศาลปกครองและวิธีพิจารณาคดีปกครอง พ.ศ. 2542 ซึ่งการฟ้องคดีดังกล่าวจะต้องยื่นฟ้องภายในหนึ่งปีนับแต่วันที่รู้หรือควรรู้ถึงเหตุแห่งการฟ้องคดี แต่ไม่เกินสิบปีนับแต่วันที่มีเหตุแห่งการฟ้องคดีตามมาตรา 51 แห่งพระราชบัญญัติเดียวกัน 
การจัดทำคำฟ้องหรือคำร้อง และขั้นตอนที่เกี่ยวข้อง,ผู้ขอคำปรึกษาแจ้งว่าตนประสงค์ฟ้องคดีต่อศาลปกครอง ตนจึงขอสอบถามว่าจะฟ้องทางช่องทางใดได้บ้าง,    แนะนำว่า การยื่นฟ้องคดีต่อศาลปกครอง ท่านสามารถเลือกที่จะยื่นฟ้องได้หลายช่องทาง โดยวิธีใดวิธีหนึ่งดังนี้ คําฟ้องอาจยื่นต่อพนักงานเจ้าหน้าที่ของศาลปกครอง หรือส่งทางไปรษณีย์ลงทะเบียน หรืออาจยื่น คําฟ้องโดยส่งทางไปรษณีย์อิเล็กทรอนิกส์ สื่อดิจิทัลอื่นใด หรือโทรสารตามระเบียบของที่ประชุมใหญ่ตุลาการในศาลปกครองสูงสุด และเพื่อประโยชน์ในการนับอายุความ ให้ถือว่าวันที่ส่งคําฟ้องแก่เจ้าพนักงานไปรษณีย์หรือวันที่ส่งคําฟ้องทางไปรษณีย์อิเล็กทรอนิกส์ สื่อดิจิทัลอื่นใดหรือโทรสารเป็นวันที่ยื่นคําฟ้องต่อศาลปกครองด้วย ตาม ม.46 แห่ง พ.ร.บ.จัดตั้งฯ
เป็นคดีที่อยู่ในอำนาจของศาลปกครองหรือไม่,      ผู้ขอคำปรึกษาประสงค์ฟ้องคดีต่อศาลปกครองขอให้บังคับตามสัญญาจ้างก่อสร้างถนนสาธารณะประโยชน์ โดยขอให้หน่วยงานของรัฐ อบจ. ผู้เป็นคู่สัญญาชำระค่าจ้างให้แก่บริษัทตามสัญญา สามารถฟ้องคดีต่อศาลปกครองได้หรือไม่,แนะนำว่า ผู้ขอคำปรึกษาประสงค์ฟ้องคดีต่อศาลปกครองขอให้หน่วยงานของรัฐใช้เงินตามสัญญาให้แก่ตน เมื่อสัญญาจ้างดังกล่าวเป็นสัญญาทางปกครองที่มีลักษณะเป็นการจัดทำบริการสาธารณะหรือการจัดให้มีสิ่งสาธารณูปโภค ตาม ม.3 แห่ง พ.ร.บ.จัดตั้งฯ และผู้ขอฯ ได้มีหนังสือทวงถามให้ชำระเงินตามสัญญา แต่หน่วยงานของรัฐคู่สัญญาไม่ได้ชำระเงินให้แก่ผู้ขอฯ แต่อย่างใด กรณีจึงมีข้อโต้แย้งเกี่ยวกับสัญญาทางปกครองดังกล่าว จึงเป็นคดีพิพาทเกี่ยวกับสัญญาทางปกครอง ตาม ม.9 วรรคหนึ่ง (4) แห่ง พ.ร.บ.ดังกล่าว ซึ่งต้องยื่นฟ้องคดีภายใน 5 ปี นับแต่วันที่ผู้ขอฯ ได้มีหนังสือทวงถามให้ชดใช้เงินซึ่งถือว่าเป็นวันที่ผู้ขอฯ รู้หรือควรรู้ถึงเหตุแห่งการฟ้องคดี ตาม ม.51 แห่ง พ.ร.บ.เดียวกัน
ความรู้ทั่วไปเกี่ยวกับศาลปกครอง/คดีปกครอง,"ผู้ขอคำปรึกษาแจ้งว่าตนประสงค์ฟ้องคดีต่อศาลปกครอง  ตนจึงขอสอบถามว่าจะฟ้องทางช่องทางใดได้บ้าง
      
",    แนะนำว่า การยื่นฟ้องคดีต่อศาลปกครอง ท่านสามารถเลือกที่จะยื่นฟ้องได้หลายช่องทาง โดยวิธีใดวิธีหนึ่งดังนี้ คําฟ้องอาจยื่นต่อพนักงานเจ้าหน้าที่ของศาลปกครอง หรือส่งทางไปรษณีย์ลงทะเบียน หรืออาจยื่นคําฟ้องโดยส่งทางไปรษณีย์อิเล็กทรอนิกส์ สื่อดิจิทัลอื่นใด หรือโทรสารตามระเบียบของที่ประชุมใหญ่ตุลาการในศาลปกครองสูงสุด และเพื่อประโยชน์ในการนับอายุความ ให้ถือว่าวันที่ส่งคําฟ้องแก่เจ้าพนักงานไปรษณีย์หรือวันที่ส่งคําฟ้องทางไปรษณีย์อิเล็กทรอนิกส์ สื่อดิจิทัลอื่นใดหรือโทรสารเป็นวันที่ยื่นคําฟ้องต่อศาลปกครองด้วย ตาม ม.46 แห่ง พ.ร.บ.จัดตั้งฯ
เป็นคดีที่อยู่ในอำนาจของศาลปกครองหรือไม่,ผู้ขอคำปรึกษาได้มีหนังสือร้องเรียนไปที่ อบต. กรณีตึกแถวข้างบ้านประกอบการค้าอาหารทั้งวันส่งกลิ่นเหม็นรบกวนชาวบ้านในบริเวณใกล้เคียง ซึ่งเจ้าหน้าที่ของได้เข้าไปทำการตรวจสอบ แต่หลังจากนั้นก็ไม่ปรากฏว่าได้ทำการแก้ไขปัญหาแต่อย่างใด ผู้ขอฯ จึงประสงค์ฟ้องคดีต่อศาลปกครองขอให้ อบต.ดำเนินการแก้ไขปัญหาดังกล่าว ,แนะนำว่ากรณีดังกล่าวเป็นคดีพิพาทเกี่ยวกับการที่เจ้าหน้าที่ของรัฐหรือหน่วยงานทางปกครองละเลยต่อหน้าที่ตามที่กฎหมายกำหนดให้ต้องปฏิบัติ ตามมาตรา 9 วรรคหนึ่ง (2) ผู้ขอฯ ได้ร้องเรียนอบต. แล้ว กรณีตึกแถวข้างบ้าน ประกอบการค้าอาหาร ส่งกลิ่นเหม็นรบกวนชาวบ้านในบริเวณใกล้เคียง แต่หลังจากนั้นก็ไม่ปรากฏการแก้ไขและไม่ได้รับคำชี้แจงหรือมีการแก้ไขกรณีดังกล่าวแต่อย่างใด ผู้ขอฯ จึงเป็นผู้ที่ได้รับความเดือดร้อนเสียหายจากการงดเว้นการกระทำดังกล่าวของ อบต. ตามมาตรา 42 วรรคหนึ่ง และกรณีนี้ไม่มีกฎหมายกำหนดให้ต้องอุทธรณ์ก่อนฟ้องคดี ผู้ขอฯจึงไม่ต้องดำเนินการอุทธรณ์ตามขั้นตอนภายในฝ่ายปกครอง ตามมาตรา 42 วรรคสอง ผู้ขอฯ สามารถยื่นฟ้องคดีต่อศาลปกครองได้ภายใน 90 วัน นับแต่วันที่พ้นกำหนด 90 วันนับแต่วันที่ผู้ขอฯ ได้มีหนังสือร้องขอต่อหน่วยงานทางปกครองหรือเจ้าหน้าที่ของรัฐเพื่อให้ปฏิบัติหน้าที่ตามที่กฎหมายกำหนดและไม่ได้รับหนังสือชี้แจงจากหน่วยงานทางปกครองหรือเจ้าหน้าที่ของรัฐ หรือได้รับแต่เป็นคำชี้แจงที่ผู้ขอฯ เห็นว่าไม่มีเหตุผล แล้วแต่กรณีตาม ม.49 แห่งพระราชบัญญัติดังกล่าว
การจัดทำคำฟ้องหรือคำร้อง และขั้นตอนที่เกี่ยวข้อง,ผู้ปรึกษาขอให้แนะนำการเขียนคำฟ้องต่อศาล,"พระราชบัญญัติจัดตั้งศาลปกครองและวิธีพิจารณาคดีปกครอง พ.ศ. 2542 
มาตรา	45  คำฟ้องให้ใช้ถ้อยคำสุภาพและต้องมี 	(1)	ชื่อและที่อยู่ของผู้ฟ้องคดี 	(2)	ชื่อหน่วยงานทางปกครองหรือเจ้าหน้าที่ของรัฐที่เกี่ยวข้องอันเป็นเหตุแห่งการฟ้องคดี 	(3)	การกระทำทั้งหลายที่เป็นเหตุแห่งการฟ้องคดี พร้อมทั้งข้อเท็จจริงหรือพฤติการณ์ตามสมควรเกี่ยวกับการกระทำดังกล่าว 	(4)	คำขอของผู้ฟ้องคดี 	(5)	ลายมือชื่อของผู้ฟ้องคดี ถ้าเป็นการยื่นฟ้องคดีแทนผู้อื่นจะต้องแนบใบมอบฉันทะให้ฟ้องคดีมาด้วย
		คำฟ้องใดมีรายการไม่ครบตามวรรคหนึ่ง หรือไม่ชัดเจน หรือไม่อาจเข้าใจได้ ให้สำนักงานศาลปกครองให้คำแนะนำแก่ผู้ฟ้องคดีเพื่อดำเนินการแก้ไขเพิ่มเติมคำฟ้องนั้นให้ถูกต้อง ในการนี้ให้ถือวันที่
ยื่นฟ้องครั้งแรกเป็นหลักในการนับอายุความ
		ในกรณีที่มีผู้ประสงค์จะฟ้องคดีปกครองหลายคนในเหตุเดียวกัน บุคคลเหล่านั้นอาจยื่นคำฟ้องร่วมกันเป็นฉบับเดียว โดยจะมอบหมายให้ผู้ฟ้องคดีคนใดเป็นผู้แทนของผู้ฟ้องคดีทุกคนในการดำเนินคดีต่อไปก็ได้ ในกรณีเช่นว่านี้ให้ถือว่าการกระทำของผู้แทนผู้ฟ้องคดีในกระบวนพิจารณาผูกพันผู้ฟ้องคดีทุกคน
            การฟ้องคดีไม่ต้องเสียค่าธรรมเนียมศาล เว้นแต่การฟ้องคดีขอให้สั่งให้ใช้เงินหรือส่งมอบทรัพย์สินอันสืบเนื่องจากคดีตามมาตรา 9 วรรคหนึ่ง (3) หรือ (4) ให้เสียค่าธรรมเนียมศาลตามทุนทรัพย์
ในอัตราตามที่ระบุไว้ในตาราง 1 ท้ายประมวลกฎหมายวิธีพิจารณาความแพ่ง สำหรับคดีที่มีคำขอให้
ปลดเปลื้องทุกข์อันอาจคำนวณเป็นราคาเงินได้ 
		ในการดำเนินกระบวนพิจารณา คู่กรณีจะดำเนินการทั้งปวงด้วยตนเองหรือจะมอบอำนาจให้ทนายความหรือบุคคลอื่น ซึ่งมีคุณสมบัติตามระเบียบของที่ประชุมใหญ่ตุลาการในศาลปกครองสูงสุดกำหนดเพื่อฟ้องคดีหรือดำเนินการแทนได้
การเขียนฟ้องจะต้องจัดทำโดยใช้ถ้อยคำสุภาพและต้องมีรายการประกอบไปด้วย (1) ชื่อและที่อยู่ของผู้ฟ้องคดี (2) ชื่อหน่วยงานทางปกครองหรือเจ้าหน้าที่ของรัฐที่เกี่ยวข้องอันเป็นเหตุแห่งการฟ้องคดี (3) การกระทำทั้งหลายที่เป็นเหตุแห่งการฟ้องคดี พร้อมทั้งข้อเท็จจริงหรือพฤติการณ์ตามสมควรเกี่ยวกับการกระทำดังกล่าว (4) คำขอของผู้ฟ้องคดี และ    (5) ลายมือชื่อของผู้ฟ้องคดี ตาม ม.45 วรรคหนึ่ง  ดังกล่าว
"
ความรู้ทั่วไปเกี่ยวกับศาลปกครอง/คดีปกครอง,สอบถามว่า คำว่า ประโยชน์สาธารณะ คืออะไร,"พระราชบัญญัติจัดตั้งศาลปกครองและวิธีพิจารณาคดีปกครอง พ.ศ. 2542 
มาตรา 3  ในพระราชบัญญัตินี้ 
“ประโยชน์แก่ส่วนรวม”  หมายความว่า ประโยชน์ต่อสาธารณะหรือประโยชน์อันเกิดแก่
การจัดทำบริการสาธารณะหรือการจัดให้มีสิ่งสาธารณูปโภค หรือประโยชน์อื่นใดที่เกิดจากการดำเนินการ
หรือการกระทำที่มีลักษณะเป็นการส่งเสริม หรือสนับสนุนแก่ประชาชนเป็นส่วนรวมหรือประชาชนส่วนรวม
จะได้รับประโยชน์จากการดำเนินการหรือการกระทำนั้น
แนะนำว่า คำว่า ประโยชน์สาธารณะ มีความหมายเช่นเดียวกับคำว่า ประโยชน์แก่ส่วนรวม ในนิยามของกฎหมายดังกล่าว โดยเป็นการพิจารณาถึงประโยชน์ที่เกิดขึ้นและประชาชนส่วนรวม
จะได้รับประโยชน์จากการดำเนินการหรือการกระทำนั้น เป็นต้น"
การจัดทำคำฟ้องหรือคำร้อง และขั้นตอนที่เกี่ยวข้อง,ผู้ปรึกษาขอให้แนะนำการเขียนคำฟ้องต่อศาล,"พระราชบัญญัติจัดตั้งศาลปกครองและวิธีพิจารณาคดีปกครอง พ.ศ. 2542 
มาตรา	45  คำฟ้องให้ใช้ถ้อยคำสุภาพและต้องมี 	(1)	ชื่อและที่อยู่ของผู้ฟ้องคดี 	(2)	ชื่อหน่วยงานทางปกครองหรือเจ้าหน้าที่ของรัฐที่เกี่ยวข้องอันเป็นเหตุแห่งการฟ้องคดี 	(3)	การกระทำทั้งหลายที่เป็นเหตุแห่งการฟ้องคดี พร้อมทั้งข้อเท็จจริงหรือพฤติการณ์ตามสมควรเกี่ยวกับการกระทำดังกล่าว 	(4)	คำขอของผู้ฟ้องคดี 	(5)	ลายมือชื่อของผู้ฟ้องคดี ถ้าเป็นการยื่นฟ้องคดีแทนผู้อื่นจะต้องแนบใบมอบฉันทะให้ฟ้องคดีมาด้วย
		คำฟ้องใดมีรายการไม่ครบตามวรรคหนึ่ง หรือไม่ชัดเจน หรือไม่อาจเข้าใจได้ ให้สำนักงานศาลปกครองให้คำแนะนำแก่ผู้ฟ้องคดีเพื่อดำเนินการแก้ไขเพิ่มเติมคำฟ้องนั้นให้ถูกต้อง ในการนี้ให้ถือวันที่
ยื่นฟ้องครั้งแรกเป็นหลักในการนับอายุความ
		ในกรณีที่มีผู้ประสงค์จะฟ้องคดีปกครองหลายคนในเหตุเดียวกัน บุคคลเหล่านั้นอาจยื่นคำฟ้องร่วมกันเป็นฉบับเดียว โดยจะมอบหมายให้ผู้ฟ้องคดีคนใดเป็นผู้แทนของผู้ฟ้องคดีทุกคนในการดำเนินคดีต่อไปก็ได้ ในกรณีเช่นว่านี้ให้ถือว่าการกระทำของผู้แทนผู้ฟ้องคดีในกระบวนพิจารณาผูกพันผู้ฟ้องคดีทุกคน
            การฟ้องคดีไม่ต้องเสียค่าธรรมเนียมศาล เว้นแต่การฟ้องคดีขอให้สั่งให้ใช้เงินหรือส่งมอบทรัพย์สินอันสืบเนื่องจากคดีตามมาตรา 9 วรรคหนึ่ง (3) หรือ (4) ให้เสียค่าธรรมเนียมศาลตามทุนทรัพย์
ในอัตราตามที่ระบุไว้ในตาราง 1 ท้ายประมวลกฎหมายวิธีพิจารณาความแพ่ง สำหรับคดีที่มีคำขอให้
ปลดเปลื้องทุกข์อันอาจคำนวณเป็นราคาเงินได้ 
		ในการดำเนินกระบวนพิจารณา คู่กรณีจะดำเนินการทั้งปวงด้วยตนเองหรือจะมอบอำนาจให้ทนายความหรือบุคคลอื่น ซึ่งมีคุณสมบัติตามระเบียบของที่ประชุมใหญ่ตุลาการในศาลปกครองสูงสุดกำหนดเพื่อฟ้องคดีหรือดำเนินการแทนได้
การเขียนฟ้องจะต้องจัดทำโดยใช้ถ้อยคำสุภาพและต้องมีรายการประกอบไปด้วย (1) ชื่อและที่อยู่ของผู้ฟ้องคดี (2) ชื่อหน่วยงานทางปกครองหรือเจ้าหน้าที่ของรัฐที่เกี่ยวข้องอันเป็นเหตุแห่งการฟ้องคดี (3) การกระทำทั้งหลายที่เป็นเหตุแห่งการฟ้องคดี พร้อมทั้งข้อเท็จจริงหรือพฤติการณ์ตามสมควรเกี่ยวกับการกระทำดังกล่าว (4) คำขอของผู้ฟ้องคดี และ    (5) ลายมือชื่อของผู้ฟ้องคดี ตาม ม.45 วรรคหนึ่ง  ดังกล่าว
"
กระบวนวิธีพิจารณาคดีปกครอง/แสวงหาข้อเท็จจริง,การแสวงหาข้อเท็จจริง คืออะไร,"ระเบียบของที่ประชุมใหญ่ตุลาการในศาลปกครองสูงสุดว่าด้วยวิธีพิจารณาคดีปกครอง พ.ศ. 2543 
ข้อ	50	ในการพิจารณาพิพากษาคดี ศาลมีอำนาจแสวงหาข้อเท็จจริงได้ตามความเหมาะสมในการนี้ศาลอาจแสวงหาข้อเท็จจริงจากพยานบุคคล พยานเอกสาร พยานผู้เชี่ยวชาญ หรือพยาน
หลักฐานอื่นนอกเหนือจากพยานหลักฐานของคู่กรณีที่ปรากฏในคำฟ้อง คำให้การ คำคัดค้าน คำให้การ
หรือคำให้การเพิ่มเติม ในการแสวงหาข้อเท็จจริงเช่นว่านั้น ศาลอาจดำเนินการตามที่กำหนดในส่วนนี้
หรือตามที่ศาลเห็นสมควร
	ในการแสวงหาข้อเท็จจริงของศาล ถ้าต้องมีการให้ถ้อยคำของคู่กรณี พยาน หรือบุคคลใด ๆ ให้ศาลเป็นผู้ซักถาม
แนะนำ การแสวงหาข้อเท็จจริง คือการที่ศาลสืบหาข้อเท็จจริงในคดีให้แจ้งชัด เพื่อนำไปใช้ในการตัดสินคดีได้อย่างถูกต้องและเป็นธรรม โดยการแสวงหาข้อเท็จจริงจากพยานบุคคล พยานเอกสาร พยานผู้เชี่ยวชาญ หรือพยานหลักฐานอื่นนอกเหนือจากพยานหลักฐานของคู่กรณีที่ปรากฏในคำฟ้อง คำให้การ คำคัดค้าน คำให้การหรือคำให้การเพิ่มเติม และตามที่ศาลเห็นเป็นการสมควร
"
กระบวนวิธีพิจารณาคดีปกครอง/แสวงหาข้อเท็จจริง,แสวงหาข้อเท็จจริง คืออะไร,"
ระเบียบของที่ประชุมใหญ่ตุลาการในศาลปกครองสูงสุดว่าด้วยวิธีพิจารณาคดีปกครอง พ.ศ. 2543 
ข้อ	50	ในการพิจารณาพิพากษาคดี ศาลมีอำนาจแสวงหาข้อเท็จจริงได้ตามความเหมาะสมในการนี้ศาลอาจแสวงหาข้อเท็จจริงจากพยานบุคคล พยานเอกสาร พยานผู้เชี่ยวชาญ หรือพยาน
หลักฐานอื่นนอกเหนือจากพยานหลักฐานของคู่กรณีที่ปรากฏในคำฟ้อง คำให้การ คำคัดค้าน คำให้การ
หรือคำให้การเพิ่มเติม ในการแสวงหาข้อเท็จจริงเช่นว่านั้น ศาลอาจดำเนินการตามที่กำหนดในส่วนนี้
หรือตามที่ศาลเห็นสมควร
	ในการแสวงหาข้อเท็จจริงของศาล ถ้าต้องมีการให้ถ้อยคำของคู่กรณี พยาน หรือบุคคลใด ๆ ให้ศาลเป็นผู้ซักถาม
แนะนำ การแสวงหาข้อเท็จจริง คือการที่ศาลสืบหาข้อเท็จจริงในคดีให้แจ้งชัด เพื่อนำไปใช้ในการตัดสินคดีได้อย่างถูกต้องและเป็นธรรม โดยการแสวงหาข้อเท็จจริงจากพยานบุคคล พยานเอกสาร พยานผู้เชี่ยวชาญ หรือพยานหลักฐานอื่นนอกเหนือจากพยานหลักฐานของคู่กรณีที่ปรากฏในคำฟ้อง คำให้การ คำคัดค้าน คำให้การหรือคำให้การเพิ่มเติม และตามที่ศาลเห็นเป็นการสมควร
"
"ความรู้ทั่วไปเกี่ยวกับศาลปกครอง/คดีปกครอง, ขั้นตอนแก้ไขความเสียหายก่อนฟ้องคดี, การจัดทำคำฟ้องหรือคำร้อง และขั้นตอนที่เกี่ยวข้อง",ผู้ขอคำปรึกษาได้ถูกคำสั่งให้โยกย้ายให้ไปปฏิบัติหน้าที่ต่างจังหวัด ซึ่งผู้ขอฯ เห็นว่าเป็นการโยกย้ายที่ไม่ชอบด้วยกฎหมาย หากผู้ขอฯ ประสงค์ที่จะยื่นฟ้องคดีต่อศาลปกครองจะต้องดำเนินการอย่างไรบ้าง ,"แนะนำว่า กรณีดังกล่าวเป็นคดีพิพาทเกี่ยวกับการที่หน่วยงานทางปกครองหรือเจ้าหน้าที่ของรัฐออกคำสั่งโดยไม่ชอบด้วยกฎหมายตามมาตรา 9 วรรคหนึ่ง (1) แห่งพระราชบัญญัติจัดตั้งศาลปกครองและ
วิธีพิจารณาคดีปกครอง พ.ศ. 2542 ให้ผู้ขอฯ ใช้สิทธิอุทธรณ์เสียก่อน หากมีผลการพิจารณาแล้ว ผู้ขอฯ ยังคงไม่พอใจในผลการพิจารณาอุทธรณ์ ก็มีสิทธิที่จะยื่นฟ้องคดีต่อศาลปกครอง ขอให้เพิกถอนคำสั่ง และขอให้เพิกถอนผลการพิจารณาอุทธรณ์ ตามมาตรา 72 วรรคหนึ่ง (1) แห่งพระราชบัญญัติดังกล่าว โดยยื่นฟ้องคดีภายใน 90 วัน นับแต่วันที่ได้รับแจ้งผลการพิจารณาอุทธรณ์ ตามมาตรา 49 แห่งพระราชบัญญัติเดียวกัน 
"
"ความรู้ทั่วไปเกี่ยวกับศาลปกครอง/คดีปกครอง, เป็นคดีที่อยู่ในอำนาจของศาลปกครองหรือไม่, การจัดทำคำฟ้องหรือคำร้อง และขั้นตอนที่เกี่ยวข้อง",ผู้ขอคำปรึกษาอยากทราบว่ากรณีประกาศกระทรวงฯ ไม่ชอบ จะยื่นฟ้องคดีต่อศาลปกครอง ได้หรือไม่,"แนะนำว่า กรณีดังกล่าวเป็นคดีพิพาทเกี่ยวกับการที่หน่วยงานทางปกครองหรือเจ้าหน้าที่ของรัฐออก
คำสั่งโดยไม่ชอบด้วยกฎหมายตามมาตรา 9 วรรคหนึ่ง (1) แห่งพระราชบัญญัติจัดตั้งศาลปกครอง
และวิธีพิจารณาคดีปกครอง พ.ศ. 2542 โดยประกาศกระทรวงฯ ถือว่าเป็นคำสั่งทางปกครองทั่วไป 
ซึ่งไม่ต้องมีการยื่นอุทธรณ์ก่อนยื่นฟ้องคดี หากผู้ขอฯ เห็นว่าประกาศข้อใดไม่ชอบก็ยื่นฟ้องคดีภายใน 90 วัน นับแต่วันที่ได้รับแต่วันที่รู้หรือควรรู้ถึงเหตุแห่งการฟ้องคดี ตามมาตรา 49 แห่งพระราชบัญญัติดังกล่าว "
"ความรู้ทั่วไปเกี่ยวกับศาลปกครอง/คดีปกครอง, การจัดทำคำฟ้องหรือคำร้อง และขั้นตอนที่เกี่ยวข้อง","ผู้ขอคำปรึกษาได้ยื่นหนังสือร้องเรียนต่อสำนักงานเขตฯ กรณีที่บริเวณใกล้บ้านของผู้ขอฯ มีผู้ประอบกิจการก่อสร้างซึ่งทำให้เกิดมลพิษต่างๆ แต่สำนักงานเขตฯ ละเลยต่อหน้าที่ตามที่กฎหมายกำหนดให้ต้องปฏิบัติไม่ดำเนินการกับผู้ประกอบกิจการดังกล่าว จึงขอคำแนะนำในการฟ้องคดีต่อศาลปกครอง 
","แนะนำว่า กรณีเป็นคดีพิพาทเกี่ยวกับการที่หน่วยงานทางปกครองหรือเจ้าหน้าที่ของรัฐละเลยต่อหน้าที่ตามที่กฎหมายกำหนดให้ต้องปฏิบัติ หรือปฏิบัติหน้าที่ดังกล่าวล่าช้าเกินสมควร ตามมาตรา 9 
วรรคหนึ่ง (2) แห่งพระราชบัญญัติจัดตั้งศาลปกครองและวิธีพิจารณาคดีปกครอง พ.ศ. 2542 หากพ้นกำหนดเก้าสิบวันนับแต่วันที่มีหนังสือร้องเรียนต่อสำนักงานเขตฯ และไม่ได้รับหนังสือชี้แจง หรือได้รับ
คำชี้แจงแต่ผู้ขอคำปรึกษาเห็นว่าไม่มีเหตุผล รวมทั้ง สำนักงานเขตฯ มิได้ดำเนินการแก้ไขความเดือดร้อนของประชาชน ผู้ขอคำปรึกษามีสิทธิฟ้องคดีต่อศาลปกครองได้ ตามมาตรา 49 แห่งพระราชบัญญัติดังกล่าว โดยขอให้หัวหน้าหน่วยงานทางปกครอง คือ ผู้อำนวยการเขตฯ หรือเจ้าหน้าที่ของรัฐที่เกี่ยวข้องปฏิบัติตามหน้าที่ภายในเวลาที่ศาลปกครองกำหนด ตามมาตรา 72 วรรคหนึ่ง (2) แห่งพระราชบัญญัติเดียวกัน     
"
การจัดทำคำฟ้องหรือคำร้อง และขั้นตอนที่เกี่ยวข้อง,ภูมิลำเนาบริษัทอยู่พัทลุง และรับงานทำทางที่จังหวัดตรัง สัญญาลงนามที่นครศรีธรรมราช ฟ้องศาลใด," มาตรา 47 แห่งพรบ.จัดตั้งศาลปกครองฯ 2542 บัญญัติว่า การฟ้องคดีที่อยู่ในเขตอำนาจของศาลปกครองชั้นต้น ให้ยื่นฟ้องต่อศาลปกครองชั้นต้นที่ผู้ฟ้องคดีมีภูมิลำเนาหรือที่มูลคดีเกิดขึ้นในเขตศาลปกครองชั้นต้นนั้น กรณีของผู้ขอ ฯ สามารถฟ้องคดีต่อศาลปกครองสงขลา
"
การจัดทำคำฟ้องหรือคำร้อง และขั้นตอนที่เกี่ยวข้อง,นายกเทศมนตรีไม่ต่อสัญญาจ้าง ตำแหน่งพนักงานจ้างเหมา,"หากเห็นว่าการประเมินไม่ชอบ จนอาจเป็นเหตุให้เลิกจ้าง  ร้องทุกข์ต่อผู้ประเมิน และหากมีการเลิกจ้างก็ให้ทำคำฟ้องตามลักษณะที่กำหนดไว้ในมาตรา 45 บัญญัติว่า คำฟ้องให้ใช้ถ้อยคำสุภาพและต้องมี
	(1)	ชื่อและที่อยู่ของผู้ฟ้องคดี
	(2)	ชื่อหน่วยงานทางปกครองหรือเจ้าหน้าที่ของรัฐที่เกี่ยวข้องอันเป็นเหตุแห่งการฟ้องคดี
	(3)	การกระทำทั้งหลายที่เป็นเหตุแห่งการฟ้องคดี พร้อมทั้งข้อเท็จจริงหรือพฤติการณ์
ตามสมควรเกี่ยวกับการกระทำดังกล่าว
	(4)	คำขอของผู้ฟ้องคดี
	(5)	ลายมือชื่อของผู้ฟ้องคดี ถ้าเป็นการยื่นฟ้องคดีแทนผู้อื่นจะต้องแนบใบมอบฉันทะ
ให้ฟ้องคดีมาด้วย
		คำฟ้องใดมีรายการไม่ครบตามวรรคหนึ่ง หรือไม่ชัดเจน หรือไม่อาจเข้าใจได้ ให้สำนักงานศาลปกครองให้คำแนะนำแก่ผู้ฟ้องคดีเพื่อดำเนินการแก้ไขเพิ่มเติมคำฟ้องนั้นให้ถูกต้อง ในการนี้ให้ถือวันที่
ยื่นฟ้องครั้งแรกเป็นหลักในการนับอายุความ
		ในกรณีที่มีผู้ประสงค์จะฟ้องคดีปกครองหลายคนในเหตุเดียวกัน บุคคลเหล่านั้นอาจยื่นคำฟ้องร่วมกันเป็นฉบับเดียว โดยจะมอบหมายให้ผู้ฟ้องคดีคนใดเป็นผู้แทนของผู้ฟ้องคดีทุกคนในการดำเนินคดีต่อไปก็ได้ ในกรณีเช่นว่านี้ให้ถือว่าการกระทำของผู้แทนผู้ฟ้องคดีในกระบวนพิจารณาผูกพันผู้ฟ้องคดีทุกคน
การฟ้องคดีไม่ต้องเสียค่าธรรมเนียมศาล เว้นแต่การฟ้องคดีขอให้สั่งให้ใช้เงินหรือส่งมอบทรัพย์สินอันสืบเนื่องจากคดีตามมาตรา 9 วรรคหนึ่ง (3) หรือ (4) ให้เสียค่าธรรมเนียมศาลตามทุนทรัพย์
ในอัตราตามที่ระบุไว้ในตาราง 1 ท้ายประมวลกฎหมายวิธีพิจารณาความแพ่ง สำหรับคดีที่มีคำขอให้
ปลดเปลื้องทุกข์อันอาจคำนวณเป็นราคาเงินได้ 
		ในการดำเนินกระบวนพิจารณา คู่กรณีจะดำเนินการทั้งปวงด้วยตนเองหรือจะมอบอำนาจให้ทนายความหรือบุคคลอื่น ซึ่งมีคุณสมบัติตามระเบียบของที่ประชุมใหญ่ตุลาการในศาลปกครองสูงสุดกำหนดเพื่อฟ้องคดีหรือดำเนินการแทนได้
"
การจัดทำคำฟ้องหรือคำร้อง และขั้นตอนที่เกี่ยวข้อง,ลงสมัคร ผอ.[ชื่อสมมติ]ฟ้องได้หรือไม่,"เป็นคำสั่งทางปกครอง ต้องอุทธรณ์ก่อน หากพ้นระยะเวลาพิจารณาอุทธรณ์แล้วไม่พิจารณาวันที่พ้นกำหนดสิทธิฟ้องเกิด หรือก่อนระยะเวลาได้พิจารณาอุทธรณ์แต่ผลไม่เป็นที่พอใจ ให้นำคดีมาฟ้องภายในระยะเวลา 90 วัน ตามมาตรา 49 แห่งพรบ.จัดตั้งศาลปกครองฯ  การฟ้องคดีปกครองจะต้องยื่นฟ้องภายในเก้าสิบวันนับแต่วันที่รู้หรือควรรู้ถึงเหตุแห่งการฟ้องคดี หรือนับแต่วันที่พ้นกำหนดเก้าสิบวันนับแต่วันที่ผู้ฟ้องคดีได้มีหนังสือร้องขอต่อหน่วยงานทางปกครองหรือเจ้าหน้าที่ของรัฐเพื่อให้ปฏิบัติหน้าที่ตามที่กฎหมายกำหนดและไม่ได้รับหนังสือชี้แจงจากหน่วยงานทางปกครอง หรือเจ้าหน้าที่ของรัฐหรือได้รับแต่เป็นคำชี้แจงที่ผู้ฟ้องคดีเห็นว่าไม่มีเหตุผล แล้วแต่กรณี เว้นแต่จะมีบทกฎหมายเฉพาะกำหนดไว้เป็นอย่างอื่น
"
การจัดทำคำฟ้องหรือคำร้อง และขั้นตอนที่เกี่ยวข้อง,เดิมขอยกเว้นค่าธรรมเนียมศาล แต่ขณะนี้ต้องการวางค่าธรรมเนียม ทำอย่างไร,เขียนคำแถลงต่อศาลว่าขณะนี้ต้องการวางค่าธรรมเนียมศาลแล้ว และให้ติดต่อรับฟ้องศาลกลางเพื่อคิคำนวณต่าธรรมเนียม
การจัดทำคำฟ้องหรือคำร้อง และขั้นตอนที่เกี่ยวข้อง,หนังสือรับรองบริษัทส่งศาล ต้องมีอายุเท่าไหร่,หนังสือรับรองบริษัทส่งศาล ต้องมีอายุไม่เกิน 6 เดือน
เป็นคดีที่อยู่ในอำนาจของศาลปกครองหรือไม่,มหาวิทยาลัยศิลปากรเลิกจ้างผู้ขอฯ สามารถฟ้องศาลปกครองได้หรือไม่,สามารถยื่นคำฟ้อง โดยเป็นคดีพิพาทเกี่ยวกับสัญญาทางปกครองตามมาตรา 9 วรรคหนึ่ง (4) แห่งพรบ.จัดตั้งศาลปกครองฯ 2542 
เป็นคดีที่อยู่ในอำนาจของศาลปกครองหรือไม่,มีปัญหากับนิติบุคคลหมู่บ้านจัดสรร สามารถฟ้องต่อศาลปกครองได้หรือไม่,"จากข้อเท็จจริงไม่อยู่ในอำนาจศาลปกครองตามมาตรา 9 แห่งพรบ.จัดตั้งศาลปกครอง ฯ 2542 ศาลปกครองมีอำนาจพิจารณาพิพากษาหรือมีคำสั่งในเรื่องดังต่อไปนี้
	(1)	คดีพิพาทเกี่ยวกับการที่หน่วยงานทางปกครองหรือเจ้าหน้าที่ของรัฐกระทำการ
โดยไม่ชอบด้วยกฎหมายไม่ว่าจะเป็นการออกกฎ คำสั่งหรือการกระทำอื่นใดเนื่องจากกระทำโดยไม่มีอำนาจหรือนอกเหนืออำนาจหน้าที่หรือไม่ถูกต้องตามกฎหมาย หรือโดยไม่ถูกต้องตามรูปแบบขั้นตอน หรือวิธีการ
อันเป็นสาระสำคัญที่กำหนดไว้สำหรับการกระทำนั้น หรือโดยไม่สุจริต หรือมีลักษณะเป็นการเลือกปฏิบัติ
ที่ไม่เป็นธรรม หรือมีลักษณะเป็นการสร้างขั้นตอนโดยไม่จำเป็นหรือสร้างภาระให้เกิดกับประชาชนเกินสมควร หรือเป็นการใช้ดุลพินิจโดยมิชอบ
	(2)	คดีพิพาทเกี่ยวกับการที่หน่วยงานทางปกครองหรือเจ้าหน้าที่ของรัฐละเลยต่อหน้าที่ตามที่กฎหมายกำหนดให้ต้องปฏิบัติ หรือปฏิบัติหน้าที่ดังกล่าวล่าช้าเกินสมควร
	(3)	คดีพิพาทเกี่ยวกับการกระทำละเมิดหรือความรับผิดอย่างอื่นของหน่วยงานทางปกครองหรือเจ้าหน้าที่ของรัฐอันเกิดจากการใช้อำนาจตามกฎหมาย หรือจากกฎ คำสั่งทางปกครอง หรือคำสั่งอื่น 
หรือจากการละเลยต่อหน้าที่ตามที่กฎหมายกำหนดให้ต้องปฏิบัติหรือปฏิบัติหน้าที่ดังกล่าวล่าช้าเกินสมควร
	(4)	คดีพิพาทเกี่ยวกับสัญญาทางปกครอง
	(5)	คดีที่มีกฎหมายกำหนดให้หน่วยงานทางปกครองหรือเจ้าหน้าที่ของรัฐฟ้องคดีต่อศาล
เพื่อบังคับให้บุคคลต้องกระทำหรือละเว้นกระทำอย่างหนึ่งอย่างใด
	(6)	คดีพิพาทเกี่ยวกับเรื่องที่มีกฎหมายกำหนดให้อยู่ในเขตอำนาจศาลปกครอง
"
การจัดทำคำฟ้องหรือคำร้อง และขั้นตอนที่เกี่ยวข้อง,คำฟ้องต้องทำสำเนากี่ชุด,หากเป็นระบบอิเล็กทรอนิกส์ไม่ต้องทำสำเนา แต่ถ้าฟ้องด้วยตนเองหรือทางไปรษณีย์ต้องทำสำเนาส่งเท่าจำนวนของผู้ถูกฟ้องคดี
เป็นคดีที่อยู่ในอำนาจของศาลปกครองหรือไม่,ถูกอายัดบัญชี จะขอเงินคืนฟ้องศาลใด,"พรบ. จัดตั้งศาลปกครองฯ 2542 มาตรา 9 ศาลปกครองมีอำนาจพิจารณาพิพากษาหรือมีคำสั่งในเรื่องดังต่อไปนี้
	(1)	คดีพิพาทเกี่ยวกับการที่หน่วยงานทางปกครองหรือเจ้าหน้าที่ของรัฐกระทำการ
โดยไม่ชอบด้วยกฎหมายไม่ว่าจะเป็นการออกกฎ คำสั่งหรือการกระทำอื่นใดเนื่องจากกระทำโดยไม่มีอำนาจหรือนอกเหนืออำนาจหน้าที่หรือไม่ถูกต้องตามกฎหมาย หรือโดยไม่ถูกต้องตามรูปแบบขั้นตอน หรือวิธีการ
อันเป็นสาระสำคัญที่กำหนดไว้สำหรับการกระทำนั้น หรือโดยไม่สุจริต หรือมีลักษณะเป็นการเลือกปฏิบัติ
ที่ไม่เป็นธรรม หรือมีลักษณะเป็นการสร้างขั้นตอนโดยไม่จำเป็นหรือสร้างภาระให้เกิดกับประชาชนเกินสมควร หรือเป็นการใช้ดุลพินิจโดยมิชอบ
	(2)	คดีพิพาทเกี่ยวกับการที่หน่วยงานทางปกครองหรือเจ้าหน้าที่ของรัฐละเลยต่อหน้าที่ตามที่กฎหมายกำหนดให้ต้องปฏิบัติ หรือปฏิบัติหน้าที่ดังกล่าวล่าช้าเกินสมควร
	(3)	คดีพิพาทเกี่ยวกับการกระทำละเมิดหรือความรับผิดอย่างอื่นของหน่วยงานทางปกครองหรือเจ้าหน้าที่ของรัฐอันเกิดจากการใช้อำนาจตามกฎหมาย หรือจากกฎ คำสั่งทางปกครอง หรือคำสั่งอื่น 
หรือจากการละเลยต่อหน้าที่ตามที่กฎหมายกำหนดให้ต้องปฏิบัติหรือปฏิบัติหน้าที่ดังกล่าวล่าช้าเกินสมควร
	(4)	คดีพิพาทเกี่ยวกับสัญญาทางปกครอง
	(5)	คดีที่มีกฎหมายกำหนดให้หน่วยงานทางปกครองหรือเจ้าหน้าที่ของรัฐฟ้องคดีต่อศาล
เพื่อบังคับให้บุคคลต้องกระทำหรือละเว้นกระทำอย่างหนึ่งอย่างใด
	(6)	คดีพิพาทเกี่ยวกับเรื่องที่มีกฎหมายกำหนดให้อยู่ในเขตอำนาจศาลปกครอง
	เรื่องดังต่อไปนี้ไม่อยู่ในอำนาจศาลปกครอง
	(1)	การดำเนินการเกี่ยวกับวินัยทหาร
	(2)	การดำเนินการของคณะกรรมการตุลาการตามกฎหมายว่าด้วยระเบียบข้าราชการ
ฝ่ายตุลาการ
	(3)	คดีที่อยู่ในอำนาจของศาลเยาวชนและครอบครัว ศาลแรงงาน ศาลภาษีอากร 
ศาลทรัพย์สินทางปัญญาและการค้าระหว่างประเทศ ศาลล้มละลาย หรือศาลชำนัญพิเศษอื่น
ดังนั้นคดีของผู้ขอฯจึงไม่อยู่ในอำนาจศาลปกครอง"
การจัดทำคำฟ้องหรือคำร้อง และขั้นตอนที่เกี่ยวข้อง,สำเนาบัตรประชาชน ต้องแนบคำฟ้องด้วยหรือไม่ และวิธีอ้างเอกสารที่แนบฟ้องทำอย่างไร,ต้องแนบสำเนาบัตรประชาชน มาพร้อมคำฟ้อง ส่วนการอ้างเอกสารเมื่อในคำฟ้องอ้างถึงเอกสารฉบับใดให้เรียงตามลำดับไป โดยลำดับเอกสารให้เขียนไว้มุมบนขวาของเอกสารที่แนบด้วย
การจัดทำคำฟ้องหรือคำร้อง และขั้นตอนที่เกี่ยวข้อง,พบคำผิดในคำฟ้องจะแก้ไขได้หรือไม่,ได้ ใช้แบบ(ค.2) คำร้องแก้ไขเพิ่มเติมคำฟ้อง ให้ใส่รายละเอียดของข้อความที่ต้องการแก้ไข เลขหน้า บรรทัดที่ 
เป็นคดีที่อยู่ในอำนาจของศาลปกครองหรือไม่,ต้องการให้ศาลสั่งให้บุตรเป็นของผู้ขอ ฯ เนื่องจากมารดาทำร้ายร่างกายเด็ก,"                   คดีที่อยู่ในเขตอำนาจของศาลปกครองเป็นไปตามที่บัญญัติไว้ในมาตรา 9  ศาลปกครองมีอำนาจพิจารณาพิพากษาหรือมีคำสั่งในเรื่องดังต่อไปนี้
                    (1) คดีพิพาทเกี่ยวกับการที่หน่วยงานทางปกครองหรือเจ้าหน้าที่ของรัฐกระทำการโดยไม่ชอบด้วยกฎหมายไม่ว่าจะเป็นการออกกฎ คำสั่งหรือการกระทำอื่นใดเนื่องจากกระทำโดยไม่มีอำนาจหรือนอกเหนืออำนาจหน้าที่หรือไม่ถูกต้องตามกฎหมาย หรือโดยไม่ถูกต้องตามรูปแบบขั้นตอน หรือวิธีการอันเป็นสาระสำคัญที่กำหนดไว้สำหรับการกระทำนั้นหรือโดยไม่สุจริตหรือมีลักษณะเป็นการเลือกปฏิบัติที่ไม่เป็นธรรม หรือมีลักษณะเป็นการสร้างขั้นตอนโดยไม่จำเป็น
หรือสร้างภาระให้เกิดกับประชาชนเกินสมควร หรือเป็นการใช้ดุลพินิจโดยมิชอบ
                    (2) คดีพิพาทเกี่ยวกับการที่หน่วยงานทางปกครองหรือเจ้าหน้าที่ของรัฐละเลยต่อหน้าที่ตามที่กฎหมายกำหนดให้ต้องปฏิบัติ หรือปฏิบัติหน้าที่ดังกล่าวล่าช้าเกินสมควร
                    (3) คดีพิพาทเกี่ยวกับการกระทำละเมิดหรือความรับผิดอย่างอื่นของหน่วยงานทางปกครองหรือเจ้าหน้าที่ของรัฐอันเกิดจากการใช้อำนาจตามกฎหมาย หรือจากกฎ คำสั่งปกครอง หรือคำสั่งอื่น หรือจากการละเลยต่อหน้าที่ตามที่กฎหมายกำหนดให้ต้องปฏิบัติหรือปฏิบัติหน้าที่ดังกล่าวล่าช้าเกินสมควร
                    (4) คดีพิพาทเกี่ยวกับสัญญาทางปกครอง
                    (5) คดีที่มีกฎหมายกำหนดให้หน่วยงานทางปกครองหรือเจ้าหน้าที่ของรัฐฟ้องคดีต่อศาลเพื่อบังคับให้บุคคลต้องกระทำหรือละเว้นกระทำอย่างหนึ่งอย่างใด
                    (6) คดีพิพาทเกี่ยวกับเรื่องที่มีกฎหมายกำหนดให้อยู่ในเขตอำนาจศาลปกครองเรื่องดังต่อไปนี้ไม่อยู่ในอำนาจศาลปกครอง
                    (1) การดำเนินการเกี่ยวกับวินัยทหาร
                    (2) การดำเนินการของคณะกรรมการตุลาการตามกฎหมายว่าด้วยระเบียบข้าราชการฝ่ายตุลาการ
                    (3) คดีที่อยู่ในอำนาจของศาลเยาวชนและครอบครัว ศาลแรงงาน ศาลภาษีอากรศาลทรัพย์สินทางปัญญาและการค้าระหว่างประเทศ ศาลล้มละลาย หรือศาลชำนัญพิเศษอื่น
          กรณีของผู้ขออยู่ในเขตอำนาจของศาลเยาวชนและครอบครัวไม่อยู่ในอำนาจศาลปกครอง ตาม(6)
"
"ความรู้ทั่วไปเกี่ยวกับศาลปกครอง/คดีปกครอง, เป็นคดีที่อยู่ในอำนาจของศาลปกครองหรือไม่","ผู้ขอคำปรึกษาเป็นผู้รับมอบอำนาจจากบริษัทเอกชน  อยากทราบว่าสัญญาก่อสร้างซุ้มเฉลิมพระเกียรติ เป็นสัญญาทางปกครองหรือไม่ หากมีข้อโต้แย้งเกี่ยวกับสัญญาจะต้องยื่นฟ้องต่อศาลปกครอง ใช่หรือไม่
",แนะนำว่า แม้สัญญาที่บริษัทเอกชนเป็นผู้รับจ้างมีคู่สัญญาฝ่ายหนึ่งเป็นหน่วยงานทางปกครอง แต่ต้องเกี่ยวข้องกับการจัดทำบริการสาธารณะของหน่วยงานทางปกครองนั้นให้บรรลุผลด้วย ซึ่งซุ้มประตูเฉลิมพระเกียรติมีคดีที่ศาลปกครองเคยรับไว้พิจารณา ตามมาตรา 3 แห่งพระราชบัญญัติดังกล่าว หากมีข้อโต้แย้งเกี่ยวกับสัญญาทางปกครองจะเป็นคดีพิพาทเกี่ยวกับสัญญาทางปกครอง ตามมาตรา 9 วรรคหนึ่ง (4) แห่งพระราชบัญญัติเดียวกัน ซึ่งต้องยื่นฟ้องต่อศาลปกครอง
เป็นคดีที่อยู่ในอำนาจของศาลปกครองหรือไม่,ได้รับความเดือร้อนเสียหายจากเสียงของพูลวิลล่า ที่ล้อมรอบบ้าน จะทำอย่างไร,"ให้มีหนังสือแจ้งไปยังหน่วยงานที่รับผิดชอบดูแลพื้นที่ ให้ดำเนินการแก้ไขปัญหาภายใน 90 วัน หากพ้นระยะเวลาแล้วหน่วยงานไม่ดำเนินการใดๆให้นำคดีมาห้องเป็นคดีพิพาทเกี่ยวกับการละเลยตามมาตรา 9 วรรคหนึ่ง (2) แห่งพรบจัดตั้งศาลปกครองภายใน 90 วัน ตามมาตรา 49 แห่งพรบ.เดียวกัน
                    มาตรา 9  ศาลปกครองมีอำนาจพิจารณาพิพากษาหรือมีคำสั่งในเรื่องดังต่อไปนี้
                    (2) คดีพิพาทเกี่ยวกับการที่หน่วยงานทางปกครองหรือเจ้าหน้าที่ของรัฐละเลยต่อหน้าที่ตามที่กฎหมายกำหนดให้ต้องปฏิบัติ หรือปฏิบัติหน้าที่ดังกล่าวล่าช้าเกินสมควร
                    มาตรา 49  การฟ้องคดีปกครองจะต้องยื่นฟ้องภายในเก้าสิบวันนับแต่วันที่รู้หรือควรรู้ถึงเหตุแห่งการฟ้องคดี หรือนับแต่วันที่พ้นกำหนดเก้าสิบวันนับแต่วันที่ผู้ฟ้องคดีได้มีหนังสือร้องขอต่อหน่วยงานทางปกครองหรือเจ้าหน้าที่ของรัฐเพื่อให้ปฏิบัติหน้าที่ตามที่กฎหมายกำหนดและไม่ได้รับหนังสือชี้แจงจากหน่วยงานทางปกครอง หรือเจ้าหน้าที่ของรัฐหรือ"
"ความรู้ทั่วไปเกี่ยวกับศาลปกครอง/คดีปกครอง, การจัดทำคำฟ้องหรือคำร้อง และขั้นตอนที่เกี่ยวข้อง",ผู้ขอคำปรึกษาสอบถามว่า กรณีที่มีความประสงค์จะฟ้องคดีต่อศาลปกครอง เนื่องจากได้มีหนังสือถึงสำนักงานเขตเพื่อให้ปฏิบัติหน้าที่แล้ว ไม่สำนักงานเขตละเลยไม่ดำเนินการใดให้ ผู้ขอคำปรึกษาจะต้องดำเนินการอย่างไร,"กรณีที่ผู้ขอคำปรึกษามีความประสงค์จะฟ้องคดีต่อศาลปกครอง เนื่องจากได้มีหนังสือถึงสำนักงานเขตเพื่อให้ปฏิบัติหน้าที่แล้ว ไม่สำนักงานเขตละเลยไม่ดำเนินการใดให้ จึงได้ให้คำแนะนำว่า เมื่อผู้ขอคำปรึกษาได้มีหนังสือถึงหน่วยงานทางปกครองเพื่อให้ปฏิบัติหน้าที่ตามที่กฎหมายกำหนดให้ต้องปฏิบัติ หากพ้นกำหนดเก้าสิบวันนับแต่วันที่ได้มีหนังสือดังกล่าวแล้ว ไม่ได้รับหนังสือชี้แจงจากหน่วยงาน จึงมีสิทธินำคดีมาฟ้องต่อศาลปกครองภายในเก้าสิบวันนับแต่วันที่พ้นกำหนดระยะเวลาดังกล่าว หรือได้รับแต่เป็นคำชี้แจงที่ผู้ขอคำปรึกษาเห็นว่าไม่มีเหตุผล จึงมีสิทธินำคดีมาฟ้องต่อศาลปกครองภายในเก้าสิบวันนับแต่วันที่รู้หรือควรรู้ถึงเหตุแห่งการฟ้องคดี โดยจะต้องมีคำขอท้ายคำฟ้องให้หน่วยงานทางปกครองหรือเจ้าหน้าที่ของรัฐที่เกี่ยวข้องปฏิบัติตามหน้าที่ภายในเวลาที่ศาลปกครองกำหนด ตามมาตรา 49 ประกอบมาตรา 72 วรรคหนึ่ง แห่งพระราชบัญญัติจัดตั้งศาลปกครองและวิธีพิจารณาคดีปกครอง พ.ศ. 2542
สำหรับการจัดทำคำฟ้องนั้นสามารถดาวน์โหลดแบบฟอร์มคำฟ้องได้จากเว็บไซต์ของศาลปกครอง ซึ่งอาจเขียนคำฟ้องเองด้วยลายมือหรือจะใช้วิธีการพิมพ์ก็ได้ โดยคำฟ้องให้ใช้ถ้อยคำสุภาพและต้องมีรายการครบถ้วนตามมาตรา 45 แห่งพระราชบัญญัติจัดตั้งศาลปกครองและวิธีพิจารณาคดีปกครอง พ.ศ. 2542 ดังนี้ (1) ชื่อและที่อยู่ของผู้ฟ้องคดี (2) ชื่อหน่วยงานทางปกครองหรือเจ้าหน้าที่ของรัฐที่เกี่ยวข้องอันเป็นเหตุแห่งการฟ้องคดี (3) การกระทำทั้งหลายที่เป็นเหตุแห่งการฟ้องคดี พร้อมทั้งข้อเท็จจริงหรือพฤติการณ์ตามสมควรเกี่ยวกับการกระทำดังกล่าว (4) คำขอของผู้ฟ้องคดี และ (5) ลายมือชื่อของผู้ฟ้องคดี และหากผู้ฟ้องคดีประสงค์จะให้บุคคลอื่นเป็นผู้ดำเนินคดีแทน จะต้องจัดทำใบมอบอำนาจพร้อมแนบสำเนาบัตรประจำตัวของผู้มอบอำนาจและผู้รับมอบอำนาจพร้อมปิดอากรแสตมป์มาด้วย โดยต้องจัดทำสำเนาคำฟ้องและสำเนาพยานหลักฐานที่รับรองสำเนาถูกต้องตามจำนวนของผู้ถูกฟ้องคดี ตามข้อ 33 แห่งระเบียบของที่ประชุมใหญ่ตุลาการในศาลปกครองสูงสุด ว่าด้วยวิธีพิจารณาคดีปกครอง พ.ศ. 2543 ซึ่งผู้ขอคำปรึกษาสามารถเลือกยื่นคำฟ้องได้ 3 ช่องทาง คือ (1) ยื่นด้วยตนเองที่ศาลปกครอง (2) ส่งทางไปรษณีย์ลงทะเบียน หรือ (3) ยื่นทางระบบอิเล็กทรอนิกส์ และให้ยื่นฟ้องต่อศาลปกครองชั้นต้นที่ผู้ฟ้องคดีมีภูมิลำเนาหรือที่มูลคดีเกิดขึ้นก็ได้ ตามมาตรา 46 ประกอบมาตรา 47 วรรคหนึ่ง แห่งพระราชบัญญัติฉบับเดียวกัน "
เป็นคดีที่อยู่ในอำนาจของศาลปกครองหรือไม่,ผู้ขอคำปรึกษาประสงค์จะฟ้องคดีขอให้ศาลเพิกถอนคำสั่งให้ชดใช้เงินแก่ทางราชการกรณีกระทำละเมิด  ซึ่งตนได้อุทธรณ์คำสั่งดังกล่าวต่อผู้ว่าราชการจังหวัด และได้รับแจ้งผลพิจารณาอุทธรณ์มีมติยืนตามคำสั่งเดิม  หากไม่เห็นด้วยกับคำสั่งดังกล่าวและผลการพิจารณาอุทธรณ์นั้น ประสงค์ฟ้องคดีต่อศาลปกครองได้หรือไม่,"พระราชบัญญัติจัดตั้งศาลปกครองและวิธีพิจารณาคดีปกครอง พ.ศ. 2542 ศาลปกครองมีอำนาจพิจารณาพิพากษาหรือมีคำสั่งในเรื่องดังต่อไปนี้
(1)	คดีพิพาทเกี่ยวกับการที่หน่วยงานทางปกครองหรือเจ้าหน้าที่ของรัฐกระทำการ โดยไม่ชอบด้วยกฎหมายไม่ว่าจะเป็นการออกกฎ คำสั่งหรือการกระทำอื่นใดเนื่องจากกระทำโดยไม่มีอำนาจหรือนอกเหนืออำนาจหน้าที่หรือไม่ถูกต้องตามกฎหมาย หรือโดยไม่ถูกต้องตามรูปแบบขั้นตอน หรือวิธีการ
อันเป็นสาระสำคัญที่กำหนดไว้สำหรับการกระทำนั้น หรือโดยไม่สุจริต หรือมีลักษณะเป็นการเลือกปฏิบัติ
ที่ไม่เป็นธรรม หรือมีลักษณะเป็นการสร้างขั้นตอนโดยไม่จำเป็นหรือสร้างภาระให้เกิดกับประชาชนเกินสมควร หรือเป็นการใช้ดุลพินิจโดยมิชอบ 
คำสั่งให้ชดใช้เงินแก่ทางราชการกรณีกระทำละเมิด เป็นคำสั่งทางปกครอง เมื่อกระทบสิทธิท่านย่อมมีสิทธิฟ้องคดีต่อศาล ท่านเห็นว่าคำสั่งทางปกครองและหนังสือแจ้งผลพิจารณาอุทธรณ์นั้นไม่ชอบ
ด้วยกฎหมาย ประสงค์ฟ้องคดีต่อศาลปกครองขอเพิกถอนคำสั่งและหนังสือแจ้งผลพิจารณาอุทธรณ์ดังกล่าว กรณีจึงเป็นคดีพิพาทเกี่ยวกับการที่หน่วยงานทางปกครองหรือเจ้าหน้าที่ของรัฐออกคำสั่งโดยไม่ชอบด้วยกฎหมาย ตาม ม.9 วรรคหนึ่ง (1) แห่ง พ.ร.บ.จัดตั้งศาลปกครองฯ คดีอยู่ในอำนาจศาลปกครอง ท่านเป็นผู้อยู่ในบังคับของคำสั่งดังกล่าวย่อมเป็นผู้ที่ได้รับความเดือดร้อนหรือเสียหายจากคำสั่งของคู่กรณี ตาม ม.42 วรรคหนึ่ง แห่ง พ.ร.บ.ดังกล่าว และได้รับแจ้งผลพิจารณาอุทธรณ์แล้ว สามารถฟ้องคดีต่อศาลปกครองได้ภายใน 90 วัน นับแต่วันที่ได้รับแจ้งผลพิจารณาอุทธรณ์ดังกล่าว ตาม ม.49 แห่ง พ.ร.บ.ดังกล่าว
"
เป็นคดีที่อยู่ในอำนาจของศาลปกครองหรือไม่,ผู้ขอคำปรึกษาแจ้งว่า ตนเดือดร้อนจากกรณีถนนพัง น้ำท่วมบ้าน  จึงประสงค์ฟ้องคดีต่อศาลปกครองขอให้องค์กรปกครองท้องถิ่น (อปท.) อบต. ดำเนินการแก้ไขปัญหาดังกล่าวได้หรือไม่,     แนะนำว่า การจะฟ้องคดีต่อศาลปกครอง ผู้ขอฯ จะต้องยื่นเรื่องร้องเรียนเป็นหนังสือต่อ อบต. ให้ดำเนินการแก้ไขปัญหาความเดือดร้อนเสียก่อนนำคดีมาฟ้องต่อศาล และกรณีดังกล่าวเป็นคดีพิพาทเกี่ยวกับการที่เจ้าหน้าที่ของรัฐหรือหน่วยงานทางปกครองละเลยต่อหน้าที่ตามที่กฎหมายกำหนดให้ต้องปฏิบัติตามมาตรา 9 วรรคหนึ่ง (2) แห่ง พรบ.จัดตั้งฯ หากหลังจากนั้นไม่ปรากฏการแก้ไขและไม่ได้รับคำชี้แจงกรณีดังกล่าวต่อแต่อย่างใด ท่านจึงเป็นผู้ที่ได้รับความเดือดร้อนเสียหายจากการละเว้นการกระทำดังกล่าวตามมาตรา 42 วรรคหนึ่ง และกรณีนี้ไม่มีกฎหมายกำหนดให้ต้องอุทธรณ์ก่อนฟ้องคดี ท่านจึงไม่ต้องดำเนินการอุทธรณ์ตามขั้นตอนภายในฝ่ายปกครองตามมาตรา 42 วรรคสอง ท่านสามารถยื่นฟ้องคดีต่อศาลปกครองได้ภายใน 90 วัน นับแต่วันที่พ้นกำหนด 90 วันนับแต่วันที่ ได้มีหนังสือร้องขอต่อหน่วยงานทางปกครองหรือเจ้าหน้าที่ของรัฐเพื่อให้ปฏิบัติหน้าที่ตามที่กฎหมายกำหนดและไม่ได้รับหนังสือชี้แจงจากหน่วยงานทางปกครองหรือเจ้าหน้าที่ของรัฐ หรือได้รับแต่เป็นคำชี้แจงที่เห็นว่าไม่มีเหตุผล แล้วแต่กรณีตาม ม.49 แห่งพระราชบัญญัติดังกล่าว
เป็นคดีที่อยู่ในอำนาจของศาลปกครองหรือไม่,ตนประสงค์จะฟ้องเจ้าหน้าที่รัฐ ที่ทำเอกสารปลอม หลอกลวงฉ้อโกงตน และขอให้ตรวจสอบการดำเนินคดีอาญาดังกล่าว ฟ้องศาลได้หรือไม่,"พระราชบัญญัติจัดตั้งศาลปกครองและวิธีพิจารณาคดีปกครอง พ.ศ. 2542 ศาลปกครองมีอำนาจพิจารณาพิพากษาหรือมีคำสั่งในเรื่องดังต่อไปนี้
มาตรา	9  ศาลปกครองมีอำนาจพิจารณาพิพากษาหรือมีคำสั่งในเรื่องดังต่อไปนี้
(1)	คดีพิพาทเกี่ยวกับการที่หน่วยงานทางปกครองหรือเจ้าหน้าที่ของรัฐกระทำการ
โดยไม่ชอบด้วยกฎหมายไม่ว่าจะเป็นการออกกฎ คำสั่งหรือการกระทำอื่นใดเนื่องจากกระทำโดยไม่มีอำนาจหรือนอกเหนืออำนาจหน้าที่หรือไม่ถูกต้องตามกฎหมาย หรือโดยไม่ถูกต้องตามรูปแบบขั้นตอน หรือวิธีการอันเป็นสาระสำคัญที่กำหนดไว้สำหรับการกระทำนั้น หรือโดยไม่สุจริต หรือมีลักษณะเป็นการเลือกปฏิบัติที่ไม่เป็นธรรม หรือมีลักษณะเป็นการสร้างขั้นตอนโดยไม่จำเป็นหรือสร้างภาระให้เกิดกับประชาชนเกินสมควร หรือเป็นการใช้ดุลพินิจโดยมิชอบ  (2) คดีพิพาทเกี่ยวกับการที่หน่วยงานทางปกครองหรือเจ้าหน้าที่ของรัฐละเลยต่อหน้าที่ตามที่กฎหมายกำหนดให้ต้องปฏิบัติ หรือปฏิบัติหน้าที่ดังกล่าวล่าช้าเกินสมควร 	(3)	คดีพิพาทเกี่ยวกับการกระทำละเมิดหรือความรับผิดอย่างอื่นของหน่วยงานทางปกครองหรือเจ้าหน้าที่ของรัฐอันเกิดจากการใช้อำนาจตามกฎหมาย หรือจากกฎ คำสั่งทางปกครอง หรือคำสั่งอื่น หรือจากการละเลยต่อหน้าที่ตามที่กฎหมายกำหนดให้ต้องปฏิบัติหรือปฏิบัติหน้าที่ดังกล่าวล่าช้าเกินสมควร 	(4)	คดีพิพาทเกี่ยวกับสัญญาทางปกครอง 	(5)	คดีที่มีกฎหมายกำหนดให้หน่วยงานทางปกครองหรือเจ้าหน้าที่ของรัฐฟ้องคดีต่อศาลเพื่อบังคับให้บุคคลต้องกระทำหรือละเว้นกระทำอย่างหนึ่งอย่างใด 	(6)	คดีพิพาทเกี่ยวกับเรื่องที่มีกฎหมายกำหนดให้อยู่ในเขตอำนาจศาลปกครอง
	เรื่องดังต่อไปนี้ไม่อยู่ในอำนาจศาลปกครอง (1)	การดำเนินการเกี่ยวกับวินัยทหาร 	(2)	การดำเนินการของคณะกรรมการตุลาการตามกฎหมายว่าด้วยระเบียบข้าราชการ ฝ่ายตุลาการ 	(3)	คดีที่อยู่ในอำนาจของศาลเยาวชนและครอบครัว ศาลแรงงาน ศาลภาษีอากร ศาลทรัพย์สินทางปัญญาและการค้าระหว่างประเทศ ศาลล้มละลาย หรือศาลชำนัญพิเศษอื่น
แนะนำว่า การฟ้องเจ้าหน้าที่รัฐ ที่ทำเอกสารปลอม หลอกลวงฉ้อโกง และขอให้ตรวจสอบการดำเนินคดีอาญา  การกระทำดังกล่าวเป็นการทำผิดทางอาญา กรณีดังกล่าวจึงเป็นคดีเกี่ยวกับการดำเนินกระบวนยุติธรรมทางอาญา คดีนี้จึงอยู่ในอำนาจพิจารณาพิพากษาของศาลยุติธรรม ไม่ใช่คดีปกครองตาม ม.9 แห่ง พรบ.จัดตั้งศาลปกครองฯ ที่ศาลปกครองจะรับไว้พิจารณาพิพากษาได้


"
เป็นคดีที่อยู่ในอำนาจของศาลปกครองหรือไม่,ตนเป็นลูกจ้างของหน่วยงานรัฐ  และถูกให้ออกจากงานไม่เป็นธรรมและไม่ได้รับการจ่ายเงินเดือนในระหว่างที่ทำงาน ประสงค์ฟ้องคดีต่อศาลปกครอง เรียกร้องเงินเดือนที่ค้างจ่าย ได้หรือไม่,"พระราชบัญญัติจัดตั้งศาลปกครองและวิธีพิจารณาคดีปกครอง พ.ศ. 2542 มาตรา 3 สัญญาทางปกครอง หมายความรวมถึง สัญญาที่คู่สัญญาอย่างน้อยฝ่ายใดฝ่ายหนึ่งเป็นหน่วยงานทางปกครองและมีลักษณะเป็นสัญญาสัมปทาน สัญญาที่ให้จัดทำบริการสาธารณะ หรือจัดให้มีสิ่งสาธารณูปโภคหรือแสวงประโยชน์จากทรัพยากรธรรมชาติ 
มาตรา	9  ศาลปกครองมีอำนาจพิจารณาพิพากษาหรือมีคำสั่งในเรื่องดังต่อไปนี้
(4)	 คดีพิพาทเกี่ยวกับสัญญาทางปกครอง 	
   ดังนั้น สัญญาทางปกครอง หมายความรวมถึง สัญญาที่คู่สัญญาอย่างน้อยฝ่ายใดฝ่ายหนึ่งเป็นหน่วยงานทางปกครองและมีลักษณะเป็นสัญญาสัมปทาน สัญญาที่ให้จัดทำบริการสาธารณะ หรือจัดให้มีสิ่งสาธารณูปโภคหรือแสวงประโยชน์จากทรัพยากรธรรมชาติ
    กรณีเป็นเรื่องเกี่ยวกับการเลิกจ้างที่ไม่เป็นธรรมตามสัญญาจ้าง เนื่องจากสัญญาจ้างดังกล่าวเป็นสัญญาจ้างให้ปฏิบัติงานในหน่วยงานของรัฐซึ่งเป็นการจัดทำบริการสาธารณะ สัญญาจ้างดังกล่าวจึงเป็นสัญญาทางปกครอง คดีนี้จึงอยู่ในอำนาจพิจารณาพิพากษาของศาลปกครอง ตาม ม.9 วรรคหนึ่ง (4) แห่ง พรบ.จัดตั้งฯ ที่ศาลปกครองรับไว้พิจารณาพิพากษาได้ และมีอายุความ 5 ปีนับแต่วันที่มีการผิดสัญญาจ้างนั้น"
เป็นคดีที่อยู่ในอำนาจของศาลปกครองหรือไม่,ผู้ขอปรึกษาได้มีหนังสือร้องเรียนไปที่ กทม. กรณีเจ้าของที่ดินใกล้เคียงก่อความเดือดร้อน โดยส่งเสียงดังในเวลากลางคืน รบกวนชาวบ้านในบริเวณใกล้เคียงซึ่ง กทม.ได้เข้าไปทำการตรวจสอบ แต่หลังจากนั้นก็ไม่ปรากฏว่าได้ทำการแก้ไขปัญหาแต่อย่างใด ผู้ขอฯ จึงประสงค์ฟ้องคดีต่อศาลปกครองขอให้ กทม. ดำเนินการแก้ไขปัญหาดังกล่าว ,แนะนำว่ากรณีดังกล่าวเป็นคดีพิพาทเกี่ยวกับการที่เจ้าหน้าที่ของรัฐหรือหน่วยงานทางปกครองละเลยต่อหน้าที่ตามที่กฎหมายกำหนดให้ต้องปฏิบัติ ตามมาตรา 9 วรรคหนึ่ง (2) ผู้ขอฯได้ร้องเรียน อปท. เกี่ยวกับความเดือดร้อนกรณีเจ้าของที่ดินใกล้เคียงก่อความเดือดร้อน โดยส่งเสียงดังในเวลากลางคืน แต่หลังจากนั้นก็ไม่ปรากฏการแก้ไขและไม่ได้รับคำชี้แจงหรือมีการแก้ไขกรณีดังกล่าวต่อแต่อย่างใด ท่านจึงเป็นผู้ที่ได้รับความเดือดร้อนเสียหายจากการงดเว้นการกระทำดังกล่าวตามมาตรา 42 วรรคหนึ่ง และกรณีนี้ไม่มีกฎหมายกำหนดให้ต้องอุทธรณ์ก่อนฟ้องคดี ผู้ขอฯจึงไม่ต้องดำเนินการอุทธรณ์ตามขั้นตอนภายในฝ่ายปกครอง ตามมาตรา 42 วรรคสอง ท่านสามารถยื่นฟ้องคดีต่อศาลปกครองได้ภายใน 90 วัน นับแต่วันที่พ้นกำหนด 90 วันนับแต่วันที่ผู้ขอฯ ได้มีหนังสือร้องขอต่อหน่วยงานทางปกครองหรือเจ้าหน้าที่ของรัฐเพื่อให้ปฏิบัติหน้าที่ตามที่กฎหมายกำหนดและไม่ได้รับหนังสือชี้แจงจากหน่วยงานทางปกครองหรือเจ้าหน้าที่ของรัฐ หรือได้รับแต่เป็นคำชี้แจงที่ผู้ขอฯ เห็นว่าไม่มีเหตุผล แล้วแต่กรณีตาม ม.49 แห่งพระราชบัญญัติดังกล่าว 
เป็นคดีที่อยู่ในอำนาจของศาลปกครองหรือไม่,ตนเป็นลูกจ้างของหน่วยงานรัฐ (มหาวิทยาลัยรัฐ) และถูกให้ออกจากงานไม่เป็นธรรมและไม่ได้รับการจ่ายเงินเดือนในระหว่างที่ทำงาน ประสงค์ฟ้องคดีต่อศาลปกครอง เรียกร้องเงินเดือนที่ค้างจ่าย ได้หรือไม่,"พระราชบัญญัติจัดตั้งศาลปกครองและวิธีพิจารณาคดีปกครอง พ.ศ. 2542 มาตรา 3 สัญญาทางปกครอง หมายความรวมถึง สัญญาที่คู่สัญญาอย่างน้อยฝ่ายใดฝ่ายหนึ่งเป็นหน่วยงานทางปกครองและมีลักษณะเป็นสัญญาสัมปทาน สัญญาที่ให้จัดทำบริการสาธารณะ หรือจัดให้มีสิ่งสาธารณูปโภคหรือแสวงประโยชน์จากทรัพยากรธรรมชาติ 
มาตรา	9  ศาลปกครองมีอำนาจพิจารณาพิพากษาหรือมีคำสั่งในเรื่องดังต่อไปนี้
(4)	 คดีพิพาทเกี่ยวกับสัญญาทางปกครอง 	
ดังนั้น สัญญาทางปกครอง หมายความรวมถึง สัญญาที่คู่สัญญาอย่างน้อยฝ่ายใดฝ่ายหนึ่งเป็นหน่วยงานทางปกครองและมีลักษณะเป็นสัญญาสัมปทาน สัญญาที่ให้จัดทำบริการสาธารณะ หรือจัดให้มีสิ่งสาธารณูปโภคหรือแสวงประโยชน์จากทรัพยากรธรรมชาติ  กรณีเป็นเรื่องเกี่ยวกับการเลิกจ้างที่ไม่เป็นธรรมตามสัญญาจ้าง เนื่องจากสัญญาจ้างดังกล่าวเป็นสัญญาจ้างให้ปฏิบัติงานในหน่วยงานของรัฐซึ่งเป็นการจัดทำบริการสาธารณะ สัญญาจ้างดังกล่าวจึงเป็นสัญญาทางปกครอง คดีนี้จึงอยู่ในอำนาจพิจารณาพิพากษาของศาลปกครอง ตาม ม.9 วรรคหนึ่ง (4) แห่ง พรบ.จัดตั้งฯ ที่ศาลปกครองรับไว้พิจารณาพิพากษาได้ และมีอายุความ 5 ปีนับแต่วันที่มีการผิดสัญญาจ้างนั้น"
เป็นคดีที่อยู่ในอำนาจของศาลปกครองหรือไม่,กรมที่ดินมีหนังสือแจ้งผู้ปรึกษาว่า ได้ทำการเพิกถอนโฉนดที่ดินของตนแล้วและขอให้คืนที่ดิน ผู้ปรึกษาได้รับความเดือดร้อนมาก จึงจะฟ้องขอเรียกค่าเสียหายการสูญเสียที่ดินดังกล่าว ฟ้องศาลได้หรือไม่,พระราชบัญญัติจัดตั้งศาลปกครองและวิธีพิจารณาคดีปกครอง พ.ศ. 2542 ศาลปกครองมีอำนาจพิจารณาพิพากษาหรือมีคำสั่งในเรื่องดังต่อไปนี้มาตรา 9 วรรคหนึ่ง (3) คดีพิพาทเกี่ยวกับการกระทำละเมิดหรือความรับผิดอย่างอื่นของหน่วยงานทางปกครองหรือเจ้าหน้าที่ของรัฐอันเกิดจากการใช้อำนาจตามกฎหมาย หรือจากกฎ คำสั่งทางปกครอง หรือคำสั่งอื่น หรือจากการละเลยต่อหน้าที่ตามที่กฎหมายกำหนดให้ต้องปฏิบัติหรือปฏิบัติหน้าที่ดังกล่าวล่าช้าเกินสมควร    ท่านได้รับความเสียหายจากกรณีกรมที่ดินทำการเพิกถอนโฉนดที่ดินและขอให้คืนที่ดิน  ท่านย่อมมีสิทธินำคดีมาฟ้องร้องต่อศาลปกครองได้ และท่านได้รับความเสียหายจากการกระทำดังกล่าว คดีดังกล่าวมีลักษณะเป็นคดีพิพาทเกี่ยวกับการทำละเมิดของหน่วยงานทางปกครองหรือเจ้าหน้าที่ของรัฐอันเนื่องมาจากการใช้อำนาจตามที่กฎหมายกำหนดตามมาตรา 9 วรรคหนึ่ง (3) แห่งพระราชบัญญัติจัดตั้งศาลปกครองและวิธีพิจารณาคดีปกครอง พ.ศ. 2542 ซึ่งการฟ้องคดีดังกล่าวจะต้องยื่นฟ้องภายในหนึ่งปีนับแต่วันที่รู้หรือควรรู้ถึงเหตุแห่งการฟ้องคดี แต่ไม่เกินสิบปีนับแต่วันที่มีเหตุแห่งการฟ้องคดีตามมาตรา 51 แห่งพระราชบัญญัติเดียวกันในการเรียกร้องเงินค่าเสียหาย และกรณีนี้เป็นคดีมีทุนทรัพย์จะต้องชำระค่าธรรมเนียมศาลด้วย
เป็นคดีที่อยู่ในอำนาจของศาลปกครองหรือไม่,ผู้ขอปรึกษาชี้แจงว่า ตนเป็นเจ้าของที่ดิน ซึ่งถูก อบต. ประเมินภาษีที่ดินและสิ่งปลูกสร้างโดยไม่ถูกต้อง คือ อบต. ประเมินภาษีสูงเกินไปจากความเป็นจริง จึงขอปรึกษาว่าจะฟ้องคดีต่อศาลปกครองได้หรือไม่,"พระราชบัญญัติจัดตั้งศาลปกครองและวิธีพิจารณาคดีปกครอง พ.ศ. 2542 มาตรา	9  ศาลปกครองมีอำนาจพิจารณาพิพากษาหรือมีคำสั่งในเรื่องดังต่อไปนี้
(1) 	คดีพิพาทเกี่ยวกับการที่หน่วยงานทางปกครองหรือเจ้าหน้าที่ของรัฐกระทำการ
โดยไม่ชอบด้วยกฎหมายไม่ว่าจะเป็นการออกกฎ คำสั่งหรือการกระทำอื่นใดเนื่องจากกระทำโดยไม่มีอำนาจหรือนอกเหนืออำนาจหน้าที่หรือไม่ถูกต้องตามกฎหมาย หรือโดยไม่ถูกต้องตามรูปแบบขั้นตอน หรือวิธีการอันเป็นสาระสำคัญที่กำหนดไว้สำหรับการกระทำนั้น หรือโดยไม่สุจริต หรือมีลักษณะเป็นการเลือกปฏิบัติที่ไม่เป็นธรรม หรือมีลักษณะเป็นการสร้างขั้นตอนโดยไม่จำเป็นหรือสร้างภาระให้เกิดกับประชาชนเกินสมควร หรือเป็นการใช้ดุลพินิจโดยมิชอบ 	(2)	คดีพิพาทเกี่ยวกับการที่หน่วยงานทางปกครองหรือเจ้าหน้าที่ของรัฐละเลยต่อหน้าที่ตามที่กฎหมายกำหนดให้ต้องปฏิบัติ หรือปฏิบัติหน้าที่ดังกล่าวล่าช้าเกินสมควร 	(3)	คดีพิพาทเกี่ยวกับการกระทำละเมิดหรือความรับผิดอย่างอื่นของหน่วยงานทางปกครองหรือเจ้าหน้าที่ของรัฐอันเกิดจากการใช้อำนาจตามกฎหมาย หรือจากกฎ คำสั่งทางปกครอง หรือคำสั่งอื่น หรือจากการละเลยต่อหน้าที่ตามที่กฎหมายกำหนดให้ต้องปฏิบัติหรือปฏิบัติหน้าที่ดังกล่าวล่าช้าเกินสมควร 	(4)	คดีพิพาทเกี่ยวกับสัญญาทางปกครอง 	(5)	คดีที่มีกฎหมายกำหนดให้หน่วยงานทางปกครองหรือเจ้าหน้าที่ของรัฐฟ้องคดีต่อศาลเพื่อบังคับให้บุคคลต้องกระทำหรือละเว้นกระทำอย่างหนึ่งอย่างใด 	(6) 	คดีพิพาทเกี่ยวกับเรื่องที่มีกฎหมายกำหนดให้อยู่ในเขตอำนาจศาลปกครอง  
       	เรื่องดังต่อไปนี้ไม่อยู่ในอำนาจศาลปกครอง (1)	การดำเนินการเกี่ยวกับวินัยทหาร 	(2)	การดำเนินการของคณะกรรมการตุลาการตามกฎหมายว่าด้วยระเบียบข้าราชการฝ่ายตุลาการ	(3)	คดีที่อยู่ในอำนาจของศาลเยาวชนและครอบครัว ศาลแรงงาน ศาลภาษีอากร ศาลทรัพย์สินทางปัญญาและการค้าระหว่างประเทศ ศาลล้มละลาย หรือศาลชำนัญพิเศษอื่น 
       แนะนำว่า กรณี อบต. ประเมินภาษีที่ดินและสิ่งปลูกสร้างโดยไม่ถูกต้อง  ประเมินภาษีสูงเกินไปจากความเป็นจริง  เป็นคดีเกี่ยวกับการเรียกเก็บภาษีอากร คดีนี้จึงอยู่ในอำนาจพิจารณาพิพากษาของศาลภาษีอากร  ไม่ใช่คดีปกครองตาม ม.9 แห่งพระราชบัญญัติจัดตั้งศาลปกครองและวิธีพิจารณาคดีปกครอง พ.ศ. 2542 ที่ศาลปกครองจะรับไว้พิจารณาพิพากษาได้


"
เป็นคดีที่อยู่ในอำนาจของศาลปกครองหรือไม่,   เห็นว่าการออกใบอนุญาตให้ข้างบ้านก่อสร้างอาคารไม่ชอบ,  แนะนำว่า คำสั่งอนุญาตให้ก่อสร้างอาคารเป็นคำสั่งทางปกครอง หากเห็นว่าเป็นคำสั่งที่ไม่ชอบฟ้องต่อศาลปกครองขอให้แก้ไขหรือเพิกถอนคำสั่งดังกล่าว เป็นคดีพิพาทตามมาตรา 9 วรรหนึ่ง (1) แห่ง พ.ร.บ. จัดตั้งศาลปกครองฯ ทั้งนี้กรณีนี้ไม่ต้องอุทธรณ์คำสั่งก่อนเพราะไม่ใช่ผู้อยู่ภายใต้บังคับจากคำสั่งโดยตรง และให้ฟ้องต่อศาลภายใน 90 วันนับแต่วันที่รู้  ตามมาตรา 49 แห่ง พ.ร.บ. เดียวกัน
เป็นคดีที่อยู่ในอำนาจของศาลปกครองหรือไม่,   อบต. ขุดคูระบายน้ำรุกล้ำที่ดิน จะฟ้องศาลได้หรือไม่,   การขุดคูระบายน้ำของ อ.บ.ต.  เป็นการใช้อำนาจทางปกครอง หากไปก่อให้เกิดความเสียหายกับบุคคลใด ผู้ที่ได้รับความเสียหาย ชอบที่จะฟ้องต่อศาลปกครองเป็นคดีพิพาทตามมาตรา 9 วรรคหนึ่ง (3) แห่ง พ.ร.บ. จัดตั้งศาลปกครองฯ ขอให้ชดใช้ค่าเสียหาย หรือให้กระทำการอย่างใด ภายใน 1 ปีนับแต่วันที่รู้ถึงการละเมิดแต่ไม่เกิน 10 ปีตามมาตรา  51  แห่ง พ.ร. บ. เดียวกัน
เป็นคดีที่อยู่ในอำนาจของศาลปกครองหรือไม่,   ผู้เช่าค้างค่าไฟเป็นเงิน 8 แสนบาท การไฟฟ้าตัดไฟ ผู้เช่าหนี ผู้ให้เช่าไปติดต่อการไฟฟ้าให้ต่อไฟ แต่การไฟฟ้าเเจ้งว่าต้องจ่ายค่าไฟก่อน จึงจะมาต่อไฟฟ้าให้ ,"     แนะนำว่าการไฟฟ้าส่วนภูมิภาคมีฐานะเป็นนิติบุคคล มีวัตถุประสงค์ในการจัดให้ได้มาและจำหน่ายพลังงานไฟฟ้า และดำเนินธุรกิจเกี่ยวกับพลังงานไฟฟ้าจึงเป็นหน่วยงานทางปกครองตามมาตรา 3 แห่งพระราชบัญญัติจัดตั้งศาลปกครองและวิธีพิจารณาคดีปกครอง พ.ศ. 2542 มูลเหตุแห่งความเดือดร้อนนี้สืบเนื่องมาจากการที่ผู้ขอคำปรึกษาในฐานะผู้ถือกรรมสิทธิ์ในอาคารไปยื่นคำขอใช้ไฟฟ้ากับแต่การไฟฟ้าปฏิเสธไม่ดำเนินการให้ โดยอ้างว่า อาคารยังคงค้างชำระค่าไฟฟ้า ผู้ขอปรึกษาเห็นว่า ไม่ใช่ผู้ใช้ไฟฟ้าที่ค้างชำระค่าไฟฟ้า ผู้ใช้ไฟฟ้าที่ค้างชำระคือ ผู้เช่าอาคารดังกล่าว
     ดังนั้น  การที่ผู้ขอคำปรึกษาจะฟ้องว่า การไฟฟ้าไม่ดำเนินการต่อไฟฟ้าเข้าไปในอาคารตามที่ยื่นคำร้องขอ ทำให้ได้รับความเสียหาย เนื่องจากผู้ฟ้องคดีไม่สามารถเข้าอยู่ในอาคารหรือนำอาคารออกให้ผู้อื่นเช่าได้ ขอให้ศาลมีคำพิพากษาหรือคำสั่งให้การไฟฟ้า จ่ายกระแสไฟฟ้าให้กับผู้ฟ้องคดี เห็นว่ากรณีจึงเป็นคดีพิพาทเกี่ยวกับการที่หน่วยงานทางปกครองหรือเจ้าหน้าที่ของรัฐละเลยต่อหน้าที่ตามที่กฎหมายกำหนดให้ต้องปฏิบัติหรือปฏิบัติหน้าที่ดังกล่าวล่าช้าเกินสมควร ตามมาตรา 9 วรรคหนึ่ง (2) แห่งพระราชบัญญัติจัดตั้งศาลปกครองและวิธีพิจารณาคดีปกครอง พ.ศ. 2542 กรณีจึงอยู่ในอำนาจของศาลปกครองที่จะรับคำฟ้องนี้ไว้พิจารณาพิพากษาได้ ให้ท่านยื่นฟ้องต่อศาลปกครองระยองภายใน 90 วันนับแต่วันที่การไฟฟ้าปฏิเศษ"
เป็นคดีที่อยู่ในอำนาจของศาลปกครองหรือไม่,    ได้ร้องเรียนจรรยาบรรณแพทย์ต่อแพทยสภา ต่อมาได้รับหนังสือแจ้งมติยกคำร้อง  ไม่เห็นพ้องด้วยจะฟ้องเพิกถอนมติดังกล่าวต่อศาลปกครองได้หรือไม่,   แนะนำว่า แพทยสภาเป็นเจ้าหน้าที่ของรัฐ มติของแพทยสภาเป็นคำสั่งทางปกครอง ไม่ต้องอุทธรณ์ก่อนฟ้องคดี เมื่อโต้แย้งว่าเป็นมติที่ไม่ชอบจึงเป็นคดีพิพาทตามมาตรา 9วรรคหนึ่ง (1) ฟ้องขอให้ศาลเพิกถอนได้ภายใน 90 วันนับแต่วันได้รับมติ ตามมาตรา 49 แห่ง พ.ร.บ. เดียวกัน
เป็นคดีที่อยู่ในอำนาจของศาลปกครองหรือไม่,  ไม่ประสงค์จะแจ้งชื่อ แต่ขอปรึกษาว่า เจ้าหน้าที่กรมบังคับคดี มาทำการบังคับคดีโดยรื้อถอนอาคารของผู้ปรึกษาทำให้ได้รับความเสียหาย,    แนะนำว่าเจ้าหน้าที่ของกรมบังคับคดีเป็นเจ้าหน้าที่ของรัฐ การรื้อถอนอาคารเป็นการใช้อำนาจทางปกครอง เมื่อท่านเห็นว่าการรื้อถอนทำให้ท่านเสียหายเกินกว่าปกติของการบังคับคดี จึงเป็นคดีพิพาทเกี่ยวกับเจ้าหน้าที่ของรัฐกระทำละเมิดจากการให้อำนาจตามกฏหมายเป็นคดีพิพาทตามมาตรา 9 วรรคหนึ่ง (3) แห่ง พ.ร.บ. จัดตั้งศาลปกครองฯท่านฟ้องกรมบังคับคดีเป็นผู้ถูกฟ้องคดีเรียกค่าเสียหายต่อศาลปกครองภายใน 1 ปีนับแต่วันถูกกระทำละเมิดตามมาตรา 51 แห่ง พ.ร.บ. เดียวกัน
"ความรู้ทั่วไปเกี่ยวกับศาลปกครอง/คดีปกครอง, การจัดทำคำฟ้องหรือคำร้อง และขั้นตอนที่เกี่ยวข้อง",ผู้ขอคำปรึกษาสอบถามว่า กรณีที่ไม่เห็นด้วยกับค่าทดแทนอสังหาริมทรัพย์ที่ถูกเวนคืน จึงได้อุทธรณ์เรื่องดังกล่าวแล้ว แต่ยังไม่ได้รับแจ้งผลการพิจารณาอุทธรณ์ ผู้ขอคำปรึกษาจะสามรถนำเรื่องมาฟ้องคดีต่อศาลปกครองได้เลยหรือไม่ อย่างไร,"กรณีที่ผู้ขอคำปรึกษาไม่เห็นด้วยกับค่าทดแทนอสังหาริมทรัพย์ที่ถูกเวนคืน จึงได้อุทธรณ์เรื่องดังกล่าวแล้ว แต่ยังไม่ได้รับแจ้งผลการพิจารณาอุทธรณ์ จึงได้ให้คำแนะนำว่า ให้ผู้ขอคำปรึกษาตรวจสอบว่าหน่วยงานทางปกครองมีระยะเวลาการพิจารณาอุทธรณ์เรื่องดังกล่าวในระยะเวลาเท่าใด ซึ่งผู้ขอคำปรึกษาจะต้องรอให้พ้นกำหนดระยะเวลาการพิจารณาอุทธรณ์ดังกล่าวก่อน หากพ้นกำหนดระยะเวลาดังกล่าวแล้วยังไม่ได้รับแจ้งผลการพิจารณาอุทธรณ์ จึงมีสิทธินำเรื่องมาฟ้องคดีต่อศาลปกครองภายใน 90 วัน นับแต่วันที่พ้นกำหนด 90 วัน นับแต่วันที่ผู้ขอคำปรึกษาได้มีหนังสือร้องขอต่อหน่วยงานทางปกครอง ตามมาตรา 49 แห่งพระราชบัญญัติจัดตั้งศาลปกครองและวิธีพิจารณาคดีปกครอง พ.ศ. 2542 หรือหน่วยงานทางปกครองแจ้งผลการพิจารณาอุทธรณ์แล้ว แต่ผู้ขอคำปรึกษาไม่พอใจผลการพิจารณาของผู้มีอำนาจพิจารณาอุทธรณ์ ผู้ขอคำปรึกษาจะต้องตรวจสอบในหนังสือแจ้งผลการพิจารณาอุทธรณ์ดังกล่าว ว่าหน่วยงานทางปกครองได้แจ้งสิทธิการฟ้องคดีไว้ว่าจะต้องใช้สิทธิยื่นฟ้องคดีต่อศาลภายในระยะเวลาเท่าใด  โดยผู้ขอคำปรึกษาจะต้องยื่นฟ้องคดีต่อศาลภายในกำหนดระยะเวลาดังกล่าว แต่หากไม่มีกำหนดระยะเวลาการใช้สิทธิยื่นฟ้องคดีไว้ ผู้ขอคำปรึกษาจะต้องยื่นฟ้องคดีต่อศาลปกครองภายใน 90 วัน นับแต่วันที่รู้ถึงควรรู้ถึงเหตุถึงเหตุแห่งการฟ้องคดี ตามมาตรา 49 แห่งพระราชบัญญัติฉบับเดียวกัน
สำหรับการจัดทำคำฟ้องนั้นสามารถดาวน์โหลดแบบฟอร์มคำฟ้องได้จากเว็บไซต์ของศาลปกครอง ซึ่งอาจเขียนคำฟ้องเองด้วยลายมือหรือจะใช้วิธีการพิมพ์ก็ได้ โดยคำฟ้องให้ใช้ถ้อยคำสุภาพและต้องมีรายการครบถ้วนตามมาตรา 45 แห่งพระราชบัญญัติจัดตั้งศาลปกครองและวิธีพิจารณาคดีปกครอง พ.ศ. 2542 ดังนี้ (1) ชื่อและที่อยู่ของผู้ฟ้องคดี (2) ชื่อหน่วยงานทางปกครองหรือเจ้าหน้าที่ของรัฐที่เกี่ยวข้องอันเป็นเหตุแห่งการฟ้องคดี (3) การกระทำทั้งหลายที่เป็นเหตุแห่งการฟ้องคดี พร้อมทั้งข้อเท็จจริงหรือพฤติการณ์ตามสมควรเกี่ยวกับการกระทำดังกล่าว (4) คำขอของผู้ฟ้องคดี และ (5) ลายมือชื่อของผู้ฟ้องคดี โดยต้องจัดทำสำเนาคำฟ้องและสำเนาพยานหลักฐานที่รับรองสำเนาถูกต้องตามจำนวนของผู้ถูกฟ้องคดี ตามข้อ 33 แห่งระเบียบของที่ประชุมใหญ่ตุลาการในศาลปกครองสูงสุด ว่าด้วยวิธีพิจารณาคดีปกครอง พ.ศ. 2543 และในกรณีที่มีผู้ประสงค์จะฟ้องคดีหลายคนในเหตุเดียวกัน อาจยื่นคำฟ้องร่วมกันเป็นฉบับเดียวโดยจะมอบหมายให้ผู้ฟ้องคดีคนใดเป็นผู้แทนของผู้ฟ้องคดีทุกคนในการดำเนินคดีต่อไปก็ได้ โดยใช้แบบฟอร์มใบแต่งตั้งผู้แทน และแนบสำเนาบัตรประจำตัวของผู้ฟ้องคดีแต่ละคนมาด้วย 
ทั้งนี้ หากเป็นการฟ้องให้ใช้เงินหรือส่งมอบทรัพย์สิน ให้เสียค่าธรรมเนียมศาลโดยกรณีทุนทรัพย์ไม่เกิน 50 ล้านบาท ให้เสียค่าธรรมเนียมศาลร้อยละ 2 แต่ไม่เกิน 200,000 บาท ส่วนที่เกิน 50 ล้านบาทขึ้นไป ให้เสียค่าธรรมเนียมศาล ร้อยละ 0.1 ตามมาตรา 45 วรรคสี่ แห่งพระราชบัญญัติจัดตั้งศาลปกครองและวิธีพิจารณาคดีปกครอง พ.ศ. 2542 และหากผู้ฟ้องคดีไม่มีทรัพย์สินเพียงพอที่จะเสียค่าธรรมเนียมศาล หรือถ้าไม่ได้รับยกเว้นค่าธรรมเนียมศาลจะได้รับความเดือดร้อนเกินสมควร ให้ยื่นคำขอยกเว้นค่าธรรมเนียมศาล พร้อมแสดงหลักฐานประกอบต่อศาล ตามข้อ 41/1 ประกอบข้อ 41/2 แห่งระเบียบของที่ประชุมใหญ่ตุลาการในศาลปกครองสูงสุด ว่าด้วยวิธีพิจารณาคดีปกครอง พ.ศ. 2543"
ขอความเห็นทางกฎหมาย,ผู้ขอคำปรึกษาเป็นผู้ยื่นฟ้องการฌาปนกิจสงเคราห์ บริษัท ไปรษณีย์ไทย จำกัดและบริษัทไปรษณีย์ไทย จำกัด ต่อศาลปกครองว่าดำเนินการไม่ถูกต้องตามระเบียบข้อบังคับของฌาปนกิจสงเคราะห์เพื่อให้ศาลปกครองมีคำพิพากษาเพิกถอนการกระทำของฌาปนกิจสงเคราะห์  คดีนี้ศาลปกครองสุงสุดมีคำสั่งไม่รับคำฟ้องไว้พิจารณา ขอสอบถามเหตุผลในการไม่รับคำฟ้อง เนื่องจากเห็นว่า บริษัทไปรษณีย์ไทย จำกัด เป็นรัฐวิสาหกิจ ฌาปนกิจสงเคราะห์เป็นส่วนหนึ่งของกิจการด้วย ดังนั้น หากฌาปนกิจสงเคราะห์ดำเนินการไม่ถูกต้องตามระเบีนบข้อบังคับก็ควรจะเป็นการกระทำที่ไม่ชอบด้วยกฎหมายที่อยู่ในอำนาจของศาลปกครอง,พ.ร.บ.จัดตั้งศาลปกครองฯบัญญัติว่ากำหนดนิยาม “หน่วยงานทางปกครอง” หมายความว่า กระทรวง ทบวง กรม ส่วนราชการที่เรียกชื่ออย่างอื่นและมีฐานะเป็นกรม ราชการส่วนภูมิภาค ราชการส่วนท้องถิ่น รัฐวิสาหกิจที่ตั้งขึ้นโดยพระราชบัญญัติหรือพระราชกฤษฎีกา หรือหน่วยงานอื่นของรัฐ และให้หมายความรวมถึงหน่วยงานที่ได้รับมอบหมายให้ใช้อำนาจทางปกครองหรือให้ดำเนินกิจการทางปกครอง และมาตรา 42 วรรคหนึ่งแห่งพ.ร.บ.ฉบับเดียวกัน บัญญัติว่า ผู้ใดได้รับความเดือดร้อนหรือเสียหาย หรืออาจจะเดือดร้อนหรือเสียหายโดยมิอาจหลีกเลี่ยงได้อันเนื่องจากการกระทำหรือการงดเว้นการกระทำของหน่วยงานทางปกครองหรือเจ้าหน้าที่ของรัฐหรือมีข้อโต้แย้งเกี่ยวกับสัญญาทางปกครอง หรือกรณีอื่นใดที่อยู่ในเขตอำนาจศาลปกครองตามมาตรา 9 และการแก้ไขหรือบรรเทาความเดือดร้อนหรือความเสียหายหรือยุติข้อโต้แย้งนั้น ต้องมีคำบังคับตามที่กำหนดในมาตรา 72 ผู้นั้นมีสิทธิฟ้องคดีต่อศาลปกครอง ดังนั้น แม้บริษัท ไปรษณีย์ไทยจำกัดจะเป็นหน่วยงานที่ได้รับมบอหมายให้ใช้อำนาจทางปกครองหรือดำเนินกิจกรรมทางปกครองตามพระราชกฤษฎีกากำหนดอำนาจ สิทธิ และประโยชน์ของบริษัท ไปรษณีย์ไทย จำกัด พ.ศ. 2546 ในการจดทำภารกิจด้านขนส่งไปรษณีย์และพัสดุก็ตาม แต่การจัดตั้งสมาคมฌาปนกิจสงเคราะห์ของการฌาปนกิจสงเคราห์ บริษัท ไปรษณีย์ไทย จำกัดต้องทำตามขั้นตอนทางกฎหมายเป็นนิติบุคคลตามพระราชบัญญัติการฌาปนกิจสงเคราะห์ พ.ศ. 2545 แยกต่างหากจากบริษัท ไปรษณีย์ไทย จำกัด ซึ่งไม่ถือเป็หน่วยงานทางปกครองตามพ.ร.บ.จัดตั้งศาลปกครองฯ เมื่อการฌาปนกิจสงเคราห์ บริษัท ไปรษณีย์ไทย จำกัดดำเนินการไม่ถูกต้องตามระเบียบข้อบังคับ จึงไม่ใช้การใช้อำนาจหน้าที่ตามกฎหมายของหน่วยงานทางปกครอง ผู้ฟ้องคดีจึงไม่ใช่ได้รับความเดือดร้อนหรือเสียหาย หรืออาจจะเดือดร้อนหรือเสียหายโดยมิอาจหลีกเลี่ยงได้อันเนื่องจากการกระทำหรือการงดเว้นการกระทำของหน่วยงานทางปกครองหรือเจ้าหน้าที่ของรัฐหรือมีข้อโต้แย้งเกี่ยวกับสัญญาทางปกครอง หรือกรณีอื่นใดที่อยู่ในเขตอำนาจศาลปกครองตามมาตรา 9 ที่จะมีสิทธิฟ้องคดีต่อศาลปกครองตามมาตรา 42 วรรคหนึ่งแห่งพ.ร.บ.จัดตั้งศาลปกครองฯแต่อย่างใด
"ความรู้ทั่วไปเกี่ยวกับศาลปกครอง/คดีปกครอง, การจัดทำคำฟ้องหรือคำร้อง และขั้นตอนที่เกี่ยวข้อง",ผู้ขอคำปรึกษาเป็นข้าราชการพลเรือนเป็นผู้ได้รับความเดือดร้อนเสียหายจากคำสั่งลงโทษวินัยตัดเงินเดือน ผู้ขอคำปรึกษาไม่เห็นด้วยกับคำสั่งจึงยื่นอุทธรณ์ต่อคณะกรรมการพิทักษ์ระบบคุณธรรม ก.พ.ค. ปัจจุบันอยู่ในระหว่างการพิจารณาของก.พ.ค. ขอสอบถามว่าจะฟ้องคดีต่อศาลปกครองได้เมื่อใด,กรณีที่เห็นว่า คำสั่งลงโทษทางวินัยตัดเงินเดือนไม่ชอบด้วยกฎหมายและมีความประสงค์ในการฟ้องเพิกถอนคำสั่งดังกล่าวนั้นเป็นคดีพิพาทเกี่ยวกับการที่เจ้าหน้าที่ของรัฐออกคำสั่งโดยไม่ชอบด้วยกฎหมายตามมารา 9 วรรคหนึ่ง (1) แห่งพ.ร.บ.จัดตั้งศาลปกครองฯ กรณีนี้ผู้ขอคำปรึกษาจะแก้ไขความเดือดร้อนเสียหายตามขั้นตอนหรือวิธีการที่กฎหมายกำหนดไว้โดยเฉพาะตามพ.ร.บ.ระเบียบข้าราชการพลเรือนฯ โดยจะต้องยื่นอุทธรณ์คำสั่งค่อคณะกรรมการพิทักษ์ระบบคุณธรรม ก.พ.ค.และมีผลการพิจารณาอุทธรณ์ออกมา ผู้ขอคำปรึกษาจึงจะเป็นผู้มีสิทธิฟ้องคดีต่อศาลปกครองตามาตรา 42 วรรคสองแห่งพ.ร.บ.จัดตั้งศาลปกครองฯ ผู้ขอคำปรึกษาจะต้องยื่นฟ้องคดีต่อศาลปกครองสูงสุดภายใน 90 วันนับแต่วันที่รู้ถึงเหตุแห่งการฟ้องคดีตามมาตรา 116 วรรคสองแห่งพ.ร.บ.ระเบียบข้าราชการพลเรือนฯ อย่างไรก็ตาม หากยังไม่ได้รับผลการพิจารณาอุทธรณ์จะฟ้องคดีต่อศาลปกครองสูงสุดไม่ได้ จะฟ้องได้เพียงยื่นฟ้องก.พ.ค.ต่อศาลปกครองชั้นต้นเป็นคดีพิพาทเกี่ยวกับการที่เจ้าหน้าที่ของรัฐละเลยการปฏิบัติหน้าที่ที่กฎหมายกำหนดให้ต้องปฏิบัติตามมาตรา 9 วรรคหนึ่ง (2) แห่งพ.ร.บ.จัดตั้งศาลปกครองฯ เพื่อขอให้ศาลมีคำพิพากษาให้ก.พ.ค.มีคำวินิจฉัยอุทธรณ์ ภายใน 90 วันนับแต่วันที่รู้ถึงเหตุแห่งการฟ้องคดีตามมาตรา 49 แห่งพ.ร.บ.จัดตั้งศาลปกครองซึ่งได้แก่วันครบกำหนดระยะเวลาที่ต้องพิจารณาอุทธรณ์ให้แล้วเสร็จ  ผู้ขอคำปรึกษาจะต้องจัดทำคำฟ้องตามมาตรา 45 แห่งพ.ร.บ.จัดตั้งศาลปกครองฯโดยกำหนดให้ คณะกรรมการพิทักษ์ระบบคุณธรรมซึ่งเป็นผู้พิจารณาอุทธรณ์เป็นผู้ถูกฟ้องคดี บรรยายขเอเท้จจริงที่เกิดขึ้นและอธิบายว่าคำสั่งและผลการพิจารณาอุทธรณ์ไม่ชอบด้วยกฎหมายเนื่องจากเหตุผลใด และระบุคำขอท้ายคำฟ้องขอให้มีคำวินิจฉัยอุทธรณ์ตามอำนาจหน้าที่พ.ร.บ.ระเบียบข้าราชการพลเรือนซึ่งเป็นคำขอที่ศาลสามารถออกคำบังคับได้ตามมาตรา 72 วรรคหนึ่ง (2) แห่งพ.ร.บ.จัดตั้งศาลปกครองฯ
ความรู้ทั่วไปเกี่ยวกับศาลปกครอง/คดีปกครอง,ผู้ขอคำปรึกษาสอบถามเกี่ยวกับระยะเวลาการฟ้องคดีต่อศาลปกครอง,"ได้ให้คำแนะนำ ดังนี้
1. คดีพิพาทเกี่ยวกับการที่หน่วยงานทางปกครองหรือเจ้าหน้าที่ของรัฐกระทำการโดยไม่ชอบด้วยกฎหมายไม่ว่าจะเป็นการออกกฎ หรือคำสั่ง ตามมาตรา 9 วรรคหนึ่ง (1) แห่งพระราชบัญญัติจัดตั้งศาลปกครองและวิธีพิจารณาคดีปกครอง พ.ศ. 2542 จะต้องยื่นฟ้องภายในเก้าสิบวันนับแต่วันที่รู้หรือควรรู้ถึงเหตุแห่งการฟ้องคดี ตามมาตรา 49 แห่งพระราชบัญญัติฉบับเดียวกัน
2. คดีพิพาทเกี่ยวกับการที่หน่วยงานทางปกครองหรือเจ้าหน้าที่ของรัฐละเลยต่อหน้าที่ตามที่กฎหมายกำหนดให้ต้องปฏิบัติ หรือปฏิบัติหน้าที่ดังกล่าวล่าช้าเกินสมควร ตามมาตรา 9 วรรคหนึ่ง (2) แห่งพระราชบัญญัติจัดตั้งศาลปกครองและวิธีพิจารณาคดีปกครอง พ.ศ. 2542 จะต้องยื่นฟ้องภายในเก้าสิบวัน นับแต่วันที่พ้นกำหนดเก้าสิบวันนับแต่วันที่ผู้ฟ้องคดีได้มีหนังสือร้องขอต่อหน่วยงานทางปกครองหรือเจ้าหน้าที่ของรัฐเพื่อให้ปฏิบัติหน้าที่ตามที่กฎหมายกำหนดและไม่ได้รับหนังสือชี้แจงจากหน่วยงานทางปกครอง หรือเจ้าหน้าที่ของรัฐหรือได้รับแต่เป็นคำชี้แจงที่ผู้ฟ้องคดีเห็นว่าไม่มีเหตุผล ตามมาตรา 49 แห่งพระราชบัญญัติฉบับเดียวกัน
3. คดีพิพาทเกี่ยวกับการกระทำละเมิดหรือความรับผิดอย่างอื่น ตามมาตรา 9 วรรคหนึ่ง (3) แห่งพระราชบัญญัติจัดตั้งศาลปกครองและวิธีพิจารณาคดีปกครอง พ.ศ. 2542 จะต้องยื่นฟ้องภายในหนึ่งปี นับแต่วันที่รู้หรือควรรู้ถึงเหตุแห่งการฟ้องคดี แต่ไม่เกินสิบปีนับแต่วันที่มีเหตุแห่งการฟ้องคดี ตามมาตรา 51 แห่งพระราชบัญญัติฉบับเดียวกัน
4. คดีพิพาทเกี่ยวกับสัญญาทางปกครอง ตามมาตรา 9 วรรคหนึ่ง (4) แห่งพระราชบัญญัติจัดตั้งศาลปกครองและวิธีพิจารณาคดีปกครอง พ.ศ. 2542 จะต้องยื่นฟ้องภายในห้าปี นับแต่วันที่รู้หรือควรรู้ถึงเหตุแห่งการฟ้องคดี แต่ไม่เกินสิบปีนับแต่วันที่มีเหตุแห่งการฟ้องคดี ตามมาตรา 51 แห่งพระราชบัญญัติฉบับเดียวกัน
ทั้งนี้ หากเป็นการฟ้องคดีปกครองที่เกี่ยวกับการคุ้มครองประโยชน์สาธารณะ หรือสถานะของบุคคลจะยื่นฟ้องคดีเมื่อใดก็ได้ และหากเป็นการฟ้องคดีปกครองที่ยื่นเมื่อพ้นกำหนดเวลาการฟ้องคดีแล้ว ถ้าศาลปกครองเห็นว่าคดีที่ยื่นฟ้องนั้นจะเป็นประโยชน์แก่ส่วนรวมหรือมีเหตุจำเป็นอื่นโดยศาลเห็นเองหรือคู่กรณีมีคำขอ ศาลปกครองจะรับไว้พิจารณาก็ได้ ตามมาตรา 52 แห่งพระราชบัญญัติจัดตั้งศาลปกครองและวิธีพิจารณาคดีปกครอง พ.ศ. 2542 "
"เป็นคดีที่อยู่ในอำนาจของศาลปกครองหรือไม่, การจัดทำคำฟ้องหรือคำร้อง และขั้นตอนที่เกี่ยวข้อง",ได้รับอุบัติเหตุจากพื้นทางเดินสาธารณะ ต้องการเรียกค่าเสียหาย ติดต่อหน่วยงานที่รับผิดชอบแล้ว แต่เงียบเฉยไม่ดำเนินการใดๆ,"สามารถยื่นคำฟ้องต่อศาลปกครอง โดยเป็นคดีตามมาตรา 9 วรรคหนึ่ง(3) แห่งพรบ.จัดตั้งศาลปกครองฯ2542 บัญญัติว่า ศาลปกครองมีอำนาจพิจารณาพิพากษาหรือมีคำสั่งในเรื่องดังต่อไปนี้
	(3)	คดีพิพาทเกี่ยวกับการกระทำละเมิดหรือความรับผิดอย่างอื่นของหน่วยงานทางปกครองหรือเจ้าหน้าที่ของรัฐอันเกิดจากการใช้อำนาจตามกฎหมาย หรือจากกฎ คำสั่งทางปกครอง หรือคำสั่งอื่น 
หรือจากการละเลยต่อหน้าที่ตามที่กฎหมายกำหนดให้ต้องปฏิบัติหรือปฏิบัติหน้าที่ดังกล่าวล่าช้าเกินสมควร
โดยมีลักษณะคำฟ้อง ตามมาตรา 45 แห่ง พรบ.จัดตั้งศาลปกครองฯ2542 บัญญัติว่า คำฟ้องให้ใช้ถ้อยคำสุภาพและต้องมี
	(1)	ชื่อและที่อยู่ของผู้ฟ้องคดี
	(2)	ชื่อหน่วยงานทางปกครองหรือเจ้าหน้าที่ของรัฐที่เกี่ยวข้องอันเป็นเหตุแห่งการฟ้องคดี
	(3)	การกระทำทั้งหลายที่เป็นเหตุแห่งการฟ้องคดี พร้อมทั้งข้อเท็จจริงหรือพฤติการณ์
ตามสมควรเกี่ยวกับการกระทำดังกล่าว
	(4)	คำขอของผู้ฟ้องคดี
	(5)	ลายมือชื่อของผู้ฟ้องคดี ถ้าเป็นการยื่นฟ้องคดีแทนผู้อื่นจะต้องแนบใบมอบฉันทะ
ให้ฟ้องคดีมาด้วย
ทั้งนี้ ผู้ฟ้องคดีต้องเสียค่าธรรมเนียมในการวางศาลร้อยละสอง ของมูลค่าความเสียหายที่เรียก"
เป็นคดีที่อยู่ในอำนาจของศาลปกครองหรือไม่,ผู้ขอคำปรึกษาขอสอบถามว่ากรณีที่หน่วยงานของรัฐผิดสัญญาไม่จ่ายเงินค่าติดตั้งแผงวงจรพลังงานไฟฟ้าแสงอาทิตย์ให้กับหน่วยงานของรัฐเป็นคดีที่อยู่ในอำนาจของศาลปกครองหรือไม่,พ.ร.บ.จัดตั้งศาลปกครองฯบัญญัตินิยาม “สัญญาทางปกครอง” หมายความรวมถึง สัญญาที่คู่สัญญาอย่างน้อยฝ่ายใดฝ่ายหนึ่งเป็นหน่วยงานทางปกครองหรือเป็นบุคคลซึ่งกระทำการแทนรัฐ และมีลักษณะเป็นสัญญาสัมปทาน สัญญาที่ให้จัดทำบริการสาธารณะ หรือจัดให้มีสิ่งสาธารณูปโภคหรือแสวงประโยชน์จากทรัพยากรธรรมชาติ เมื่อสัญญาจัดหาและติดตั้งแผงวงจรพลังงานไฟฟ้าแสงอาทิตย์มีวัตถุประสงค์เพื่ออนุรักษ์และลดการใช้พลังงานภายในอาคารของหน่วยงานของรัฐ มิได้มีลักษณะเป็นสัญญาสัมปทาน สัญญาที่ให้จัดทำบริการสาธารณะ หรือจัดให้มีสิ่งสาธารณูปโภคหรือแสวงประโยชน์จากทรัพยากรธรรมชาติ หรือเป็นสัญญาที่ตกลงให้คู่สัญญาอีกฝ่ายหนึ่งเข้าร่วมดำเนินการบริการสาธารณะโดยตรง หรือมีข้อกำหนดที่แสดงถึงเอกสารสิทธิ์เพื่อให้การบริการสาธาณณะบรรลุผล สัญญาดังกล่าวจึงเป็นสัญญาทางแพ่งของรัฐ เมื่อเกิดข้อพิพาทในการจ่ายเงินตามสิทธิในสัญญาจึงเป้นอำนาจในการพิจารณาของศาลยุติธรรม (เทียบเคียงคำสั่งศาลปกครองสูงสุดที่ 1770/2566)
"ความรู้ทั่วไปเกี่ยวกับศาลปกครอง/คดีปกครอง, เป็นคดีที่อยู่ในอำนาจของศาลปกครองหรือไม่",ผู้ขอคำปรึกษาสอบถามว่า กรณีที่เห็นว่าเจ้าหน้าที่เทศบาลทำการประเมินภาษีไม่ถูกต้องทำให้ผู้ขอคำปรึกษาต้องเสียค่าภาษีเพิ่มขึ้นกว่าเดิม จะสามารถฟ้องคดีต่อศาลปกครองได้หรือไม่ อย่างไร,กรณีที่ผู้ขอคำปรึกษาเห็นว่าเจ้าหน้าที่เทศบาลทำการประเมินภาษีไม่ถูกต้องทำให้ผู้ขอคำปรึกษาต้องเสียค่าภาษีเพิ่มขึ้นกว่าเดิม จึงได้ให้คำแนะนำว่า ศาลปกครองมีอำนาจพิจารณาพิพากษาหรือมีคำสั่งในเรื่องที่กำหนดไว้ในมาตรา 9 วรรคหนึ่ง แห่งพระราชบัญญัติจัดตั้งศาลปกครองและวิธีพิจารณาคดีปกครอง พ.ศ. 2542 ดังต่อไปนี้ (1) คดีพิพาทเกี่ยวกับการที่หน่วยงานทางปกครองหรือเจ้าหน้าที่ของรัฐกระทำการโดยไม่ชอบด้วยกฎหมายไม่ว่าจะเป็นการออกกฎ หรือคำสั่ง (2) คดีพิพาทเกี่ยวกับการที่หน่วยงานทางปกครองหรือเจ้าหน้าที่ของรัฐละเลยต่อหน้าที่ตามที่กฎหมายกำหนดให้ต้องปฏิบัติ หรือปฏิบัติหน้าที่ดังกล่าวล่าช้าเกินสมควร (3) คดีพิพาทเกี่ยวกับการกระทำละเมิดหรือความรับผิดอย่างอื่นของหน่วยงานทางปกครองหรือเจ้าหน้าที่ของรัฐอันเกิดจากการใช้อำนาจตามกฎหมาย หรือจากกฎ คำสั่งทางปกครอง หรือคำสั่งอื่น หรือจากการละเลยต่อหน้าที่ตามที่กฎหมายกำหนดให้ต้องปฏิบัติหรือปฏิบัติหน้าที่ดังกล่าวล่าช้าเกินสมควร (4) คดีพิพาทเกี่ยวกับสัญญาทางปกครอง (5) คดีที่มีกฎหมายกำหนดให้หน่วยงานทางปกครองหรือเจ้าหน้าที่ของรัฐฟ้องคดีต่อศาล เพื่อบังคับให้บุคคลต้องกระทำหรือละเว้นกระทำอย่างหนึ่งอย่างใด และ (6) คดีพิพาทเกี่ยวกับเรื่องที่มีกฎหมายกำหนดให้อยู่ในเขตอำนาจศาลปกครอง รวมทั้ง มาตรา 9 วรรคสอง แห่งพระราชบัญญัติฉบับดังกล่าว กำหนดว่าเรื่องดังต่อไปนี้ไม่อยู่ในอำนาจศาลปกครอง (1) การดำเนินการเกี่ยวกับวินัยทหาร (2) การดำเนินการของคณะกรรมการตุลาการตามกฎหมายว่าด้วยระเบียบข้าราชการฝ่ายตุลาการ (3) คดีที่อยู่ในอำนาจของศาลเยาวชนและครอบครัว ศาลแรงงาน ศาลภาษีอากร ศาลทรัพย์สินทางปัญญาและการค้าระหว่างประเทศ ศาลล้มละลาย หรือศาลชำนัญพิเศษอื่น เมื่อข้อเท็จจริงปรากฏว่ากรณีของผู้ขอคำปรึกษาเป็นการที่เจ้าหน้าที่เทศบาลทำการประเมินภาษีไม่ถูกต้อง จึงอยู่ในเขตอำนาจของศาลภาษีอากร ตามมาตรา 9 วรรคสอง (3) แห่งพระราชบัญญัติจัดตั้งศาลปกครองและวิธีพิจารณาคดีปกครอง พ.ศ. 2542 อย่างไรก็ตาม ได้แนะนำให้ผู้ขอคำปรึกษาสอบถามเรื่องดังกล่าวไปยังศาลภาษีอากรอีกครั้งหนึ่งด้วย
"ขอความเห็นทางกฎหมาย, การจัดทำคำฟ้องหรือคำร้อง และขั้นตอนที่เกี่ยวข้อง",ผู้ขอคำปรึกษาเป็นมารดาของบุตรที่ได้รับความเดือดร้อนเสียหายจากหน่วยงานทางปกครองหรือเจ้าหน้าที่ของรัฐที่มีคาวมประสงค์ในการฟ้องคดีต่อศาลปกครอง จึงขอคำปรึกษาเกี่ยวกับการจัดทำคำฟ้องของบุตรต่อศาล,้ข้อ 27 แห่งระเบียบของที่ประชุมใหญ่ฯว่าด้วยวิธีพิจารณาคดีปกครองฯกำหนดว่า ในกรณีที่ผู้เยาว์ซึ่งมีอายุไม่ต่ำกว่าสิบห้าปีบริบูรณ์ประสงค์จะฟ้องคดีปกครองด้วยตนเอง ถ้าศาลเห็นสมควร จะอนุญาตให้ฟ้องคดีปกครองด้วยตนเองก็ได้ ในกรณีเช่นว่านี้ให้พนักงานเจ้าหน้าที่ของศาลแจ้งให้ผู้แทนโดยชอบธรรมของผู้เยาว์ดังกล่าวทราบ และศาลอาจมีคำสั่งให้ผู้แทนโดยชอบธรรมนั้นหรือบุคคลอื่นที่เกี่ยวข้องให้ข้อเท็จจริงต่อศาลเพื่อประกอบการพิจารณาได้ ดังนั้นผู้แทนโดยชอบธรรมจะเข้ามาดำเนินคดีแทนผู้ฟ้องคดี ในคำฟ้องให้ระบุว่าเด็กชาย/เด็กหญิง... โดยนาย/นาง[ชื่อสมมติ]และเป็นผู้ลงลายมือชื่อของผู้ฟ้องคดีในท้ายคำฟ้องคำร้องคำขอคำคู่ความอื่น
"ความรู้ทั่วไปเกี่ยวกับศาลปกครอง/คดีปกครอง, การจัดทำคำฟ้องหรือคำร้อง และขั้นตอนที่เกี่ยวข้อง",ผู้ขอคำปรึกษาสอบถามว่า ในการจัดทำคำฟ้องยื่นต่อศาลจะต้องทำสำเนาคำฟ้องและพยานหลักฐานจำนวนเท่าใด และหากมอบอำนาจให้บุคคลอื่นดำเนินคดีแทน จะต้องทำอย่างไร,ได้ให้คำแนะนำว่า กรณีที่ผู้ขอคำปรึกษามีความประสงค์จะจัดทำคำฟ้องยื่นต่อศาลปกครอง สามารถดาวน์โหลดแบบฟอร์มคำฟ้องได้จากเว็บไซต์ของศาลปกครอง โดยคำฟ้องให้ใช้ถ้อยคำสุภาพและต้องมีรายการครบถ้วนตามมาตรา 45 แห่งพระราชบัญญัติจัดตั้งศาลปกครองและวิธีพิจารณาคดีปกครอง พ.ศ. 2542 ดังนี้ (1) ชื่อและที่อยู่ของผู้ฟ้องคดี (2) ชื่อหน่วยงานทางปกครองหรือเจ้าหน้าที่ของรัฐที่เกี่ยวข้องอันเป็นเหตุแห่งการฟ้องคดี (3) การกระทำทั้งหลายที่เป็นเหตุแห่งการฟ้องคดี พร้อมทั้งข้อเท็จจริงหรือพฤติการณ์ตามสมควรเกี่ยวกับการกระทำดังกล่าว (4) คำขอของผู้ฟ้องคดี และ (5) ลายมือชื่อของผู้ฟ้องคดี โดยต้องจัดทำสำเนาคำฟ้องและสำเนาพยานหลักฐานที่รับรองสำเนาถูกต้องตามจำนวนของผู้ถูกฟ้องคดี ตามข้อ 33 แห่งระเบียบของที่ประชุมใหญ่ตุลาการในศาลปกครองสูงสุด ว่าด้วยวิธีพิจารณาคดีปกครอง พ.ศ. 2543 ซึ่งผู้ขอคำปรึกษาสามารถเลือกยื่นคำฟ้องได้ 3 ช่องทาง คือ (1) ยื่นด้วยตนเองที่ศาลปกครอง (2) ส่งทางไปรษณีย์ลงทะเบียน หรือ (3) ยื่นทางระบบอิเล็กทรอนิกส์ และให้ยื่นฟ้องต่อศาลปกครองชั้นต้นที่ผู้ฟ้องคดีมีภูมิลำเนาหรือที่มูลคดีเกิดขึ้นก็ได้ ตามมาตรา 46 ประกอบมาตรา 47 วรรคหนึ่ง แห่งพระราชบัญญัติฉบับเดียวกัน และหากผู้ฟ้องคดีประสงค์จะให้บุคคลอื่นเป็นผู้ดำเนินคดีแทน จะต้องจัดทำใบมอบอำนาจพร้อมแนบสำเนาบัตรประจำตัวของผู้มอบอำนาจและผู้รับมอบอำนาจพร้อมปิดอากรแสตมป์ให้ครบถ้วน โดยแบบฟอร์มใบมอบอำนาจสามารถดาวน์โหลดได้จากเว็บไซต์ของศาลปกครอง ซึ่งได้มีตัวอย่างการเขียนใบมอบอำนาจไว้ด้วย 
"ความรู้ทั่วไปเกี่ยวกับศาลปกครอง/คดีปกครอง, การจัดทำคำฟ้องหรือคำร้อง และขั้นตอนที่เกี่ยวข้อง",ผู้ขอคำปรึกษาสอบถามว่า กรณีที่ผู้ขอคำปรึกษามีหนังสือถึงเทศบาลเพื่อให้ดำเนินการตามหน้าที่ แต่หน่วยงานดังกล่าวละเลยไม่ดำเนินการใด หากมีความประสงค์จะฟ้องคดีต่อศาลปกครอง จะสามารถยื่นฟ้องคดีได้ทางใดบ้าง,กรณีที่ผู้ขอคำปรึกษามีหนังสือถึงเทศบาลเพื่อให้ดำเนินการตามหน้าที่ แต่หน่วยงานดังกล่าวละเลยไม่ดำเนินการใด จึงมีความประสงค์จะฟ้องคดีต่อศาลปกครอง จึงได้ให้คำแนะนำว่า เมื่อผู้ขอคำปรึกษาได้มีหนังสือถึงหน่วยงานทางปกครองเพื่อให้ปฏิบัติหน้าที่ตามที่กฎหมายกำหนดให้ต้องปฏิบัติ หากพ้นกำหนดเก้าสิบวันนับแต่วันที่ได้มีหนังสือดังกล่าวแล้ว ไม่ได้รับหนังสือชี้แจงจากหน่วยงาน จึงมีสิทธินำคดีมาฟ้องต่อศาลปกครองภายในเก้าสิบวันนับแต่วันที่พ้นกำหนดระยะเวลาดังกล่าว ตามมาตรา 49 แห่งพระราชบัญญัติจัดตั้งศาลปกครองและวิธีพิจารณาคดีปกครอง พ.ศ. 2542 สำหรับการจัดทำคำฟ้องนั้นสามารถดาวน์โหลดแบบฟอร์มคำฟ้องได้จากเว็บไซต์ของศาลปกครอง โดยคำฟ้องให้ใช้ถ้อยคำสุภาพและต้องมีรายการครบถ้วนตามมาตรา 45 แห่งพระราชบัญญัติจัดตั้งศาลปกครองและวิธีพิจารณาคดีปกครอง พ.ศ. 2542 ดังนี้ (1) ชื่อและที่อยู่ของผู้ฟ้องคดี (2) ชื่อหน่วยงานทางปกครองหรือเจ้าหน้าที่ของรัฐที่เกี่ยวข้องอันเป็นเหตุแห่งการฟ้องคดี (3) การกระทำทั้งหลายที่เป็นเหตุแห่งการฟ้องคดี พร้อมทั้งข้อเท็จจริงหรือพฤติการณ์ตามสมควรเกี่ยวกับการกระทำดังกล่าว (4) คำขอของผู้ฟ้องคดี และ (5) ลายมือชื่อของผู้ฟ้องคดี และหากผู้ฟ้องคดีประสงค์จะให้บุคคลอื่นเป็นผู้ดำเนินคดีแทน จะต้องจัดทำใบมอบอำนาจพร้อมแนบสำเนาบัตรประจำตัวของผู้มอบอำนาจและผู้รับมอบอำนาจพร้อมปิดอากรแสตมป์มาด้วย โดยต้องจัดทำสำเนาคำฟ้องและสำเนาพยานหลักฐานที่รับรองสำเนาถูกต้องตามจำนวนของผู้ถูกฟ้องคดี ตามข้อ 33 แห่งระเบียบของที่ประชุมใหญ่ตุลาการในศาลปกครองสูงสุด ว่าด้วยวิธีพิจารณาคดีปกครอง พ.ศ. 2543 ซึ่งผู้ขอคำปรึกษาสามารถเลือกยื่นคำฟ้องได้ 3 ช่องทาง คือ (1) ยื่นด้วยตนเองที่ศาลปกครอง (2) ส่งทางไปรษณีย์ลงทะเบียน หรือ (3) ยื่นทางระบบอิเล็กทรอนิกส์ และให้ยื่นฟ้องต่อศาลปกครองชั้นต้นที่ผู้ฟ้องคดีมีภูมิลำเนาหรือที่มูลคดีเกิดขึ้นก็ได้ ตามมาตรา 46 ประกอบมาตรา 47 วรรคหนึ่ง แห่งพระราชบัญญัติฉบับเดียวกัน ซึ่งกรณีดังกล่าวผู้ฟ้องคดีมีภูมิลำเนาและมูลคดีเกิดที่จังหวัดมุกดาหาร จึงอยู่ในเขตอำนาจของศาลปกครองขอนแก่น
ความรู้ทั่วไปเกี่ยวกับศาลปกครอง/คดีปกครอง,ผู้ขอคำปรึกษาสอบถามว่า กรณีที่มีความประสงค์จะฟ้องคดีต่อศาลปกครองอันเป็นคดีพิพาทเกี่ยวกับการกระทำละเมิดของหน่วยงานทางปกครอง จะต้องยื่นฟ้องภายในระยะเวลาเท่าใด และต้องเสียค่าธรรมเนียมศาลในอัตราเท่าใด,"ได้ให้คำแนะนำว่า กรณีที่ผู้ขอคำปรึกษามีความประสงค์จะฟ้องคดีต่อศาลปกครองอันเป็นคดีพิพาทเกี่ยวกับการกระทำละเมิดของหน่วยงานทางปกครอง ตามมาตรา 9 วรรคหนึ่ง (3) แห่งพระราชบัญญัติจัดตั้งศาลปกครองและวิธีพิจารณาคดีปกครอง พ.ศ. 2542 จะต้องยื่นฟ้องภายในหนึ่งปีนับแต่วันที่รู้หรือควรรู้ถึงเหตุแห่งการฟ้องคดี แต่ไม่เกินสิบปีนับแต่วันที่มีเหตุแห่งการฟ้องคดี ตามมาตรา 51 แห่งพระราชบัญญัติฉบับเดียวกัน ทั้งนี้ หากเป็นการฟ้องให้ใช้เงินหรือส่งมอบทรัพย์สิน ให้เสียค่าธรรมเนียมศาลโดยกรณีทุนทรัพย์ไม่เกิน 50 ล้านบาท ให้เสียค่าธรรมเนียมศาลร้อยละ 2 แต่ไม่เกิน 200,000 บาท ส่วนที่เกิน 50 ล้านบาทขึ้นไป ให้เสียค่าธรรมเนียมศาล ร้อยละ 0.1 ตามมาตรา 45 วรรคสี่ แห่งพระราชบัญญัติจัดตั้งศาลปกครองและวิธีพิจารณาคดีปกครอง พ.ศ. 2542 และหากผู้ฟ้องคดีไม่มีทรัพย์สินเพียงพอที่จะเสียค่าธรรมเนียมศาล หรือถ้าไม่ได้รับยกเว้นค่าธรรมเนียมศาลจะได้รับความเดือดร้อนเกินสมควร ให้ยื่นคำขอยกเว้นค่าธรรมเนียมศาล พร้อมแสดงหลักฐานประกอบต่อศาล ตามข้อ 41/1 ประกอบข้อ 41/2 แห่งระเบียบของที่ประชุมใหญ่ตุลาการในศาลปกครองสูงสุด ว่าด้วยวิธีพิจารณาคดีปกครอง พ.ศ. 2543 ซึ่งกรณีดังกล่าวผู้ฟ้องคดีมีภูมิลำเนาอยู่ที่จังหวัดหนองบัวลำภู และมูลคดีเกิดขึ้นที่จังหวัดอุดรธานี จึงอยู่ในเขตอำนาจของศาลปกครองอุดรธานี"
"ความรู้ทั่วไปเกี่ยวกับศาลปกครอง/คดีปกครอง, กระบวนวิธีพิจารณาคดีปกครอง/แสวงหาข้อเท็จจริง",ผู้ขอคำปรึกษาเป็นผู้ได้รับความเดือดร้อนเสียหายจากการที่ผู้ขอคำปรึกษาไปยื่นขอบัตรประจำตัวชนกลุ่มน้อยที่อาศัยอยู่ในพื้นที่สูงและนายทะเบียนกลับมีคำสั่งไม่ต่อบัตรประจำตัวดังกล่าวให้ผู้ขอคำปรึกษาจึงขอคำปรึกษาว่าจะฟ้องคดีต่อศาลปกครองเพื่อขอให้ศาลอนุมัติให้ตอบัตร,การขอมีบัตรประจำตัวชนกลุ่มน้อยที่อาศัยอยู่ในพื้นที่สูงนั้น อาศัยอำนาจตามกฎหมายว่าด้วยการทะเบียนราษฎร และ ระเบียบกระทรวงมหาดไทยว่าด้วยการจัดทำทะเบียนประวัติบุคคลที่ไม่มีสัญชาติไทย เป็นการใช้อำนาจของนายทะเบียนตามกฎหมายว่าด้วยการทะเบียนราษฎรที่มีลักษณะเป็นคำสั่งทางปกครองตามพ.ร.บ.วิธีปฏิบัติราชการทางปกครองฯ  เมื่อผู้ขอคำปรึกษาเห็นว่านายทะเบียนกลับมีคำสั่งไม่ต่อบัตรประจำตัวดังกล่าวให้ผู้ขอคำปรึกษาไม่ถูกต้องนั้นเป็นคดีพิพาทเกี่ยวกับการที่เจ้าหน้าที่ของรัฐออกคำสั่งโดยไม่ชอบด้วยกฎหมายตามมาตรา 9 วรรคหนึ่ง (1) แห่งพ.ร.บ.จัดตั้งศาลปกครองฯ  ทั้งนี้ การฟ้องเพิกถอนคำสั่งไม่ชอบด้วยกฎหมายนั้นผู้รับคำสั่งทางปกครองจะต้องดำเนินการแก้ไขความเดือดร้อนเสียหายตามขั้นตอนหรือวิธีการที่กฎหมายกำหนดไว้ก่อนการยื่นฟ้องคดี เมื่อปรากฎว่า ไม่มีกฎหมยกำหนดขั้นตอนวิธีการให้การยื่นอุทธรณ์คำสั่งนี้ไว้เป็นการเฉพาะ ผู้ขอคำปรึกษาจะต้องดำเนินการยื่นอุทธรณ์ตามขั้นตอนหรือวิธีการที่กำหนดไว้ตามพ.ร.บ.วิธีปฏิบัติราชการทางปกครองฯ  หากได้รับแจ้งผลการพิจารณาอุทธรณ์แล้วไม่เห็นด้วย หรือไม่ได้รับแจ้งผลการพิจารณาอุทธรณ์ภายใน 60 วันนับแต่วันที่ยื่นอุทธรณ์ตามมาตรา 45 แห่งพ.ร.บ.วิธีปฏิบัติราชการทางปกครองฯ กรณีนี้จะถือว่าผู้ขอคำปรึกษาได้ดำเนินการแก้ไขความเดือดร้อนเสียหายตามขั้นตอนหรือวิธีการที่กฎหมายกำหนดไว้ที่จะมีสิทธิเป็นผู้ฟ้องคดีต่อศาลปกครองตามาตรา 42 วรรคสองแห่งพ.ร.บ.จัดตั้งศาลปกครองฯ  ผู้ขอคำปรึกษาจะต้องใช้สิทธิฟ้องคดีต่อศาลปกครองภายใน 90 วันนับแต่วันที่รู้ถึงเหตุแห่งการฟ้องคดีตามมาตรา 49 แห่งพ.ร.บ.จัดตั้งศาลปกครองฯ ซึ่งได้แก่วันที่ได้รับแจ้งผลการพิจารณาอุทธรณ์หรือวันที่ครบกำหนดระยะเวลาในการพิจารณาอุทธรณ์ให้แล้วเสร็จ ดังนั้น จึงให้ผู้ขอคำปรึกษายื่นอุทธรณ์คำสั่งไม่ต่อบัตรประจำตัวชนกลุ่มน้อยที่อาศัยอยู่ในพื้นที่สูง ซึ่งมีเนื้อหาเป็นการโต้แย้งคำสั่งและอธิบายว่าผู้ขอคำปรึกษาเข้าเงื่อนไขที่จะมีบัตรดังกล่าวอย่างไรเพื่อให้ยกเลิกคำสั่งไม่ต่อบัตรและให้ต่อบัตรให้กับผู้ขอคำปรึกษา
"ความรู้ทั่วไปเกี่ยวกับศาลปกครอง/คดีปกครอง, การฟ้องคดีผ่านระบบอิเล็กทรอนิกส์ของศาลปกครอง",กรณีที่ยื่นเอกสารทางระบบงานคดีปกครองอิเล็กทรอนิกส์แล้วเกิดข้อขัดข้อง ผู้ฟ้องคดีจะขอยื่นเอกสารทางไปรษณีย์ลงทะเบียน ได้หรือไม่,"แนะนำว่า กรณีที่ยื่นเอกสารทางระบบงานคดีปกครองอิเล็กทรอนิกส์แล้วเกิดข้อขัดข้องจะขอยื่นเอกสารทางไปรษณีย์ลงทะเบียน ก็สามารถขออนุญาตศาลที่จะยื่นเอกสารด้วยวิธีอื่นในครั้งนั้น แต่ถ้าผู้ฟ้องคดี
จะไม่ใช้ระบบงานคดีปกครองอิเล็กทรอนิกส์แล้วก็ให้ยื่นขอยกเลิกการใช้ระบบงานคดีปกครองอิเล็กทรอนิกส์"
เป็นคดีที่อยู่ในอำนาจของศาลปกครองหรือไม่,ผู้ขอคำปรึกษาได้รับความเดือดร้อนเสียหายจากการที่องค์การรบริหารส่วนตำบลเจ้าสำราญมีคำสั่งให้ผู้ขอคำปรึกษาชำระค่าภาษีที่ดิน ผู้ขอคำปรึกษาไม่เห็นด้วยกับค่าภาษีที่ดินดังกล่าวจึงขอคำปรึกษาว่าจะฟ้องขอเพิกถอนค่าภาษีที่ดินต่อศาลปกครองได้หรือไม่,"1.) มาตรา 9 วรรคสองแห่งพ.ร.บ.จัดตั้งศาลปกครองฯบัญญัติว่า เรื่องดังต่อไปนี้ไม่อยู่ในอำนาจศาลปกครอง ... (3) คดีที่อยู่ในอำนาจของศาลภาษีอากร... มาตรา 7 แห่งแห่งพ.ร.บ.จัดตั้งศาลภาษีอากรและวิธีพิจารณาคดีภาษีอากร พ.ศ. 2528 บัญญัติว่า ศาลภาษีอากรมีอำนาจพิจารณาพิพากษาคดีแพ่งในเรื่องต่อไปนี้...(1) คดีอุทธรณ์คำวินิจฉัยของเจ้าพนักงานหรือคณะกรรมการตามกฎหมายเกี่ยวกับภาษีอากร
2. เมื่อปรากฎว่าผู้ขอคำปรึกษาไม่เห็นด้วยกับการพิจารณาอุทธรณ์ของหน่วยงานท้องถิ่น ผู้ขอคำปรึกษาจะต้องยื่นคัดค้านการประเมินภาษีอากรต่อคณะกรรมการพิจารณาอุทธรณ์การประเมินภาษีตามพ.ร.บ.ภาษีที่ดินและสิ่งปลูกสร้างฯต่อผู้บริหารท้องถิ่นภายใน 30 วันนับแต่วันที่ได้รับแจ้งการประเมินภาษีหรือการเรียกเก็บภาษี หากได้รับผลการพิจารณาแล้วไม่เห็นด้วย กรณีเป็นคดีพิพาทเกี่ยวกับอุทธรณ์คำวินิจฉัยของเจ้าพนักงานหรือคณะกรรมการตามกฎหมายเกี่ยวกับภาษีอากรตามมาตรา 7 วรรคหนึ่ง (1) แห่งพ.ร.บ.จัดตั้งศาลภาษีอากร ผู้ขอคำปรึกษาจะต้องใช้สิทธิยื่นฟ้องคดีต่อศาลศาลภาษีอากรกลาง กรุงเทพมหานครภายใน 30 วันนับแต่วันที่ได้รับแจ้งคำวินิจฉัยตามมาตรา 82 แห่งพ.ร.บ.ภาษีที่ดินฯ  ดังนั้น แมคำสังของเจ้าพนักงานที่ดินจะเป็นคำสั่งทางปกครอง แต่มีกฎหมายกำหนดให้อยู่ในอำนาจของศาลภาษีอากร คดีนี้นี้จึงเป็นคดีที่ไม่อยู่ในอำนาจศาลปกครองตามมาตรา 9 วรรคสองแห่งพ.ร.บ.จัดตั้งศาลปกครองฯ ดังนั้น ผู้ฟ้องคดีจะต้องนำคดีไปยื่นต่อศาลภาษีอากรภายในอายุความที่กฎหมายกำหนดไว้
"
"เป็นคดีที่อยู่ในอำนาจของศาลปกครองหรือไม่, การจัดทำคำฟ้องหรือคำร้อง และขั้นตอนที่เกี่ยวข้อง","ผู้ขอคำปรึกษาเป็นผู้ประกอบกิจการรถยนต์รับจ้างสาธารณะ (taxi) รับส่งผู้โดยสารในท่าอากาศยานสุวรรณภูมิ ""ทสภ."" ได้รับความเดือดร้อนเสียหายจาการที่ผู้อำนวยการท่าอากาศยานสุวรรณภูมิ กระทำการโดยไม่ชอบด้วยกฎหมาย จากการที่ผู้อำนวยการท่าอากาศยานสุวรรณภูมิมีคำสั่งท่าอากาศยานสุวรรณภูมิ ลงโทษผู้ขอคำปรึกษาพักการให้บริการ ณ  ห้ามเข้ารับผู้โดยสาร 45 วัน สืบเนื่องจากผู้ขอคำปรึกษาและชมรมแท็กซี่มีจิตนาการเป็นแกนนำในการยื่นหนังสือถึงรัฐมนตรีว่าการกระทรวงคมนาคมเพื่อคัดค้านการตั้งวินแท็กซี่ Grab ในท่าอากาศยานสุวรรณภูมิ ผู้ขอคำปรึกษาเห็นว่าคำสั่งดังกล่าวไม่ชอบด้วยกฎหมาย  เนื่องจากมีการข่มขู่คุกขามว่า หากไม่ลงชื่อยอมรับโทษดังกล่าว จะพิจารณาให้ลงโทษห้ามเข้ารับผู้โดยสาร ณ ทสภ.เป็นเวลา 90 วัน กระบวนการให้ชี้แจงข้อเท็จจริงมีการรวบรัดให้ดำเนินการให้เสร็จภายในวันเดียว มีการนำเอกสารที่เป็นการสรุปข้อเท็จจริงมาให้ลงนามโดยไม่มีการเปิดโอกาสโต้แย้ง ผู้ขอคำปรึกษาได้ทำหนังสือลงวันที่ 16 มิ.ย. 68 ต่อรัฐมนตรีว่าการกระทรวงคมนาคม แต่ยังไม่มีการสั่งการแต่อย่างใด ผู้ขอคำปรึกษาว่าคดีนี้จะสามารถฟ้องคดีต่อศาลปกครองได้หรือไม่อย่างไร หากประสงค์จะยื่นฟ้องคดีต่อศาลปกครองต้องทำอย่างไร","1.) แม้บริษัท ท่าอากาศยานแห่งประเทศไทยจำกัด (มหาชน) จะเป็นนิติบุคคลที่จัดตั้งขึ้นตามกฎหมายว่าด้วยบริษัทมหาชนจำกัด ซึ่งได้รับมอบหมายให้ประกอบกิจการให้บริการท่าอากาศและธุรกิจอย่างอื่นที่เกี่ยวข้องตามพระราชกฤษฎีกากำหนดอำนาจ สิทธิ และประโยชน์ของบริษัท ท่าอากาศยานไทย จำกัด (มหาชน) พ.ศ. 2545 อันมีลักษณะเป็นหน่วยงานที่ได้รับมอบหมายให้ใช้อำนาจทางปกครองหรือให้ดำเนินกิจการทางปกครองซึ่งมีลักษณะเป็นหน่วยงานทางปกครองก็ตาม แต่การที่ผู้อำนวยการทสภ.ออกคำสั่งลงโทษผู้ขอคำปรึกษาโดยการให้พักการให้บริการ ณ ห้ามเข้ารับผู้โดยสาร ณ ทสภ.เป็นเวลา 45 วันเนื่องจากเป็นกรณีที่ผู้ขอคำปรึกษากระทำการยุงยง ส่งเสริมก่อให้เกิดความวุ่นวายหรือจัดให้เกิดการรวมกันหยุดการให้บริการเป็นเหตุให้ ทสภ.ได้รับความเสียหายหรือเดือดร้อนรำคาญ ซึ่งเข้าลักษณะข้อห้ามตามข้อ 21 (3) ของวิธีบริหารจัดการการให้บริการรถยนต์รับจ้างสาธารณะ (แท็กซี่) ณ ท่าอากาศสุวรรณภูมิ (ฉบับปรับปรุงปี 2567) นั้นเป็นการใช้อำนาจหน้าที่ในกำหนดหลักเกณฑ์ฐานะนิติบุคคลตามกฎหมายเอกชน ซึ่งไม่ใช่การใช้อำนาจทางปกครองหรือดำเนินกิจกรรมทางปกครอง ดังนั้น ผู้ขอคำปรึกษาจึงไม่ใช่ผู้ได้รับความเดือดร้อนเสียหายจากการกระทำหรืองดเว้นกระทำของหน่วยงานทางปกครองหรือเจ้าหน้าที่ของรัฐหรือมีข้อโต้แย้งเกี่ยวกับสัญญาทางปกครอง หรือกรณีอื่นใดที่อยู่ในเขตอำนาจศาลปกครองตามมาตรา 9 ซึ่งจะเป็นผู้มีสิทธิฟ้องคดีตามมาตรา 42 วรรคหนึ่งแห่งพ.ร.บ.จัดตั้งศาลปกครองฯแต่อย่างใด กรณีข้อพิพาทดังกล่าวจึงอยู่ในอำนาจของศาลของศาลยุติธรรม
2.) อย่างไรก็ดีหากผู้ขอคำปรึกษามีความประสงค์ในการฟ้องคดีต่อศาลปกครองกลาง แนะนำให้ผู้ขอคำปรึกษาจัดทำคำฟ้องตามมาตรา 45 แห่งพ.ร.บ.จัดตั้งศาลปกครองฯ  โดยกำหนดให้ผู้อำนวยการ ทสภ.เป็นผู้ถูกฟ้องคดี บรรยายข้อเท็จจริงที่เกิดขึ้นว่า คำสั่งดังกล่าวไม่ชอบด้วยกฎหมาย เนื่องจากเหตุผลใด และขอให้ศาลมีคำพิพากษาเพิกถอนคำสั่งลงโทษของผู้อำนวยการทสภ.ซึ่งเป็นคำขอที่ศาลสามารถออกคำบังคับได้ตามมาตรา 72 วรรคหนึ่ง (1) แห่งพ.ร.บ.จัดตั้งศาลปกครองฯ"
"ความรู้ทั่วไปเกี่ยวกับศาลปกครอง/คดีปกครอง, การจัดทำคำฟ้องหรือคำร้อง และขั้นตอนที่เกี่ยวข้อง",ผู้ขอคำปรึกษาเป็นพนักงานของมหาวิทยาลัยในตำแหน่งอาจารย์ ขอสอบถามว่าในกรณีที่ไดรับคำสั่งของนายกสภามหาวิทยาลัยให้ดำรงตำแหน่งทางวิชาการในระดับอุดมศึกษา แต่ปรากฎว่ามหาวิทยาลัยยังไม่ได้จ่ายเงินค่าตอบแทนประจำตำแหน่งวิชาการให้กับผู้ขอคำปรึกษา ขอคำปรึกษากรณีนี้จะฟ้องคดีต่อศาลปกครองเพื่อขอให้มหาวิทยาลัยจ่ายเงินค่าตอบแทนย้อนหลังไปวันที่มีคำสั่งได้หรือไม่,"1.) มหาวิทยาลัยราชภัฏเป็นสถาบันอุดมศึกษาที่จัดตั้งขึ้นโดยพระราชบัญญัติจัดตั้งมหาวิทยาลัยราชภัฏที่ได้รับมอบหมายให้จัดทำบริการสาธาณณะทางด้านการศึกษาในระดับอุดมศึกษาให้บริการทางด้านวิชาการกับประชาชนถือเป็นหน่วยงานทางปกครองตามนิยามพ.ร.บ.จัดตั้งศาลปกครองฯ  การจ่ายเงินค่าตอบแทนประจำตำแหน่งทางวิชาการเป็นสิทธิประโยชน์ที่ได้ตามกฎหมายว่าด้วยการจัดตั้งมหาวิทยาลัยราชภัฎและหลักเกณฑ์ของมหาวิทยาลัยว่าด้วยการจ่ายเงินค่าตอบแทน  กรณีที่ผู้ขอคำปรึกษาได้รับความเดือดร้อนเสียหายจากการที่มหาวิทยาลัยไม่จ่ายเงินค่าตอบแทนตำแหน่งทางวิชาการให้กับผู้ขอคำปรึกษาตามสิทธิย้อนหลังไปถึงวันที่มีสิทธิและมีความประสงค์จะฟ้องคดีต่อศาลเพื่อขอให้ศาลมีคำพิพากษาจ่ายเงินค่าตอบแทนประจำตำแหน่งทางวิชาการนั้นเป็นคดีพิพาทเกี่ยวกับสัญญาทางปกครองตามมาตรา 9 วรรคหนึ่ง (4) แห่งพ.ร.บ.จัดตั้งศาลปกครองฯ เมื่อกฎหมายไม่ได้กำหนดขั้นตอนวิธีการแก้ไขความเดือดร้อนเสียหายไว้เป็นการเฉพาะ ผู้ขอคำปรึกษาจึงเป็นผู้มีสิทธิฟ้องคดีตามมาตรา 42 วรรคหนึ่งแห่งพ.ร.บ.จัดตั้งศาลปกครองฯ  ที่จะต้องใช้สิทธิยื่นฟ้องคดีต่อศาลปกครองภายใน 1 ปีนับแต่วันที่รู้ถึงเหตุแห่งการฟ้องคดีตามมาตรา 51 แห่งพ.ร.บ.จัดตั้งศาลปกครองฯ วันที่รู้ถึงเหตุแห่งการฟ้องคดีได้แก่ วันที่มีคำสั่งแต่งตั้งให้ดำรงตำแหน่งทางวิชาการ 
2.) ผู้ขอคำปรึกษาจะต้องจัดทำคำฟ้องตามาตรา 45 แห่งพ.ร.บ.จัดตั้งศาลปกครองฯ โดยกำหนดมหาวิทยาลัยราชภัฏซึ่งเป็นคู่สัญญาทางปกครองเป็นผู้ถูกฟ้องคดี  บรรยายข้อเท็จจริงที่เกิดขึ้นว่า ผู้ฟ้องคดีเป็นผู้มีสิทธิได้รับเงินประจำตำแหน่งทางวิชาการตามกฎหมายและหลักเกณฑ์ของมหาวิทยาลัยเมื่อใด คิดคำนวนเป็นเงินจำนวนทั้งสิ้น ... บาท (ดอกเบี้ยนับแต่วันที่มีสิทธิจนถึงวันฟ้องจำนวนกี่บาท) และระบคำขอท้ายคำฟ้องขอให้ชดใช้เงินเป็นเงินทั้งสิ้น จำนวน ... บาท และดอกเบี้ยในอัตราร้อยละ .. ของต้นเงินจำนวน ... บาท นับถัดจากวันฟ้องจนกว่าจะชำระเงินให้ครบถ้วน ซึ่งเป็นคำขอที่ศาลสามารถออกคำบังคับได้ตามมาตรา 72 วรรคหนึ่ง (3) แห่งพ.ร.บ.จัดตั้งศาลปกครองฯ ทั้งนี้ การฟ้องขอให้ชดใช้เงินจะต้องเสียค่าธรรมเนียมศาลในอัตราร้อยละ 2 ของจำนวนทุนทรัพย์ในคดี"
เป็นคดีที่อยู่ในอำนาจของศาลปกครองหรือไม่,ถูกคำสั่งระงับการจดทะเบียนสิทธิและนิติกรรม จึงมีหนังสือถึงอธิบดีกรมที่ดิน ขณะนี้มีหนังสือจากกรมที่ดินแจ้งว่าสำนักงานที่ดินทำผิดหลักเกณฑ์ที่กฎหมายกำหนด สามารถฟ้องต่อศาลปกครองได้หรือไม่,"ให้ทำคำฟ้องยื่นต่อศาลโดยมีลักษณะตามมาตรา 45 แห่งพรบ.จัดตั้งศาลปกครองฯ2542 บัญญัติว่า คำฟ้องให้ใช้ถ้อยคำสุภาพและต้องมี
	(1)	ชื่อและที่อยู่ของผู้ฟ้องคดี
	(2)	ชื่อหน่วยงานทางปกครองหรือเจ้าหน้าที่ของรัฐที่เกี่ยวข้องอันเป็นเหตุแห่งการฟ้องคดี
	(3)	การกระทำทั้งหลายที่เป็นเหตุแห่งการฟ้องคดี พร้อมทั้งข้อเท็จจริงหรือพฤติการณ์
ตามสมควรเกี่ยวกับการกระทำดังกล่าว
	(4)	คำขอของผู้ฟ้องคดี
	(5)	ลายมือชื่อของผู้ฟ้องคดี ถ้าเป็นการยื่นฟ้องคดีแทนผู้อื่นจะต้องแนบใบมอบฉันทะ
ให้ฟ้องคดีมาด้วย
     โดยมีระยะเวลาการฟ้องคดี 90 วัน ตามมาตรา 49 แห่งพรบ.เดียวกัน  การฟ้องคดีปกครองจะต้องยื่นฟ้องภายในเก้าสิบวันนับแต่วันที่รู้หรือควรรู้ถึงเหตุแห่งการฟ้องคดี หรือนับแต่วันที่พ้นกำหนดเก้าสิบวันนับแต่วันที่ผู้ฟ้องคดีได้มีหนังสือร้องขอต่อหน่วยงานทางปกครองหรือเจ้าหน้าที่ของรัฐเพื่อให้ปฏิบัติหน้าที่ตามที่กฎหมายกำหนดและไม่ได้รับหนังสือชี้แจงจากหน่วยงานทางปกครอง หรือเจ้าหน้าที่ของรัฐหรือได้รับแต่เป็นคำชี้แจงที่ผู้ฟ้องคดีเห็นว่าไม่มีเหตุผล แล้วแต่กรณี เว้นแต่จะมีบทกฎหมายเฉพาะกำหนดไว้เป็นอย่างอื่น
"
ขอความเห็นทางกฎหมาย,ผู้ขอคำปรึกษาเป็นบุคคลภายนอกคดีที่มีความประสงค์จะขอเอกสารในสำนวนคดีเพื่อใช้ในการดำเนินคดีในศาลยุติธรรม จึงขอสอบถามขั้นตอนเงื่อนไขในการขอเอกสารนี้,ข้อ 18 แห่งระเบียบของที่ประชุมใหญ่ฯว่าด้วยวิธีการพิจารณาคดีปกครองฯกำหนดว่า พยานเฉพาะในส่วนที่เกี่ยวกับการให้ถ้อยคำของตนในคดี หรือบุคคลภายนอก ผู้มีส่วนได้เสียอาจยื่นคำขอต่อศาล เพื่อขอตรวจดูเอกสารทั้งหมดหรือบางฉบับในสำนวนคดี หรือขอคัดสำเนาหรือขอสำเนาอันรับรองถูกต้องก็ได้ แต่ทั้งนี้ห้ามอนุญาตเช่นว่านั้นแก่ (1) บุคคลภายนอก ในคดีที่พิจารณาโดยไม่เปิดเผย (2) พยานหรือบุคคลภายนอก ในคดีที่ศาลห้ามการตรวจหรือคัดสำเนาเอกสารในสำนวนคดีทั้งหมดหรือบางฉบับเพื่อรักษาความสงบเรียบร้อยของประชาชนหรือประโยชน์สาธารณะ (3) พยานหรือบุคคลภายนอก ในกรณีที่มีกฎหมายคุ้มครองให้ไม่ต้องเปิดเผยหรือกรณีที่ศาลเห็นว่าจำเป็นต้องไม่เปิดเผยเพื่อมิให้เกิดความเสียหายแก่การดำเนินงานของรัฐ ดังนั้น  กรณีที่บุคคลภายนอกคดีจะขอคัดถ่ายเอกสารดังกล่าวเป็นดุลยพินิจของศาลตามเงื่อนไขที่กำหนดไว้ในระเบียบที่ประชุม
"ความรู้ทั่วไปเกี่ยวกับศาลปกครอง/คดีปกครอง, การจัดทำคำฟ้องหรือคำร้อง และขั้นตอนที่เกี่ยวข้อง","ผู้ขอคำปรึกษาเป็นอดีตข้าราชการสำนักงานศาลรัฐธรรมนูญได้รับความเดือดร้อนเสียหายจากการที่เลขาธิการสำนักงานศาลรัฐธรรมนูญได้มีคำสั่งลงโทษทางวินัยปลดผู้ขอคำปรึกษาออกจากราชการ ผู้ขอคำปรึกษาได้ยื่นอุทธรณ์ต่อองค์กรกลางบริหารงานบุคคลในสํานักงานศาลรัฐธรรมนูญ ""อ.ศร."" ให้ อ.กศร. เป็นผู้พิจารณาทําความเห็นเสนอต่อ“คณะอนุกรรมการข้าราชการสํานักงานศาลรัฐธรรมนูญ อ.ศร. เพื่อพิจารณาอุทธรณ์และประธานศาลรัฐธรรมนูญได้มีผลการพิจารณาอุทธรณ์ยืนตามคำสั่งชั้นต้น ผู้ขอคำปรึกษาจึงขอคำปรึกษาในการยื่นฟ้องคดีต่อศาลปครองเพื่อเพิกถอนคำสั่งปลดผู้ขอคำปรึกษาออกจากราชการ",เลขาธิการสำนักงานศาลรัฐธรรมนูญได้มีคำสั่งลงโทษทางวินัยปลดผู้ขอคำปรึกษาออกจากราชการเป็นการใช้อำนาจตามพ.ร.บ.สำนักงานศาลรัฐธรรมนูญฯและระเบียบศาลรัฐธรรมนูญว่าด้วยการบริหารงานบุคคล พ.ศ. 2557 ที่มีลักษณะเป็นการใช้อำนาจของเจ้าหน้าที่ที่มีลักษณะเป็นคำสั่งทางปกครอง  กรณีที่เห็นว่าคำสั่งดังกล่าวไม่ถูกต้องนั้นเป็นคดีพิพาทเกี่ยวกับการที่เจ้าหน้าที่ของรัฐออกคำสั่งโดยไม่ชอบด้วยกฎหมายตามมาตรา 9 วรรคหนึ่ง (1) แห่งพ.ร.บ.จัดตั้งศาลปกครองฯ เมื่อผู้ขอคำปรึกษาได้ดำเนินการยื่นอุทะรณ์และได้รับแจ้งผลการพิจารณาอุทธรณ์ตามขั้นตอนหรือวิธีการที่กำหนดไว้เป็นการเฉพาะตามระเบียบศาลรัฐธรรมนูญว่าด้วยการบริหารงานบุคคล พ.ศ. 2557 จึงถือได้ว่าผู้ขอคำปรึกษาได้ดำเนินการแก้ไขความเดือดร้อนเสียหายตามขั้นตอนหรือวิธีการที่กฎหมายกำหนดไว้เฉพาะ ผู้ขอคำปรึกษาจึงเป็นผู้มีสิทธิฟ้องคดีต่อศาลปกครองตามมาตรา 42 วรรคสองแหง่พ.ร.บ.จัดตั้งศาลปกครองฯ  ผู้ขอคำปรึกษาจะต้องใช้สิทธิยื่นฟ้องคดีต่อศาลปกครองภายใน 90 วันนับแต่วันที่รู้ถึงเหตุแห่งการฟ้องคดีตามมาตรา 49 แห่งพ.ร.บ.จัดตั้งศาลปกครองฯ  ผู้ขอคำปรึกษาจะต้องจัดทำคำฟ้องตามมาตรา 45 แห่งพ.ร.บ.จัดตั้งศาลปกครองฯ โดยกำหนดให้เลขาธิการสำนักงานศาลรัฐธรรมนูญเป็นผู้ถูกฟ้องคดี บรรยายข้อเท็จจริงที่เกิดขึ้นและโต้แย้งว่าคำสั่งทางปกครองไม่ชอบด้วยกฎหมายด้วยเหตุใดและกำหนดคำขอท้ายคำฟ้องขอให้ศาลปกครองมีคำพิพากษาเพิกถอนคำสั่งและผลการพิจารณาอุทธรณ์ที่ปลดผู้ขอคำปรึกษาออกจากราชการซึ่งเป็นคำขอที่ศาลสามารถออกคำบังคับได้ตามมาตรา 72 วรรคหนึ่ง (1) แห่งพ.ร.บ.จัดตั้งศาลปกครองฯ 
"ความรู้ทั่วไปเกี่ยวกับศาลปกครอง/คดีปกครอง, การจัดทำคำฟ้องหรือคำร้อง และขั้นตอนที่เกี่ยวข้อง",ผู้ขอคำปรึกษาสอบถามว่า กรณีที่มีหนังสือถึงสำนักงานเขตบึงกุ่มเพื่อให้ปฏิบัติหน้าที่ตามกฎหมาย แต่สำนักงานเขตไม่ดำเนินการใด ๆ ให้ ผู้ขอคำปรึกษาสามารถนำเรื่องมาฟ้องคดีต่อศาลปกครองได้เลยหรือไม่ อย่างไร,ได้ให้คำแนะนำว่า กรณีที่ผู้ขอคำปรึกษามีหนังสือถึงสำนักงานเขตบึงกุ่มเพื่อให้ปฏิบัติหน้าที่ตามที่กฎหมายกำหนดให้ต้องปฏิบัติ แต่สำนักงานเขตไม่ดำเนินการใด ๆ ให้ ผู้ขอคำปรึกษาจึงเป็นผู้ได้รับความเดือดร้อนหรือเสียหาย หรืออาจจะเดือดร้อนหรือเสียหายโดยมิอาจหลีกเลี่ยงได้อันเนื่องจากการกระทำ หรือการงดเว้นการกระทำของหน่วยงานทางปกครองหรือเจ้าหน้าที่ของรัฐ ตามมาตรา 42 วรรคหนึ่ง แห่งพระราชบัญญัติจัดตั้งศาลปกครองและวิธีพิจารณาคดีปกครอง พ.ศ. 2542 อันเป็นคดีพิพาทเกี่ยวกับการที่หน่วยงานทางปกครองหรือเจ้าหน้าที่ของรัฐละเลยต่อหน้าที่ตามที่กฎหมายกำหนดให้ต้องปฏิบัติ หรือปฏิบัติหน้าที่ดังกล่าวล่าช้าเกินสมควร ซึ่งผู้ขอคำปรึกษาจะต้องยื่นฟ้องคดีภายในเก้าสิบวันนับแต่วันที่พ้นกำหนดเก้าสิบวันนับแต่วันที่ผู้ฟ้องคดีได้มีหนังสือร้องขอต่อหน่วยงานทางปกครองหรือเจ้าหน้าที่ของรัฐเพื่อให้ปฏิบัติหน้าที่ตามที่กฎหมายกำหนดและไม่ได้รับหนังสือชี้แจงดังกล่าว หรือได้รับแต่เป็นคำชี้แจงที่ผู้ฟ้องคดีเห็นว่าไม่มีเหตุผล ตามมาตรา 9 วรรคหนึ่ง (2) ประกอบมาตรา 49 แห่งพระราชบัญญัติฉบับเดียวกัน โดยจะต้องมีคำขอท้ายคำฟ้องให้หน่วยงานทางปกครองหรือเจ้าหน้าที่ของรัฐที่เกี่ยวข้องปฏิบัติตามหน้าที่ภายในเวลาที่ศาลปกครองกำหนด ตามมาตรา 72 วรรคหนึ่ง (2) แห่งพระราชบัญญัติฉบับดังกล่าว
เป็นคดีที่อยู่ในอำนาจของศาลปกครองหรือไม่,ผู้ขอฯ เป็นสมาชิกสหกรณ์อุทัยธานี ต้องการเงินฝากในสหกรณ์คืน แต่ถูกปฏิเสธ ฟ้องศาลปกครองได้หรือไม่,"อำนาจพิจารณาพิพากษาคดีของศาลปกครองเป็นไปตามพรบ.จัดตั้งศาลปกครองฯ2542 มาตรา 9 บัญญัติว่า ศาลปกครองมีอำนาจพิจารณาพิพากษาหรือมีคำสั่งในเรื่องดังต่อไปนี้
	(1)	คดีพิพาทเกี่ยวกับการที่หน่วยงานทางปกครองหรือเจ้าหน้าที่ของรัฐกระทำการ
โดยไม่ชอบด้วยกฎหมายไม่ว่าจะเป็นการออกกฎ คำสั่งหรือการกระทำอื่นใดเนื่องจากกระทำโดยไม่มีอำนาจหรือนอกเหนืออำนาจหน้าที่หรือไม่ถูกต้องตามกฎหมาย หรือโดยไม่ถูกต้องตามรูปแบบขั้นตอน หรือวิธีการ
อันเป็นสาระสำคัญที่กำหนดไว้สำหรับการกระทำนั้น หรือโดยไม่สุจริต หรือมีลักษณะเป็นการเลือกปฏิบัติ
ที่ไม่เป็นธรรม หรือมีลักษณะเป็นการสร้างขั้นตอนโดยไม่จำเป็นหรือสร้างภาระให้เกิดกับประชาชนเกินสมควร หรือเป็นการใช้ดุลพินิจโดยมิชอบ
	(2)	คดีพิพาทเกี่ยวกับการที่หน่วยงานทางปกครองหรือเจ้าหน้าที่ของรัฐละเลยต่อหน้าที่ตามที่กฎหมายกำหนดให้ต้องปฏิบัติ หรือปฏิบัติหน้าที่ดังกล่าวล่าช้าเกินสมควร
	(3)	คดีพิพาทเกี่ยวกับการกระทำละเมิดหรือความรับผิดอย่างอื่นของหน่วยงานทางปกครองหรือเจ้าหน้าที่ของรัฐอันเกิดจากการใช้อำนาจตามกฎหมาย หรือจากกฎ คำสั่งทางปกครอง หรือคำสั่งอื่น 
หรือจากการละเลยต่อหน้าที่ตามที่กฎหมายกำหนดให้ต้องปฏิบัติหรือปฏิบัติหน้าที่ดังกล่าวล่าช้าเกินสมควร
	(4)	คดีพิพาทเกี่ยวกับสัญญาทางปกครอง
	(5)	คดีที่มีกฎหมายกำหนดให้หน่วยงานทางปกครองหรือเจ้าหน้าที่ของรัฐฟ้องคดีต่อศาล เพื่อบังคับให้บุคคลต้องกระทำหรือละเว้นกระทำอย่างหนึ่งอย่างใด
	(6)	คดีพิพาทเกี่ยวกับเรื่องที่มีกฎหมายกำหนดให้อยู่ในเขตอำนาจศาลปกครอง
      คดีพิพาทของผู้ขอฯจึงไม่อยู่ในเขตอำนาจของศาลปกครอง เนื่องจากสหกรณืไม่ใช่หน่วยงานทางปกครอง ตามบทนิยามในมาตรา 3 “หน่วยงานทางปกครอง” หมายความว่า กระทรวง ทบวง กรม ส่วนราชการที่เรียกชื่ออย่างอื่นและมีฐานะเป็นกรม ราชการส่วนภูมิภาค ราชการส่วนท้องถิ่น รัฐวิสาหกิจที่ตั้งขึ้นโดยพระราชบัญญัติหรือพระราชกฤษฎีกา หรือหน่วยงานอื่นของรัฐ และให้หมายความรวมถึงหน่วยงานที่ได้รับมอบหมายให้ใช้อำนาจทางปกครองหรือให้ดำเนินกิจการทางปกครอง แต่อยู่ในเขตอำนาจของศาลยุติธรรม

"
"ความรู้ทั่วไปเกี่ยวกับศาลปกครอง/คดีปกครอง, เป็นคดีที่อยู่ในอำนาจของศาลปกครองหรือไม่, ขั้นตอนแก้ไขความเสียหายก่อนฟ้องคดี",ผู้ขอคำปรึกษายื่นคำร้องขอฯ ต่อสำนักงานเขตฯ แต่ได้รับคำสั่งปฏิเสธไม่ให้ตามที่ร้องขอจะยื่นฟ้องคดีต่อศาลปกครอง ได้หรือไม่,"แนะนำว่า คำสั่งปฏิเสธถือว่าเป็นคำสั่งทางปกครองถ้าผู้ขอฯ เห็นว่าเป็นคำสั่งที่ไม่ชอบด้วยกฎหมายก็มีสิทธิยื่นฟ้องคดีต่อศาลปกครอง ตามมาตรา 9 วรรคหนึ่ง (1) แห่งพระราชบัญญัติจัดตั้งศาลปกครองและวิธีพิจารณาคดีปกครอง พ.ศ. 2542 ทั้งนี้ ผู้ขอฯ ใช้สิทธิอุทธรณ์เสียก่อน หากมีผลการพิจารณาแล้ว 
ผู้ขอฯ ยังคงไม่พอใจในผลการพิจารณาอุทธรณ์ ก็มีสิทธิที่จะยื่นฟ้องคดีต่อศาลปกครองเพื่อขอให้
เพิกถอนคำสั่งดังกล่าว ตามมาตรา 72 วรรคหนึ่ง (1) แห่งพระราชบัญญัติดังกล่าว"
เป็นคดีที่อยู่ในอำนาจของศาลปกครองหรือไม่,สอบถามว่า รถมอเตอร์ไซด์ของตนถูกหมาของคนในหมู่บ้านกัดจนได้รับความเสียหาย ตนจะฟ้องเจ้าของหมาที่ปล่อยปละละเลยไม่ดูแลหมาปล่อยออกมาจนมาก่อความเดือดร้อน จึงจะมาฟ้องศาลปกครองให้ช่วยเหลือได้หรือไม่,"พระราชบัญญัติจัดตั้งศาลปกครองและวิธีพิจารณาคดีปกครอง พ.ศ. 2542 ศาลปกครองมีอำนาจพิจารณาพิพากษาหรือมีคำสั่งในเรื่องดังต่อไปนี้
มาตรา	9  ศาลปกครองมีอำนาจพิจารณาพิพากษาหรือมีคำสั่งในเรื่องดังต่อไปนี้
(1)	คดีพิพาทเกี่ยวกับการที่หน่วยงานทางปกครองหรือเจ้าหน้าที่ของรัฐกระทำการ
โดยไม่ชอบด้วยกฎหมายไม่ว่าจะเป็นการออกกฎ คำสั่งหรือการกระทำอื่นใดเนื่องจากกระทำโดยไม่มีอำนาจหรือนอกเหนืออำนาจหน้าที่หรือไม่ถูกต้องตามกฎหมาย หรือโดยไม่ถูกต้องตามรูปแบบขั้นตอน หรือวิธีการอันเป็นสาระสำคัญที่กำหนดไว้สำหรับการกระทำนั้น หรือโดยไม่สุจริต หรือมีลักษณะเป็นการเลือกปฏิบัติที่ไม่เป็นธรรม หรือมีลักษณะเป็นการสร้างขั้นตอนโดยไม่จำเป็นหรือสร้างภาระให้เกิดกับประชาชนเกินสมควร หรือเป็นการใช้ดุลพินิจโดยมิชอบ  (2) คดีพิพาทเกี่ยวกับการที่หน่วยงานทางปกครองหรือเจ้าหน้าที่ของรัฐละเลยต่อหน้าที่ตามที่กฎหมายกำหนดให้ต้องปฏิบัติ หรือปฏิบัติหน้าที่ดังกล่าวล่าช้าเกินสมควร 	(3)	คดีพิพาทเกี่ยวกับการกระทำละเมิดหรือความรับผิดอย่างอื่นของหน่วยงานทางปกครองหรือเจ้าหน้าที่ของรัฐอันเกิดจากการใช้อำนาจตามกฎหมาย หรือจากกฎ คำสั่งทางปกครอง หรือคำสั่งอื่น หรือจากการละเลยต่อหน้าที่ตามที่กฎหมายกำหนดให้ต้องปฏิบัติหรือปฏิบัติหน้าที่ดังกล่าวล่าช้าเกินสมควร 	(4)	คดีพิพาทเกี่ยวกับสัญญาทางปกครอง 	(5)	คดีที่มีกฎหมายกำหนดให้หน่วยงานทางปกครองหรือเจ้าหน้าที่ของรัฐฟ้องคดีต่อศาลเพื่อบังคับให้บุคคลต้องกระทำหรือละเว้นกระทำอย่างหนึ่งอย่างใด 	(6)	คดีพิพาทเกี่ยวกับเรื่องที่มีกฎหมายกำหนดให้อยู่ในเขตอำนาจศาลปกครอง
	เรื่องดังต่อไปนี้ไม่อยู่ในอำนาจศาลปกครอง (1)	การดำเนินการเกี่ยวกับวินัยทหาร 	(2)	การดำเนินการของคณะกรรมการตุลาการตามกฎหมายว่าด้วยระเบียบข้าราชการ ฝ่ายตุลาการ 	(3)	คดีที่อยู่ในอำนาจของศาลเยาวชนและครอบครัว ศาลแรงงาน ศาลภาษีอากร ศาลทรัพย์สินทางปัญญาและการค้าระหว่างประเทศ ศาลล้มละลาย หรือศาลชำนัญพิเศษอื่น
แนะนำว่า กรณีรถมอเตอร์ไซด์ของท่านถูกหมาของคนในหมู่บ้านกัดจนได้รับความเสียหาย จึงจะฟ้องเจ้าของหมาที่ปล่อยปละละเลยไม่ดูแลหมาปล่อยออกมาจนมาก่อความเดือดร้อน กรณีดังกล่าวเป็นคดีเกี่ยวกับการก่อความเสียหายในทางแพ่ง ไม่ใช่เกิดจากการที่เจ้าหน้าที่ใช้อำนาจตามกฎหมาย คดีนี้จึงอยู่ในอำนาจพิจารณาพิพากษาของศาลยุติธรรม ไม่ใช่คดีปกครองตาม ม.9 แห่ง พรบ.จัดตั้งศาลปกครองฯ ที่ศาลปกครองจะรับไว้พิจารณาพิพากษาได้
"
การจัดทำคำฟ้องหรือคำร้อง และขั้นตอนที่เกี่ยวข้อง,ผู้ปรึกษาขอให้แนะนำการเขียนคำฟ้องต่อศาล,"พระราชบัญญัติจัดตั้งศาลปกครองและวิธีพิจารณาคดีปกครอง พ.ศ. 2542 
มาตรา	45  คำฟ้องให้ใช้ถ้อยคำสุภาพและต้องมี 	(1)	ชื่อและที่อยู่ของผู้ฟ้องคดี 	(2)	ชื่อหน่วยงานทางปกครองหรือเจ้าหน้าที่ของรัฐที่เกี่ยวข้องอันเป็นเหตุแห่งการฟ้องคดี 	(3)	การกระทำทั้งหลายที่เป็นเหตุแห่งการฟ้องคดี พร้อมทั้งข้อเท็จจริงหรือพฤติการณ์ตามสมควรเกี่ยวกับการกระทำดังกล่าว 	(4)	คำขอของผู้ฟ้องคดี 	(5)	ลายมือชื่อของผู้ฟ้องคดี ถ้าเป็นการยื่นฟ้องคดีแทนผู้อื่นจะต้องแนบใบมอบฉันทะให้ฟ้องคดีมาด้วย
		คำฟ้องใดมีรายการไม่ครบตามวรรคหนึ่ง หรือไม่ชัดเจน หรือไม่อาจเข้าใจได้ ให้สำนักงานศาลปกครองให้คำแนะนำแก่ผู้ฟ้องคดีเพื่อดำเนินการแก้ไขเพิ่มเติมคำฟ้องนั้นให้ถูกต้อง ในการนี้ให้ถือวันที่
ยื่นฟ้องครั้งแรกเป็นหลักในการนับอายุความ
		ในกรณีที่มีผู้ประสงค์จะฟ้องคดีปกครองหลายคนในเหตุเดียวกัน บุคคลเหล่านั้นอาจยื่นคำฟ้องร่วมกันเป็นฉบับเดียว โดยจะมอบหมายให้ผู้ฟ้องคดีคนใดเป็นผู้แทนของผู้ฟ้องคดีทุกคนในการดำเนินคดีต่อไปก็ได้ ในกรณีเช่นว่านี้ให้ถือว่าการกระทำของผู้แทนผู้ฟ้องคดีในกระบวนพิจารณาผูกพันผู้ฟ้องคดีทุกคน
            การฟ้องคดีไม่ต้องเสียค่าธรรมเนียมศาล เว้นแต่การฟ้องคดีขอให้สั่งให้ใช้เงินหรือส่งมอบทรัพย์สินอันสืบเนื่องจากคดีตามมาตรา 9 วรรคหนึ่ง (3) หรือ (4) ให้เสียค่าธรรมเนียมศาลตามทุนทรัพย์
ในอัตราตามที่ระบุไว้ในตาราง 1 ท้ายประมวลกฎหมายวิธีพิจารณาความแพ่ง สำหรับคดีที่มีคำขอให้
ปลดเปลื้องทุกข์อันอาจคำนวณเป็นราคาเงินได้ 
		ในการดำเนินกระบวนพิจารณา คู่กรณีจะดำเนินการทั้งปวงด้วยตนเองหรือจะมอบอำนาจให้ทนายความหรือบุคคลอื่น ซึ่งมีคุณสมบัติตามระเบียบของที่ประชุมใหญ่ตุลาการในศาลปกครองสูงสุดกำหนดเพื่อฟ้องคดีหรือดำเนินการแทนได้
การเขียนฟ้องจะต้องจัดทำโดยใช้ถ้อยคำสุภาพและต้องมีรายการประกอบไปด้วย (1) ชื่อและที่อยู่ของผู้ฟ้องคดี (2) ชื่อหน่วยงานทางปกครองหรือเจ้าหน้าที่ของรัฐที่เกี่ยวข้องอันเป็นเหตุแห่งการฟ้องคดี (3) การกระทำทั้งหลายที่เป็นเหตุแห่งการฟ้องคดี พร้อมทั้งข้อเท็จจริงหรือพฤติการณ์ตามสมควรเกี่ยวกับการกระทำดังกล่าว (4) คำขอของผู้ฟ้องคดี และ    (5) ลายมือชื่อของผู้ฟ้องคดี ตาม ม.45 วรรคหนึ่ง  ดังกล่าว
"
การจัดทำคำฟ้องหรือคำร้อง และขั้นตอนที่เกี่ยวข้อง,ผู้ปรึกษาขอให้แนะนำการเขียนบรรยายคำฟ้อง จะต้องเขียนอย่างไร,"พระราชบัญญัติจัดตั้งศาลปกครองและวิธีพิจารณาคดีปกครอง พ.ศ. 2542 
มาตรา	45  คำฟ้องให้ใช้ถ้อยคำสุภาพและต้องมี 	(1)	ชื่อและที่อยู่ของผู้ฟ้องคดี 	(2)	ชื่อหน่วยงานทางปกครองหรือเจ้าหน้าที่ของรัฐที่เกี่ยวข้องอันเป็นเหตุแห่งการฟ้องคดี 	(3)	การกระทำทั้งหลายที่เป็นเหตุแห่งการฟ้องคดี พร้อมทั้งข้อเท็จจริงหรือพฤติการณ์ตามสมควรเกี่ยวกับการกระทำดังกล่าว 	(4)	คำขอของผู้ฟ้องคดี 	(5)	ลายมือชื่อของผู้ฟ้องคดี ถ้าเป็นการยื่นฟ้องคดีแทนผู้อื่นจะต้องแนบใบมอบฉันทะให้ฟ้องคดีมาด้วย
		คำฟ้องใดมีรายการไม่ครบตามวรรคหนึ่ง หรือไม่ชัดเจน หรือไม่อาจเข้าใจได้ ให้สำนักงานศาลปกครองให้คำแนะนำแก่ผู้ฟ้องคดีเพื่อดำเนินการแก้ไขเพิ่มเติมคำฟ้องนั้นให้ถูกต้อง ในการนี้ให้ถือวันที่
ยื่นฟ้องครั้งแรกเป็นหลักในการนับอายุความ
		ในกรณีที่มีผู้ประสงค์จะฟ้องคดีปกครองหลายคนในเหตุเดียวกัน บุคคลเหล่านั้นอาจยื่นคำฟ้องร่วมกันเป็นฉบับเดียว โดยจะมอบหมายให้ผู้ฟ้องคดีคนใดเป็นผู้แทนของผู้ฟ้องคดีทุกคนในการดำเนินคดีต่อไปก็ได้ ในกรณีเช่นว่านี้ให้ถือว่าการกระทำของผู้แทนผู้ฟ้องคดีในกระบวนพิจารณาผูกพันผู้ฟ้องคดีทุกคน
            การฟ้องคดีไม่ต้องเสียค่าธรรมเนียมศาล เว้นแต่การฟ้องคดีขอให้สั่งให้ใช้เงินหรือส่งมอบทรัพย์สินอันสืบเนื่องจากคดีตามมาตรา 9 วรรคหนึ่ง (3) หรือ (4) ให้เสียค่าธรรมเนียมศาลตามทุนทรัพย์
ในอัตราตามที่ระบุไว้ในตาราง 1 ท้ายประมวลกฎหมายวิธีพิจารณาความแพ่ง สำหรับคดีที่มีคำขอให้
ปลดเปลื้องทุกข์อันอาจคำนวณเป็นราคาเงินได้ 
		ในการดำเนินกระบวนพิจารณา คู่กรณีจะดำเนินการทั้งปวงด้วยตนเองหรือจะมอบอำนาจให้ทนายความหรือบุคคลอื่น ซึ่งมีคุณสมบัติตามระเบียบของที่ประชุมใหญ่ตุลาการในศาลปกครองสูงสุดกำหนดเพื่อฟ้องคดีหรือดำเนินการแทนได้
การเขียนฟ้องจะต้องจัดทำโดยใช้ถ้อยคำสุภาพและต้องมีรายการประกอบไปด้วย (1) ชื่อและที่อยู่ของผู้ฟ้องคดี (2) ชื่อหน่วยงานทางปกครองหรือเจ้าหน้าที่ของรัฐที่เกี่ยวข้องอันเป็นเหตุแห่งการฟ้องคดี (3) การกระทำทั้งหลายที่เป็นเหตุแห่งการฟ้องคดี พร้อมทั้งข้อเท็จจริงหรือพฤติการณ์ตามสมควรเกี่ยวกับการกระทำดังกล่าว (4) คำขอของผู้ฟ้องคดี และ    (5) ลายมือชื่อของผู้ฟ้องคดี ตาม ม.45 วรรคหนึ่ง  ดังกล่าว
"
เป็นคดีที่อยู่ในอำนาจของศาลปกครองหรือไม่,สอบถามว่า ตนประสบอุบัติเหตุฟันหักและอักเสบจากการรักษา สาเหตุเกิดจากพนักงาน ขสมก.ขับรถประมาท ขับรถเร็วและเบรกกระทันหัน ตนเสียหลักฟันไปกระแทกเหล็กฟันหัก จะฟ้องขสมก. ที่ศาลปกครองได้หรือไม่,"พระราชบัญญัติจัดตั้งศาลปกครองและวิธีพิจารณาคดีปกครอง พ.ศ. 2542 ศาลปกครองมีอำนาจพิจารณาพิพากษาหรือมีคำสั่งในเรื่องดังต่อไปนี้
มาตรา	9  ศาลปกครองมีอำนาจพิจารณาพิพากษาหรือมีคำสั่งในเรื่องดังต่อไปนี้
(1)	คดีพิพาทเกี่ยวกับการที่หน่วยงานทางปกครองหรือเจ้าหน้าที่ของรัฐกระทำการ
โดยไม่ชอบด้วยกฎหมายไม่ว่าจะเป็นการออกกฎ คำสั่งหรือการกระทำอื่นใดเนื่องจากกระทำโดยไม่มีอำนาจหรือนอกเหนืออำนาจหน้าที่หรือไม่ถูกต้องตามกฎหมาย หรือโดยไม่ถูกต้องตามรูปแบบขั้นตอน หรือวิธีการอันเป็นสาระสำคัญที่กำหนดไว้สำหรับการกระทำนั้น หรือโดยไม่สุจริต หรือมีลักษณะเป็นการเลือกปฏิบัติที่ไม่เป็นธรรม หรือมีลักษณะเป็นการสร้างขั้นตอนโดยไม่จำเป็นหรือสร้างภาระให้เกิดกับประชาชนเกินสมควร หรือเป็นการใช้ดุลพินิจโดยมิชอบ  (2) คดีพิพาทเกี่ยวกับการที่หน่วยงานทางปกครองหรือเจ้าหน้าที่ของรัฐละเลยต่อหน้าที่ตามที่กฎหมายกำหนดให้ต้องปฏิบัติ หรือปฏิบัติหน้าที่ดังกล่าวล่าช้าเกินสมควร 	(3)	คดีพิพาทเกี่ยวกับการกระทำละเมิดหรือความรับผิดอย่างอื่นของหน่วยงานทางปกครองหรือเจ้าหน้าที่ของรัฐอันเกิดจากการใช้อำนาจตามกฎหมาย หรือจากกฎ คำสั่งทางปกครอง หรือคำสั่งอื่น หรือจากการละเลยต่อหน้าที่ตามที่กฎหมายกำหนดให้ต้องปฏิบัติหรือปฏิบัติหน้าที่ดังกล่าวล่าช้าเกินสมควร 	(4)	คดีพิพาทเกี่ยวกับสัญญาทางปกครอง 	(5)	คดีที่มีกฎหมายกำหนดให้หน่วยงานทางปกครองหรือเจ้าหน้าที่ของรัฐฟ้องคดีต่อศาลเพื่อบังคับให้บุคคลต้องกระทำหรือละเว้นกระทำอย่างหนึ่งอย่างใด 	(6)	คดีพิพาทเกี่ยวกับเรื่องที่มีกฎหมายกำหนดให้อยู่ในเขตอำนาจศาลปกครอง
	เรื่องดังต่อไปนี้ไม่อยู่ในอำนาจศาลปกครอง (1)	การดำเนินการเกี่ยวกับวินัยทหาร 	(2)	การดำเนินการของคณะกรรมการตุลาการตามกฎหมายว่าด้วยระเบียบข้าราชการ ฝ่ายตุลาการ 	(3)	คดีที่อยู่ในอำนาจของศาลเยาวชนและครอบครัว ศาลแรงงาน ศาลภาษีอากร ศาลทรัพย์สินทางปัญญาและการค้าระหว่างประเทศ ศาลล้มละลาย หรือศาลชำนัญพิเศษอื่น
แนะนำว่า กรณีประสบอุบัติเหตุฟันหักและอักเสบจากการรักษา สาเหตุเกิดจากพนักงาน ขสมก.ขับรถประมาท ขับรถเร็วและเบรกกระทันหัน ตนเสียหลักฟันไปกระแทกเหล็กฟันหัก  กรณีดังกล่าวเป็นคดีเกี่ยวกับการก่อความเสียหายในทางแพ่ง ไม่ใช่เกิดจากการที่เจ้าหน้าที่ใช้อำนาจตามกฎหมาย คดีนี้จึงอยู่ในอำนาจพิจารณาพิพากษาของศาลยุติธรรม ไม่ใช่คดีปกครองตาม ม.9 แห่ง พรบ.จัดตั้งศาลปกครองฯ ที่ศาลปกครองจะรับไว้พิจารณาพิพากษาได้
"
การจัดทำคำฟ้องหรือคำร้อง และขั้นตอนที่เกี่ยวข้อง,ผู้ปรึกษาขอให้แนะนำการเขียนคำฟ้องต่อศาล จะต้องเขียนอย่างไร,"พระราชบัญญัติจัดตั้งศาลปกครองและวิธีพิจารณาคดีปกครอง พ.ศ. 2542 
มาตรา	45  คำฟ้องให้ใช้ถ้อยคำสุภาพและต้องมี 	(1)	ชื่อและที่อยู่ของผู้ฟ้องคดี 	(2)	ชื่อหน่วยงานทางปกครองหรือเจ้าหน้าที่ของรัฐที่เกี่ยวข้องอันเป็นเหตุแห่งการฟ้องคดี 	(3)	การกระทำทั้งหลายที่เป็นเหตุแห่งการฟ้องคดี พร้อมทั้งข้อเท็จจริงหรือพฤติการณ์ตามสมควรเกี่ยวกับการกระทำดังกล่าว 	(4)	คำขอของผู้ฟ้องคดี 	(5)	ลายมือชื่อของผู้ฟ้องคดี ถ้าเป็นการยื่นฟ้องคดีแทนผู้อื่นจะต้องแนบใบมอบฉันทะให้ฟ้องคดีมาด้วย
		คำฟ้องใดมีรายการไม่ครบตามวรรคหนึ่ง หรือไม่ชัดเจน หรือไม่อาจเข้าใจได้ ให้สำนักงานศาลปกครองให้คำแนะนำแก่ผู้ฟ้องคดีเพื่อดำเนินการแก้ไขเพิ่มเติมคำฟ้องนั้นให้ถูกต้อง ในการนี้ให้ถือวันที่
ยื่นฟ้องครั้งแรกเป็นหลักในการนับอายุความ
		ในกรณีที่มีผู้ประสงค์จะฟ้องคดีปกครองหลายคนในเหตุเดียวกัน บุคคลเหล่านั้นอาจยื่นคำฟ้องร่วมกันเป็นฉบับเดียว โดยจะมอบหมายให้ผู้ฟ้องคดีคนใดเป็นผู้แทนของผู้ฟ้องคดีทุกคนในการดำเนินคดีต่อไปก็ได้ ในกรณีเช่นว่านี้ให้ถือว่าการกระทำของผู้แทนผู้ฟ้องคดีในกระบวนพิจารณาผูกพันผู้ฟ้องคดีทุกคน
            การฟ้องคดีไม่ต้องเสียค่าธรรมเนียมศาล เว้นแต่การฟ้องคดีขอให้สั่งให้ใช้เงินหรือส่งมอบทรัพย์สินอันสืบเนื่องจากคดีตามมาตรา 9 วรรคหนึ่ง (3) หรือ (4) ให้เสียค่าธรรมเนียมศาลตามทุนทรัพย์
ในอัตราตามที่ระบุไว้ในตาราง 1 ท้ายประมวลกฎหมายวิธีพิจารณาความแพ่ง สำหรับคดีที่มีคำขอให้
ปลดเปลื้องทุกข์อันอาจคำนวณเป็นราคาเงินได้ 
		ในการดำเนินกระบวนพิจารณา คู่กรณีจะดำเนินการทั้งปวงด้วยตนเองหรือจะมอบอำนาจให้ทนายความหรือบุคคลอื่น ซึ่งมีคุณสมบัติตามระเบียบของที่ประชุมใหญ่ตุลาการในศาลปกครองสูงสุดกำหนดเพื่อฟ้องคดีหรือดำเนินการแทนได้
การเขียนฟ้องจะต้องจัดทำโดยใช้ถ้อยคำสุภาพและต้องมีรายการประกอบไปด้วย (1) ชื่อและที่อยู่ของผู้ฟ้องคดี (2) ชื่อหน่วยงานทางปกครองหรือเจ้าหน้าที่ของรัฐที่เกี่ยวข้องอันเป็นเหตุแห่งการฟ้องคดี (3) การกระทำทั้งหลายที่เป็นเหตุแห่งการฟ้องคดี พร้อมทั้งข้อเท็จจริงหรือพฤติการณ์ตามสมควรเกี่ยวกับการกระทำดังกล่าว (4) คำขอของผู้ฟ้องคดี และ    (5) ลายมือชื่อของผู้ฟ้องคดี ตาม ม.45 วรรคหนึ่ง  ดังกล่าว
"
เป็นคดีที่อยู่ในอำนาจของศาลปกครองหรือไม่,ผู้ขอคำปรึกษาเป็นผู้อยู่อาศัยกับญาติที่เสพสารเสพติดจนทำร้ายร่างกายบุคคลในครอบครัว ขอสอบถามว่าจะฟ้องคดีเพื่อขับไล่บุคคลดังกล่าวออกจากพื้นที่อยู่อาศัยได้หรือไม่,มาตรา 42 วรรคหนึ่งแห่งพ.ร.บ.จัดตั้งศาลปกครองฯบัญญัติว่า ผู้ใดได้รับความเดือดร้อนหรือเสียหาย หรืออาจจะเดือดร้อนหรือเสียหายโดยมิอาจหลีกเลี่ยงได้อันเนื่องจากการกระทำหรือการงดเว้นการกระทำของหน่วยงานทางปกครองหรือเจ้าหน้าที่ของรัฐหรือมีข้อโต้แย้งเกี่ยวกับสัญญาทางปกครอง หรือกรณีอื่นใดที่อยู่ในเขตอำนาจศาลปกครองตามมาตรา 9 และการแก้ไขหรือบรรเทาความเดือดร้อนหรือความเสียหายหรือยุติข้อโต้แย้งนั้น ต้องมีคำบังคับตามที่กำหนดในมาตรา 72 ผู้นั้นมีสิทธิฟ้องคดีต่อศาลปกครอง ดังนั้นเมื่อปรากฎข้อเท็จจริงว่า ผู้ขอคำปรึกษาได้รับความเดือดร้อนเสียหายจากเป็นผู้อยู่อาศัยกับญาติที่เสพสารเสพติดจนทำร้ายร่างกายบุคคลในครอบครัว จึงถือว่ากรณีนี้ผู้ขอคำปรึกษาไม่ใช่ใดได้รับความเดือดร้อนหรือเสียหาย หรืออาจจะเดือดร้อนหรือเสียหายโดยมิอาจหลีกเลี่ยงได้อันเนื่องจากการกระทำหรือการงดเว้นการกระทำของหน่วยงานทางปกครองหรือเจ้าหน้าที่ของรัฐที่มีสิทธิฟ้องคดีต่อศาลปกครอง แต่เป็นคดีพิพาททางแพ่งที่อยู่ในอำนาจของศาลยุติธรรม จึงให้ขอคำปรึกษากับสำนนักงานอัยการสูงสุดฝ่ายช่วยเหลือประชาชนทางด้านกฎหมาย สายด้วน 1157
"ความรู้ทั่วไปเกี่ยวกับศาลปกครอง/คดีปกครอง, เป็นคดีที่อยู่ในอำนาจของศาลปกครองหรือไม่, การจัดทำคำฟ้องหรือคำร้อง และขั้นตอนที่เกี่ยวข้อง","ผู้ขอคำปรึกษาเป็นบริษัทเอกชน ได้ทำสัญญาก่อสร้างถนนกับเทศบาล และมีการส่งมอบงานตามสัญญาแล้ว แต่เทศบาลมิได้คืนหลักประกันสัญญาให้แก่ผู้ขอฯ ผู้ขอฯ ประสงค์ที่จะฟ้องคดีต่อศาลปกครองจะต้องดำเนินการอย่างไรบ้าง  
",แนะนำว่า สัญญาที่เทศบาลจ้างผู้ขอฯ ก่อสร้างปรับปรุงถนนเป็นสัญญาที่จัดให้มีสิ่งสาธารณูปโภค จึงเป็นสัญญาทางปกครอง ตามมาตรา 3 แห่งพระราชบัญญัติจัดตั้งศาลปกครองและวิธีพิจารณาคดีปกครอง พ.ศ. 2542 หากเกิดข้อโต้แย้งเกี่ยวกับสัญญาดังกล่าว ก็จะถือเป็นคดีพิพาทเกี่ยวกับสัญญาทางปกครอง ตามมาตรา 9 วรรคหนึ่ง (4) แห่งพระราชบัญญัติดังกล่าว โดยผู้ขอฯ อาจฟ้องขอให้คืนหลักประกันสัญญาหรือชดใช้ค่าเสียหายให้แก่ผู้ขอฯ ตามมาตรา 72 วรรคหนึ่ง (3) แห่งพระราชบัญญัติเดียวกัน และต้องนำคดีมาฟ้องภายในห้าปีนับแต่พ้นกำหนดระยะเวลาที่กำหนดให้คืนหลักประกันสัญญา มาตรา 51 แห่งพระราชบัญญัติข้างต้น  
"ความรู้ทั่วไปเกี่ยวกับศาลปกครอง/คดีปกครอง, การจัดทำคำฟ้องหรือคำร้อง และขั้นตอนที่เกี่ยวข้อง",ผู้ขอคำปรึกษาเป็นลูกบ้านซึ่งได้รับความเดือดร้อนเสียหายจากการที่ผู้ขอคำปรึกษาร้องเรียนนายอำเภอว่า ผู้ใหญ่บ้านมีลักษณะต้องห้าม เนื่องจากมีการกระทำผิดการพนันตามกฎหมายว่าด้วยการพนันและนายอำเภอได้แจ้งผลการพิจารณายกข้อกล่าวหานั้นจึงขอคำปรึกษาในการฟ้องคดีต่อศาลปกครองเพื่อขอเพิกถอนคำสั่งแต่งตั้งผู้ใหญ่บ้าน,กรณีที่ผู้ขอคำปรึกษาได้รับความเดือดร้อนเสียหายจากการที่ผู้ขอคำปรึกษาร้องเรียนนายอำเภอว่า ผู้ใหญ่บ้านมีลักษณะต้องห้าม เนื่องจากมีการกระทำผิดการพนันตามกฎหมายว่าด้วยการพนันและนายอำเภอได้แจ้งผลการพิจารณายกข้อกล่าวหาและมีความประสงค์ฟ้องคดีต่อศาลปกครองเพื่อเพิกถอนคำสั่งแต่งตั้งผู้ใหญ่บ้านนั้นเป็นคดีพิพาทเกี่ยวกับการที่เจ้าหน้าที่ของรัฐอกคำสั่งโดยไม่ชอบด้วยกฎหมายตามมาตรา 9 วรรคหนึ่ง (1) แห่งพ.ร.บ.จัดตั้งศาลปกครองฯ ทั้งนี้นเมื่อปรากฎว่าผู้ขอคำปรึกษาไ่ใช่ผู้รับคำสั่งทางปกครองแต่งตั้งผู้ใหญ่บ้าน ผู้ขอคำปรึกษาจึงไม่ต้องดำเนินการตามขั้นตอนหรือวิธีการแ้ไขความเดือดร้อนเสียหายตามขั้นตอนหรือวิธีการที่กฎหมายกำหนดไว้ก่อนการฟ้องคดี  ผู้ขอคำปรึกษาจึงเป็นผู้มีสิทธิฟ้องคดีต่อศาลปกครองตามมาตรา 42 วรรคหนึ่งแห่งพ.ร.บ.จัดตั้งศาลปกครองฯ  ผู้ขอคำปรึกษาจะต้องใช้สิทธิฟ้องคดีต่อศาลปกครองภายใน 90 วันนับแต่วันที่รู้ถึงเหตุแห่งการฟ้องคดีตามมาตรา 49 แห่งพ.ร.บ.จัดตั้งศาลปกครองฯ  ผู้ขอคำปรึกษาจะต้องจัดทำคำฟ้องตามมาตรา 45 แห่งพ.ร.บ.ดังกล่าวโดยกำหนดให้นายอำเภอในท้องที่นั้นเป็นผู้ถูกฟ้องคดี บรรยายข้อเท็จจริงที่เกิดขึ้นและอธิบายว่าคำสั่งแต่งตั้งผู้ใหญ่บ้านคนดังกล่าวเข้าลักษณะต้องห้าามตามพ.ร.บ.ลักษณะปกครองท้องที่ฯอย่างไร และกำหนดคำขอท้ายคำฟ้องขอให้เพิกถอนคำสั่งแต่งตั้งผู้ใหญ่ฯบ้านที่เป็นคำขอที่ศาลสามารถออกคำบังคับได้ตามมาตรา 72 วรรคหนึ่ง (1) แห่งพ.ร.บ.จัดตั้งศาลปกครองฯ
"ความรู้ทั่วไปเกี่ยวกับศาลปกครอง/คดีปกครอง, การจัดทำคำฟ้องหรือคำร้อง และขั้นตอนที่เกี่ยวข้อง",ผู้ขอคำปรึกษาสอบถามว่า กรณีที่นายอำเภอมีคำสั่งลงโทษผู้ขอคำปรึกษา ซึ่งผู้ขอคำปรึกษาได้อุทธรณ์คำสั่งดังกล่าวแล้ว แต่ผู้พิจารณาอุทธรณ์มีคำสั่งยกอุทธรณ์ ผู้ขอคำปรึกษาจะต้องดำเนินการอย่างไรต่อไป,ได้ให้คำแนะนำว่า กรณีที่นายอำเภอมีคำสั่งลงโทษผู้ขอคำปรึกษา ซึ่งผู้ขอคำปรึกษาได้อุทธรณ์คำสั่งดังกล่าวแล้ว แต่ผู้พิจารณาอุทธรณ์มีคำสั่งยกอุทธรณ์ ทั้งนี้ หากผู้ขอคำปรึกษาไม่เห็นด้วยกับผลการพิจารณาอุทธรณ์ดังกล่าว จะต้องนำเรื่องมาฟ้องคดีต่อศาลปกครองภายในเก้าสิบวันนับแต่วันที่รู้หรือควรรู้ถึงเหตุแห่งการฟ้องคดี เพื่อขอให้ศาลมีคำพิพากษาหรือคำสั่งเพิกถอนผลการวินิจฉัยอุทธรณ์นั้น ตามมาตรา 49 ประกอบมาตรา 72 วรรคหนึ่ง (1) แห่งพระราชบัญญัติจัดตั้งศาลปกครองและวิธีพิจารณาคดีปกครอง พ.ศ. 2542 ซึ่งกรณีดังกล่าวผู้ขอคำปรึกษามีภูมิลำเนาและมูลคดีเกิดขึ้นที่จังหวัดกาญจนบุรี จึงอยู่ในเขตอำนาจของศาลปกครองสุพรรณบุรี
เป็นคดีที่อยู่ในอำนาจของศาลปกครองหรือไม่,ผู้ขอคำปรึกษาเป็นได้รับอนุญาตจากจากกรมเชื้อเพลิงธรรมชาติ กระทรวงพลังงานในการดำเนินการสำรวจและผลิตปิโตรเลียมจากแหล่งในประเทศไทย ปัจจุบันใกล้ครบกำหนดตามข้อตกลงสัมปทาน อยู่ในระหว่างการพิจารณาว่าจะต่ออายุสัญญาสัมปทานหรือไม่ ขอสอบถามว่า หากหน่วยงานของรัฐไม่พิจารณาต่อสัญญา จะต้องฟ้องคดีต่อศาลปกครองหรือให้พิจารณาต่อสัญญาได้หรือไม่,พ.ร.บ.จัดตั้งศาลปกครองฯ บัญญัติกำหนดนิยาม “สัญญาทางปกครอง” หมายความรวมถึง สัญญาที่คู่สัญญาอย่างน้อยฝ่ายใดฝ่ายหนึ่งเป็นหน่วยงานทางปกครองหรือเป็นบุคคลซึ่งกระทำการแทนรัฐ และมีลักษณะเป็นสัญญาสัมปทาน สัญญาที่ให้จัดทำบริการสาธารณะ หรือจัดให้มีสิ่งสาธารณูปโภคหรือแสวงประโยชน์จากทรัพยากรธรรมชาติ ดังนั้นเมื่อผู้ขอคำปรึกษาป็นได้รับอนุญาตจากตามจากกรมเชื้อเพลิงธรรมชาติ กระทรวงพลังงานในการดำเนินการสำรวจและผลิตปิโตรเลียมจากแหล่งในประเทศไทย สัญญาดังกล่าวจึงมีลักษณะเป็นสัญญาทางปกครองตามนิยามที่กำหนดไว้ในพ.ร.บ.จัดตั้งศาลปกครองฯ เมื่อมีข้อโต้แย้งเกี่ยวกับเงื่อนไขเกี่ยวกับการต่ออายุสัมปทานดังกล่าวนั้นเป็นคดีพิพาทเกี่ยวกับสัญญาทางปกครองฯ ผู้ขอคำปรึกษามีสิทธิฟ้องคดีต่อศาลปกครองภายใน 5 ปีนับแต่วันที่รู้ถึงเหตุแห่งการฟ้องคดีตามมาตรา 51 แห่งพ.ร.บ.จัดตั้งศาลปกครองฯ ซึ่งได้แก่วันที่ผู้ขอคำปรึกษาได้มีการโต้แย้งสิทธิของสัมปทาน
"ความรู้ทั่วไปเกี่ยวกับศาลปกครอง/คดีปกครอง, การจัดทำคำฟ้องหรือคำร้อง และขั้นตอนที่เกี่ยวข้อง",ผู้ขอคำปรึกษาได้รับความเดือดรอนเสียหายจากการที่ผู้อำนวยการเขตในกรุงเทพไม่ใช้อำนาจหน้าที่ในการออกคำสั่งให้รื้อถอนสิ่งก่อสร้างต่อเติมอาคารตามพ.ร.บ.ควบคุมอาคารฯ,กรณีที่เห็นว่า ผู้อำนวยการเขตซึ่งเป็นเจ้าพนักงานท้องถิ่นซึ่งมีอำนาจหน้าที่ตามพ.ร.บ.ควบคุมอาคารฯละเลยการปฏิบัติหน้าที่ในการตรวจสอบและออกคำสั่งให้รื้อถอนอาคารที่กอสร้างต่อเติมฝ่าฝืนมาตรา 40 พ.ร.บ.ควบคุมอาคารฯ และมีความประสงค์ในการยื่นฟ้องคดีต่อศาลเพื่อให้ศาลมีคำพิพากษาในการพิจารณาออกคำสั่งตามมาตรา 42 พ.ร.บ.ควบคุมอาคารฯนั้นเป็นคดีพิพาทเกี่ยวกับการที่เจ้าหน้าที่ของรัฐละลเยการปฏิบัติหน้าที่ตามที่กฎหมายกำหนดให้ต้องปฏิบัติตามมาตรา 9 วรรคหนึ่ง (2) แห่งพ.ร.บ.จัดตั้งศาลปกครองฯ  ผู้ขอคำปรึกษาจะต้องจัดทำคำฟ้องตามมาตรา 45 แห่งพ.ร.บ.จัดตั้งศาลปกครองฯ  โดยกำหนดให้ผู้อำนวยการเขตซึ่งเป็นผู้มีอำนาจตามพ.ร.บ.ควบคุมอาคารเป็นผู้ถูกฟ้องคดี บรรยายข้อเท็จจริงที่เกิดขึ้นและโต้แย้งว่า อาคารพิพาทมีการก่อสร้างต่อเติมฝ่าฝืนกฎหมายอย่างไร และผู้อำนวยการเขตละเลยการปฏิบัติหน้าที่ตามพ.ร.บ.ควบคุมอาคารอย่างไร และกำหนดคำขอท้ายคำฟ้องขอให้ศาลมีคำพิพากษาให้ปฏิบัติหน้าที่ในการออกคำสั่งตามพ.ร.บ.ควบคุมอาคารฯ ซึ่งเป็นคำขอที่ศาลสามารถออกคำบังคับได้ตามมาตรา 72 วรรคหนึ่ง (2) แห่งพ.ร.บ.จัดตั้งศาลปกครองฯ 
"ความรู้ทั่วไปเกี่ยวกับศาลปกครอง/คดีปกครอง, การจัดทำคำฟ้องหรือคำร้อง และขั้นตอนที่เกี่ยวข้อง",ผู้ขอคำปรึกษาสอบถามว่า กรณีที่การไฟฟ้าฝ่ายผลิตแห่งประเทศไทยได้มีการวางสายไฟฟ้าแรงสูงพาดผ่านพื้นที่ดินของผู้ขอคำปรึกษาโดยจ่ายค่าทดแทนที่ไม่เป็นธรรม ซึ่งผู้ขอคำปรึกษาได้อุทธรณ์เรื่องดังกล่าวแล้ว แต่ กฟผ. ยังคงยืนยันการจ่ายค่าทดแทนในอัตราเดิม ผู้ขอคำปรึกษาจะต้องดำเนินการอย่างไร,"ได้ให้คำแนะนำว่า กรณีที่การไฟฟ้าฝ่ายผลิตแห่งประเทศไทยได้มีการวางสายไฟฟ้าแรงสูงพาดผ่านพื้นที่ดินของผู้ขอคำปรึกษาโดยจ่ายค่าทดแทนที่ไม่เป็นธรรม ซึ่งผู้ขอคำปรึกษาได้อุทธรณ์เรื่องดังกล่าวแล้ว แต่ กฟผ. ยังคงยืนยันการจ่ายค่าทดแทนในอัตราเดิม ทั้งนี้ หากผู้ขอคำปรึกษาประสงค์จะฟ้องคดีเพื่อขอให้ กฟผ. จ่ายค่าทดแทนเพิ่มเติม สามารถดาวน์โหลดแบบฟอร์มคำฟ้องได้จากเว็บไซต์ของศาลปกครอง ซึ่งอาจเขียนคำฟ้องเองด้วยลายมือหรือจะใช้วิธีการพิมพ์ก็ได้ โดยคำฟ้องให้ใช้ถ้อยคำสุภาพและต้องมีรายการครบถ้วนตามมาตรา 45 แห่งพระราชบัญญัติจัดตั้งศาลปกครองและวิธีพิจารณาคดีปกครอง พ.ศ. 2542 ดังนี้ (1) ชื่อและที่อยู่ของผู้ฟ้องคดี (2) ชื่อหน่วยงานทางปกครองหรือเจ้าหน้าที่ของรัฐที่เกี่ยวข้องอันเป็นเหตุแห่งการฟ้องคดี (3) การกระทำทั้งหลายที่เป็นเหตุแห่งการฟ้องคดี พร้อมทั้งข้อเท็จจริงหรือพฤติการณ์ตามสมควรเกี่ยวกับการกระทำดังกล่าว (4) คำขอของผู้ฟ้องคดี และ (5) ลายมือชื่อของผู้ฟ้องคดี และหากผู้ฟ้องคดีประสงค์จะให้บุคคลอื่นเป็นผู้ดำเนินคดีแทน จะต้องจัดทำใบมอบอำนาจพร้อมแนบสำเนาบัตรประจำตัวของผู้มอบอำนาจและผู้รับมอบอำนาจพร้อมปิดอากรแสตมป์มาด้วย โดยต้องจัดทำสำเนาคำฟ้องและสำเนาพยานหลักฐานที่รับรองสำเนาถูกต้องตามจำนวนของผู้ถูกฟ้องคดี ตามข้อ 33 แห่งระเบียบของที่ประชุมใหญ่ตุลาการในศาลปกครองสูงสุด ว่าด้วยวิธีพิจารณาคดีปกครอง พ.ศ. 2543 ซึ่งผู้ขอคำปรึกษาสามารถเลือกยื่นคำฟ้องได้ 3 ช่องทาง คือ (1) ยื่นด้วยตนเองที่ศาลปกครอง (2) ส่งทางไปรษณีย์ลงทะเบียน หรือ (3) ยื่นทางระบบอิเล็กทรอนิกส์ และให้ยื่นฟ้องต่อศาลปกครองชั้นต้นที่ผู้ฟ้องคดีมีภูมิลำเนาหรือที่มูลคดีเกิดขึ้นก็ได้ ตามมาตรา 46 ประกอบมาตรา 47 วรรคหนึ่ง แห่งพระราชบัญญัติฉบับเดียวกัน ซึ่งกรณีดังกล่าวผู้ฟ้องคดีมีภูมิลำเนาและมูลคดีเกิดขึ้นที่จังหวัดลำพูน จึงอยู่ในเขตอำนาจของศาลปกครองเชียงใหม่
ทั้งนี้ หากเป็นการฟ้องให้ใช้เงินหรือส่งมอบทรัพย์สิน ให้เสียค่าธรรมเนียมศาลโดยกรณีทุนทรัพย์ไม่เกิน 50 ล้านบาท ให้เสียค่าธรรมเนียมศาลร้อยละ 2 แต่ไม่เกิน 200,000 บาท ส่วนที่เกิน 50 ล้านบาทขึ้นไป ให้เสียค่าธรรมเนียมศาล ร้อยละ 0.1 ตามมาตรา 45 วรรคสี่ แห่งพระราชบัญญัติจัดตั้งศาลปกครองและวิธีพิจารณาคดีปกครอง พ.ศ. 2542 และหากผู้ฟ้องคดีไม่มีทรัพย์สินเพียงพอที่จะเสียค่าธรรมเนียมศาล หรือถ้าไม่ได้รับยกเว้นค่าธรรมเนียมศาลจะได้รับความเดือดร้อนเกินสมควร ให้ยื่นคำขอยกเว้นค่าธรรมเนียมศาล พร้อมแสดงหลักฐานประกอบต่อศาล ตามข้อ 41/1 ประกอบข้อ 41/2 แห่งระเบียบของที่ประชุมใหญ่ตุลาการในศาลปกครองสูงสุด ว่าด้วยวิธีพิจารณาคดีปกครอง พ.ศ. 2543
"
"ความรู้ทั่วไปเกี่ยวกับศาลปกครอง/คดีปกครอง, การจัดทำคำฟ้องหรือคำร้อง และขั้นตอนที่เกี่ยวข้อง",ผู้ขอคำปรึกษาสอบถามว่า กรณีที่มีความประสงค์จะยื่นฟ้องคดีต่อศาลปกครองต้องใช้แบบฟอร์มใด และสามารถส่งคำฟ้องดังกล่าวทางใดได้บ้าง,ได้ให้คำแนะนำว่า กรณีที่ผู้ขอคำปรึกษามีความประสงค์จะยื่นฟ้องคดีต่อศาลปกครอง สามารถดาวน์โหลดแบบฟอร์มคำฟ้องได้จากเว็บไซต์ของศาลปกครอง หรือหากไม่สะดวกใช้แบบฟอร์มคำฟ้องของศาลสามารถเขียนคำฟ้องในกระดาษเปล่า (A4) ซึ่งอาจเขียนคำฟ้องเองด้วยลายมือหรือจะใช้วิธีการพิมพ์ก็ได้ โดยคำฟ้องให้ใช้ถ้อยคำสุภาพและต้องมีรายการครบถ้วนตามมาตรา 45 แห่งพระราชบัญญัติจัดตั้งศาลปกครองและวิธีพิจารณาคดีปกครอง พ.ศ. 2542 ดังนี้ (1) ชื่อและที่อยู่ของผู้ฟ้องคดี (2) ชื่อหน่วยงานทางปกครองหรือเจ้าหน้าที่ของรัฐที่เกี่ยวข้องอันเป็นเหตุแห่งการฟ้องคดี (3) การกระทำทั้งหลายที่เป็นเหตุแห่งการฟ้องคดี พร้อมทั้งข้อเท็จจริงหรือพฤติการณ์ตามสมควรเกี่ยวกับการกระทำดังกล่าว (4) คำขอของผู้ฟ้องคดี และ (5) ลายมือชื่อของผู้ฟ้องคดี และหากผู้ฟ้องคดีประสงค์จะให้บุคคลอื่นเป็นผู้ดำเนินคดีแทน จะต้องจัดทำใบมอบอำนาจพร้อมแนบสำเนาบัตรประจำตัวของผู้มอบอำนาจและผู้รับมอบอำนาจพร้อมปิดอากรแสตมป์มาด้วย โดยต้องจัดทำสำเนาคำฟ้องและสำเนาพยานหลักฐานที่รับรองสำเนาถูกต้องตามจำนวนของผู้ถูกฟ้องคดี ตามข้อ 33 แห่งระเบียบของที่ประชุมใหญ่ตุลาการในศาลปกครองสูงสุด ว่าด้วยวิธีพิจารณาคดีปกครอง พ.ศ. 2543 ซึ่งผู้ขอคำปรึกษาสามารถเลือกยื่นคำฟ้องได้ 3 ช่องทาง คือ (1) ยื่นด้วยตนเองที่ศาลปกครอง (2) ส่งทางไปรษณีย์ลงทะเบียน หรือ (3) ยื่นทางระบบอิเล็กทรอนิกส์ และให้ยื่นฟ้องต่อศาลปกครองชั้นต้นที่ผู้ฟ้องคดีมีภูมิลำเนาหรือที่มูลคดีเกิดขึ้นก็ได้ ตามมาตรา 46 ประกอบมาตรา 47 วรรคหนึ่ง แห่งพระราชบัญญัติฉบับเดียวกัน 
"ความรู้ทั่วไปเกี่ยวกับศาลปกครอง/คดีปกครอง, การจัดทำคำฟ้องหรือคำร้อง และขั้นตอนที่เกี่ยวข้อง",ผู้ขอคำปรึกษาสอบถามว่า กรณีที่เทศบาลทำถนนสาธารณะรุกล้ำเข้ามาในที่ดินมีโฉนดของผู้ขอคำปรึกษา หากผู้ขอคำปรึกษามีความประสงค์จะฟ้องคดีต่อศาลปกครอง จะต้องดำเนินการอย่างไร,"ได้ให้คำแนะนำว่า กรณีที่เทศบาลทำถนนสาธารณะรุกล้ำเข้ามาในที่ดินมีโฉนดของผู้ขอคำปรึกษา หากผู้ขอคำปรึกษามีความประสงค์จะฟ้องคดีต่อศาลปกครอง โดยฟ้องขอให้เทศบาลคืนที่ดินให้แก่ผู้ขอคำปรึกษาหรือหากคืนไม่ได้ก็ขอให้ชดใช้เงิน ซึ่งผู้ขอคำปรึกษาสามารถดาวน์โหลดแบบฟอร์มคำฟ้องได้จากเว็บไซต์ของศาลปกครอง ซึ่งอาจเขียนคำฟ้องเองด้วยลายมือหรือจะใช้วิธีการพิมพ์ก็ได้ โดยคำฟ้องให้ใช้ถ้อยคำสุภาพและต้องมีรายการครบถ้วนตามมาตรา 45 แห่งพระราชบัญญัติจัดตั้งศาลปกครองและวิธีพิจารณาคดีปกครอง พ.ศ. 2542 ดังนี้ (1) ชื่อและที่อยู่ของผู้ฟ้องคดี (2) ชื่อหน่วยงานทางปกครองหรือเจ้าหน้าที่ของรัฐที่เกี่ยวข้องอันเป็นเหตุแห่งการฟ้องคดี (3) การกระทำทั้งหลายที่เป็นเหตุแห่งการฟ้องคดี พร้อมทั้งข้อเท็จจริงหรือพฤติการณ์ตามสมควรเกี่ยวกับการกระทำดังกล่าว (4) คำขอของผู้ฟ้องคดี และ (5) ลายมือชื่อของผู้ฟ้องคดี และหากผู้ฟ้องคดีประสงค์จะให้บุคคลอื่นเป็นผู้ดำเนินคดีแทน จะต้องจัดทำใบมอบอำนาจพร้อมแนบสำเนาบัตรประจำตัวของผู้มอบอำนาจและผู้รับมอบอำนาจพร้อมปิดอากรแสตมป์มาด้วย โดยต้องจัดทำสำเนาคำฟ้องและสำเนาพยานหลักฐานที่รับรองสำเนาถูกต้องตามจำนวนของผู้ถูกฟ้องคดี ตามข้อ 33 แห่งระเบียบของที่ประชุมใหญ่ตุลาการในศาลปกครองสูงสุด ว่าด้วยวิธีพิจารณาคดีปกครอง พ.ศ. 2543 ซึ่งผู้ขอคำปรึกษาสามารถเลือกยื่นคำฟ้องได้ 3 ช่องทาง คือ (1) ยื่นด้วยตนเองที่ศาลปกครอง (2) ส่งทางไปรษณีย์ลงทะเบียน หรือ (3) ยื่นทางระบบอิเล็กทรอนิกส์ และให้ยื่นฟ้องต่อศาลปกครองชั้นต้นที่ผู้ฟ้องคดีมีภูมิลำเนาหรือที่มูลคดีเกิดขึ้นก็ได้ ตามมาตรา 46 ประกอบมาตรา 47 วรรคหนึ่ง แห่งพระราชบัญญัติฉบับเดียวกัน 
ทั้งนี้ หากเป็นการฟ้องให้ใช้เงินหรือส่งมอบทรัพย์สิน ให้เสียค่าธรรมเนียมศาลโดยกรณีทุนทรัพย์ไม่เกิน 50 ล้านบาท ให้เสียค่าธรรมเนียมศาลร้อยละ 2 แต่ไม่เกิน 200,000 บาท ส่วนที่เกิน 50 ล้านบาทขึ้นไป ให้เสียค่าธรรมเนียมศาล ร้อยละ 0.1 ตามมาตรา 45 วรรคสี่ แห่งพระราชบัญญัติจัดตั้งศาลปกครองและวิธีพิจารณาคดีปกครอง พ.ศ. 2542 และหากผู้ฟ้องคดีไม่มีทรัพย์สินเพียงพอที่จะเสียค่าธรรมเนียมศาล หรือถ้าไม่ได้รับยกเว้นค่าธรรมเนียมศาลจะได้รับความเดือดร้อนเกินสมควร ให้ยื่นคำขอยกเว้นค่าธรรมเนียมศาล พร้อมแสดงหลักฐานประกอบต่อศาล ตามข้อ 41/1 ประกอบข้อ 41/2 แห่งระเบียบของที่ประชุมใหญ่ตุลาการในศาลปกครองสูงสุด ว่าด้วยวิธีพิจารณาคดีปกครอง พ.ศ. 2543
"
"ความรู้ทั่วไปเกี่ยวกับศาลปกครอง/คดีปกครอง, การจัดทำคำฟ้องหรือคำร้อง และขั้นตอนที่เกี่ยวข้อง","ผู้ขอคำปรึกษาประสงค์จะฟ้องคดีต่อศาลปกครองเพื่อขอให้มีการชดใช้ค่าสินไหมค่าทดแทนจากการ
กระทำละเมิดจากเจ้าหน้าที่ ต้องดำเนินการอย่างไร",แนะนำว่า กรณีเป็นคดีพิพาทเกี่ยวกับการกระทำละเมิดของหน่วยงานทางปกครองหรือเจ้าหน้าที่ของรัฐ ตามมาตรา 9 วรรคหนึ่ง (3) แห่งพระราชบัญญัติจัดตั้งศาลปกครอง และวิธีพิจารณาคดีปกครอง พ.ศ. 2542 โดยต้องยื่นฟ้องภายในหนึ่งปีนับแต่วันที่มีการกระทำละเมิดต่อผู้ขอฯ ตามมาตรา 51 แห่งพระราชบัญญัติดังกล่าว โดยมีคำขอให้ใช้เงิน ตามมาตรา 72 วรรคหนึ่ง (3) แห่งพระราชบัญญัติเดียวกัน ทั้งนี้ ในการเรียกค่าเสียหายผู้ขอฯ ต้องสามารถแสดงรายละเอียดเกี่ยวกับความเสียหายให้ศาลเห็น พร้อมระบุจำนวนเงิน และต้องชำระค่าธรรมเนียมศาลในอัตราร้อยละ 2 ของทุนทรัพย์ แต่ไม่เกินสองแสนบาท ส่วนที่เกินห้าสิบล้านบาทขึ้นไป คิดอัตราร้อยละ 0.1  เมื่อศาลมีคำพิพากษาแล้วจะมีคำสั่งคืนค่าธรรมเนียมศาลให้แก่ผู้ฟ้องคดีตามส่วนแห่งการชนะคดี ดังนั้น หากผู้ฟ้องคดีแพ้คดีก็จะไม่มีการคืนค่าธรรมเนียมศาลให้แก่ผู้ฟ้องคดีแต่อย่างใด
"ความรู้ทั่วไปเกี่ยวกับศาลปกครอง/คดีปกครอง, การจัดทำคำฟ้องหรือคำร้อง และขั้นตอนที่เกี่ยวข้อง",ผู้ขอคำปรึกษาสอบถามว่า กรณีที่มีความประสงค์จะยื่นฟ้องคดีต่อศาลปกครองจะต้องใช้เอกสารใดบ้าง และสามารถส่งคำฟ้องดังกล่าวทางใดได้บ้าง,ได้ให้คำแนะนำว่า กรณีที่ผู้ขอคำปรึกษามีความประสงค์จะยื่นฟ้องคดีต่อศาลปกครอง สามารถจัดทำคำฟ้องที่มีรายการครบถ้วนตามมาตรา 45 แห่งพระราชบัญญัติจัดตั้งศาลปกครองและวิธีพิจารณาคดีปกครอง พ.ศ. 2542 ดังนี้ (1) ชื่อและที่อยู่ของผู้ฟ้องคดี (2) ชื่อหน่วยงานทางปกครองหรือเจ้าหน้าที่ของรัฐที่เกี่ยวข้องอันเป็นเหตุแห่งการฟ้องคดี (3) การกระทำทั้งหลายที่เป็นเหตุแห่งการฟ้องคดี พร้อมทั้งข้อเท็จจริงหรือพฤติการณ์ตามสมควรเกี่ยวกับการกระทำดังกล่าว (4) คำขอของผู้ฟ้องคดี และ (5) ลายมือชื่อของผู้ฟ้องคดี และหากผู้ฟ้องคดีประสงค์จะให้บุคคลอื่นเป็นผู้ดำเนินคดีแทน จะต้องจัดทำใบมอบอำนาจพร้อมแนบสำเนาบัตรประจำตัวของผู้มอบอำนาจและผู้รับมอบอำนาจพร้อมปิดอากรแสตมป์มาด้วย โดยต้องจัดทำสำเนาคำฟ้องและสำเนาพยานหลักฐานที่รับรองสำเนาถูกต้องตามจำนวนของผู้ถูกฟ้องคดี ตามข้อ 33 แห่งระเบียบของที่ประชุมใหญ่ตุลาการในศาลปกครองสูงสุด ว่าด้วยวิธีพิจารณาคดีปกครอง พ.ศ. 2543 พร้อมแนบสำเนาบัตรประจำจัวประชาชนของผู้ฟ้องคดีมาด้วย ซึ่งผู้ฟ้องคดีสามารถเลือกยื่นคำฟ้องได้ 3 ช่องทาง คือ (1) ยื่นด้วยตนเองที่ศาลปกครอง (2) ส่งทางไปรษณีย์ลงทะเบียน หรือ (3) ยื่นทางระบบอิเล็กทรอนิกส์ และให้ยื่นฟ้องต่อศาลปกครองชั้นต้นที่ผู้ฟ้องคดีมีภูมิลำเนาหรือที่มูลคดีเกิดขึ้นก็ได้ ตามมาตรา 46 ประกอบมาตรา 47 วรรคหนึ่ง แห่งพระราชบัญญัติฉบับเดียวกัน 
"ความรู้ทั่วไปเกี่ยวกับศาลปกครอง/คดีปกครอง, ขั้นตอนแก้ไขความเสียหายก่อนฟ้องคดี, การจัดทำคำฟ้องหรือคำร้อง และขั้นตอนที่เกี่ยวข้อง",กรณีที่ผู้ขอคำปรึกษาได้มีคำร้องขอค่าเช่าบ้าน แต่หน่วยงานต้นสังกัดได้มีคำสั่งปฏิเสธไม่ให้เบิกค่าเช่าบ้าน ผู้ขอฯ จะมายื่นฟ้องคดีต่อศาลปกครอง ได้หรือไม่,แนะนำว่า กรณีที่มีคำสั่งปฏิเสธไม่ให้เบิกค่าเช่าบ้านอันถือเป็นคำสั่งทางปกครอง ถ้าผู้ฟ้องคดีเห็นว่าเป็นคำสั่งทางปกครองที่ไม่ชอบด้วยกฎหมายก็ให้ยื่นอุทธรณ์คำสั่งดังกล่าวเสียก่อน และถ้าผลการพิจารณาอุทธรณ์ยังไม่เป้นที่พอใจก็อาจยื่นฟ้องคดีเป็นคดีพิพาทเกี่ยวกับหน่วยงานทางปกครองหรือเจ้าหน้าที่ของรัฐออกคำสั่งโดยไม่ชอบด้วยกฎหมาย ตามมาตรา 9 วรรคหนึ่ง (1) แห่งพระราชบัญญัติจัดตั้งศาลปกครองและวิธีพิจารณาคดีปกครอง พ.ศ. 2542 เพื่อขอเพิกถอนคำสั่งและคำวินิจฉัยอุทธรณ์ ตามมาตรา 72 วรรคหนึ่ง (1) แห่งพระราชบัญญัติดังกล่าว 
ความรู้ทั่วไปเกี่ยวกับศาลปกครอง/คดีปกครอง,ผู้ขอคำปรึกษาสอบถามว่า กรณีที่มีความประสงค์จะฟ้องคดีต่อศาลปกครองเป็นคดีพิพาทเกี่ยวกับการที่หน่วยงานทางปกครองกระทำละเมิด จะต้องเสียค่าธรรมเนียมศาลหรือไม่ อย่างไร และหากเสียค่าธรรมเนียมศาลแล้วจะได้รับเงินดังกล่าวคืนหรือไม่,"ได้ให้คำแนะนำว่า กรณีที่ผู้ขอคำปรึกษามีความประสงค์จะฟ้องคดีต่อศาลปกครองเป็นคดีพิพาทเกี่ยวกับการที่หน่วยงานทางปกครองกระทำละเมิด ตามมาตรา 9 วรรคหนึ่ง (3) แห่งพระราชบัญญัติจัดตั้งศาลปกครองและวิธีพิจารณาคดีปกครอง พ.ศ. 2542 ให้เสียค่าธรรมเนียมศาลโดยกรณีทุนทรัพย์ไม่เกิน 50 ล้านบาท ให้เสียค่าธรรมเนียมศาลร้อยละ 2 แต่ไม่เกิน 200,000 บาท ส่วนที่เกิน 50 ล้านบาทขึ้นไป ให้เสียค่าธรรมเนียมศาล ร้อยละ 0.1 ตามมาตรา 45 วรรคสี่ แห่งพระราชบัญญัติฉบับเดียวกัน และหากผู้ฟ้องคดีไม่มีทรัพย์สินเพียงพอที่จะเสียค่าธรรมเนียมศาล หรือถ้าไม่ได้รับยกเว้นค่าธรรมเนียมศาลจะได้รับความเดือดร้อนเกินสมควร ให้ยื่นคำขอยกเว้นค่าธรรมเนียมศาล พร้อมแสดงหลักฐานประกอบต่อศาล ตามข้อ 41/1 ประกอบข้อ 41/2 แห่งระเบียบของที่ประชุมใหญ่ตุลาการในศาลปกครองสูงสุด ว่าด้วยวิธีพิจารณาคดีปกครอง พ.ศ. 2543 ทั้งนี้ หากศาลพิพากษายกฟ้อง ศาลจะริบค่าธรรมเนียมศาลทั้งหมด หากผู้ฟ้องคดีเป็นฝ่ายชนะคดี ศาลจะคืนค่าธรรมเนียมศาลให้ทั้งหมดหรือบางส่วนตามส่วนของการชนะคดี ตามมาตรา 72/1 แห่งพระราชบัญญัติจัดตั้งศาลปกครองและวิธีพิจารณาคดีปกครอง พ.ศ. 2542 "
"ความรู้ทั่วไปเกี่ยวกับศาลปกครอง/คดีปกครอง, การจัดทำคำฟ้องหรือคำร้อง และขั้นตอนที่เกี่ยวข้อง","ผู้ขอคำปรึกษาสอบถามว่า กรณีที่ อบต. ได้ว่าจ้างบริษัทเอกชนมาทำถนน แต่ไม่ควบคุมดูแล ทำให้รถยนต์ของผู้ขอคำปรึกษาเหยียบเศษวัสดุจากการทำถนนได้รับความเสียหาย เสียค่าซ่อมรถยนต์ไปจำนวน 12,000 บาท หากประสงค์จะฟ้องคดีต่อศาลปกครองเพื่อให้ อบต.ชดใช้ค่าเสียหายดังกล่าว จะต้องดำเนินการอย่างไร","ได้ให้คำแนะนำว่า กรณีที่ อบต. ได้ว่าจ้างบริษัทเอกชนมาทำถนน แต่ไม่ควบคุมดูแล ทำให้รถยนต์ของผู้ขอคำปรึกษาเหยียบเศษวัสดุจากการทำถนนได้รับความเสียหาย เสียค่าซ่อมรถยนต์ไปจำนวน 12,000 บาท จึงเป็นคดีพิพาทเกี่ยวกับการกระทำละเมิดอันเนื่องจากการที่หน่วยงานทางปกครองละเลยต่อหน้าที่ตามที่กฎหมายกำหนดให้ต้องปฏิบัติ ตามมาตรา 9 วรรคหนึ่ง (2) และ (3) แห่งพระราชบัญญัติจัดตั้งศาลปกครองและวิธีพิจารณาคดีปกครอง พ.ศ. 2542 ซึ่งผู้ขอคำปรึกษาสามารถดาวน์โหลดแบบฟอร์มคำฟ้องได้จากเว็บไซต์ของศาลปกครอง โดยคำฟ้องต้องมีรายการครบถ้วนตามมาตรา 45 แห่งพระราชบัญญัติจัดตั้งศาลปกครองและวิธีพิจารณาคดีปกครอง พ.ศ. 2542 ดังนี้ (1) ชื่อและที่อยู่ของผู้ฟ้องคดี (2) ชื่อหน่วยงานทางปกครองหรือเจ้าหน้าที่ของรัฐที่เกี่ยวข้องอันเป็นเหตุแห่งการฟ้องคดี (3) การกระทำทั้งหลายที่เป็นเหตุแห่งการฟ้องคดี พร้อมทั้งข้อเท็จจริงหรือพฤติการณ์ตามสมควรเกี่ยวกับการกระทำดังกล่าว (4) คำขอของผู้ฟ้องคดี และ (5) ลายมือชื่อของผู้ฟ้องคดี โดยต้องจัดทำสำเนาคำฟ้องและสำเนาพยานหลักฐานที่รับรองสำเนาถูกต้องตามจำนวนของผู้ถูกฟ้องคดี ตามข้อ 33 แห่งระเบียบของที่ประชุมใหญ่ตุลาการในศาลปกครองสูงสุด ว่าด้วยวิธีพิจารณาคดีปกครอง พ.ศ. 2543 ซึ่งผู้ขอคำปรึกษาสามารถเลือกยื่นคำฟ้องได้ 3 ช่องทาง คือ (1) ยื่นด้วยตนเองที่ศาลปกครอง (2) ส่งทางไปรษณีย์ลงทะเบียน หรือ (3) ยื่นทางระบบอิเล็กทรอนิกส์ และให้ยื่นฟ้องต่อศาลปกครองชั้นต้นที่ผู้ฟ้องคดีมีภูมิลำเนาหรือที่มูลคดีเกิดขึ้นก็ได้ ตามมาตรา 46 ประกอบมาตรา 47 วรรคหนึ่ง แห่งพระราชบัญญัติฉบับเดียวกัน 
ทั้งนี้ หากเป็นการฟ้องให้ใช้เงินหรือส่งมอบทรัพย์สิน ให้เสียค่าธรรมเนียมศาลโดยกรณีทุนทรัพย์ไม่เกิน 50 ล้านบาท ให้เสียค่าธรรมเนียมศาลร้อยละ 2 แต่ไม่เกิน 200,000 บาท ส่วนที่เกิน 50 ล้านบาทขึ้นไป ให้เสียค่าธรรมเนียมศาล ร้อยละ 0.1 ตามมาตรา 45 วรรคสี่ แห่งพระราชบัญญัติจัดตั้งศาลปกครองและวิธีพิจารณาคดีปกครอง พ.ศ. 2542 และหากผู้ฟ้องคดีไม่มีทรัพย์สินเพียงพอที่จะเสียค่าธรรมเนียมศาล หรือถ้าไม่ได้รับยกเว้นค่าธรรมเนียมศาลจะได้รับความเดือดร้อนเกินสมควร ให้ยื่นคำขอยกเว้นค่าธรรมเนียมศาล พร้อมแสดงหลักฐานประกอบต่อศาล ตามข้อ 41/1 ประกอบข้อ 41/2 แห่งระเบียบของที่ประชุมใหญ่ตุลาการในศาลปกครองสูงสุด ว่าด้วยวิธีพิจารณาคดีปกครอง พ.ศ. 2543"
"ความรู้ทั่วไปเกี่ยวกับศาลปกครอง/คดีปกครอง, การจัดทำคำฟ้องหรือคำร้อง และขั้นตอนที่เกี่ยวข้อง","ผู้ขอคำปรึกษาได้มีหนังสือร้องเรียนต่อสำนักงานเขตฯ กรณีที่ผู้ประกอบกิจการร้านค้าทำให้เกิดเสียงดังและกีดขวางทางเข้า-ออก แต่สำนักงานเขตฯ มิได้มีการดำเนินการแก้ไขความเดือดร้อนให้ประชาชนแต่
อย่างใด ซึ่งผู้ขอฯเห็นว่าสำนักงานฯ ละเลยต่อหน้าที่ตามที่กฎหมายกำหนดให้ต้องปฏิบัติ จึงขอคำแนะนำในการฟ้องคดีต่อศาลปกครอง ","แนะนำว่า กรณีเป็นคดีพิพาทเกี่ยวกับการที่หน่วยงานทางปกครองหรือเจ้าหน้าที่ของรัฐละเลย
ต่อหน้าที่ตามที่กฎหมายกำหนดให้ต้องปฏิบัติ หรือปฏิบัติหน้าที่ดังกล่าวล่าช้าเกินสมควร ตามมาตรา 9 
วรรคหนึ่ง (2) แห่งพระราชบัญญัติจัดตั้งศาลปกครองและวิธีพิจารณาคดีปกครอง พ.ศ. 2542 หากพ้นกำหนดเก้าสิบวันนับแต่วันที่มีหนังสือร้องเรียนต่อสำนักงานเขตฯ และไม่ได้รับหนังสือชี้แจง หรือได้รับ
คำชี้แจงแต่ผู้ขอคำปรึกษาเห็นว่าไม่มีเหตุผล รวมทั้ง สำนักงานเขตฯ มิได้ดำเนินการแก้ไขความเดือดร้อนผู้ขอคำปรึกษามีสิทธิฟ้องคดีต่อศาลปกครองได้ ตามมาตรา 49 แห่งพระราชบัญญัติดังกล่าว โดยขอให้หัวหน้าหน่วยงานทางปกครอง คือ ผู้อำนวยการเขตฯ  หรือเจ้าหน้าที่ของรัฐที่เกี่ยวข้องปฏิบัติตามหน้าที่ภายในเวลาที่ศาลปกครองกำหนด ตามมาตรา 72 วรรคหนึ่ง (2) แห่งพระราชบัญญัติเดียวกัน     "
"ความรู้ทั่วไปเกี่ยวกับศาลปกครอง/คดีปกครอง, ขั้นตอนแก้ไขความเสียหายก่อนฟ้องคดี, การจัดทำคำฟ้องหรือคำร้อง และขั้นตอนที่เกี่ยวข้อง",ผู้ขอคำปรึกษาสอบถามว่า กรณีที่เจ้าพนักงานที่ดินทำการออกโฉนดที่ดินไม่ถูกต้อง โดยในโฉนดที่ดินมีการระบุว่าส่วนหนึ่งของที่ดินเป็นทางสาธารณะ แต่ความเป็นจริงเป็นที่ส่วนบุคคล ผู้ขอคำปรึกษาจะต้องดำเนินการอย่างไร,ได้ให้คำแนะนำว่า กรณีที่เจ้าพนักงานที่ดินทำการออกโฉนดที่ดินไม่ถูกต้อง โดยในโฉนดที่ดินมีการระบุว่าส่วนหนึ่งของที่ดินเป็นทางสาธารณะ แต่ความเป็นจริงเป็นที่ส่วนบุคคล ผู้ขอคำปรึกษาจะต้องมีหนังสือเพื่อขอให้เจ้าพนักงานที่ดินทำการแก้ไขโฉนดที่ดินให้ถูกต้อง หากพ้นกำหนดเก้าสิบวันนับแต่วันที่เจ้าพนักงานที่ดินได้รับหนังสือดังกล่าวแล้ว เจ้าพนักงานที่ดินไม่ดำเนินการใดหรือผู้ขอคำปรึกษาไม่เห็นด้วยกับการแจ้งผลการพิจารณา จึงมีสิทธินำคดีมาฟ้องต่อศาลปกครองภายในเก้าสิบวันนับแต่วันที่พ้นกำหนดระยะเวลาดังกล่าว ตามมาตรา 49 แห่งพระราชบัญญัติจัดตั้งศาลปกครองและวิธีพิจารณาคดีปกครอง พ.ศ. 2542 โดยจะต้องฟ้องให้เจ้าพนักงานที่ดินดำเนินการตามหน้าที่ตามที่กฎหมายกำหนดให้ต้องปฏิบัติหรือขอให้เพิกถอนการออกโฉนดที่ไม่ถูกต้องดังกล่าว โดยให้ยื่นฟ้องคดีต่อศาลปกครองชั้นต้นที่ผู้ฟ้องคดีมีภูมิลำเนาหรือที่มูลคดีเกิดขึ้นก็ได้ ตามมาตรา 47 วรรคหนึ่ง แห่งพระราชบัญญัติฉบับเดียวกัน ซึ่งกรณีดังกล่าวผู้ขอคำปรึกษามีภูมิลำเนาและมูลคดีเกิดขึ้นที่จังหวัดชลบุรี จึงอยู่ในเขตอำนาจของศาลปกครองระยอง ทั้งนี้ ผู้ขอคำปรึกษาสามารถเลือกยื่นคำฟ้องได้ 3 ช่องทาง คือ (1) ยื่นด้วยตนเองต่อศาลปกครอง (2) ส่งทางไปรษณีย์ลงทะเบียน หรือ (3) ยื่นทางระบบอิเล็กทรอนิกส์ ก็ได้
เป็นคดีที่อยู่ในอำนาจของศาลปกครองหรือไม่,    ถูกเวนคืนก่อสร้างรถไฟฟ้าสายสีส้ม จึงมาปรึกษา,"  แนะนำว่า พระราชบัญญัติว่าด้วยการเวนคืนและการได้มาซึ่งอสังหาริมทรัพย์ พ.ศ. 2562 มาตรา 49 ผู้มีสิทธิได้รับเงินค่าทดแทนตามมาตรา 40 ผู้ใดไม่พอใจเงินค่าทดแทนที่ กำหนดไว้ในสัญญาซื้อขายตามมาตรา 25 และเงินค่าทดแทนเพิ่มเติมตามมาตรา 26 วรรคสองเงินค่าทดแทนที่ได้รับหรือวางเงินค่าทดแทนตามมาตรา 28 วรรคสอง ให้มีสิทธิอุทธรณ์ต่อรัฐมนตรีภายในเก้าสิบวันนับแต่วันที่ได้รับเงินจากเจ้าหน้าที่หรือรับเงินที่วางไว้ แล้วแต่กรณี
     การพิจารณาอุทธรณ์ตามวรรคหนึ่ง ให้รัฐมนตรีแต่งตั้งคณะกรรมการขึ้นคณะหนึ่งประกอบด้วยผู้ทรงคุณวุฒิทางกฎหมาย และผู้มีความรู้ความเชี่ยวชาญในการตีราคาอสังหาริมทรัพย์จำนวนไม่น้อยกว่าห้าคน เป็นผู้พิจารณาและเสนอความเห็นต่อรัฐมนตรีภายในหนึ่งร้อยแปดสิบวัน นับแต่วันที่ได้รับอุทธรณ์และให้รัฐมนตรีวินิจฉัยอุทธรณ์ให้เสร็จสิ้นภายในสามสิบวันนับแต่วันที่ได้รับความเห็นจากคณะกรรมการดังกล่าว
     ในกรณีที่มีเหตุจำเป็น คณะกรรมการไม่สามารถดำเนินการให้แล้วเสร็จภายในกำหนดระยะเวลา
ตามวรรคสอง ให้คณะกรรมการเสนอรัฐมนตรีเพื่อพิจารณาขยายระยะเวลาออกไปอีกก็ได้ แต่ต้องเสนอ
ต่อรัฐมนตรีก่อนสิ้นกำหนดระยะเวลาตามวรรคสอง และรัฐมนตรีจะอนุญาตให้ขยายครั้งเดียวหรือ
หลายครั้งก็ได้แต่เมื่อรวมเวลาที่ขยายแล้วต้องไม่เกินหนึ่งร้อยแปดสิบวันนับแต่วันสิ้นกำหนดระยะเวลา ตามวรรคสอง
      ในการดำเนินการตามวรรคสอง รัฐมนตรีจะวางระเบียบก าหนดระยะเวลาการปฏิบัติงานของ
พนักงานเจ้าหน้าที่ที่เกี่ยวข้องในแต่ละขั้นตอนก็ได้
      มาตรา 50 ในกรณีที่เจ้าของไม่พอใจคำวินิจฉัยของรัฐมนตรีตามมาตรา 49 หรือเมื่อ
พ้นกำหนดเวลาตามมาตรา 49 วรรคสอง แล้ว เจ้าของยังไม่ได้รับแจ้งคำวินิจฉัยของรัฐมนตรี ให้มีสิทธิ
ฟ้องคดีต่อศาลได้ภายในหนึ่งปีนับแต่วันที่ได้รับแจ้งค าวินิจฉัยของรัฐมนตรีหรือนับแต่วันที่พ้นกำหนดเวลาตามมาตรา 49 วรรคสอง แล้วแต่กรณี
     ในกรณีที่รัฐมนตรีหรือศาลวินิจฉัยให้จ่ายเงินค่าทดแทนเพิ่มขึ้น ให้เจ้าของมีสิทธิได้รับดอกเบี้ย
ในอัตราสูงสุดของดอกเบี้ยเงินฝากประเภทฝากประจำของธนาคารออมสินในจ านวนเงินที่เพิ่มขึ้น ทั้งนี้ นับแต่วันที่จ่ายเงินค่าทดแทนตามมาตรา 25 วรรคสอง หรือวันที่จ่ายหรือวางเงินค่าทดแทนตามมาตรา 28วรรคสอง จนถึงวันที่จ่ายเงินค่าทดแทนที่เพิ่มขึ้น ในกรณีที่เจ้าของไม่มารับเงินค่าทดแทนที่เพิ่มขึ้น
ตามกำหนดเวลาที่ได้รับแจ้งจากเจ้าหน้าที่ ให้เจ้าหน้าที่วางเงินนั้นตามมาตรา 46 ในกรณีเช่นนั้น
การคำนวณดอกเบี้ยให้คิดถึงวันที่เจ้าหน้าที่ก าหนดให้เจ้าของมารับเงินค่าทดแทนนั้น
      ดอกเบี้ยที่ต้องชำระตามวรรคสอง ถ้าเป็นกรณีที่คณะกรรมการพิจารณาอุทธรณ์หรือรัฐมนตรี
มิได้เสนอความเห็นหรือสั่งการภายในก าหนดเวลาตามมาตรา 49 วรรคสอง หรือเจ้าหน้าที่ที่เกี่ยวข้อง
มิได้ด าเนินการภายในก าหนดเวลาตามมาตรา 49 วรรคสาม เมื่อช าระให้เจ้าของแล้วให้ด าเนินการ
ตามกฎหมายว่าด้วยความรับผิดทางละเมิดของเจ้าหน้าที่
   ดังนั้น จึงแนะนำให้ไปทำสัญญาและรับเงินค่าทดแทน หากไม่พอใจให้อุทธรณ์ต่อรัฐมนตรีภายใน 90 วันนับแต่วันที่ได้รับเงิน เมื่อได้รับคำวินิจฉัยอุทธรณ์แต่ไม่พอใจให้ฟ้องต่อศาลปกครองขอค่าทดแทนเพิ่มภายใน 1 ปี หรือกรณีไม่ได้รับแจ้งผลการพิจารณาอุทธรณ์ให้ฟ้องภายใน 90 วันนัแต่เมื่อพ้นระยะเวลาการพิจารณาอุทธรณ์"
"ความรู้ทั่วไปเกี่ยวกับศาลปกครอง/คดีปกครอง, เป็นคดีที่อยู่ในอำนาจของศาลปกครองหรือไม่",   ที่ดินถูกเวนคืนก่อสร้างระชถไฟฟ้าสายสีส้ม,"            แนะนำว่า พระราชบัญญัติว่าด้วยการเวนคืนและการได้มาซึ่งอสังหาริมทรัพย์ พ.ศ. 2562 มาตรา 49 ผู้มีสิทธิได้รับเงินค่าทดแทนตามมาตรา 40 ผู้ใดไม่พอใจเงินค่าทดแทนที่ กำหนดไว้ในสัญญาซื้อขายตามมาตรา 25 และเงินค่าทดแทนเพิ่มเติมตามมาตรา 26 วรรคสองเงินค่าทดแทนที่ได้รับหรือวางเงินค่าทดแทนตามมาตรา 28 วรรคสอง ให้มีสิทธิอุทธรณ์ต่อรัฐมนตรีภายในเก้าสิบวันนับแต่วันที่ได้รับเงินจากเจ้าหน้าที่หรือรับเงินที่วางไว้ แล้วแต่กรณี
     การพิจารณาอุทธรณ์ตามวรรคหนึ่ง ให้รัฐมนตรีแต่งตั้งคณะกรรมการขึ้นคณะหนึ่งประกอบด้วยผู้ทรงคุณวุฒิทางกฎหมาย และผู้มีความรู้ความเชี่ยวชาญในการตีราคาอสังหาริมทรัพย์จำนวนไม่น้อยกว่าห้าคน เป็นผู้พิจารณาและเสนอความเห็นต่อรัฐมนตรีภายในหนึ่งร้อยแปดสิบวัน นับแต่วันที่ได้รับอุทธรณ์และให้รัฐมนตรีวินิจฉัยอุทธรณ์ให้เสร็จสิ้นภายในสามสิบวันนับแต่วันที่ได้รับความเห็นจากคณะกรรมการดังกล่าว
     ในกรณีที่มีเหตุจำเป็น คณะกรรมการไม่สามารถดำเนินการให้แล้วเสร็จภายในกำหนดระยะเวลาตามวรรคสอง ให้คณะกรรมการเสนอรัฐมนตรีเพื่อพิจารณาขยายระยะเวลาออกไปอีกก็ได้ แต่ต้องเสนอต่อรัฐมนตรีก่อนสิ้นกำหนดระยะเวลาตามวรรคสอง และรัฐมนตรีจะอนุญาตให้ขยายครั้งเดียวหรือหลายครั้งก็ได้แต่เมื่อรวมเวลาที่ขยายแล้วต้องไม่เกินหนึ่งร้อยแปดสิบวันนับแต่วันสิ้นกำหนดระยะเวลา ตามวรรคสอง ในการดำเนินการตามวรรคสอง รัฐมนตรีจะวางระเบียบกำหนดระยะเวลาการปฏิบัติงานของ
พนักงานเจ้าหน้าที่ที่เกี่ยวข้องในแต่ละขั้นตอนก็ได้
      มาตรา 50 ในกรณีที่เจ้าของไม่พอใจคำวินิจฉัยของรัฐมนตรีตามมาตรา 49 หรือเมื่อพ้นกำหนดเวลาตามมาตรา 49 วรรคสอง แล้ว เจ้าของยังไม่ได้รับแจ้งคำวินิจฉัยของรัฐมนตรี ให้มีสิทธิฟ้องคดีต่อศาลได้ภายในหนึ่งปีนับแต่วันที่ได้รับแจ้งคำวินิจฉัยของรัฐมนตรีหรือนับแต่วันที่พ้นกำหนดเวลาตามมาตรา 49 วรรคสอง แล้วแต่กรณี
     ในกรณีที่รัฐมนตรีหรือศาลวินิจฉัยให้จ่ายเงินค่าทดแทนเพิ่มขึ้น ให้เจ้าของมีสิทธิได้รับดอกเบี้ยในอัตราสูงสุดของดอกเบี้ยเงินฝากประเภทฝากประจำของธนาคารออมสินในจ านวนเงินที่เพิ่มขึ้น ทั้งนี้ นับแต่วันที่จ่ายเงินค่าทดแทนตามมาตรา 25 วรรคสอง หรือวันที่จ่ายหรือวางเงินค่าทดแทนตามมาตรา 28วรรคสอง จนถึงวันที่จ่ายเงินค่าทดแทนที่เพิ่มขึ้น ในกรณีที่เจ้าของไม่มารับเงินค่าทดแทนที่เพิ่มขึ้นตามกำหนดเวลาที่ได้รับแจ้งจากเจ้าหน้าที่ ให้เจ้าหน้าที่วางเงินนั้นตามมาตรา 46 ในกรณีเช่นนั้นการคำนวณดอกเบี้ยให้คิดถึงวันที่เจ้าหน้าที่กำหนดให้เจ้าของมารับเงินค่าทดแทนนั้น      
     ดอกเบี้ยที่ต้องชำระตามวรรคสอง ถ้าเป็นกรณีที่คณะกรรมการพิจารณาอุทธรณ์หรือรัฐมนตรีมิได้เสนอความเห็นหรือสั่งการภายในกำหนดเวลาตามมาตรา 49 วรรคสอง หรือเจ้าหน้าที่ที่เกี่ยวข้องมิได้ดำเนินการภายในกำหนดเวลาตามมาตรา 49 วรรคสาม เมื่อชำระให้เจ้าของแล้วให้ดำเนินการตามกฎหมายว่าด้วยความรับผิดทางละเมิดของเจ้าหน้าที่ 
         จากบทกฎหมายดังกล่าว   ดังนั้น  จึงแนะนำให้ไปทำสัญญาและรับเงินค่าทดแทน หากไม่พอใจให้อุทธรณ์ต่อรัฐมนตรีภายใน 90 วันนับแต่วันที่ได้รับเงิน เมื่อได้รับคำวินิจฉัยอุทธรณ์แต่ไม่พอใจให้ฟ้องต่อศาลปกครองขอค่าทดแทนเพิ่มภายใน 1 ปี หรือกรณีไม่ได้รับแจ้งผลการพิจารณาอุทธรณ์ให้ฟ้องภายใน 90 วันนับแต่เมื่อพ้นระยะเวลาการพิจารณาอุทธรณ์"
เป็นคดีที่อยู่ในอำนาจของศาลปกครองหรือไม่,    ถามว่าเป็นข้าราชการถูกไล่ออกจากราชการจะฟ้องศาลปกครองได้หรือไม่ (แจ้งข้อเท็จจริงมาแค่นี้ไม่ยอมแจ้งให้ชัดเจนว่าเป็นข้าราชการหน่วยงานใด ถูกออกเพระาะอะไร),   แนะนำว่า คำสังไล่ออกเป็นคำสั่งทางปกครอง หากเห็นว่าเป็นคำสั่งที่ไม่ชอบด้วยกฎหมายฟ้องต่อศาลปกครองภายใน 90 วัน ขอให้เพิกถอนคำสั่งดังกล่าว เป็นคดีพิพาทตามมารตรา 9วรรคหนี่ง(1)  แห่ง พ.ร.บ. จัดตั้งศาลปกครอง อย่างไรก็ตาม ต้องพิจารณาการถูกไล่ออกแต่ละกรณีไป ว่าเป็นข้าราชการหน่วยงานใด ถูกไล่ออกออกด้วยเหตุใด เช่น ป.ป.ช. ชี้มูล หรือ ป.ป.ท. ชี้มูล เป็นต้น เพราะต้องดำเนินการให้เป็นไปตามเงิ่อนไขที่กำหนดเฉพาะกรณี ไว้ก่อนที่จะนำคดีมาฟ้องศาลปกครอง
"ความรู้ทั่วไปเกี่ยวกับศาลปกครอง/คดีปกครอง, เป็นคดีที่อยู่ในอำนาจของศาลปกครองหรือไม่",    ผู้ขอรับคำปรึกษาเป็นผู้จัดให้ประชาชนขายสินค้าต่อมาเทศบาลมีคำสั่งเทศบาลให้ยกเลิกการจัดที่ขายสินค้าพร้อมให้ไปเสียค่าปรับที่เทศบาล  จึงปรึกษาว่าไม่เป็นธรรมจะต้องทำอย่างไร,   แนะนำว่าคำสั่้ง ให้ยกเลิกการจัดที่จำหน่ายสินค้า เป็นคำสั่งทางปกครอง หากท่านเห็นว่าไม่เป็นธรรมให้ท่านอุทธรณ์คำสั่งต่อนายกเทศบาล ผู้ออกคำสั่ง หากผลการพิจารณาอุทธรณ์ยังยืนตามเดิม หรือพ้นกำหนดระยะเวลาการพิจารณาอุทธรณ์แล้วไม่มีการพิจารณาอุทธรณ์ ท่านมีสิทธิฟ้องต่อศาลปกครองภายใน 90 วัน นับแต่วันทราบผลอุทธรณ์หรือไม่มีการพิจารณาอุทธรณ์ภายในเวลา โดยขอให้เพิกถอนคำสั่งที่พิพาทเป็นคดีพิพาทตามมาตรา 9 วรรคหนึ่ง (1) แห่ง พ.ร.บ. จัดตั้งศาลปกครองฯ
"ความรู้ทั่วไปเกี่ยวกับศาลปกครอง/คดีปกครอง, เป็นคดีที่อยู่ในอำนาจของศาลปกครองหรือไม่",    ได้รับความเดือดร้อนจากอู่ซ่อมรถยนต์ไกล้บ้านร้องเรียนต่อเขตคลองสามวาแล้วไม่ได้รับการแก้ไข จะทำอย่างไรได้บ้าง,   แนะนำว่า เมื่อท่านได้ร้องเรียนเหตุเดือดร้อนรำคาญต่อผู้อำนวยการเขตคลองสามวาผ่านไป 90 วันแล้ว ผู้อำนวยการเขตฯยังคงเพิกเฉยท่านสามารถยื่นฟ้องเขตฯว่าละเลยหน้าที่ตามทีกฎหมายกำหนดให้ต้องปฏิบัติเป็นคดีพิพาทตามมาตรา 9วรรคหนึ่ง (2) แห่ง พ.ร.บ. จัดตั้งศาลปกครองฯ ภายใน 90 วันนับแต่พ้นกำหนด90 วันที่ยื่นร้องเรียน ขอให้ปฏิบัติหน้าที่โดยจัดการเรื่องเหตุเดือดร้อนรำคาญจากอู่ซ่อมรถ
"ความรู้ทั่วไปเกี่ยวกับศาลปกครอง/คดีปกครอง, การจัดทำคำฟ้องหรือคำร้อง และขั้นตอนที่เกี่ยวข้อง",ผู้ขอคำปรึกษาเป็นผู้ได้รับความเดือดร้อนเสียหายจากการที่หน่วยงานที่รับผิดชอบทางเท้าไม่ปิดฝาท่อจนเป็นเหตุให้ผู้ขอคำปรึกษาประสบอุบัติเหตุ จึงมีความประสงค์ฟ้องเรียกค่าเสียหายจากเหตุดังกล่าว ขอคำปรึกษาในการฟ้องคดีต่อศาลปกครอง,"1.) หน่วยงานปกครองมีอำนาจในการบำรุงรักษาถนน กรณีที่ไม่ตรวจสอบดูแลฝาท่อระบายน้ำให้เป็นไปด้วยความเรียบร้อยจนเป็นเหตุให้เกิดอุบัติเหตุกับผู้ขอคำปรึกษานั้นเป็นการละเลยการปฏิบัติหน้าที่ตามที่กฎหมายกำหนดให้ต้องปฏิบัติและเมื่อผู้ขอคำปรึกษามีความประสงค์ในการฟ้องคดีต่อศาลปกครองเพื่อขอให้ศาลมีคำพิพากษาสั่งให้ผู้ถูกฟ้องคดีชดใช้เงินนั้นเป็นคดีพิพาทืเกี่ยวกับการกระทำละเมิดจากการที่หน่วยงานทางปกครองละเลยการปฏิบัติหน้าที่ตามที่กฎหมายกำหนดให้ต้องปฏิบัติตามมาตรา 9 วรรคหนึ่ง (3) แห่งพ.ร.บ.จัดตั้งศาลปกครองฯ  คดีพิพาทเกี่ยวกับการกระทำละเมิดไม่มีบทบัญญัติเกี่ยวกับการแก้ไขความเดือดร้อนเสียหายก่อนการฟ้องคดี  ผู้ขอคำปรึกษาซึ่งมีสิทธิฟ้องคดีต่อศาลปกครองตามมาตรา 42 วรรคหนึ่งแห่งพ.ร.บ.จะต้องใช้สิทธิยื่นฟ้องคดีต่อศาลปกครองภายใน 1 ปีนับแต่วันที่รู้หรือควรรู้ถึงเหตุแห่งการฟ้องคดีตามมาตรา 51 แห่งพ.ร.บ.จัดตั้งศาลปกครองฯ  
2.) ผู้ขอคำปรึกษาต้องจัดทำคำฟ้องตามมาตรา 45 แห่งพ.ร.บ.จัดตั้งศาลปกครองฯ  โดยกำหนดให้หน่วยงานทางปกครองเป็นผู้มีอำนาจดูแลรักษาทางเท้าเป็นผู้ถูกฟ้องคดี  บรรยายข้อเท็จจริงที่เกิดขึ้นว่าเกิดเหตุการณ์อะไรขึ้นและ ความเสียหายที่เกิดขึ้นนั้นคิดเป็นค่าเสียหายอะไรบ้าง เช่นค่าซ่อมรถ ค่ารักษาพยาบาล ค่าขาดประโยชน์ในการทำงาน เป็นต้น และระบุคำขอท้ายคำฟ้องขอให้ศาลมีคำพิพากษาให้ผู้ถูกฟ้องคดีชดใช้เงินเป็นเงินจำนวนทั้งสิ้น...บาท  หากเรียกดอกเบี้ยให้ระบุดอกเบี้ยในอัตราร้อยละ .. ของต้นเงินนับแต่วันที่ทำละเมิดจนถึงวันที่ยื่นฟ้อง และระบุดอกเบี้ยนับถัดจากวันฟ้องจนถึงวันที่ชำระเงินเสร็จสิ้นซึ่งเป็นคำขอที่ศาลสามารถออกคำบังคับได้ตามามตรา 72 วรรคหนึ่ง (3) แห่งพ.ร.บ.จัดตั้งศาลปกครองฯ  ผู้เสียหายจะต้องยื่นฟ้องต่อศาลที่มีเขตอำนาจที่ผู้ฟ้องคดีมีภูมิลำเนาหรือมูลดีตั้งอยู่ซึ่งได้แก่ ศาลปกครองกลาง  ทั้งนี้ คดีฟ้องขอให้ชดใช้เงินจะต้องเสียค่าธรรมเนียมศาลในอัตราร้อบละ 2 ของจำนวนทุนทรัพย์ในคดี"
