Question,Answer,Full_Text
การยื่นฟ้องคดีที่อยู่ในเขตอำนาจของ ศาลปกครองชั้นต้น,ให้ยื่นฟ้องต่อศาลปกครองชั้นต้นที่ผู้ฟ้องคดีมีภูมิลำเนาหรือ ที่มูลคดีเกิดขึ้นในเขตศาลปกครองชั้นต้น,"คำถาม: การยื่นฟ้องคดีที่อยู่ในเขตอำนาจของ ศาลปกครองชั้นต้น
คำตอบ: ให้ยื่นฟ้องต่อศาลปกครองชั้นต้นที่ผู้ฟ้องคดีมีภูมิลำเนาหรือ ที่มูลคดีเกิดขึ้นในเขตศาลปกครองชั้นต้น"
เขตอำนาจศาลปกครองกลาง,ศาลปกครองกลาง มีเขตอำนาจครอบคลุมพื้นที่กรุงเทพมหานคร จังหวัดนครปฐม จังหวัดนนทบุรี จังหวัดปทุมธานี จังหวัดสมุทรปราการ และจังหวัดสมุทรสาคร รวมทั้งจังหวัดที่มิได้อยู่ในเขตอำนาจของศาลปกครองในภูมิภาค คือ จังหวัดนครนายก และจังหวัดสระบุรี   ที่อยู่ : เลขที่ 120 หมู่ที่ 3 ถนนแจ้งวัฒนะ แขวงทุ่งสองห้อง เขตหลักสี่ กรุงเทพฯ 10210,"คำถาม: เขตอำนาจศาลปกครองกลาง
คำตอบ: ศาลปกครองกลาง มีเขตอำนาจครอบคลุมพื้นที่กรุงเทพมหานคร จังหวัดนครปฐม จังหวัดนนทบุรี จังหวัดปทุมธานี จังหวัดสมุทรปราการ และจังหวัดสมุทรสาคร รวมทั้งจังหวัดที่มิได้อยู่ในเขตอำนาจของศาลปกครองในภูมิภาค คือ จังหวัดนครนายก และจังหวัดสระบุรี   ที่อยู่ : เลขที่ 120 หมู่ที่ 3 ถนนแจ้งวัฒนะ แขวงทุ่งสองห้อง เขตหลักสี่ กรุงเทพฯ 10210"
เขตอำนาจศาลปกครองเชียงใหม่,ศาลปกครองเชียงใหม่ มีเขตอำนาจตลอดท้องที่จังหวัดเชียงใหม่ จังหวัดเชียงราย จังหวัดแม่ฮ่องสอน จังหวัดลำปาง จังหวัดลำพูน และมีเขตอำนาจเพิ่มเติมในจังหวัดน่าน จังหวัดพะเยา จังหวัดแพร่   ที่อยู่ : เลขที่ 333 ถนนโชตนา ตำบลช้างเผือก (ในบริเวณศูนย์ราชการจังหวัดเชียงใหม่) อำเภอเมืองเชียงใหม่ จังหวัดเชียงใหม่ 50300,"คำถาม: เขตอำนาจศาลปกครองเชียงใหม่
คำตอบ: ศาลปกครองเชียงใหม่ มีเขตอำนาจตลอดท้องที่จังหวัดเชียงใหม่ จังหวัดเชียงราย จังหวัดแม่ฮ่องสอน จังหวัดลำปาง จังหวัดลำพูน และมีเขตอำนาจเพิ่มเติมในจังหวัดน่าน จังหวัดพะเยา จังหวัดแพร่   ที่อยู่ : เลขที่ 333 ถนนโชตนา ตำบลช้างเผือก (ในบริเวณศูนย์ราชการจังหวัดเชียงใหม่) อำเภอเมืองเชียงใหม่ จังหวัดเชียงใหม่ 50300"
เขตอำนาจศาลปกครองสงขลา,ศาลปกครองสงขลา มีเขตอำนาจตลอดท้องที่จังหวัดสงขลา จังหวัดตรัง จังหวัดพัทลุง จังหวัดสตูล ที่อยู่ : เลขที่ 1111 หมู่ 2 ถนนสงขลา-เกาะยอ ตำบลพะวง อำเภอเมืองสงขลา จังหวัดสงขลา 90100,"คำถาม: เขตอำนาจศาลปกครองสงขลา
คำตอบ: ศาลปกครองสงขลา มีเขตอำนาจตลอดท้องที่จังหวัดสงขลา จังหวัดตรัง จังหวัดพัทลุง จังหวัดสตูล ที่อยู่ : เลขที่ 1111 หมู่ 2 ถนนสงขลา-เกาะยอ ตำบลพะวง อำเภอเมืองสงขลา จังหวัดสงขลา 90100"
เขตอำนาจศาลปกครองนครราชสีมา,ศาลปกครองนครราชสีมา มีเขตอำนาจตลอดท้องที่จังหวัดนครราชสีมา จังหวัดชัยภูมิ และมีเขตอำนาจเพิ่มเติมในจังหวัดบุรีรัมย์ และจังหวัดสุรินทร์ ที่อยู่ : เลขที่ 345 หมู่ 6 ถนนมิตรภาพ (เลี่ยงเมือง) ตำบลหนองกระทุ่ม อำเภอเมืองนครราชสีมา จังหวัดนครราชสีมา 30000,"คำถาม: เขตอำนาจศาลปกครองนครราชสีมา
คำตอบ: ศาลปกครองนครราชสีมา มีเขตอำนาจตลอดท้องที่จังหวัดนครราชสีมา จังหวัดชัยภูมิ และมีเขตอำนาจเพิ่มเติมในจังหวัดบุรีรัมย์ และจังหวัดสุรินทร์ ที่อยู่ : เลขที่ 345 หมู่ 6 ถนนมิตรภาพ (เลี่ยงเมือง) ตำบลหนองกระทุ่ม อำเภอเมืองนครราชสีมา จังหวัดนครราชสีมา 30000"
เขตอำนาจศาลปกครองขอนแก่น,ศาลปกครองขอนแก่น มีเขตอำนาจตลอดท้องที่จังหวัดขอนแก่น จังหวัดกาฬสินธุ์ จังหวัดมหาสารคาม และมีเขตอำนาจเพิ่มเติม ในจังหวัดมุกดาหาร ที่อยู่ : ตั้งอยู่เลขที่ 333 หมู่ที่ 2 ถนนเหล่านาดี ตำบลเมืองเก่า อำเภอเมืองขอนแก่น จังหวัดขอนแก่น 40000,"คำถาม: เขตอำนาจศาลปกครองขอนแก่น
คำตอบ: ศาลปกครองขอนแก่น มีเขตอำนาจตลอดท้องที่จังหวัดขอนแก่น จังหวัดกาฬสินธุ์ จังหวัดมหาสารคาม และมีเขตอำนาจเพิ่มเติม ในจังหวัดมุกดาหาร ที่อยู่ : ตั้งอยู่เลขที่ 333 หมู่ที่ 2 ถนนเหล่านาดี ตำบลเมืองเก่า อำเภอเมืองขอนแก่น จังหวัดขอนแก่น 40000"
เขตอำนาจศาลปกครองพิษณุโลก,ศาลปกครองพิษณุโลก มีเขตอำนาจตลอดท้องที่จังหวัดพิษณุโลก จังหวัดกำแพงเพชร จังหวัดตาก จังหวัดพิจิตร จังหวัดสุโขทัย และมีเขตอำนาจเพิ่มเติมในจังหวัดอุตรดิตถ์ ตั้งอยู่เลขที่  111 หมู่ที่ 8 ถนนพิษณุโลก-นครสวรรค์ ตำบลท่าทอง อำเภอเมืองพิษณุโลก จังหวัดพิษณุโลก 65000,"คำถาม: เขตอำนาจศาลปกครองพิษณุโลก
คำตอบ: ศาลปกครองพิษณุโลก มีเขตอำนาจตลอดท้องที่จังหวัดพิษณุโลก จังหวัดกำแพงเพชร จังหวัดตาก จังหวัดพิจิตร จังหวัดสุโขทัย และมีเขตอำนาจเพิ่มเติมในจังหวัดอุตรดิตถ์ ตั้งอยู่เลขที่  111 หมู่ที่ 8 ถนนพิษณุโลก-นครสวรรค์ ตำบลท่าทอง อำเภอเมืองพิษณุโลก จังหวัดพิษณุโลก 65000"
เขตอำนาจศาลปกครองระยอง,ศาลปกครองระยองมีเขตอำนาจตลอดท้องที่จังหวัดระยอง จังหวัดจันทบุรี จังหวัดฉะเชิงเทรา จังหวัดชลบุรี จังหวัดตราด จังหวัดปราจีนบุรี และจังหวัดสระแก้ว ที่อยู่ : เลขที่ 777 ถนนสุขุมวิท ตำบลเนินพระ อำเภอเมืองระยอง จังหวัดระยอง 21150,"คำถาม: เขตอำนาจศาลปกครองระยอง
คำตอบ: ศาลปกครองระยองมีเขตอำนาจตลอดท้องที่จังหวัดระยอง จังหวัดจันทบุรี จังหวัดฉะเชิงเทรา จังหวัดชลบุรี จังหวัดตราด จังหวัดปราจีนบุรี และจังหวัดสระแก้ว ที่อยู่ : เลขที่ 777 ถนนสุขุมวิท ตำบลเนินพระ อำเภอเมืองระยอง จังหวัดระยอง 21150"
เขตอำนาจศาลปกครองนครศรีธรรมราช,ศาลปกครองนครศรีธรรมราชมีเขตอำนาจตลอดท้องที่จังหวัดนครศรีธรรมราช จังหวัดสุราษฎร์ธานี และมีเขตอำนาจเพิ่มเติมในจังหวัดชุมพร   ที่อยู่ : อาคาร ซี.พี.ทาวเวอร์ นครศรีธรรมราช เลขที่ 345  ถนนพัฒนาการคูขวาง ตำบลในเมือง อำเภอเมืองนครศรีธรรมราช  จังหวัดนครศรีธรรมราช 80000,"คำถาม: เขตอำนาจศาลปกครองนครศรีธรรมราช
คำตอบ: ศาลปกครองนครศรีธรรมราชมีเขตอำนาจตลอดท้องที่จังหวัดนครศรีธรรมราช จังหวัดสุราษฎร์ธานี และมีเขตอำนาจเพิ่มเติมในจังหวัดชุมพร   ที่อยู่ : อาคาร ซี.พี.ทาวเวอร์ นครศรีธรรมราช เลขที่ 345  ถนนพัฒนาการคูขวาง ตำบลในเมือง อำเภอเมืองนครศรีธรรมราช  จังหวัดนครศรีธรรมราช 80000"
เขตอำนาจศาลปกครองอุดรธานี,ศาลปกครองอุดรธานีมีเขตอำนาจตลอดท้องที่จังหวัดอุดรธานี จังหวัดเลย จังหวัดหนองคาย จังหวัดหนองบัวลำภู และมีเขตอำนาจเพิ่มเติมในจังหวัดนครพนม จังหวัดบึงกาฬ และจังหวัดสกลนคร ที่อยู่ : เลขที่ 999 หมู่ที่ 7 ตำบลบ้านขาว อำเภอเมือง จังหวัดอุดรธานี 41000,"คำถาม: เขตอำนาจศาลปกครองอุดรธานี
คำตอบ: ศาลปกครองอุดรธานีมีเขตอำนาจตลอดท้องที่จังหวัดอุดรธานี จังหวัดเลย จังหวัดหนองคาย จังหวัดหนองบัวลำภู และมีเขตอำนาจเพิ่มเติมในจังหวัดนครพนม จังหวัดบึงกาฬ และจังหวัดสกลนคร ที่อยู่ : เลขที่ 999 หมู่ที่ 7 ตำบลบ้านขาว อำเภอเมือง จังหวัดอุดรธานี 41000"
เขตอำนาจศาลปกครองอุบลราชธานี,ศาลปกครองอุบลราชธานี มีเขตอำนาจตลอดท้องที่จังหวัดอุบลราชธานี จังหวัดยโสธร จังหวัดร้อยเอ็ด จังหวัดศรีสะเกษ และจังหวัดอำนาจเจริญ ที่อยู่ : เลขที่ 444 หมู่ 3 ถนนแจ้งสนิท (กิโลเมตรที่ 9) ตำบลแจระแม อำเภอเมืองอุบลราชธานี จังหวัดอุบลราชธานี 34000,"คำถาม: เขตอำนาจศาลปกครองอุบลราชธานี
คำตอบ: ศาลปกครองอุบลราชธานี มีเขตอำนาจตลอดท้องที่จังหวัดอุบลราชธานี จังหวัดยโสธร จังหวัดร้อยเอ็ด จังหวัดศรีสะเกษ และจังหวัดอำนาจเจริญ ที่อยู่ : เลขที่ 444 หมู่ 3 ถนนแจ้งสนิท (กิโลเมตรที่ 9) ตำบลแจระแม อำเภอเมืองอุบลราชธานี จังหวัดอุบลราชธานี 34000"
เขตอำนาจศาลปกครองเพชรบุรี,ศาลปกครองเพชรบุรี มีเขตอำนาจตลอดท้องที่จังหวัดเพชรบุรี จังหวัดประจวบคีรีขันธ์ จังหวัดราชบุรี และจังหวัดสมุทรสงคราม   ที่อยู่ : ตั้งอยู่เลขที่ 980/98 ถนนเพชรเกษม ตําบลชะอํา อําเภอชะอํา จังหวัดเพชรบุรี 76120,"คำถาม: เขตอำนาจศาลปกครองเพชรบุรี
คำตอบ: ศาลปกครองเพชรบุรี มีเขตอำนาจตลอดท้องที่จังหวัดเพชรบุรี จังหวัดประจวบคีรีขันธ์ จังหวัดราชบุรี และจังหวัดสมุทรสงคราม   ที่อยู่ : ตั้งอยู่เลขที่ 980/98 ถนนเพชรเกษม ตําบลชะอํา อําเภอชะอํา จังหวัดเพชรบุรี 76120"
เขตอำนาจศาลปกครองนครสวรรค์,ศาลปกครองนครสวรรค์ มีเขตอำนาจตลอดท้องที่จังหวัดนครสวรรค์  จังหวัดชัยนาท จังหวัดเพชรบูรณ์ จังหวัดอุทัยธานี และมีเขตอำนาจเพิ่มเติม ในจังหวัดลพบุรี ที่อยู่ : ตั้งอยู่เลขที่ 9/9 หมู่ที่ 7 ตำบลกลางแดด อำเภอเมืองนครสวรรค์ จังหวัดนครสวรรค์ 60000,"คำถาม: เขตอำนาจศาลปกครองนครสวรรค์
คำตอบ: ศาลปกครองนครสวรรค์ มีเขตอำนาจตลอดท้องที่จังหวัดนครสวรรค์  จังหวัดชัยนาท จังหวัดเพชรบูรณ์ จังหวัดอุทัยธานี และมีเขตอำนาจเพิ่มเติม ในจังหวัดลพบุรี ที่อยู่ : ตั้งอยู่เลขที่ 9/9 หมู่ที่ 7 ตำบลกลางแดด อำเภอเมืองนครสวรรค์ จังหวัดนครสวรรค์ 60000"
เขตอำนาจศาลปกครองสุพรรณบุรี,ศาลปกครองสุพรรณบุรี มีเขตอำนาจท้องที่จังหวัดสุพรรณบุรี จังหวัดกาญจนบุรี จังหวัดพระนครศรีอยุธยา จังหวัดสิงห์บุรี  และจังหวัดอ่างทอง   ที่อยู่ : ตั้งอยู่เลขที่ 333 หมู่ที่ 6 ตำบลสนามชัย อำเภอเมืองสุพรรณบุรี จังหวัดสุพรรณบุรี 72000,"คำถาม: เขตอำนาจศาลปกครองสุพรรณบุรี
คำตอบ: ศาลปกครองสุพรรณบุรี มีเขตอำนาจท้องที่จังหวัดสุพรรณบุรี จังหวัดกาญจนบุรี จังหวัดพระนครศรีอยุธยา จังหวัดสิงห์บุรี  และจังหวัดอ่างทอง   ที่อยู่ : ตั้งอยู่เลขที่ 333 หมู่ที่ 6 ตำบลสนามชัย อำเภอเมืองสุพรรณบุรี จังหวัดสุพรรณบุรี 72000"
เขตอำนาจศาลปกครองภูเก็ต,มีเขตอำนาจท้องที่จังหวัดภูเก็ต จังหวัดกระบี่ จังหวัดพังงา และจังหวัดระนอง ที่อยู่ : เลขที่ 33/3 หมู่ที่ 5 ตำบลไม้ขาว อำเภอถลาง จังหวัดภูเก็ต 83110,"คำถาม: เขตอำนาจศาลปกครองภูเก็ต
คำตอบ: มีเขตอำนาจท้องที่จังหวัดภูเก็ต จังหวัดกระบี่ จังหวัดพังงา และจังหวัดระนอง ที่อยู่ : เลขที่ 33/3 หมู่ที่ 5 ตำบลไม้ขาว อำเภอถลาง จังหวัดภูเก็ต 83110"
เขตอำนาจศาลปกครองยะลา,ศาลปกครองยะลา มีเขตอำนาจตลอดท้องที่จังหวัดยะลา จังหวัดปัตตานี และจังหวัดนราธิวาส ที่อยู่ : เลขที่ 199 หมู่ 1 ตำบลท่าสาป อำเภอเมืองยะลา จังหวัดยะลา 95000,"คำถาม: เขตอำนาจศาลปกครองยะลา
คำตอบ: ศาลปกครองยะลา มีเขตอำนาจตลอดท้องที่จังหวัดยะลา จังหวัดปัตตานี และจังหวัดนราธิวาส ที่อยู่ : เลขที่ 199 หมู่ 1 ตำบลท่าสาป อำเภอเมืองยะลา จังหวัดยะลา 95000"
ฟ้องคดีเกี่ยวกับการกระทำโดยไม่ชอบด้วยกฎหมาย,คดีพิพาทเกี่ยวกับการที่หน่วยงานทางปกครองหรือเจ้าหน้าที่ของรัฐกระทำการโดยไม่ชอบด้วยกฎหมายไม่ว่าจะเป็นการออกกฎ คำสั่งหรือการกระทำอื่นใดเนื่องจากกระทำโดยไม่มีอำนาจหรือนอกเหนืออำนาจหน้าที่หรือไม่ถูกต้องตามกฎหมาย หรือโดยไม่ถูกต้องตามรูปแบบขั้นตอน หรือวิธีการอันเป็นสาระสำคัญที่กำหนดไว้สำหรับการกระทำนั้น หรือโดยไม่สุจริต หรือมีลักษณะเป็นการเลือกปฏิบัติที่ไม่เป็นธรรม หรือมีลักษณะเป็นการสร้างขั้นตอนโดยไม่จำเป็นหรือสร้างภาระให้เกิดกับประชาชนเกินสมควร หรือเป็นการใช้ดุลพินิจโดยมิชอบ,"คำถาม: ฟ้องคดีเกี่ยวกับการกระทำโดยไม่ชอบด้วยกฎหมาย
คำตอบ: คดีพิพาทเกี่ยวกับการที่หน่วยงานทางปกครองหรือเจ้าหน้าที่ของรัฐกระทำการโดยไม่ชอบด้วยกฎหมายไม่ว่าจะเป็นการออกกฎ คำสั่งหรือการกระทำอื่นใดเนื่องจากกระทำโดยไม่มีอำนาจหรือนอกเหนืออำนาจหน้าที่หรือไม่ถูกต้องตามกฎหมาย หรือโดยไม่ถูกต้องตามรูปแบบขั้นตอน หรือวิธีการอันเป็นสาระสำคัญที่กำหนดไว้สำหรับการกระทำนั้น หรือโดยไม่สุจริต หรือมีลักษณะเป็นการเลือกปฏิบัติที่ไม่เป็นธรรม หรือมีลักษณะเป็นการสร้างขั้นตอนโดยไม่จำเป็นหรือสร้างภาระให้เกิดกับประชาชนเกินสมควร หรือเป็นการใช้ดุลพินิจโดยมิชอบ"
ฟ้องคดีเกี่ยวกับการละเลยต่อหน้าที่หรือปฏิบัติหน้าที่ล่าช้าเกินสมควร,คดีพิพาทเกี่ยวกับการที่หน่วยงานทางปกครองหรือเจ้าหน้าที่ของรัฐละเลยต่อหน้าที่ตามที่กฎหมายกำหนดให้ต้องปฏิบัติ หรือปฏิบัติหน้าที่ดังกล่าวล่าช้าเกินสมควร,"คำถาม: ฟ้องคดีเกี่ยวกับการละเลยต่อหน้าที่หรือปฏิบัติหน้าที่ล่าช้าเกินสมควร
คำตอบ: คดีพิพาทเกี่ยวกับการที่หน่วยงานทางปกครองหรือเจ้าหน้าที่ของรัฐละเลยต่อหน้าที่ตามที่กฎหมายกำหนดให้ต้องปฏิบัติ หรือปฏิบัติหน้าที่ดังกล่าวล่าช้าเกินสมควร"
ฟ้องคดีเกี่ยวกับการกระทำละเมิดหรือความรับผิดอย่างอื่น,คดีพิพาทเกี่ยวกับการกระทำละเมิดหรือความรับผิดอย่างอื่น ของหน่วยงานทางปกครองหรือเจ้าหน้าที่ของรัฐอันเกิดจากการ ใช้อำนาจตามกฎหมาย หรือจากกฎ คำสั่งทางปกครอง หรือคำสั่งอื่น หรือจากการละเลยต่อหน้าที่ตามที่กฎหมายกำหนดให้ต้องปฏิบัติหรือปฏิบัติหน้าที่ดังกล่าวล่าช้าเกินสมควร,"คำถาม: ฟ้องคดีเกี่ยวกับการกระทำละเมิดหรือความรับผิดอย่างอื่น
คำตอบ: คดีพิพาทเกี่ยวกับการกระทำละเมิดหรือความรับผิดอย่างอื่น ของหน่วยงานทางปกครองหรือเจ้าหน้าที่ของรัฐอันเกิดจากการ ใช้อำนาจตามกฎหมาย หรือจากกฎ คำสั่งทางปกครอง หรือคำสั่งอื่น หรือจากการละเลยต่อหน้าที่ตามที่กฎหมายกำหนดให้ต้องปฏิบัติหรือปฏิบัติหน้าที่ดังกล่าวล่าช้าเกินสมควร"
ฟ้องคดีเกี่ยวกับสัญญาทางปกครอง,เป็นสัญญาที่มีคู่สัญญาอย่างน้อยฝ่ายใดฝ่ายหนึ่งเป็นหน่วยงาน ทางปกครองหรือเจ้าหน้าที่ของรัฐหรือบุคคลซึ่งกระทำการแทนรัฐและมีลักษณะเป็นสัญญาเกี่ยวกับการบริการสาธารณะสัญญาสัมปทานหรือให้จัดทำบริการสาธารณะ หรือจัดให้มีสิ่งสาธารณูปโภคหรือแสวงหาประโยชน์จากทรัพยากรธรรมชาติ (มาตรา 3),"คำถาม: ฟ้องคดีเกี่ยวกับสัญญาทางปกครอง
คำตอบ: เป็นสัญญาที่มีคู่สัญญาอย่างน้อยฝ่ายใดฝ่ายหนึ่งเป็นหน่วยงาน ทางปกครองหรือเจ้าหน้าที่ของรัฐหรือบุคคลซึ่งกระทำการแทนรัฐและมีลักษณะเป็นสัญญาเกี่ยวกับการบริการสาธารณะสัญญาสัมปทานหรือให้จัดทำบริการสาธารณะ หรือจัดให้มีสิ่งสาธารณูปโภคหรือแสวงหาประโยชน์จากทรัพยากรธรรมชาติ (มาตรา 3)"
สัญญาทางปกครองตามมติของที่ประชุมใหญ่ตุลาการในศาลปกครองสูงสุดครั้งที่ 6/2544,เป็นสัญญาที่หน่วยงานทางปกครองหรือบุคคลซึ่งกระทำการแทนรัฐตกลงให้คู่สัญญาอีกฝ่ายหนึ่งเข้าดำเนินการหรือเข้าร่วมดำเนินการบริการสาธารณะโดยตรง หรือเป็นสัญญาที่มีข้อกำหนดในสัญญาซึ่งมีลักษณะพิเศษที่แสดงถึงเอกสิทธิ์ของรัฐ ทั้งนี้ เพื่อให้การใช้อำนาจทางปกครองหรือการดำเนินกิจการทางปกครอง ซึ่งก็คือการบริการสาธารณะบรรลุผล ดังนั้น หากสัญญาใดเป็นสัญญาที่หน่วยงานทางปกครองหรือบุคคลซึ่งกระทำการแทนรัฐมุ่งผูกพันตนกับคู่สัญญาอีกฝ่ายหนึ่งด้วยใจสมัครบนพื้นฐานแห่งความเสมอภาค และมิได้มีลักษณะเช่นที่กล่าวมาแล้วข้างต้น สัญญานั้นย่อมเป็นสัญญาทางแพ่ง,"คำถาม: สัญญาทางปกครองตามมติของที่ประชุมใหญ่ตุลาการในศาลปกครองสูงสุดครั้งที่ 6/2544
คำตอบ: เป็นสัญญาที่หน่วยงานทางปกครองหรือบุคคลซึ่งกระทำการแทนรัฐตกลงให้คู่สัญญาอีกฝ่ายหนึ่งเข้าดำเนินการหรือเข้าร่วมดำเนินการบริการสาธารณะโดยตรง หรือเป็นสัญญาที่มีข้อกำหนดในสัญญาซึ่งมีลักษณะพิเศษที่แสดงถึงเอกสิทธิ์ของรัฐ ทั้งนี้ เพื่อให้การใช้อำนาจทางปกครองหรือการดำเนินกิจการทางปกครอง ซึ่งก็คือการบริการสาธารณะบรรลุผล ดังนั้น หากสัญญาใดเป็นสัญญาที่หน่วยงานทางปกครองหรือบุคคลซึ่งกระทำการแทนรัฐมุ่งผูกพันตนกับคู่สัญญาอีกฝ่ายหนึ่งด้วยใจสมัครบนพื้นฐานแห่งความเสมอภาค และมิได้มีลักษณะเช่นที่กล่าวมาแล้วข้างต้น สัญญานั้นย่อมเป็นสัญญาทางแพ่ง"
คดีที่ไม่อยู่ในอำนาจศาลปกครอง,เรื่องดังต่อไปนี้ไม่อยู่ในอำนาจศาลปกครอง    (1) การดำเนินการเกี่ยวกับวินัยทหาร    (2) การดำเนินการของคณะกรรมการตุลาการตามกฎหมายว่าด้วยระเบียบข้าราชการฝ่ายตุลาการ    (3) คดีที่อยู่ในอำนาจของศาลเยาวชนและครอบครัว ศาลแรงงาน ศาลภาษีอากร ศาลทรัพย์สินทางปัญญาและการค้าระหว่างประเทศ ศาลล้มละลาย หรือศาลชำนัญพิเศษอื่น,"คำถาม: คดีที่ไม่อยู่ในอำนาจศาลปกครอง
คำตอบ: เรื่องดังต่อไปนี้ไม่อยู่ในอำนาจศาลปกครอง    (1) การดำเนินการเกี่ยวกับวินัยทหาร    (2) การดำเนินการของคณะกรรมการตุลาการตามกฎหมายว่าด้วยระเบียบข้าราชการฝ่ายตุลาการ    (3) คดีที่อยู่ในอำนาจของศาลเยาวชนและครอบครัว ศาลแรงงาน ศาลภาษีอากร ศาลทรัพย์สินทางปัญญาและการค้าระหว่างประเทศ ศาลล้มละลาย หรือศาลชำนัญพิเศษอื่น"
ผู้มีสิทธิฟ้องคดี,ผู้ได้รับความเดือดร้อนเสียหายหรือจะเดือดร้อนเสียหาย อันเนื่องจากการกระทำหรือการงดเว้นการกระทำของหน่วยงานทางปกครองหรือเจ้าหน้าที่ของรัฐ หรือมีข้อโต้แย้งเกี่ยวกับสัญญาทางปกครอง,"คำถาม: ผู้มีสิทธิฟ้องคดี
คำตอบ: ผู้ได้รับความเดือดร้อนเสียหายหรือจะเดือดร้อนเสียหาย อันเนื่องจากการกระทำหรือการงดเว้นการกระทำของหน่วยงานทางปกครองหรือเจ้าหน้าที่ของรัฐ หรือมีข้อโต้แย้งเกี่ยวกับสัญญาทางปกครอง"
บุคคลไร้ความสามารถจะฟ้องคดีปกครองได้หรือไม่,ฟ้องได้ต่อเมื่อได้ปฏิบัติตามบัญญัติแห่งประมวลกฎหมายแพ่งและพาณิชย์ว่าด้วยความสามารถ (ข้อ 26),"คำถาม: บุคคลไร้ความสามารถจะฟ้องคดีปกครองได้หรือไม่
คำตอบ: ฟ้องได้ต่อเมื่อได้ปฏิบัติตามบัญญัติแห่งประมวลกฎหมายแพ่งและพาณิชย์ว่าด้วยความสามารถ (ข้อ 26)"
ผู้เยาว์สามารถฟ้องคดีต่อศาลปกครองได้หรือไม่,ผู้เยาว์ที่มีอายุไม่ต่ำกว่า 15 ปี บริบูรณ์ ถ้าศาลเห็นสมควรจะอนุญาตให้ฟ้องคดีด้วยตนเองก็ได้ ในกรณีนี้ ให้พนักงานเจ้าหน้าที่ของศาลแจ้งให้ผู้แทนโดยชอบธรรมของผู้เยาว์ดังกล่าวทราบ (ข้อ 27),"คำถาม: ผู้เยาว์สามารถฟ้องคดีต่อศาลปกครองได้หรือไม่
คำตอบ: ผู้เยาว์ที่มีอายุไม่ต่ำกว่า 15 ปี บริบูรณ์ ถ้าศาลเห็นสมควรจะอนุญาตให้ฟ้องคดีด้วยตนเองก็ได้ ในกรณีนี้ ให้พนักงานเจ้าหน้าที่ของศาลแจ้งให้ผู้แทนโดยชอบธรรมของผู้เยาว์ดังกล่าวทราบ (ข้อ 27)"
การมอบฉันทะ,ทำเป็นหนังสือลงลายมือชื่อผู้มอบฉันทะและผู้รับมอบฉันทะ ระบุให้ชัดเจนว่าให้มาส่งเอกสารหรือฟังการนั่งพิจารณาคดีหรือฟังการอ่านคำพิพากษาของศาล,"คำถาม: การมอบฉันทะ
คำตอบ: ทำเป็นหนังสือลงลายมือชื่อผู้มอบฉันทะและผู้รับมอบฉันทะ ระบุให้ชัดเจนว่าให้มาส่งเอกสารหรือฟังการนั่งพิจารณาคดีหรือฟังการอ่านคำพิพากษาของศาล"
การมอบอำนาจให้ทนายความบุคคลอื่นดำเนินคดีปกครองแทนตน,ต้องทำเป็นหนังสือระบุให้ชัดเจนว่าให้ผู้รับมอบอำนาจมีอำนาจการดำเนินคดีอย่างไรบ้าง และลงลายมือชื่อพร้อมแบบสำเนาบัตรประจำตัวประชาชนทั้งผู้มอบอำนาจและผู้รับมอบอำนาจและปิดอากรแสตมป์ 10 บาทกรณีมอบอำนาจกระทำการครั้งเดียว และปิดอากรแสตมป์ 30 บาท กรณีมอบอำนาจให้กระทำการมากกว่าครั้งเดียว,"คำถาม: การมอบอำนาจให้ทนายความบุคคลอื่นดำเนินคดีปกครองแทนตน
คำตอบ: ต้องทำเป็นหนังสือระบุให้ชัดเจนว่าให้ผู้รับมอบอำนาจมีอำนาจการดำเนินคดีอย่างไรบ้าง และลงลายมือชื่อพร้อมแบบสำเนาบัตรประจำตัวประชาชนทั้งผู้มอบอำนาจและผู้รับมอบอำนาจและปิดอากรแสตมป์ 10 บาทกรณีมอบอำนาจกระทำการครั้งเดียว และปิดอากรแสตมป์ 30 บาท กรณีมอบอำนาจให้กระทำการมากกว่าครั้งเดียว"
การตั้งผู้แทนในกรณีผู้ฟ้องคดีหลายคน,กรณีการฟ้องคดีที่มีผู้ฟ้องคดีหลายคนในเหตุเดียวกัน อาจยื่นคำฟ้องร่วมกันเป็นฉบับเดียวและมอบหมายให้ผู้ฟ้องคดีคนหนึ่ง เป็นผู้แทนของผู้ฟ้องคดีทุกคนและการกระทำของผู้แทนผู้ฟ้องคดีจะผูกพันผู้ฟ้องคดีทุกคน,"คำถาม: การตั้งผู้แทนในกรณีผู้ฟ้องคดีหลายคน
คำตอบ: กรณีการฟ้องคดีที่มีผู้ฟ้องคดีหลายคนในเหตุเดียวกัน อาจยื่นคำฟ้องร่วมกันเป็นฉบับเดียวและมอบหมายให้ผู้ฟ้องคดีคนหนึ่ง เป็นผู้แทนของผู้ฟ้องคดีทุกคนและการกระทำของผู้แทนผู้ฟ้องคดีจะผูกพันผู้ฟ้องคดีทุกคน"
คำขอร้องสอด,บุคคลภายนอกที่มิใช่คู่กรณีแต่อาจได้รับผลกระทบจากผลแห่งคำสั่งหรือคำพิพากษาของศาล อาจทำคำร้องเป็นหนังสือ ขอเข้ามาเป็นคู่ความในคดีด้วยการร้องสอด โดยระบุเหตุจำเป็นที่ต้องเข้ามาในคดี และยื่นต่อศาลในเวลาใดๆ ก่อนศาลมีคำพิพากษา (ข้อ 78),"คำถาม: คำขอร้องสอด
คำตอบ: บุคคลภายนอกที่มิใช่คู่กรณีแต่อาจได้รับผลกระทบจากผลแห่งคำสั่งหรือคำพิพากษาของศาล อาจทำคำร้องเป็นหนังสือ ขอเข้ามาเป็นคู่ความในคดีด้วยการร้องสอด โดยระบุเหตุจำเป็นที่ต้องเข้ามาในคดี และยื่นต่อศาลในเวลาใดๆ ก่อนศาลมีคำพิพากษา (ข้อ 78)"
ต้องทำตามขั้นตอนหรือวิธีการตามที่กฎหมายกำหนด ก่อนฟ้องคดี,กรณีที่กฎหมายกำหนดขั้นตอนหรือวิธีการสำหรับการแก้ไขความเดือดร้อนหรือเสียหายในเรื่องใดไว้โดยเฉพาะ การฟ้องคดีปกครองในเรื่องนั้นจะกระทำได้ต่อเมื่อมีการดำเนินการตามขั้นตอนหรือวิธีการดังกล่าวแล้ว,"คำถาม: ต้องทำตามขั้นตอนหรือวิธีการตามที่กฎหมายกำหนด ก่อนฟ้องคดี
คำตอบ: กรณีที่กฎหมายกำหนดขั้นตอนหรือวิธีการสำหรับการแก้ไขความเดือดร้อนหรือเสียหายในเรื่องใดไว้โดยเฉพาะ การฟ้องคดีปกครองในเรื่องนั้นจะกระทำได้ต่อเมื่อมีการดำเนินการตามขั้นตอนหรือวิธีการดังกล่าวแล้ว"
ระยะเวลาฟ้องคดีขอให้เพิกถอนกฎหรือคำสั่งทางปกครอง,ต้องยื่นฟ้องคดีภายใน 90 วัน นับแต่วันที่รู้หรือควรรู้ถึงเหตุแห่งการฟ้องคดี เว้นแต่จะมีบทกฎหมายเฉพาะกำหนดไว้เป็นอย่างอื่น (มาตรา 9 วรรคหนึ่ง (1) ประกอบมาตรา 49),"คำถาม: ระยะเวลาฟ้องคดีขอให้เพิกถอนกฎหรือคำสั่งทางปกครอง
คำตอบ: ต้องยื่นฟ้องคดีภายใน 90 วัน นับแต่วันที่รู้หรือควรรู้ถึงเหตุแห่งการฟ้องคดี เว้นแต่จะมีบทกฎหมายเฉพาะกำหนดไว้เป็นอย่างอื่น (มาตรา 9 วรรคหนึ่ง (1) ประกอบมาตรา 49)"
ระยะเวลาฟ้องคดีขอให้หน่วยงานทางปกครอง หรือเจ้าหน้าที่ของรัฐปฏิบัติหน้าที่ตามที่กฎหมายกำหนดให้ต้องปฏิบัติ,ต้องยื่นฟ้องคดีภายใน 90 วัน นับแต่วันที่พ้นกำหนด 90 วัน นับแต่วันที่ผู้ฟ้องคดีได้มีหนังสือร้องขอต่อหน่วยงานทางปกครองหรือเจ้าหน้าที่ของรัฐ เพื่อให้ปฏิบัติตามที่กฎหมายกำหนดและไม่ได้รับหนังสือชี้แจงจากหน่วยงานทางปกครองหรือเจ้าหน้าที่ของรัฐหรือได้รับแต่เป็นคำชี้แจงที่ไม่มีเหตุผล (มาตรา ๙ วรรคหนึ่ง (2) ประกอบมาตรา 49),"คำถาม: ระยะเวลาฟ้องคดีขอให้หน่วยงานทางปกครอง หรือเจ้าหน้าที่ของรัฐปฏิบัติหน้าที่ตามที่กฎหมายกำหนดให้ต้องปฏิบัติ
คำตอบ: ต้องยื่นฟ้องคดีภายใน 90 วัน นับแต่วันที่พ้นกำหนด 90 วัน นับแต่วันที่ผู้ฟ้องคดีได้มีหนังสือร้องขอต่อหน่วยงานทางปกครองหรือเจ้าหน้าที่ของรัฐ เพื่อให้ปฏิบัติตามที่กฎหมายกำหนดและไม่ได้รับหนังสือชี้แจงจากหน่วยงานทางปกครองหรือเจ้าหน้าที่ของรัฐหรือได้รับแต่เป็นคำชี้แจงที่ไม่มีเหตุผล (มาตรา ๙ วรรคหนึ่ง (2) ประกอบมาตรา 49)"
ระยะเวลาฟ้องคดีกรณีหน่วยงานทางปกครองหรือเจ้าหน้าที่ของรัฐกระทำละเมิด,ต้องยื่นฟ้องคดีภายในหนึ่งปีนับแต่วันที่รู้หรือควรรู้ถึงเหตุแห่งการฟ้องคดีแต่ไม่เกิน 10 ปี นับแต่วันที่มีเหตุแห่งการฟ้องคดี (มาตรา 9 วรรคหนึ่ง (3) ประกอบมาตรา 51),"คำถาม: ระยะเวลาฟ้องคดีกรณีหน่วยงานทางปกครองหรือเจ้าหน้าที่ของรัฐกระทำละเมิด
คำตอบ: ต้องยื่นฟ้องคดีภายในหนึ่งปีนับแต่วันที่รู้หรือควรรู้ถึงเหตุแห่งการฟ้องคดีแต่ไม่เกิน 10 ปี นับแต่วันที่มีเหตุแห่งการฟ้องคดี (มาตรา 9 วรรคหนึ่ง (3) ประกอบมาตรา 51)"
ระยะเวลาฟ้องคดีกรณีมีข้อพิพาทในสัญญาทางปกครอง,ต้องยื่นฟ้องคดีภายใน 5 ปี นับแต่วันที่รู้หรือควรรู้ถึงเหตุแห่งการฟ้องคดี แต่ไม่เกินสิบปีนับแต่วันที่มีเหตุแห่งการฟ้องคดี (มาตรา 9 วรรคหนึ่ง (4) ประกอบมาตรา 51),"คำถาม: ระยะเวลาฟ้องคดีกรณีมีข้อพิพาทในสัญญาทางปกครอง
คำตอบ: ต้องยื่นฟ้องคดีภายใน 5 ปี นับแต่วันที่รู้หรือควรรู้ถึงเหตุแห่งการฟ้องคดี แต่ไม่เกินสิบปีนับแต่วันที่มีเหตุแห่งการฟ้องคดี (มาตรา 9 วรรคหนึ่ง (4) ประกอบมาตรา 51)"
ระยะเวลาฟ้องคดีเพื่อคุ้มครองประโยชน์สาธารณะหรือสถานะของบุคคล,จะยื่นฟ้องคดีเมื่อใดก็ได้  (มาตรา 52 วรรคหนึ่ง),"คำถาม: ระยะเวลาฟ้องคดีเพื่อคุ้มครองประโยชน์สาธารณะหรือสถานะของบุคคล
คำตอบ: จะยื่นฟ้องคดีเมื่อใดก็ได้  (มาตรา 52 วรรคหนึ่ง)"
การฟ้องคดีปกครองที่ยื่นเมื่อพ้นกำหนด เวลาการฟ้องคดีแล้ว จะยื่นฟ้องได้หรือไม่,ถ้าศาลปกครองเห็นว่าคดีที่ยื่นฟ้องนั้นจะเป็นประโยชน์แก่ส่วนรวมหรือมีเหตุจำเป็นอื่นโดยศาลเห็นเองหรือคู่กรณีมีคำขอศาลปกครองจะรับไว้พิจารณาก็ได้ (มาตรา 52 วรรคสอง),"คำถาม: การฟ้องคดีปกครองที่ยื่นเมื่อพ้นกำหนด เวลาการฟ้องคดีแล้ว จะยื่นฟ้องได้หรือไม่
คำตอบ: ถ้าศาลปกครองเห็นว่าคดีที่ยื่นฟ้องนั้นจะเป็นประโยชน์แก่ส่วนรวมหรือมีเหตุจำเป็นอื่นโดยศาลเห็นเองหรือคู่กรณีมีคำขอศาลปกครองจะรับไว้พิจารณาก็ได้ (มาตรา 52 วรรคสอง)"
คำฟ้อง,ทำเป็นหนังสือต้องใช้ถ้อยคำสุภาพและต้องมี ชื่อและที่อยู่ของผู้ฟ้องคดี ชื่อหน่วยงานทางปกครอง หรือเจ้าหน้าที่ของรัฐที่เป็นเหตุแห่งการฟ้องคดี การกระทำที่เป็นเหตุแห่งการฟ้องคดี คำขอของผู้ฟ้องคดี และลายมือชื่อของผู้ฟ้องคดี (มาตรา 45 วรรคหนึ่ง),"คำถาม: คำฟ้อง
คำตอบ: ทำเป็นหนังสือต้องใช้ถ้อยคำสุภาพและต้องมี ชื่อและที่อยู่ของผู้ฟ้องคดี ชื่อหน่วยงานทางปกครอง หรือเจ้าหน้าที่ของรัฐที่เป็นเหตุแห่งการฟ้องคดี การกระทำที่เป็นเหตุแห่งการฟ้องคดี คำขอของผู้ฟ้องคดี และลายมือชื่อของผู้ฟ้องคดี (มาตรา 45 วรรคหนึ่ง)"
คำฟ้องเพิ่มเติม,ทำเป็นหนังสือยื่นต่อศาลก่อนกำหนดวันสิ้นสุดการแสวงหาข้อเท็จจริงเป็นการเพิ่มประเด็นพิจารณาหรือมีคำขอเพิ่มเติม ทั้งนี้ ต้องเป็นเรื่องเกี่ยวกับคำฟ้องเดิมพอที่จะพิจารณารวมกันได้และต้องคำนึงถึงระยะเวลาการฟ้องคดีด้วย (ข้อ 62 วรรคสาม),"คำถาม: คำฟ้องเพิ่มเติม
คำตอบ: ทำเป็นหนังสือยื่นต่อศาลก่อนกำหนดวันสิ้นสุดการแสวงหาข้อเท็จจริงเป็นการเพิ่มประเด็นพิจารณาหรือมีคำขอเพิ่มเติม ทั้งนี้ ต้องเป็นเรื่องเกี่ยวกับคำฟ้องเดิมพอที่จะพิจารณารวมกันได้และต้องคำนึงถึงระยะเวลาการฟ้องคดีด้วย (ข้อ 62 วรรคสาม)"
คำฟ้องแย้ง,ทำเป็นหนังสือโดยผู้ถูกฟ้องคดีฟ้องแย้งมาในคำให้การ โดยให้ถือคำฟ้องแย้งเสมือนเป็นคำฟ้องใหม่และต้องเกี่ยวกับคำฟ้องเดิม (ข้อ 44 วรรคสาม),"คำถาม: คำฟ้องแย้ง
คำตอบ: ทำเป็นหนังสือโดยผู้ถูกฟ้องคดีฟ้องแย้งมาในคำให้การ โดยให้ถือคำฟ้องแย้งเสมือนเป็นคำฟ้องใหม่และต้องเกี่ยวกับคำฟ้องเดิม (ข้อ 44 วรรคสาม)"
วิธีการยื่นคำฟ้องต่อศาลปกครอง,สามารถดำเนินการได้ 4 วิธี คือ  1. การยื่นคำฟ้องต่อเจ้าหน้าที่ของศาลปกครอง ณ ที่ทำการศาลปกครองชั้นต้นที่ตนมีภูมิลำเนา หรือมูลคดีเกิดสำหรับคดีที่อยู่ในอำนาจของศาลปกครองชั้นต้น ส่วนคดีที่อยู่ในศาลปกครองสูงสุดให้ยื่นฟ้อง ณ ที่ทำการศาลปกครอง ซึ่งมีแห่งเดียวที่กรุงเทพมหานคร 2. การยื่นคำฟ้องโดยส่งทางไปรษณีย์ลงทะเบียนและให้ถือว่าวันที่ส่งคำฟ้องแก่เจ้าพนักงานไปรษณีย์เป็นวันที่ยื่นคำฟ้องต่อศาลปกครอง  3. การยื่นคำฟ้องผ่านระบบงานคดีปกครองอิเล็กทรอนิกส์ (e-Litigation Portal System) 4. การยื่นคำฟ้องผ่านทางโทรสาร,"คำถาม: วิธีการยื่นคำฟ้องต่อศาลปกครอง
คำตอบ: สามารถดำเนินการได้ 4 วิธี คือ  1. การยื่นคำฟ้องต่อเจ้าหน้าที่ของศาลปกครอง ณ ที่ทำการศาลปกครองชั้นต้นที่ตนมีภูมิลำเนา หรือมูลคดีเกิดสำหรับคดีที่อยู่ในอำนาจของศาลปกครองชั้นต้น ส่วนคดีที่อยู่ในศาลปกครองสูงสุดให้ยื่นฟ้อง ณ ที่ทำการศาลปกครอง ซึ่งมีแห่งเดียวที่กรุงเทพมหานคร 2. การยื่นคำฟ้องโดยส่งทางไปรษณีย์ลงทะเบียนและให้ถือว่าวันที่ส่งคำฟ้องแก่เจ้าพนักงานไปรษณีย์เป็นวันที่ยื่นคำฟ้องต่อศาลปกครอง  3. การยื่นคำฟ้องผ่านระบบงานคดีปกครองอิเล็กทรอนิกส์ (e-Litigation Portal System) 4. การยื่นคำฟ้องผ่านทางโทรสาร"
ค่าธรรมเนียมศาล,การฟ้องคดีไม่ต้องเสียค่าธรรมเนียมศาล ยกเว้นกรณีที่ขอให้ใช้เงินหรือส่งมอบทรัพย์สินต้องชำระค่าธรรมเนียมศาล (มาตรา 45 วรรคสี่),"คำถาม: ค่าธรรมเนียมศาล
คำตอบ: การฟ้องคดีไม่ต้องเสียค่าธรรมเนียมศาล ยกเว้นกรณีที่ขอให้ใช้เงินหรือส่งมอบทรัพย์สินต้องชำระค่าธรรมเนียมศาล (มาตรา 45 วรรคสี่)"
อัตราค่าธรรมเนียมศาล,- ทุนทรัพย์ในคดีไม่เกิน 50 ล้านบาท เสียในอัตราร้อยละสอง    ไม่เกินสองแสนบาท  - ทุนทรัพย์ส่วนที่เกิน 50 ล้านบาท เสียในอัตราร้อยละ 0.1,"คำถาม: อัตราค่าธรรมเนียมศาล
คำตอบ: - ทุนทรัพย์ในคดีไม่เกิน 50 ล้านบาท เสียในอัตราร้อยละสอง    ไม่เกินสองแสนบาท  - ทุนทรัพย์ส่วนที่เกิน 50 ล้านบาท เสียในอัตราร้อยละ 0.1"
การชำระค่าธรรมเนียมศาล,สามารถชำระด้วยเงินสด บัตรเครดิต บัตรเดบิต ณ ที่ทำการศาลปกครอง หรือชำระด้วยแคชเชียร์เช็คธนาคาร หรือเช็คซึ่งส่วนราชการหรือรัฐวิสาหกิจเป็นผู้สั่งจ่าย หรือดราฟท์หรือตั๋วแลกเงิน สั่งจ่ายในนาม “เงินค่าธรรมเนียมและเงินค่าปรับของสำนักงานศาลปกครอง...” นอกจากนี้ยังสามารถชำระค่าธรรมเนียมศาลทางอิเล็กทรอนิกส์ (e-Payment) จากระบบงานคดีปกครองอิเล็กทรอนิกส์ (e-Litigation Portal) ได้อีกช่องทางหนึ่ง,"คำถาม: การชำระค่าธรรมเนียมศาล
คำตอบ: สามารถชำระด้วยเงินสด บัตรเครดิต บัตรเดบิต ณ ที่ทำการศาลปกครอง หรือชำระด้วยแคชเชียร์เช็คธนาคาร หรือเช็คซึ่งส่วนราชการหรือรัฐวิสาหกิจเป็นผู้สั่งจ่าย หรือดราฟท์หรือตั๋วแลกเงิน สั่งจ่ายในนาม “เงินค่าธรรมเนียมและเงินค่าปรับของสำนักงานศาลปกครอง...” นอกจากนี้ยังสามารถชำระค่าธรรมเนียมศาลทางอิเล็กทรอนิกส์ (e-Payment) จากระบบงานคดีปกครองอิเล็กทรอนิกส์ (e-Litigation Portal) ได้อีกช่องทางหนึ่ง"
คำขอยกเว้นค่าธรรมเนียมศาล,ผู้ขอต้องแสดงให้ศาลเห็นว่าคดีของผู้ขอมีข้อเท็จจริงเพียงพอที่ศาลจะรับคำฟ้องไว้พิจารณาและผู้ขอไม่มีทรัพย์สินเพียงพอที่จะเสียค่าธรรมเนียมศาลหรือโดยสถานะของผู้ขอถ้าไม่ได้รับการยกเว้นค่าธรรมเนียมศาลจะได้รับความเดือดร้อนเกินสมควร (มาตรา 45/1),"คำถาม: คำขอยกเว้นค่าธรรมเนียมศาล
คำตอบ: ผู้ขอต้องแสดงให้ศาลเห็นว่าคดีของผู้ขอมีข้อเท็จจริงเพียงพอที่ศาลจะรับคำฟ้องไว้พิจารณาและผู้ขอไม่มีทรัพย์สินเพียงพอที่จะเสียค่าธรรมเนียมศาลหรือโดยสถานะของผู้ขอถ้าไม่ได้รับการยกเว้นค่าธรรมเนียมศาลจะได้รับความเดือดร้อนเกินสมควร (มาตรา 45/1)"
การขอให้พิจารณาคำขอยกเว้นค่าธรรมเนียมศาลนั้นใหม่,ยื่นคำร้องต่อศาลปกครองชั้นต้นนั้นภายใน 15 วัน นับแต่วันที่ได้รับคำสั่ง เพื่อขอให้พิจารณาคำขอยกเว้นค่าธรรมเนียมศาลใหม่ เพื่ออนุญาตให้นำพยาน หลักฐานมาแสดงเพิ่มเติมว่าไม่มีทรัพย์สินเพียงพอที่จะเสียค่าธรรมเนียมศาลหรือโดยสถานะถ้าไม่ได้รับการยกเว้นค่าธรรมเนียมศาลจะเดือดร้องเกินสมควร (ข้อ 41/4 วรรคหนึ่ง (1)),"คำถาม: การขอให้พิจารณาคำขอยกเว้นค่าธรรมเนียมศาลนั้นใหม่
คำตอบ: ยื่นคำร้องต่อศาลปกครองชั้นต้นนั้นภายใน 15 วัน นับแต่วันที่ได้รับคำสั่ง เพื่อขอให้พิจารณาคำขอยกเว้นค่าธรรมเนียมศาลใหม่ เพื่ออนุญาตให้นำพยาน หลักฐานมาแสดงเพิ่มเติมว่าไม่มีทรัพย์สินเพียงพอที่จะเสียค่าธรรมเนียมศาลหรือโดยสถานะถ้าไม่ได้รับการยกเว้นค่าธรรมเนียมศาลจะเดือดร้องเกินสมควร (ข้อ 41/4 วรรคหนึ่ง (1))"
การอุทธรณ์คำสั่งเกี่ยวกับคำขอยกเว้นค่าธรรมเนียมศาล,คำสั่งยกคำขอหรือยกเว้นค่าธรรมเนียมศาลบางส่วนผู้ยื่นคำขอมีสิทธิอุทธรณ์ต่อศาลปกครองสูงสุดภายใน 15 วัน นับแต่วันทราบคำสั่ง โดยยื่นคำอุทธรณ์ดังกล่าวต่อศาลปกครองชั้นต้นที่มีคำสั่งนั้น (ข้อ 41/4 วรรคหนึ่ง (2)),"คำถาม: การอุทธรณ์คำสั่งเกี่ยวกับคำขอยกเว้นค่าธรรมเนียมศาล
คำตอบ: คำสั่งยกคำขอหรือยกเว้นค่าธรรมเนียมศาลบางส่วนผู้ยื่นคำขอมีสิทธิอุทธรณ์ต่อศาลปกครองสูงสุดภายใน 15 วัน นับแต่วันทราบคำสั่ง โดยยื่นคำอุทธรณ์ดังกล่าวต่อศาลปกครองชั้นต้นที่มีคำสั่งนั้น (ข้อ 41/4 วรรคหนึ่ง (2))"
การคืนค่าธรรมเนียมศาล,ศาลจะคืนค่าธรรมเนียมศาลในกรณีดังนี้     1. ศาลมีคำสั่งคืนค่าธรรมเนียมศาลทั้งหมดหรือแต่บางส่วนตามส่วนของการชนะคดี (มาตรา 72/1)     2. ในกรณีที่ศาลสั่งไม่รับคำฟ้องไว้พิจารณาทั้งหมดหรือแต่บางส่วนให้ศาลมีอำนาจคืนค่าธรรมเนียมศาลทั้งหมดหรือบางส่วนให้แก่ผู้ฟ้องคดี (ข้อ 38),"คำถาม: การคืนค่าธรรมเนียมศาล
คำตอบ: ศาลจะคืนค่าธรรมเนียมศาลในกรณีดังนี้     1. ศาลมีคำสั่งคืนค่าธรรมเนียมศาลทั้งหมดหรือแต่บางส่วนตามส่วนของการชนะคดี (มาตรา 72/1)     2. ในกรณีที่ศาลสั่งไม่รับคำฟ้องไว้พิจารณาทั้งหมดหรือแต่บางส่วนให้ศาลมีอำนาจคืนค่าธรรมเนียมศาลทั้งหมดหรือบางส่วนให้แก่ผู้ฟ้องคดี (ข้อ 38)"
คำขอให้ทุเลาการบังคับตามกฎหรือคำสั่งทางปกครอง ก่อนการพิพากษา,ผู้ขอต้องแสดงให้เห็นอย่างชัดแจ้งว่าประสงค์ขอทุเลาการบังคับตามกฎหรือคำสั่งใด และหากให้กฎหรือคำสั่งดังกล่าวมีผลบังคับต่อไป จะทำให้เกิดความเสียหายที่ยากแก่การเยียวยาแก้ไขในภายหลังอย่างไร (ข้อ 69),"คำถาม: คำขอให้ทุเลาการบังคับตามกฎหรือคำสั่งทางปกครอง ก่อนการพิพากษา
คำตอบ: ผู้ขอต้องแสดงให้เห็นอย่างชัดแจ้งว่าประสงค์ขอทุเลาการบังคับตามกฎหรือคำสั่งใด และหากให้กฎหรือคำสั่งดังกล่าวมีผลบังคับต่อไป จะทำให้เกิดความเสียหายที่ยากแก่การเยียวยาแก้ไขในภายหลังอย่างไร (ข้อ 69)"
คำขอให้กำหนดมาตรการหรือวิธีการคุ้มครองอย่างใดๆ เพื่อบรรเทาทุกข์ชั่วคราว ก่อนการพิพากษา,คู่กรณีอาจยื่นคำขอเป็นหนังสือให้ศาลมีคำสั่งกำหนดวิธีการ เพื่อคุ้มครองประโยชน์ของผู้ขอในระหว่างการพิจารณาคดีของศาลหรือเพื่อบังคับตามคำพิพากษาได้ (ข้อ 75),"คำถาม: คำขอให้กำหนดมาตรการหรือวิธีการคุ้มครองอย่างใดๆ เพื่อบรรเทาทุกข์ชั่วคราว ก่อนการพิพากษา
คำตอบ: คู่กรณีอาจยื่นคำขอเป็นหนังสือให้ศาลมีคำสั่งกำหนดวิธีการ เพื่อคุ้มครองประโยชน์ของผู้ขอในระหว่างการพิจารณาคดีของศาลหรือเพื่อบังคับตามคำพิพากษาได้ (ข้อ 75)"
การทำคำร้องขอถอนคำฟ้อง,ต้องทำเป็นหนังสือและลงลายมือชื่อผู้ฟ้องคดีโดยระบุเหตุผลที่ประสงค์จะถอนคำฟ้องให้ชัดเจน (ข้อ 82),"คำถาม: การทำคำร้องขอถอนคำฟ้อง
คำตอบ: ต้องทำเป็นหนังสือและลงลายมือชื่อผู้ฟ้องคดีโดยระบุเหตุผลที่ประสงค์จะถอนคำฟ้องให้ชัดเจน (ข้อ 82)"
คำขอให้ศาลพิจารณาหรือฟ้องคดีใหม่ กรณีศาลมีคำสั่งจำหน่ายคดี,ทำเป็นหนังสือแสดงเหตุผลที่ตนไม่สามารถปฏิบัติตามคำสั่งศาลได้ เพราะเหตุสุดวิสัยหรือมีเหตุอันสมควร ยื่นต่อศาลภายในเก้าสิบวันนับแต่วันที่ศาลปกครองมีคำสั่งให้จำหน่ายคดี (มาตรา 62),"คำถาม: คำขอให้ศาลพิจารณาหรือฟ้องคดีใหม่ กรณีศาลมีคำสั่งจำหน่ายคดี
คำตอบ: ทำเป็นหนังสือแสดงเหตุผลที่ตนไม่สามารถปฏิบัติตามคำสั่งศาลได้ เพราะเหตุสุดวิสัยหรือมีเหตุอันสมควร ยื่นต่อศาลภายในเก้าสิบวันนับแต่วันที่ศาลปกครองมีคำสั่งให้จำหน่ายคดี (มาตรา 62)"
ผู้ถูกฟ้องคดีจะยื่นคำร้องขอโอนคดีจากศาลปกครองแห่งหนึ่งไปยังศาลปกครองอื่นได้หรือไม่,ก่อนศาลมีคำพิพากษาหรือคำสั่งชี้ขาดคดี หากผู้ถูกฟ้องคดีเห็นว่าการพิจารณาคดีต่อไปในศาลนั้นจะไม่สะดวกหรือผู้ถูกฟ้องคดีอาจไม่ได้รับความยุติธรรม ผู้ถูกฟ้องคดีอาจยื่นคำขอพร้อมแสดงเหตุผลต่อศาลที่ผู้ฟ้องคดีได้ยื่นคำฟ้องไว้ ขอให้โอนคดีไปยังศาลปกครองอื่นที่มีเขตอำนาจได้ เมื่ออธิบดีศาลปกครองชั้นต้นเห็นสมควรจะมีคำสั่งอนุญาตตามคำขอนั้นก็ได้… (ข้อ 81),"คำถาม: ผู้ถูกฟ้องคดีจะยื่นคำร้องขอโอนคดีจากศาลปกครองแห่งหนึ่งไปยังศาลปกครองอื่นได้หรือไม่
คำตอบ: ก่อนศาลมีคำพิพากษาหรือคำสั่งชี้ขาดคดี หากผู้ถูกฟ้องคดีเห็นว่าการพิจารณาคดีต่อไปในศาลนั้นจะไม่สะดวกหรือผู้ถูกฟ้องคดีอาจไม่ได้รับความยุติธรรม ผู้ถูกฟ้องคดีอาจยื่นคำขอพร้อมแสดงเหตุผลต่อศาลที่ผู้ฟ้องคดีได้ยื่นคำฟ้องไว้ ขอให้โอนคดีไปยังศาลปกครองอื่นที่มีเขตอำนาจได้ เมื่ออธิบดีศาลปกครองชั้นต้นเห็นสมควรจะมีคำสั่งอนุญาตตามคำขอนั้นก็ได้… (ข้อ 81)"
คำขอเข้ามาแทนที่คู่กรณีผู้ถึงแก่ความตาย,ทำเป็นหนังสือแสดงความประสงค์จะเข้าแทนที่คู่กรณีผู้ถึงแก่ความตาย โดยแนบหลักฐานการเป็นทายาท ผู้จัดการมรดก ผู้ปกครองทรัพย์มรดก หรือผู้สืบสิทธิของผู้ตาย และยื่นต่อศาลภายใน 1 ปี นับแต่วันที่คู่กรณีผู้นั้นถึงแก่ความตาย (มาตรา 53),"คำถาม: คำขอเข้ามาแทนที่คู่กรณีผู้ถึงแก่ความตาย
คำตอบ: ทำเป็นหนังสือแสดงความประสงค์จะเข้าแทนที่คู่กรณีผู้ถึงแก่ความตาย โดยแนบหลักฐานการเป็นทายาท ผู้จัดการมรดก ผู้ปกครองทรัพย์มรดก หรือผู้สืบสิทธิของผู้ตาย และยื่นต่อศาลภายใน 1 ปี นับแต่วันที่คู่กรณีผู้นั้นถึงแก่ความตาย (มาตรา 53)"
การฟ้องซ้อน,เมื่อผู้ฟ้องคดียื่นคำฟ้องต่อศาลแล้ว ห้ามมิให้ผู้ฟ้องคดียื่นคำฟ้องเรื่องเดียวกันนั้นต่อศาลเดียวกัน หรือต่อศาลอื่นอีก (ข้อ 36 (1)),"คำถาม: การฟ้องซ้อน
คำตอบ: เมื่อผู้ฟ้องคดียื่นคำฟ้องต่อศาลแล้ว ห้ามมิให้ผู้ฟ้องคดียื่นคำฟ้องเรื่องเดียวกันนั้นต่อศาลเดียวกัน หรือต่อศาลอื่นอีก (ข้อ 36 (1))"
การฟ้องซ้ำ,คดีที่ได้มีคำพิพากษาหรือคำสั่งชี้ขาดถึงที่สุดแล้ว ห้ามมิให้คู่กรณีเดียวกันฟ้องกันอีกในประเด็นที่ได้วินิจฉัยโดยอาศัยเหตุอย่างเดียวกัน (ข้อ 97),"คำถาม: การฟ้องซ้ำ
คำตอบ: คดีที่ได้มีคำพิพากษาหรือคำสั่งชี้ขาดถึงที่สุดแล้ว ห้ามมิให้คู่กรณีเดียวกันฟ้องกันอีกในประเด็นที่ได้วินิจฉัยโดยอาศัยเหตุอย่างเดียวกัน (ข้อ 97)"
ผู้ถูกฟ้องคดีทำคำให้การ,ทำเป็นหนังสือแสดงข้อเท็จจริงและพยานหลักฐานโดยชัดแจ้งถึงการปฏิเสธหรือการยอมรับข้อหาที่ปรากฏในคำฟ้องและคำขอท้ายฟ้องของผู้ฟ้องคดีรวมทั้งเหตุแห่งการนั้น (ข้อ 43),"คำถาม: ผู้ถูกฟ้องคดีทำคำให้การ
คำตอบ: ทำเป็นหนังสือแสดงข้อเท็จจริงและพยานหลักฐานโดยชัดแจ้งถึงการปฏิเสธหรือการยอมรับข้อหาที่ปรากฏในคำฟ้องและคำขอท้ายฟ้องของผู้ฟ้องคดีรวมทั้งเหตุแห่งการนั้น (ข้อ 43)"
ผู้ฟ้องคดีทำคำคัดค้านคำให้การ,ทำเป็นหนังสือแสดงข้อเท็จจริงและพยานหลักฐานโดยชัดแจ้งถึงการยอมรับหรือคัดค้านคำให้การของผู้ถูกฟ้องคดี คำคัดค้านให้มีได้เฉพาะในประเด็นที่ได้ยกขึ้นกล่าวในคำฟ้องคำให้การหรือที่ศาลกำหนด (ข้อ 47),"คำถาม: ผู้ฟ้องคดีทำคำคัดค้านคำให้การ
คำตอบ: ทำเป็นหนังสือแสดงข้อเท็จจริงและพยานหลักฐานโดยชัดแจ้งถึงการยอมรับหรือคัดค้านคำให้การของผู้ถูกฟ้องคดี คำคัดค้านให้มีได้เฉพาะในประเด็นที่ได้ยกขึ้นกล่าวในคำฟ้องคำให้การหรือที่ศาลกำหนด (ข้อ 47)"
ผู้ถูกฟ้องคดีคำให้การเพิ่มเติม,ทำเป็นหนังสือแสดงข้อเท็จจริงและพยานหลักฐานโดยชัดแจ้งถึงการยอมรับหรือการปฏิเสธคำคัดค้านคำให้การของผู้ฟ้องคดี (ข้อ 49),"คำถาม: ผู้ถูกฟ้องคดีคำให้การเพิ่มเติม
คำตอบ: ทำเป็นหนังสือแสดงข้อเท็จจริงและพยานหลักฐานโดยชัดแจ้งถึงการยอมรับหรือการปฏิเสธคำคัดค้านคำให้การของผู้ฟ้องคดี (ข้อ 49)"
คำขอขยายระยะเวลาการดำเนินการตามคำสั่งศาล,ทำเป็นหนังสือระบุเหตุที่ทำให้ไม่สามารถดำเนินการตามคำสั่งศาลได้ภายในระยะเวลาที่กำหนดและประสงค์ขอขยายระยะเวลาโดยระบุระยะเวลาที่ขอขยายให้ชัดเจน เพื่อประโยชน์แห่งความยุติธรรม ศาลมีอำนาจย่นหรือขยายได้ตามความจำเป็น (ข้อ ๖),"คำถาม: คำขอขยายระยะเวลาการดำเนินการตามคำสั่งศาล
คำตอบ: ทำเป็นหนังสือระบุเหตุที่ทำให้ไม่สามารถดำเนินการตามคำสั่งศาลได้ภายในระยะเวลาที่กำหนดและประสงค์ขอขยายระยะเวลาโดยระบุระยะเวลาที่ขอขยายให้ชัดเจน เพื่อประโยชน์แห่งความยุติธรรม ศาลมีอำนาจย่นหรือขยายได้ตามความจำเป็น (ข้อ ๖)"
เมื่อคู่กรณีได้รับหมายแจ้งกำหนดนัดวันนั่งพิจารณาคดีครั้งแรกแล้ว คู่กรณีจำเป็น ต้องมาตามกำหนดนัดหรือไม่,คู่กรณีจะไม่มาศาลก็ได้ แต่ความในข้อนี้ไม่ตัดอำนาจศาลที่จะออกคำสั่งเรียกให้คู่กรณี หน่วยงานทางปกครอง เจ้าหน้าที่ของรัฐหรือบุคคลที่เกี่ยวข้องมาให้ถ้อยคำ ให้ความเห็นเป็นหนังสือ หรือส่งเอกสาร หรือพยานหลักฐานใด ๆ ให้แก่ศาล (ข้อ 84 วรรคสี่),"คำถาม: เมื่อคู่กรณีได้รับหมายแจ้งกำหนดนัดวันนั่งพิจารณาคดีครั้งแรกแล้ว คู่กรณีจำเป็น ต้องมาตามกำหนดนัดหรือไม่
คำตอบ: คู่กรณีจะไม่มาศาลก็ได้ แต่ความในข้อนี้ไม่ตัดอำนาจศาลที่จะออกคำสั่งเรียกให้คู่กรณี หน่วยงานทางปกครอง เจ้าหน้าที่ของรัฐหรือบุคคลที่เกี่ยวข้องมาให้ถ้อยคำ ให้ความเห็นเป็นหนังสือ หรือส่งเอกสาร หรือพยานหลักฐานใด ๆ ให้แก่ศาล (ข้อ 84 วรรคสี่)"
การจัดทำคำอุทธรณ์,ทำเป็นหนังสือต้องระบุชื่อผู้อุทธรณ์ ชื่อผู้ถูกอุทธรณ์ ข้อคัดค้านคำพิพากษาหรือคำสั่งของศาลปกครองชั้นต้น คำขอของผู้อุทธรณ์ และลายมือชื่อผู้อุทธรณ์ (ข้อ ๑๐๑),"คำถาม: การจัดทำคำอุทธรณ์
คำตอบ: ทำเป็นหนังสือต้องระบุชื่อผู้อุทธรณ์ ชื่อผู้ถูกอุทธรณ์ ข้อคัดค้านคำพิพากษาหรือคำสั่งของศาลปกครองชั้นต้น คำขอของผู้อุทธรณ์ และลายมือชื่อผู้อุทธรณ์ (ข้อ ๑๐๑)"
ระยะเวลายื่นคำอุทธรณ์,ให้ยื่นอุทธรณ์ต่อศาลปกครองชั้นต้นที่มีคำพิพากษาหรือคำสั่ง ภายใน 30 วัน นับแต่วันที่ได้มีคำพิพากษาหรือคำสั่ง (มาตรา 73 วรรคหนึ่ง),"คำถาม: ระยะเวลายื่นคำอุทธรณ์
คำตอบ: ให้ยื่นอุทธรณ์ต่อศาลปกครองชั้นต้นที่มีคำพิพากษาหรือคำสั่ง ภายใน 30 วัน นับแต่วันที่ได้มีคำพิพากษาหรือคำสั่ง (มาตรา 73 วรรคหนึ่ง)"
ผู้มีสิทธิอุทธรณ์คำพิพากษาหรือคำสั่ง,ผู้มีส่วนได้เสียหรือได้รับผลกระทบจากคำพิพากษาหรือคำสั่งของศาลเป็นผู้มีสิทธิอุทธรณ์ ซึ่งได้แก่ ผู้ฟ้องคดี ผู้ถูกฟ้องคดี ผู้มีส่วนได้เสีย ผู้มีสิทธิกระทำการแทน,"คำถาม: ผู้มีสิทธิอุทธรณ์คำพิพากษาหรือคำสั่ง
คำตอบ: ผู้มีส่วนได้เสียหรือได้รับผลกระทบจากคำพิพากษาหรือคำสั่งของศาลเป็นผู้มีสิทธิอุทธรณ์ ซึ่งได้แก่ ผู้ฟ้องคดี ผู้ถูกฟ้องคดี ผู้มีส่วนได้เสีย ผู้มีสิทธิกระทำการแทน"
วิธีการยื่นอุทธรณ์คำพิพากษาหรือคำสั่ง ต่อศาลปกครองสูงสุด,ทำได้ 2 วิธี คือ การยื่นด้วยตนเองต่อเจ้าหน้าที่ของศาลปกครองชั้นต้นที่มีคำพิพากษาหรือคำสั่งนั้น หรือการยื่นโดยส่งทางไปรษณีย์ลงทะเบียนไปยังที่ทำการของศาลปกครองชั้นต้นที่มีคำพิพากษาหรือคำสั่งนั้น และถือว่าวันที่ส่งคำอุทธรณ์แก่เจ้าพนักงานไปรษณีย์เป็นวันที่ยื่นคำอุทธรณ์ต่อศาล,"คำถาม: วิธีการยื่นอุทธรณ์คำพิพากษาหรือคำสั่ง ต่อศาลปกครองสูงสุด
คำตอบ: ทำได้ 2 วิธี คือ การยื่นด้วยตนเองต่อเจ้าหน้าที่ของศาลปกครองชั้นต้นที่มีคำพิพากษาหรือคำสั่งนั้น หรือการยื่นโดยส่งทางไปรษณีย์ลงทะเบียนไปยังที่ทำการของศาลปกครองชั้นต้นที่มีคำพิพากษาหรือคำสั่งนั้น และถือว่าวันที่ส่งคำอุทธรณ์แก่เจ้าพนักงานไปรษณีย์เป็นวันที่ยื่นคำอุทธรณ์ต่อศาล"
คำขอให้ศาลพิจารณาพิพากษาคดีหรือ มีคำสั่งชี้ขาดคดีปกครองใหม่ กรณีศาล มีคำพิพากษาหรือคำสั่งชี้ขาดเสร็จเด็ดขาดแล้ว,ทำเป็นหนังสือระบุเหตุผลที่ขอให้ศาลพิจารณาคดีใหม่ เช่น ศาลฟังข้อเท็จจริงผิดพลาด ถูกตัดโอกาสเข้ามาในคดี มีหลักฐานใหม่ เป็นต้น ให้ยื่นคำขอต่อศาลภายใน 90 วัน นับแต่วันรู้เหตุแต่ไม่เกิน 5 ปี นับแต่วันที่ศาลมีคำพิพากษาหรือคำสั่งชี้ขาดคดี (มาตรา 75),"คำถาม: คำขอให้ศาลพิจารณาพิพากษาคดีหรือ มีคำสั่งชี้ขาดคดีปกครองใหม่ กรณีศาล มีคำพิพากษาหรือคำสั่งชี้ขาดเสร็จเด็ดขาดแล้ว
คำตอบ: ทำเป็นหนังสือระบุเหตุผลที่ขอให้ศาลพิจารณาคดีใหม่ เช่น ศาลฟังข้อเท็จจริงผิดพลาด ถูกตัดโอกาสเข้ามาในคดี มีหลักฐานใหม่ เป็นต้น ให้ยื่นคำขอต่อศาลภายใน 90 วัน นับแต่วันรู้เหตุแต่ไม่เกิน 5 ปี นับแต่วันที่ศาลมีคำพิพากษาหรือคำสั่งชี้ขาดคดี (มาตรา 75)"
ศาลปกครองมีอำนาจหน้าที่อย่างไร,ศาลปกครองมีอำนาจพิจารณาพิพากษาคดีปกครองอันเนื่องมาจากการใช้อำนาจทางปกครองตามกฎหมายหรือเนื่องมาจากการดำเนินกิจการทางปกครอง ทั้งนี้ ตามที่กฎหมายบัญญัติ แต่ไม่รวมถึงการวินิจฉัยชี้ขาดขององค์กรอิสระซึ่งเป็นการใช้อำนาจโดยตรงตามรัฐธรรมนูญขององค์กรอิสระนั้นๆ (มาตรา 197 ของรัฐธรรมนูญแห่งราชอาณาจักรไทย พุทธศักราช 2560),"คำถาม: ศาลปกครองมีอำนาจหน้าที่อย่างไร
คำตอบ: ศาลปกครองมีอำนาจพิจารณาพิพากษาคดีปกครองอันเนื่องมาจากการใช้อำนาจทางปกครองตามกฎหมายหรือเนื่องมาจากการดำเนินกิจการทางปกครอง ทั้งนี้ ตามที่กฎหมายบัญญัติ แต่ไม่รวมถึงการวินิจฉัยชี้ขาดขององค์กรอิสระซึ่งเป็นการใช้อำนาจโดยตรงตามรัฐธรรมนูญขององค์กรอิสระนั้นๆ (มาตรา 197 ของรัฐธรรมนูญแห่งราชอาณาจักรไทย พุทธศักราช 2560)"
ศาลปกครองมีกี่ชั้นศาล,ศาลปกครองมี 2 ชั้นศาล คือ      1. ศาลปกครองสูงสุด      2. ศาลปกครองชั้นต้น ซึ่งแบ่งออกเป็น          2.1 ศาลปกครองกลาง          2.2 ศาลปกครองในภูมิภาค (มาตรา 197 วรรคสอง ของรัฐธรรมนูญแห่งราชอาณาจักรไทย พุทธศักราช 2560),"คำถาม: ศาลปกครองมีกี่ชั้นศาล
คำตอบ: ศาลปกครองมี 2 ชั้นศาล คือ      1. ศาลปกครองสูงสุด      2. ศาลปกครองชั้นต้น ซึ่งแบ่งออกเป็น          2.1 ศาลปกครองกลาง          2.2 ศาลปกครองในภูมิภาค (มาตรา 197 วรรคสอง ของรัฐธรรมนูญแห่งราชอาณาจักรไทย พุทธศักราช 2560)"
เขตอำนาจของศาลปกครองสูงสุดเป็นอย่างไร,ศาลปกครองสูงสุดตั้งอยู่ที่กรุงเทพมหานครมีเขตอำนาจศาลทั่วราชอาณาจักรดังนั้น คดีที่อยู่ในอำนาจของศาลปกครองสูงสุด ไม่ว่ามูลคดีจะเกิดที่ใด หรือผู้ฟ้องคดีมีภูมิลำเนาอยู่ที่ใดจะต้องยื่นฟ้องคดีต่อศาลปกครองสูงสุด (มาตรา 8 วรรคหนึ่ง แห่งพระราชบัญญัติจัดตั้งศาลปกครองและวิธีพิจารณาคดีปกครอง พ.ศ. 2542),"คำถาม: เขตอำนาจของศาลปกครองสูงสุดเป็นอย่างไร
คำตอบ: ศาลปกครองสูงสุดตั้งอยู่ที่กรุงเทพมหานครมีเขตอำนาจศาลทั่วราชอาณาจักรดังนั้น คดีที่อยู่ในอำนาจของศาลปกครองสูงสุด ไม่ว่ามูลคดีจะเกิดที่ใด หรือผู้ฟ้องคดีมีภูมิลำเนาอยู่ที่ใดจะต้องยื่นฟ้องคดีต่อศาลปกครองสูงสุด (มาตรา 8 วรรคหนึ่ง แห่งพระราชบัญญัติจัดตั้งศาลปกครองและวิธีพิจารณาคดีปกครอง พ.ศ. 2542)"
การยื่นคำฟ้องต่อศาลปกครองสูงสุดต้องดำเนินการอย่างไร,๑. ยื่นฟ้องคดีต่อศาลปกครองสูงสุดโดยตรง โดยยื่นต่อพนักงานเจ้าหน้าที่ของศาลปกครองสูงสุด ณ อาคารที่ทำการศาลปกครอง กรุงเทพมหานคร หรือ ๒. ยื่นคำฟ้องโดยส่งทางไปรษณีย์ลงทะเบียนไปยังสำนักงานศาลปกครองสูงสุด เลขที่ ๑๒๐ หมู่ที่ ๓ ถนนแจ้งวัฒนะ แขวงทุ่งสองห้อง เขตหลักสี่ กรุงเทพมหานคร ๑๐๒๑๐ (มาตรา ๔๖ แห่งพระราชบัญญัติจัดตั้งศาลปกครองและวิธีพิจารณาคดีปกครอง พ.ศ. ๒๕๔๒),"คำถาม: การยื่นคำฟ้องต่อศาลปกครองสูงสุดต้องดำเนินการอย่างไร
คำตอบ: ๑. ยื่นฟ้องคดีต่อศาลปกครองสูงสุดโดยตรง โดยยื่นต่อพนักงานเจ้าหน้าที่ของศาลปกครองสูงสุด ณ อาคารที่ทำการศาลปกครอง กรุงเทพมหานคร หรือ ๒. ยื่นคำฟ้องโดยส่งทางไปรษณีย์ลงทะเบียนไปยังสำนักงานศาลปกครองสูงสุด เลขที่ ๑๒๐ หมู่ที่ ๓ ถนนแจ้งวัฒนะ แขวงทุ่งสองห้อง เขตหลักสี่ กรุงเทพมหานคร ๑๐๒๑๐ (มาตรา ๔๖ แห่งพระราชบัญญัติจัดตั้งศาลปกครองและวิธีพิจารณาคดีปกครอง พ.ศ. ๒๕๔๒)"
บุคคลใดบ้างที่มีสิทธิฟ้องคดีต่อศาลปกครอง,ผู้ฟ้องคดีจะต้องเป็นผู้ที่ได้รับความเดือดร้อนหรือเสียหาย หรืออาจจะเดือดร้อนหรือเสียหายโดยมิอาจหลีกเลี่ยงได้ อันเนื่องจากการกระทำหรืองดเว้นการกระทำอย่างหนึ่งอย่างใดของหน่วยงานทางปกครองหรือเจ้าหน้าที่ของรัฐ หรือมีข้อโต้แย้งเกี่ยวกับสัญญาทางปกครอง หรือกรณีอื่นใดที่อยู่ในเขตอำนาจของศาลปกครอง และการแก้ไขหรือบรรเทาความเดือดร้อนหรือความเสียหายหรือยุติข้อโต้แย้งนั้นศาลต้องมีคำบังคับ (มาตรา ๔๒ แห่งพระราชบัญญัติจัดตั้งศาลปกครองและวิธีพิจารณาคดีปกครอง พ.ศ. ๒๕๔๒),"คำถาม: บุคคลใดบ้างที่มีสิทธิฟ้องคดีต่อศาลปกครอง
คำตอบ: ผู้ฟ้องคดีจะต้องเป็นผู้ที่ได้รับความเดือดร้อนหรือเสียหาย หรืออาจจะเดือดร้อนหรือเสียหายโดยมิอาจหลีกเลี่ยงได้ อันเนื่องจากการกระทำหรืองดเว้นการกระทำอย่างหนึ่งอย่างใดของหน่วยงานทางปกครองหรือเจ้าหน้าที่ของรัฐ หรือมีข้อโต้แย้งเกี่ยวกับสัญญาทางปกครอง หรือกรณีอื่นใดที่อยู่ในเขตอำนาจของศาลปกครอง และการแก้ไขหรือบรรเทาความเดือดร้อนหรือความเสียหายหรือยุติข้อโต้แย้งนั้นศาลต้องมีคำบังคับ (มาตรา ๔๒ แห่งพระราชบัญญัติจัดตั้งศาลปกครองและวิธีพิจารณาคดีปกครอง พ.ศ. ๒๕๔๒)"
คดีพิพาทเกี่ยวกับการพิจารณาวินิจฉัยเพื่อลงโทษทางปกครองของคณะกรรมการตรวจเงินแผ่นดิน เช่น ภาคทัณฑ์ ตำหนิโดยเปิดเผยต่อสาธารณชน หรือปรับทางปกครอง ผู้ถูกคำสั่งลงโทษทางปกครองดังกล่าวยื่นฟ้องคดีต่อศาลปกครองใด,มาตรา ๙๘ ประกอบมาตรา ๑๐๓ แห่งพระราชบัญญัติประกอบรัฐธรรมนูญว่าด้วยการตรวจเงินแผ่นดิน พ.ศ. ๒๕๖๑ กำหนดให้ผู้ถูกสั่งลงโทษทางปกครองเกี่ยวกับความผิดทางวินัยการเงินการคลังของรัฐสามารถอุทธรณ์ (ฟ้องตรง) ต่อศาลปกครองสูงสุดได้ภายใน ๙๐ วัน นับแต่วันที่ได้รับคำสั่งนั้น,"คำถาม: คดีพิพาทเกี่ยวกับการพิจารณาวินิจฉัยเพื่อลงโทษทางปกครองของคณะกรรมการตรวจเงินแผ่นดิน เช่น ภาคทัณฑ์ ตำหนิโดยเปิดเผยต่อสาธารณชน หรือปรับทางปกครอง ผู้ถูกคำสั่งลงโทษทางปกครองดังกล่าวยื่นฟ้องคดีต่อศาลปกครองใด
คำตอบ: มาตรา ๙๘ ประกอบมาตรา ๑๐๓ แห่งพระราชบัญญัติประกอบรัฐธรรมนูญว่าด้วยการตรวจเงินแผ่นดิน พ.ศ. ๒๕๖๑ กำหนดให้ผู้ถูกสั่งลงโทษทางปกครองเกี่ยวกับความผิดทางวินัยการเงินการคลังของรัฐสามารถอุทธรณ์ (ฟ้องตรง) ต่อศาลปกครองสูงสุดได้ภายใน ๙๐ วัน นับแต่วันที่ได้รับคำสั่งนั้น"
คดีพิพาทเกี่ยวกับคำวินิจฉัยของ ก.พ.ค. ต้องยื่นฟ้องต่อศาลปกครองชั้นต้น หรือศาลปกครองสูงสุด,คดีพิพาทเกี่ยวกับคำวินิจฉัยของ ก.พ.ค. ที่วินิจฉัยในเนื้อหาอุทธรณ์ของผู้ที่ถูกคำสั่งลงโทษ เป็นคดีที่กฎหมายกำหนดให้อยู่ในเขตอำนาจของศาลปกครองสูงสุด ตามมาตรา ๑๑ (๓) แห่งพระราชบัญญัติจัดตั้งศาลปกครองและวิธีพิจารณาคดีปกครอง พ.ศ. ๒๕๔๒ ประกอบมาตรา ๑๑๖ วรรคสอง พระราชบัญญัติระเบียบข้าราชการพลเรือน พ.ศ. ๒๕๕๑ โดยคำวินิจฉัยของ ก.พ.ค. เกิดจากกรณีผู้ที่ถูกสั่งลงโทษตามพระราชบัญญัตินี้หรือถูกสั่งให้ออกจากราชการตามมาตรา ๑๑๐ (๑) (๓) (๕) (๖) (๗) และ (๘) อุทธรณ์ต่อ ก.พ.ค. ภายในสามสิบวันนับแต่วันทราบหรือถือว่าทราบคำสั่ง (คำสั่งของผู้บังคับบัญชาซึ่งมีอำนาจสั่งบรรจุตามมาตรา ๕๗ แห่งพระราชบัญญัติระเบียบข้าราชการพลเรือน พ.ศ. ๒๕๕๑) ตามมาตรา ๑๑๔ วรรคหนึ่ง แห่งพระราชบัญญัติระเบียบข้าราชการพลเรือน พ.ศ. ๒๕๕๑,"คำถาม: คดีพิพาทเกี่ยวกับคำวินิจฉัยของ ก.พ.ค. ต้องยื่นฟ้องต่อศาลปกครองชั้นต้น หรือศาลปกครองสูงสุด
คำตอบ: คดีพิพาทเกี่ยวกับคำวินิจฉัยของ ก.พ.ค. ที่วินิจฉัยในเนื้อหาอุทธรณ์ของผู้ที่ถูกคำสั่งลงโทษ เป็นคดีที่กฎหมายกำหนดให้อยู่ในเขตอำนาจของศาลปกครองสูงสุด ตามมาตรา ๑๑ (๓) แห่งพระราชบัญญัติจัดตั้งศาลปกครองและวิธีพิจารณาคดีปกครอง พ.ศ. ๒๕๔๒ ประกอบมาตรา ๑๑๖ วรรคสอง พระราชบัญญัติระเบียบข้าราชการพลเรือน พ.ศ. ๒๕๕๑ โดยคำวินิจฉัยของ ก.พ.ค. เกิดจากกรณีผู้ที่ถูกสั่งลงโทษตามพระราชบัญญัตินี้หรือถูกสั่งให้ออกจากราชการตามมาตรา ๑๑๐ (๑) (๓) (๕) (๖) (๗) และ (๘) อุทธรณ์ต่อ ก.พ.ค. ภายในสามสิบวันนับแต่วันทราบหรือถือว่าทราบคำสั่ง (คำสั่งของผู้บังคับบัญชาซึ่งมีอำนาจสั่งบรรจุตามมาตรา ๕๗ แห่งพระราชบัญญัติระเบียบข้าราชการพลเรือน พ.ศ. ๒๕๕๑) ตามมาตรา ๑๑๔ วรรคหนึ่ง แห่งพระราชบัญญัติระเบียบข้าราชการพลเรือน พ.ศ. ๒๕๕๑"
การพิจารณาคดีของศาลปกครองสูงสุดกรณีเป็นการฟ้องโดยตรงต่อศาลปกครองสูงสุด  มีกระบวนวิธีพิจารณาคดีอย่างไร,เมื่อผู้ฟ้องคดียื่นคำฟ้องต่อศาล และศาลมีคำสั่งรับคำฟ้องไว้พิจารณาแล้ว ศาลจะแสวงหาข้อเท็จจริงโดยใช้ระบบไต่สวน เพื่อเปิดโอกาสให้คู่กรณีทุกฝ่ายได้เสนอข้ออ้างและข้อโต้แย้งของตนและแสวงหาข้อเท็จจริงที่จำเป็นแก่การพิจารณาคดีตามที่เห็นสมควร เมื่อศาลเห็นว่าข้อเท็จจริงเพียงพอที่จะพิจารณาได้แล้วก็จะกำหนดวันสิ้นสุดการแสวงหาข้อเท็จจริง และส่งสำนวนคดีให้กับตุลาการผู้แถลงคดีจัดทำคำแถลงการณ์ เมื่อตุลาการผู้แถลงคดีส่งคำแถลงการณ์ให้กับองค์คณะแล้ว ศาลก็จะกำหนดวันนั่งพิจารณาคดีครั้งแรกและส่งสรุปข้อเท็จจริงของตุลาการเจ้าของสำนวนให้คู่กรณีทราบล่วงหน้า เมื่อศาลนั่งพิจารณาคดีครั้งแรกเสร็จก็จะมีคำพิพากษาและแจ้งให้คู่กรณีมาฟังคำพิพากษาต่อไป,"คำถาม: การพิจารณาคดีของศาลปกครองสูงสุดกรณีเป็นการฟ้องโดยตรงต่อศาลปกครองสูงสุด  มีกระบวนวิธีพิจารณาคดีอย่างไร
คำตอบ: เมื่อผู้ฟ้องคดียื่นคำฟ้องต่อศาล และศาลมีคำสั่งรับคำฟ้องไว้พิจารณาแล้ว ศาลจะแสวงหาข้อเท็จจริงโดยใช้ระบบไต่สวน เพื่อเปิดโอกาสให้คู่กรณีทุกฝ่ายได้เสนอข้ออ้างและข้อโต้แย้งของตนและแสวงหาข้อเท็จจริงที่จำเป็นแก่การพิจารณาคดีตามที่เห็นสมควร เมื่อศาลเห็นว่าข้อเท็จจริงเพียงพอที่จะพิจารณาได้แล้วก็จะกำหนดวันสิ้นสุดการแสวงหาข้อเท็จจริง และส่งสำนวนคดีให้กับตุลาการผู้แถลงคดีจัดทำคำแถลงการณ์ เมื่อตุลาการผู้แถลงคดีส่งคำแถลงการณ์ให้กับองค์คณะแล้ว ศาลก็จะกำหนดวันนั่งพิจารณาคดีครั้งแรกและส่งสรุปข้อเท็จจริงของตุลาการเจ้าของสำนวนให้คู่กรณีทราบล่วงหน้า เมื่อศาลนั่งพิจารณาคดีครั้งแรกเสร็จก็จะมีคำพิพากษาและแจ้งให้คู่กรณีมาฟังคำพิพากษาต่อไป"
กรณีที่ศาลปกครองชั้นต้นมีคำพิพากษาแล้ว การอุทธรณ์คำพิพากษาต้องดำเนินการอย่างไร,เมื่อศาลปกครองชั้นต้นมีคำพิพากษาแล้ว หากคู่กรณีไม่พอใจสามารถที่จะยื่นอุทธรณ์คัดค้าน คำพิพากษาได้ภายใน ๓๐ วัน นับแต่วันที่ศาลปกครองชั้นต้นมีคำพิพากษานั้น โดยจะต้อง ยื่นอุทธรณ์ต่อศาลปกครองชั้นต้นที่มีคำพิพากษาและไม่สามารถขอให้ศาลขยายระยะเวลา การยื่นอุทธรณ์คำพิพากษาได้ (มาตรา ๗๓ วรรคหนึ่ง แห่งพระราชบัญญัติจัดตั้งศาลปกครองและวิธีพิจารณาคดีปกครอง พ.ศ. ๒๕๔๒),"คำถาม: กรณีที่ศาลปกครองชั้นต้นมีคำพิพากษาแล้ว การอุทธรณ์คำพิพากษาต้องดำเนินการอย่างไร
คำตอบ: เมื่อศาลปกครองชั้นต้นมีคำพิพากษาแล้ว หากคู่กรณีไม่พอใจสามารถที่จะยื่นอุทธรณ์คัดค้าน คำพิพากษาได้ภายใน ๓๐ วัน นับแต่วันที่ศาลปกครองชั้นต้นมีคำพิพากษานั้น โดยจะต้อง ยื่นอุทธรณ์ต่อศาลปกครองชั้นต้นที่มีคำพิพากษาและไม่สามารถขอให้ศาลขยายระยะเวลา การยื่นอุทธรณ์คำพิพากษาได้ (มาตรา ๗๓ วรรคหนึ่ง แห่งพระราชบัญญัติจัดตั้งศาลปกครองและวิธีพิจารณาคดีปกครอง พ.ศ. ๒๕๔๒)"
การอุทธรณ์คำสั่งศาลปกครองชั้นต้นที่ไม่รับคำฟ้องไว้พิจารณา คำสั่งจำหน่ายคดีออกจากสารบบความโดยไม่มีการวินิจฉัยชี้ขาดคดี คำสั่งลงโทษฐานละเมิดอำนาจศาล หรือคำสั่งอื่นที่ไม่ต้องห้ามอุทธรณ์ระหว่างพิจารณา ต้องดำเนินการอย่างไร,ผู้ฟ้องคดีสามารถที่จะยื่นคำร้องอุทธรณ์คำสั่งศาลปกครองชั้นต้นในกรณีดังกล่าวต่อศาลปกครองสูงสุดได้ภายใน ๓๐ วัน นับแต่วันที่ได้รับแจ้งคำสั่งของศาลปกครองชั้นต้น โดยจะต้องยื่นคำร้องอุทธรณ์คำสั่งต่อศาลปกครองชั้นต้นที่มีคำสั่งนั้น (ข้อ ๔๙/๑ วรรคหนึ่ง แห่งระเบียบของที่ประชุมใหญ่ตุลาการในศาลปกครองสูงสุด ว่าด้วยวิธีพิจารณาคดีปกครอง พ.ศ. ๒๕๔๓),"คำถาม: การอุทธรณ์คำสั่งศาลปกครองชั้นต้นที่ไม่รับคำฟ้องไว้พิจารณา คำสั่งจำหน่ายคดีออกจากสารบบความโดยไม่มีการวินิจฉัยชี้ขาดคดี คำสั่งลงโทษฐานละเมิดอำนาจศาล หรือคำสั่งอื่นที่ไม่ต้องห้ามอุทธรณ์ระหว่างพิจารณา ต้องดำเนินการอย่างไร
คำตอบ: ผู้ฟ้องคดีสามารถที่จะยื่นคำร้องอุทธรณ์คำสั่งศาลปกครองชั้นต้นในกรณีดังกล่าวต่อศาลปกครองสูงสุดได้ภายใน ๓๐ วัน นับแต่วันที่ได้รับแจ้งคำสั่งของศาลปกครองชั้นต้น โดยจะต้องยื่นคำร้องอุทธรณ์คำสั่งต่อศาลปกครองชั้นต้นที่มีคำสั่งนั้น (ข้อ ๔๙/๑ วรรคหนึ่ง แห่งระเบียบของที่ประชุมใหญ่ตุลาการในศาลปกครองสูงสุด ว่าด้วยวิธีพิจารณาคดีปกครอง พ.ศ. ๒๕๔๓)"
การอุทธรณ์คำสั่งศาลปกครองชั้นต้นที่รับคำฟ้องไว้พิจารณา คำสั่งไม่รับคำร้องขอให้เรียกบุคคลภายนอกเข้ามาเป็นคู่กรณี หรือการอุทธรณ์คำสั่งระหว่างพิจารณาที่ไม่มีกฎหมายให้อุทธรณ์ระหว่างพิจารณา ต้องดำเนินการอย่างไร,ผู้ฟ้องคดีหรือผู้มีส่วนได้เสียสามารถที่จะยื่นคำร้องอุทธรณ์คำสั่งของศาลปกครองชั้นต้นดังกล่าวต่อศาลปกครองสูงสุดพร้อมกับการอุทธรณ์คำพิพากษาหรือคำสั่งที่ทำให้คดีเสร็จเด็ดขาดจากศาล โดยยื่นต่อศาลปกครองชั้นต้นที่มีคำสั่งนั้น (ข้อ ๔๙/๑ ประกอบ ข้อ ๑๐๐ แห่งระเบียบของที่ประชุมใหญ่ตุลาการในศาลปกครองสูงสุดว่าด้วยวิธีพิจารณาคดีปกครอง พ.ศ. ๒๕๔๓),"คำถาม: การอุทธรณ์คำสั่งศาลปกครองชั้นต้นที่รับคำฟ้องไว้พิจารณา คำสั่งไม่รับคำร้องขอให้เรียกบุคคลภายนอกเข้ามาเป็นคู่กรณี หรือการอุทธรณ์คำสั่งระหว่างพิจารณาที่ไม่มีกฎหมายให้อุทธรณ์ระหว่างพิจารณา ต้องดำเนินการอย่างไร
คำตอบ: ผู้ฟ้องคดีหรือผู้มีส่วนได้เสียสามารถที่จะยื่นคำร้องอุทธรณ์คำสั่งของศาลปกครองชั้นต้นดังกล่าวต่อศาลปกครองสูงสุดพร้อมกับการอุทธรณ์คำพิพากษาหรือคำสั่งที่ทำให้คดีเสร็จเด็ดขาดจากศาล โดยยื่นต่อศาลปกครองชั้นต้นที่มีคำสั่งนั้น (ข้อ ๔๙/๑ ประกอบ ข้อ ๑๐๐ แห่งระเบียบของที่ประชุมใหญ่ตุลาการในศาลปกครองสูงสุดว่าด้วยวิธีพิจารณาคดีปกครอง พ.ศ. ๒๕๔๓)"
การจัดทำคำอุทธรณ์คำพิพากษาหรือคำร้องอุทธรณ์คำสั่งไม่รับคำฟ้องไว้พิจารณาจะต้องดำเนินการอย่างไร,คำอุทธรณ์หรือคำร้องอุทธรณ์จะต้องจัดทำเป็นหนังสือและใช้ถ้อยคำสุภาพและต้องมีรายละเอียดดังนี้   ๑) ชื่อที่อยู่ของผู้อุทธรณ์และชื่อคู่กรณีในอุทธรณ์   ๒) ข้อคัดค้านคำพิพากษาหรือคำสั่งของศาลปกครองชั้นต้น   ๓) คำขอของผู้อุทธรณ์   ๔) ลายมือชื่อผู้อุทธรณ์  (ข้อ ๑๐๑ วรรคหนึ่ง แห่งระเบียบของที่ประชุมใหญ่ตุลาการในศาลปกครองสูงสุด ว่าด้วยวิธีพิจารณาคดีปกครอง พ.ศ. ๒๕๔๓),"คำถาม: การจัดทำคำอุทธรณ์คำพิพากษาหรือคำร้องอุทธรณ์คำสั่งไม่รับคำฟ้องไว้พิจารณาจะต้องดำเนินการอย่างไร
คำตอบ: คำอุทธรณ์หรือคำร้องอุทธรณ์จะต้องจัดทำเป็นหนังสือและใช้ถ้อยคำสุภาพและต้องมีรายละเอียดดังนี้   ๑) ชื่อที่อยู่ของผู้อุทธรณ์และชื่อคู่กรณีในอุทธรณ์   ๒) ข้อคัดค้านคำพิพากษาหรือคำสั่งของศาลปกครองชั้นต้น   ๓) คำขอของผู้อุทธรณ์   ๔) ลายมือชื่อผู้อุทธรณ์  (ข้อ ๑๐๑ วรรคหนึ่ง แห่งระเบียบของที่ประชุมใหญ่ตุลาการในศาลปกครองสูงสุด ว่าด้วยวิธีพิจารณาคดีปกครอง พ.ศ. ๒๕๔๓)"
การยื่นคำอุทธรณ์คำพิพากษาศาลปกครองชั้นต้นต้องดำเนินการอย่างไร,ผู้อุทธรณ์ต้องยื่นคำอุทธรณ์ต่อศาลปกครองชั้นต้นที่มีคำพิพากษา โดยยื่นต่อพนักงานเจ้าหน้าที่ของศาลปกครองชั้นต้นนั้น หรือส่งคำอุทธรณ์ทางไปรษณีย์ลงทะเบียนไปยังศาลปกครองชั้นต้นดังกล่าวก็ได้ (ข้อ ๑๐๒ แห่งระเบียบของที่ประชุมใหญ่ตุลาการในศาลปกครองสูงสุด ว่าด้วยวิธีพิจารณาคดีปกครอง พ.ศ. ๒๕๔๓),"คำถาม: การยื่นคำอุทธรณ์คำพิพากษาศาลปกครองชั้นต้นต้องดำเนินการอย่างไร
คำตอบ: ผู้อุทธรณ์ต้องยื่นคำอุทธรณ์ต่อศาลปกครองชั้นต้นที่มีคำพิพากษา โดยยื่นต่อพนักงานเจ้าหน้าที่ของศาลปกครองชั้นต้นนั้น หรือส่งคำอุทธรณ์ทางไปรษณีย์ลงทะเบียนไปยังศาลปกครองชั้นต้นดังกล่าวก็ได้ (ข้อ ๑๐๒ แห่งระเบียบของที่ประชุมใหญ่ตุลาการในศาลปกครองสูงสุด ว่าด้วยวิธีพิจารณาคดีปกครอง พ.ศ. ๒๕๔๓)"
มีคำสั่งไม่รับคำฟ้องไว้พิจารณาคำพิพากษาของศาลปกครองชั้นต้นอย่างไร,การคัดค้านคำพิพากษาหรือคำสั่งของศาลปกครองชั้นต้น ให้ยื่นอุทธรณ์ต่อศาลปกครองชั้นต้นที่มีคำพิพากษาหรือคำสั่งภายสามสิบวันนับแต่วันที่ได้มีคำพิพากษาหรือคำสั่งนั้น และถ้ามิได้อุทธรณ์ตามกำหนดเวลาดังกล่าว ให้ถือว่าคดีถึงที่สุด (มาตรา ๗๓ แห่งพระราชบัญญัติจัดตั้งศาลปกครองและวิธีพิจารณาคดีปกครอง พ.ศ. ๒๕๔๒),"คำถาม: มีคำสั่งไม่รับคำฟ้องไว้พิจารณาคำพิพากษาของศาลปกครองชั้นต้นอย่างไร
คำตอบ: การคัดค้านคำพิพากษาหรือคำสั่งของศาลปกครองชั้นต้น ให้ยื่นอุทธรณ์ต่อศาลปกครองชั้นต้นที่มีคำพิพากษาหรือคำสั่งภายสามสิบวันนับแต่วันที่ได้มีคำพิพากษาหรือคำสั่งนั้น และถ้ามิได้อุทธรณ์ตามกำหนดเวลาดังกล่าว ให้ถือว่าคดีถึงที่สุด (มาตรา ๗๓ แห่งพระราชบัญญัติจัดตั้งศาลปกครองและวิธีพิจารณาคดีปกครอง พ.ศ. ๒๕๔๒)"
การอุทธรณ์คำสั่งศาลปกครองชั้นต้นต้องดำเนินการอย่างไร,ผู้อุทธรณ์ต้องยื่นคำร้องอุทธรณ์คำสั่งต่อศาลปกครองชั้นต้นที่มีคำสั่ง โดยยื่นต่อพนักงาน เจ้าหน้าที่ของศาลปกครองชั้นต้นนั้น หรือส่งคำอุทธรณ์ทางไปรษณีย์ลงทะเบียนไปยังศาลปกครองชั้นต้นดังกล่าวก็ได้,"คำถาม: การอุทธรณ์คำสั่งศาลปกครองชั้นต้นต้องดำเนินการอย่างไร
คำตอบ: ผู้อุทธรณ์ต้องยื่นคำร้องอุทธรณ์คำสั่งต่อศาลปกครองชั้นต้นที่มีคำสั่ง โดยยื่นต่อพนักงาน เจ้าหน้าที่ของศาลปกครองชั้นต้นนั้น หรือส่งคำอุทธรณ์ทางไปรษณีย์ลงทะเบียนไปยังศาลปกครองชั้นต้นดังกล่าวก็ได้"
อัตราค่าธรรมเนียมศาลที่ผู้ฟ้องคดีปกครองต้องชำระ มีอัตราเท่าไร,กรณีที่ต้องชำระค่าธรรมเนียมศาลนั้น มาตรา ๔๕ วรรค ๔ แห่งพระราชบัญญัติจัดตั้งศาลปกครองและวิธีพิจารณาคดีปกครอง พ.ศ. ๒๕๕๒ กำหนดให้เสียค่าธรรมเนียมศาลในอัตราตามที่ระบุไว้ในตาราง ๑ ท้ายประมวลกฎหมายวิธีพิจารณาความแพ่ง สำหรับคดีที่มีคำขอให้ปลดเปลื้องทุกข์อันอาจคำนวณเป็นราคาเงินได้ ดังนี้      - ทุนทรัพย์ไม่เกิน ๕๐ ล้านบาท ต้องชำระค่าธรรมเนียมศาลในอัตรา ร้อยละ ๒ แต่ไม่เกินสองแสนบาท      - ทุนทรัพย์เกิน ๕๐ ล้านบาทขึ้นไป ต้องชำระค่าธรรมเนียมศาลในอัตราร้อยละ ๐.๑,"คำถาม: อัตราค่าธรรมเนียมศาลที่ผู้ฟ้องคดีปกครองต้องชำระ มีอัตราเท่าไร
คำตอบ: กรณีที่ต้องชำระค่าธรรมเนียมศาลนั้น มาตรา ๔๕ วรรค ๔ แห่งพระราชบัญญัติจัดตั้งศาลปกครองและวิธีพิจารณาคดีปกครอง พ.ศ. ๒๕๕๒ กำหนดให้เสียค่าธรรมเนียมศาลในอัตราตามที่ระบุไว้ในตาราง ๑ ท้ายประมวลกฎหมายวิธีพิจารณาความแพ่ง สำหรับคดีที่มีคำขอให้ปลดเปลื้องทุกข์อันอาจคำนวณเป็นราคาเงินได้ ดังนี้      - ทุนทรัพย์ไม่เกิน ๕๐ ล้านบาท ต้องชำระค่าธรรมเนียมศาลในอัตรา ร้อยละ ๒ แต่ไม่เกินสองแสนบาท      - ทุนทรัพย์เกิน ๕๐ ล้านบาทขึ้นไป ต้องชำระค่าธรรมเนียมศาลในอัตราร้อยละ ๐.๑"
กรณียื่นคำฟ้องต่อศาลปกครองสูงสุด ผู้มีหน้าที่ชำระค่าธรรมเนียมศาล (คดีฟ้องตรง) สามารถชำระได้กี่วิธี,"ผู้ฟ้องคดีสามารถชำระเป็น ๑. เงินสด ๒. เช็คที่ธนาคารสั่งจ่าย ได้แก่ ๒.๑ ตั๋วแลกเงิน ธนาคาร ๒.๒ ดราฟต์ ๒.๓ แคชเชียร์เช็ค (ใช้เฉพาะธนาคารในเขตกรุงเทพฯและปริมณฑล เนื่องจากแคชเชียร์เช็คของธนาคารในเขตต่างจังหวัด เมื่อนำมาเข้าบัญชีที่กรุงเทพฯ จะมีค่าธรรมเนียมในการเรียกเก็บเงินตามเช็ค ทำให้จำนวนเงินที่ศาลรับชำระไม่ตรงตามเช็ค จึงส่งผลให้ผู้ฟ้องคดีชำระค่าธรรมเนียมศาลไม่ครบถ้วน) ทั้งนี้ ให้ธนาคารสั่งจ่ายเงินชื่อบัญชี ""เงินค่าธรรมเนียมและเงินค่าปรับของสำนักงานศาลปกครองสูงสุด"" และ ๓. บัตรเครดิต บัตรเดบิต หรือบัตรอื่นในลักษณะเดียวกัน  (ข้อ ๓๔ วรรคหนึ่ง แห่งระเบียบของที่ประชุมใหญ่ตุลาการในศาลปกครองสูงสุด ว่าด้วยวิธีพิจารณาคดีปกครอง พ.ศ. ๒๕๔๓)","คำถาม: กรณียื่นคำฟ้องต่อศาลปกครองสูงสุด ผู้มีหน้าที่ชำระค่าธรรมเนียมศาล (คดีฟ้องตรง) สามารถชำระได้กี่วิธี
คำตอบ: ผู้ฟ้องคดีสามารถชำระเป็น ๑. เงินสด ๒. เช็คที่ธนาคารสั่งจ่าย ได้แก่ ๒.๑ ตั๋วแลกเงิน ธนาคาร ๒.๒ ดราฟต์ ๒.๓ แคชเชียร์เช็ค (ใช้เฉพาะธนาคารในเขตกรุงเทพฯและปริมณฑล เนื่องจากแคชเชียร์เช็คของธนาคารในเขตต่างจังหวัด เมื่อนำมาเข้าบัญชีที่กรุงเทพฯ จะมีค่าธรรมเนียมในการเรียกเก็บเงินตามเช็ค ทำให้จำนวนเงินที่ศาลรับชำระไม่ตรงตามเช็ค จึงส่งผลให้ผู้ฟ้องคดีชำระค่าธรรมเนียมศาลไม่ครบถ้วน) ทั้งนี้ ให้ธนาคารสั่งจ่ายเงินชื่อบัญชี ""เงินค่าธรรมเนียมและเงินค่าปรับของสำนักงานศาลปกครองสูงสุด"" และ ๓. บัตรเครดิต บัตรเดบิต หรือบัตรอื่นในลักษณะเดียวกัน  (ข้อ ๓๔ วรรคหนึ่ง แห่งระเบียบของที่ประชุมใหญ่ตุลาการในศาลปกครองสูงสุด ว่าด้วยวิธีพิจารณาคดีปกครอง พ.ศ. ๒๕๔๓)"
กรณีที่มีการอุทธรณ์คำพิพากษาต้องเสียค่าธรรมเนียมศาลในชั้นอุทธรณ์อย่างไร,ในการอุทธรณ์คำพิพากษาคดีที่มีทุนทรัพย์ ผู้อุทธรณ์ฝ่ายที่ไม่พอใจในผลคำพิพากษา จะต้องจ่ายค่าธรรมเนียมศาลในชั้นอุทธรณ์นั้น ถ้าคดีมีทุนทรัพย์ในชั้นอุทธรณ์เป็นอย่างเดียวกับในศาลปกครองชั้นต้น ผู้อุทธรณ์ต้องเสียทุนทรัพย์เช่นเดียวกับในศาลปกครองชั้นต้น แต่ถ้าผู้อุทธรณ์ได้รับความพอใจบางส่วนแล้ว และทุนทรัพย์ในชั้นอุทธรณ์ต่ำกว่าในศาลปกครองชั้นต้น ให้ผู้อุทธรณ์เสียค่าธรรมเนียมศาลในชั้นอุทธรณ์ตามทุนทรัพย์ที่ต่ำนั้น (ข้อ ๑๐๓ แห่งระเบียบของที่ประชุมใหญ่ตุลาการในศาลปกครองสูงสุด ว่าด้วยวิธีพิจารณาคดีปกครอง พ.ศ. ๒๕๔๓),"คำถาม: กรณีที่มีการอุทธรณ์คำพิพากษาต้องเสียค่าธรรมเนียมศาลในชั้นอุทธรณ์อย่างไร
คำตอบ: ในการอุทธรณ์คำพิพากษาคดีที่มีทุนทรัพย์ ผู้อุทธรณ์ฝ่ายที่ไม่พอใจในผลคำพิพากษา จะต้องจ่ายค่าธรรมเนียมศาลในชั้นอุทธรณ์นั้น ถ้าคดีมีทุนทรัพย์ในชั้นอุทธรณ์เป็นอย่างเดียวกับในศาลปกครองชั้นต้น ผู้อุทธรณ์ต้องเสียทุนทรัพย์เช่นเดียวกับในศาลปกครองชั้นต้น แต่ถ้าผู้อุทธรณ์ได้รับความพอใจบางส่วนแล้ว และทุนทรัพย์ในชั้นอุทธรณ์ต่ำกว่าในศาลปกครองชั้นต้น ให้ผู้อุทธรณ์เสียค่าธรรมเนียมศาลในชั้นอุทธรณ์ตามทุนทรัพย์ที่ต่ำนั้น (ข้อ ๑๐๓ แห่งระเบียบของที่ประชุมใหญ่ตุลาการในศาลปกครองสูงสุด ว่าด้วยวิธีพิจารณาคดีปกครอง พ.ศ. ๒๕๔๓)"
กรณีที่ผู้ฟ้องคดีหลายคนฟ้องคดีรวมกันโดยมีคำขอค่าเสียหายในส่วนของแต่ละคนไม่เท่ากัน  คิดค่าธรรมเนียมศาลอย่างไร,กรณีที่ผู้ฟ้องคดีหลายคนฟ้องรวมกันมาเป็นคดีเดียวกันโดยมีค่าเสียหายแต่ละคนไม่เท่ากัน การคิดคำนวณทุนทรัพย์ ต้องคิดแยกกันตามความเสียหายตามความประสงค์ของแต่ละคนที่ได้ยื่นคำขอมาท้ายคำฟ้อง ทั้งนี้ ตามข้อ ๓๔ วรรคสอง แห่งระเบียบของที่ประชุมใหญ่ตุลาการในศาลปกครองสูงสุดว่าด้วยวิธีพิจารณาคดีปกครอง พ.ศ. ๒๕๔๓ ที่กำหนดไว้ว่า ในกรณีที่ผู้ฟ้องคดีหลายคนร่วมกันยื่นคำฟ้องเป็นฉบับเดียวกัน หากเป็นกรณีที่อาจแบ่งแยกได้ว่า ทุนทรัพย์ของผู้ฟ้องคดีแต่ละคนเป็นจำนวนเท่าใด ให้ผู้ฟ้องคดีแต่ละคนชำระค่าธรรมเนียมศาลตามส่วนของตน,"คำถาม: กรณีที่ผู้ฟ้องคดีหลายคนฟ้องคดีรวมกันโดยมีคำขอค่าเสียหายในส่วนของแต่ละคนไม่เท่ากัน  คิดค่าธรรมเนียมศาลอย่างไร
คำตอบ: กรณีที่ผู้ฟ้องคดีหลายคนฟ้องรวมกันมาเป็นคดีเดียวกันโดยมีค่าเสียหายแต่ละคนไม่เท่ากัน การคิดคำนวณทุนทรัพย์ ต้องคิดแยกกันตามความเสียหายตามความประสงค์ของแต่ละคนที่ได้ยื่นคำขอมาท้ายคำฟ้อง ทั้งนี้ ตามข้อ ๓๔ วรรคสอง แห่งระเบียบของที่ประชุมใหญ่ตุลาการในศาลปกครองสูงสุดว่าด้วยวิธีพิจารณาคดีปกครอง พ.ศ. ๒๕๔๓ ที่กำหนดไว้ว่า ในกรณีที่ผู้ฟ้องคดีหลายคนร่วมกันยื่นคำฟ้องเป็นฉบับเดียวกัน หากเป็นกรณีที่อาจแบ่งแยกได้ว่า ทุนทรัพย์ของผู้ฟ้องคดีแต่ละคนเป็นจำนวนเท่าใด ให้ผู้ฟ้องคดีแต่ละคนชำระค่าธรรมเนียมศาลตามส่วนของตน"
ถ้าผู้ฟ้องคดีต้องการขอดำเนินคดีโดยยกเว้นค่าธรรมเนียมศาลต้องยื่นเมื่อใด,คู่กรณีฝ่ายใดที่มีความจำนงจะดำเนินคดีโดยได้รับยกเว้นค่าธรรมเนียมศาลให้ยื่นคำขอให้ยกเว้นค่าธรรมเนียมศาลโดยทำเป็นคำร้องต่อศาลปกครองชั้นต้นพร้อมกับคำฟ้องหรือคำอุทธรณ์ และถ้าคู่กรณีมิได้ยื่นคำขอพร้อมกับคำฟ้องหรือคำอุทธรณ์ ก็อาจยื่นคำขอให้ยกเว้นค่าธรรมเนียมศาลต่อศาลปกครองชั้นต้นในภายหลังได้ (ข้อ ๔๑/๒ แห่งระเบียบของที่ประชุมใหญ่ตุลาการในศาลปกครองสูงสุด ว่าด้วยวิธีพิจารณาคดีปกครอง พ.ศ. ๒๕๔๓),"คำถาม: ถ้าผู้ฟ้องคดีต้องการขอดำเนินคดีโดยยกเว้นค่าธรรมเนียมศาลต้องยื่นเมื่อใด
คำตอบ: คู่กรณีฝ่ายใดที่มีความจำนงจะดำเนินคดีโดยได้รับยกเว้นค่าธรรมเนียมศาลให้ยื่นคำขอให้ยกเว้นค่าธรรมเนียมศาลโดยทำเป็นคำร้องต่อศาลปกครองชั้นต้นพร้อมกับคำฟ้องหรือคำอุทธรณ์ และถ้าคู่กรณีมิได้ยื่นคำขอพร้อมกับคำฟ้องหรือคำอุทธรณ์ ก็อาจยื่นคำขอให้ยกเว้นค่าธรรมเนียมศาลต่อศาลปกครองชั้นต้นในภายหลังได้ (ข้อ ๔๑/๒ แห่งระเบียบของที่ประชุมใหญ่ตุลาการในศาลปกครองสูงสุด ว่าด้วยวิธีพิจารณาคดีปกครอง พ.ศ. ๒๕๔๓)"
กรณีที่ศาลมีคำสั่งให้ยกเว้นค่าธรรมเนียมศาลเฉพาะบางส่วนหรือมีคำสั่งให้ยกคำขอ หากผู้ยื่นคำขอไม่เห็นด้วย จะต้องดำเนินการอย่างไร,๑) ยื่นคำร้องขอให้พิจารณาคำขอนั้นใหม่  ๒) ยื่นอุทธรณ์คำสั่งนั้นต่อศาลปกครองสูงสุด   ทั้งนี้ เมื่อคู่กรณีใช้สิทธิตาม ๑) หรือ ๒) อย่างใดอย่างหนึ่งแล้ว จะใช้สิทธิอีกประการหนึ่งมิได้ (ข้อ ๔๑/๔ แห่งระเบียบของที่ประชุมใหญ่ตุลาการในศาลปกครองสูงสุด ว่าด้วยวิธีพิจารณาคดีปกครอง พ.ศ. ๒๕๔๓),"คำถาม: กรณีที่ศาลมีคำสั่งให้ยกเว้นค่าธรรมเนียมศาลเฉพาะบางส่วนหรือมีคำสั่งให้ยกคำขอ หากผู้ยื่นคำขอไม่เห็นด้วย จะต้องดำเนินการอย่างไร
คำตอบ: ๑) ยื่นคำร้องขอให้พิจารณาคำขอนั้นใหม่  ๒) ยื่นอุทธรณ์คำสั่งนั้นต่อศาลปกครองสูงสุด   ทั้งนี้ เมื่อคู่กรณีใช้สิทธิตาม ๑) หรือ ๒) อย่างใดอย่างหนึ่งแล้ว จะใช้สิทธิอีกประการหนึ่งมิได้ (ข้อ ๔๑/๔ แห่งระเบียบของที่ประชุมใหญ่ตุลาการในศาลปกครองสูงสุด ว่าด้วยวิธีพิจารณาคดีปกครอง พ.ศ. ๒๕๔๓)"
การยื่นอุทธรณ์คำสั่งศาลปกครองชั้นต้นที่มีคำสั่งให้ยกเว้นค่าธรรมเนียมศาลเฉพาะบางส่วนหรือคำสั่งให้ยกคำขอ ผู้ยื่นคำขอยกเว้นค่าธรรมเนียมศาลต้องอุทธรณ์ภายในระยะเวลาเท่าใด,ผู้ยื่นคำขอยกเว้นค่าธรรมเนียมศาลมีสิทธิยื่นคำร้องอุทธรณ์คำสั่งดังกล่าวต่อศาลปกครองสูงสุด ภายในกำหนดระยะเวลาสิบห้าวันนับแต่วันที่ได้รับแจ้งคำสั่ง (ข้อ ๔๑/๔ วรรคหนึ่ง แห่งระเบียบของที่ประชุมใหญ่ตุลาการในศาลปกครองสูงสุด ว่าด้วยวิธีพิจารณาคดีปกครอง พ.ศ. ๒๕๔๓),"คำถาม: การยื่นอุทธรณ์คำสั่งศาลปกครองชั้นต้นที่มีคำสั่งให้ยกเว้นค่าธรรมเนียมศาลเฉพาะบางส่วนหรือคำสั่งให้ยกคำขอ ผู้ยื่นคำขอยกเว้นค่าธรรมเนียมศาลต้องอุทธรณ์ภายในระยะเวลาเท่าใด
คำตอบ: ผู้ยื่นคำขอยกเว้นค่าธรรมเนียมศาลมีสิทธิยื่นคำร้องอุทธรณ์คำสั่งดังกล่าวต่อศาลปกครองสูงสุด ภายในกำหนดระยะเวลาสิบห้าวันนับแต่วันที่ได้รับแจ้งคำสั่ง (ข้อ ๔๑/๔ วรรคหนึ่ง แห่งระเบียบของที่ประชุมใหญ่ตุลาการในศาลปกครองสูงสุด ว่าด้วยวิธีพิจารณาคดีปกครอง พ.ศ. ๒๕๔๓)"
การร้องสอดในคดีปกครองคืออะไร,การร้องสอด คือ การที่บุคคลภายนอกซึ่งมิได้เป็นคู่กรณีในศาลปกครองมาแต่แรก ได้เข้ามาเป็นคู่กรณีภายหลังจากที่มีคดีอยู่ในระหว่างการพิจารณาของศาลปกครองแล้ว ทั้งนี้ มาตรา ๔๔ แห่งพระราชบัญญัติจัดตั้งศาลปกครองและวิธีพิจารณาคดีปกครอง พ.ศ. ๒๕๔๒ ได้กำหนดหลักเกณฑ์และวิธีการดำเนินการร้องสอดในศาลปกครองไว้ในข้อ ๗๘ แห่งระเบียบของที่ประชุมใหญ่ตุลาการในศาลปกครองสูงสุด ว่าด้วยวิธีพิจารณาคดีปกครอง พ.ศ. ๒๕๔๓ ซึ่งได้กำหนดให้นำความในมาตรา ๕๗ และมาตรา ๕๘ แห่งประมวลกฎหมายวิธีพิจารณาความแพ่งมาบังคับใช้โดยอนุโลม,"คำถาม: การร้องสอดในคดีปกครองคืออะไร
คำตอบ: การร้องสอด คือ การที่บุคคลภายนอกซึ่งมิได้เป็นคู่กรณีในศาลปกครองมาแต่แรก ได้เข้ามาเป็นคู่กรณีภายหลังจากที่มีคดีอยู่ในระหว่างการพิจารณาของศาลปกครองแล้ว ทั้งนี้ มาตรา ๔๔ แห่งพระราชบัญญัติจัดตั้งศาลปกครองและวิธีพิจารณาคดีปกครอง พ.ศ. ๒๕๔๒ ได้กำหนดหลักเกณฑ์และวิธีการดำเนินการร้องสอดในศาลปกครองไว้ในข้อ ๗๘ แห่งระเบียบของที่ประชุมใหญ่ตุลาการในศาลปกครองสูงสุด ว่าด้วยวิธีพิจารณาคดีปกครอง พ.ศ. ๒๕๔๓ ซึ่งได้กำหนดให้นำความในมาตรา ๕๗ และมาตรา ๕๘ แห่งประมวลกฎหมายวิธีพิจารณาความแพ่งมาบังคับใช้โดยอนุโลม"
การร้องสอดมีกี่กรณี อะไรบ้าง,การร้องสอดมี ๒ กรณี ได้แก่ การร้องสอดด้วยความสมัครใจและการร้องสอดโดยศาลมีหมายเรียกให้เข้ามาคดี,"คำถาม: การร้องสอดมีกี่กรณี อะไรบ้าง
คำตอบ: การร้องสอดมี ๒ กรณี ได้แก่ การร้องสอดด้วยความสมัครใจและการร้องสอดโดยศาลมีหมายเรียกให้เข้ามาคดี"
บุคคลทั่วไป  ข้าราชการ พนักงาน ลูกจ้างของหน่วยงานของรัฐ เป็นผู้รับมอบอำนาจให้ดำเนินคดีปกครองแทนคู่กรณีได้หรือไม่,คู่กรณีในคดีปกครองซึ่งเป็นบุคคลธรรมดา หรือนิติบุคคลอาจมอบอำนาจให้ทนายความหรือบุคคลอื่นซึ่งบรรลุนิติภาวะแล้วและมีความสามารถที่อาจดำเนินการแทนผู้มอบอำนาจได้สำหรับคู่กรณีซึ่งเป็นหน่วยงานทางปกครองหรือเจ้าหน้าที่ของรัฐ อาจมอบอำนาจให้ข้าราชการ พนักงานหรือลูกจ้าง แล้วแต่กรณี ของหน่วยงานทางปกครองนั้น หรือหน่วยงานทางปกครองที่เจ้าหน้าที่ของรัฐนั้นสังกัดอยู่ หรือพนักงานอัยการฟ้องคดีหรือดำเนินคดีปกครองแทนได้ (ข้อ ๒๐ แห่งระเบียบของที่ประชุมใหญ่ตุลาการในศาลปกครองสูงสุด ว่าด้วยองค์คณะฯ พ.ศ. ๒๕๔๔),"คำถาม: บุคคลทั่วไป  ข้าราชการ พนักงาน ลูกจ้างของหน่วยงานของรัฐ เป็นผู้รับมอบอำนาจให้ดำเนินคดีปกครองแทนคู่กรณีได้หรือไม่
คำตอบ: คู่กรณีในคดีปกครองซึ่งเป็นบุคคลธรรมดา หรือนิติบุคคลอาจมอบอำนาจให้ทนายความหรือบุคคลอื่นซึ่งบรรลุนิติภาวะแล้วและมีความสามารถที่อาจดำเนินการแทนผู้มอบอำนาจได้สำหรับคู่กรณีซึ่งเป็นหน่วยงานทางปกครองหรือเจ้าหน้าที่ของรัฐ อาจมอบอำนาจให้ข้าราชการ พนักงานหรือลูกจ้าง แล้วแต่กรณี ของหน่วยงานทางปกครองนั้น หรือหน่วยงานทางปกครองที่เจ้าหน้าที่ของรัฐนั้นสังกัดอยู่ หรือพนักงานอัยการฟ้องคดีหรือดำเนินคดีปกครองแทนได้ (ข้อ ๒๐ แห่งระเบียบของที่ประชุมใหญ่ตุลาการในศาลปกครองสูงสุด ว่าด้วยองค์คณะฯ พ.ศ. ๒๕๔๔)"
หนังสือมอบอำนาจให้บุคคลคนเดียวหรือหลายคนกระทำการครั้งเดียว ต้องปิดอากรแสตมป์ อย่างไร,การมอบอำนาจให้บุคคลคนเดียวหรือหลายคนกระทำการครั้งเดียว ต้องปิดอากรแสตมป์ ๑๐ บาท ผู้ที่ต้องเสียอากร คือ ผู้มอบอำนาจ ผู้ที่ต้องขีดฆ่าอากร คือ ผู้รับมอบอำนาจ  (มาตรา ๑๐๔ แห่งประมวลรัษฎากร),"คำถาม: หนังสือมอบอำนาจให้บุคคลคนเดียวหรือหลายคนกระทำการครั้งเดียว ต้องปิดอากรแสตมป์ อย่างไร
คำตอบ: การมอบอำนาจให้บุคคลคนเดียวหรือหลายคนกระทำการครั้งเดียว ต้องปิดอากรแสตมป์ ๑๐ บาท ผู้ที่ต้องเสียอากร คือ ผู้มอบอำนาจ ผู้ที่ต้องขีดฆ่าอากร คือ ผู้รับมอบอำนาจ  (มาตรา ๑๐๔ แห่งประมวลรัษฎากร)"
หนังสือมอบอำนาจให้บุคคลคนเดียวหรือหลายคนร่วมกระทำการมากกว่าครั้งเดียว ต้องปิดอากรแสตมป์จำนวนเท่าไร,การมอบอำนาจให้บุคคลคนเดียวหรือหลายคนร่วมกระทำการมากกว่าครั้งเดียว ต้องปิด อากรแสตมป์ ๓๐ บาท ผู้ที่ต้องเสียอากร คือ ผู้มอบอำนาจ ผู้ที่ต้องขีดฆ่าอากร คือ ผู้รับมอบอำนาจ (มาตรา ๑๐๔ แห่งประมวลรัษฎากร),"คำถาม: หนังสือมอบอำนาจให้บุคคลคนเดียวหรือหลายคนร่วมกระทำการมากกว่าครั้งเดียว ต้องปิดอากรแสตมป์จำนวนเท่าไร
คำตอบ: การมอบอำนาจให้บุคคลคนเดียวหรือหลายคนร่วมกระทำการมากกว่าครั้งเดียว ต้องปิด อากรแสตมป์ ๓๐ บาท ผู้ที่ต้องเสียอากร คือ ผู้มอบอำนาจ ผู้ที่ต้องขีดฆ่าอากร คือ ผู้รับมอบอำนาจ (มาตรา ๑๐๔ แห่งประมวลรัษฎากร)"
กรณีผู้มอบอำนาจมีหลายคนแต่มิได้เป็นผู้มีอำนาจร่วมกันแล้วมอบอำนาจในตราสารฉบับเดียวกัน ต้องปิดอากรแสตมป์จำนวนเท่าไร,การมอบอำนาจที่มีผู้มอบอำนาจหลายคน การปิดอากรต้องปิดอากรแสตมป์ตามรายตัว บุคคลผู้มอบคนหนึ่งเป็นเรื่องหนึ่ง (มาตรา ๑๐๘ แห่งประมวลรัษฎากร),"คำถาม: กรณีผู้มอบอำนาจมีหลายคนแต่มิได้เป็นผู้มีอำนาจร่วมกันแล้วมอบอำนาจในตราสารฉบับเดียวกัน ต้องปิดอากรแสตมป์จำนวนเท่าไร
คำตอบ: การมอบอำนาจที่มีผู้มอบอำนาจหลายคน การปิดอากรต้องปิดอากรแสตมป์ตามรายตัว บุคคลผู้มอบคนหนึ่งเป็นเรื่องหนึ่ง (มาตรา ๑๐๘ แห่งประมวลรัษฎากร)"
การมอบอำนาจของบุคคลผู้กระทำการในนามของรัฐ หรือหน่วยงานทางปกครองแล้วแต่กรณี ต้องปิดอากรแสตมป์หรือไม่,ถ้าฝ่ายที่ต้องเสียอากรเป็นรัฐบาล เจ้าพนักงานผู้กระทำงานของรัฐโดยหน้าที่ บุคคลผู้กระทำการในนามของรัฐบาล องค์การบริหารส่วนท้องถิ่น สภากาชาดไทย วัดวาอาราม และองค์การศาสนาใด ๆ ในราชอาณาจักรซึ่งเป็นนิติบุคคล อากรเป็นอันไม่ต้องเสีย แต่ข้อยกเว้นนี้มิให้ใช้แก่องค์การของรัฐบาลที่ใช้ทุนหรือทุนหมุนเวียนเพื่อประกบการพาณิชย์ หรือการพาณิชย์ซึ่งองค์การบริหารราชการส่วนท้องถิ่นเป็นผู้จัดทำ (มาตรา ๑๒๑ แห่งประมวลรัษฎากร),"คำถาม: การมอบอำนาจของบุคคลผู้กระทำการในนามของรัฐ หรือหน่วยงานทางปกครองแล้วแต่กรณี ต้องปิดอากรแสตมป์หรือไม่
คำตอบ: ถ้าฝ่ายที่ต้องเสียอากรเป็นรัฐบาล เจ้าพนักงานผู้กระทำงานของรัฐโดยหน้าที่ บุคคลผู้กระทำการในนามของรัฐบาล องค์การบริหารส่วนท้องถิ่น สภากาชาดไทย วัดวาอาราม และองค์การศาสนาใด ๆ ในราชอาณาจักรซึ่งเป็นนิติบุคคล อากรเป็นอันไม่ต้องเสีย แต่ข้อยกเว้นนี้มิให้ใช้แก่องค์การของรัฐบาลที่ใช้ทุนหรือทุนหมุนเวียนเพื่อประกบการพาณิชย์ หรือการพาณิชย์ซึ่งองค์การบริหารราชการส่วนท้องถิ่นเป็นผู้จัดทำ (มาตรา ๑๒๑ แห่งประมวลรัษฎากร)"
การมอบฉันทะให้ยื่นเอกสารหรือพยานหลักฐานต่อศาลต้องมีพยานลงลายมือชื่อรับรองกี่คน,การมอบฉันทะให้ผู้อื่นยื่นเอกสารหรือพยานหลักฐานต่อศาล ให้ทำเป็นหนังสือลงลายมือชื่อผู้มอบ ผู้รับมอบ และพยาน โดยต้องมีพยานลงลายมือชื่อรับรองเอกสารอย่างน้อยหนึ่งคน จึงจะถือว่าชอบด้วยกฎหมาย (ข้อ ๑๓ แห่งระเบียบของที่ประชุมใหญ่ตุลาการในศาลปกครองสูงสุด ว่าด้วยวิธีพิจารณาคดีปกครอง พ.ศ. ๒๕๔๓),"คำถาม: การมอบฉันทะให้ยื่นเอกสารหรือพยานหลักฐานต่อศาลต้องมีพยานลงลายมือชื่อรับรองกี่คน
คำตอบ: การมอบฉันทะให้ผู้อื่นยื่นเอกสารหรือพยานหลักฐานต่อศาล ให้ทำเป็นหนังสือลงลายมือชื่อผู้มอบ ผู้รับมอบ และพยาน โดยต้องมีพยานลงลายมือชื่อรับรองเอกสารอย่างน้อยหนึ่งคน จึงจะถือว่าชอบด้วยกฎหมาย (ข้อ ๑๓ แห่งระเบียบของที่ประชุมใหญ่ตุลาการในศาลปกครองสูงสุด ว่าด้วยวิธีพิจารณาคดีปกครอง พ.ศ. ๒๕๔๓)"
วิธีการยกเลิกการมอบอำนาจหรือถอนผู้รับมอบอำนาจในคดีปกครอง,การมอบอำนาจที่สมบูรณ์นั้นจะดำรงอยู่จนกว่าจะสิ้นสุดลงตามเงื่อนไขหรือระยะเวลาที่กำหนดหรือเมื่อมีการยกเลิกการมอบอำนาจดังกล่าว และการยกเลิกการมอบอำนาจจะต้องกระทำตามแบบที่กฎหมายกำหนดไว้เช่นเดียวกับการการมอบอำนาจด้วย ดังนั้น กรณีที่คู่กรณีฝ่ายใดประสงค์จะยกเลิกการมอบอำนาจหรือขอถอนผู้รับมอบอำนาจคนใด สามารถทำได้โดยจัดทำเป็นคำร้องขอถอนผู้รับมอบอำนาจต่อศาลปกครองที่พิจารณาคดีนั้น ทั้งนี้ คำร้องให้ทำเป็นหนังสือระบุรายละเอียดให้ครบถ้วน พร้อมทั้งแสดงเหตุผลและวัตถุประสงค์ในการขอถอนผู้รับมอบอำนาจให้ชัดแจ้ง โดยใช้ถ้อยคำสุภาพ พร้อมลงลายมือชื่อผู้ยื่นคำร้อง โดยสามารถยื่นด้วยตนเองหรือทางไปรษณีย์ลงทะเบียนก็ได้,"คำถาม: วิธีการยกเลิกการมอบอำนาจหรือถอนผู้รับมอบอำนาจในคดีปกครอง
คำตอบ: การมอบอำนาจที่สมบูรณ์นั้นจะดำรงอยู่จนกว่าจะสิ้นสุดลงตามเงื่อนไขหรือระยะเวลาที่กำหนดหรือเมื่อมีการยกเลิกการมอบอำนาจดังกล่าว และการยกเลิกการมอบอำนาจจะต้องกระทำตามแบบที่กฎหมายกำหนดไว้เช่นเดียวกับการการมอบอำนาจด้วย ดังนั้น กรณีที่คู่กรณีฝ่ายใดประสงค์จะยกเลิกการมอบอำนาจหรือขอถอนผู้รับมอบอำนาจคนใด สามารถทำได้โดยจัดทำเป็นคำร้องขอถอนผู้รับมอบอำนาจต่อศาลปกครองที่พิจารณาคดีนั้น ทั้งนี้ คำร้องให้ทำเป็นหนังสือระบุรายละเอียดให้ครบถ้วน พร้อมทั้งแสดงเหตุผลและวัตถุประสงค์ในการขอถอนผู้รับมอบอำนาจให้ชัดแจ้ง โดยใช้ถ้อยคำสุภาพ พร้อมลงลายมือชื่อผู้ยื่นคำร้อง โดยสามารถยื่นด้วยตนเองหรือทางไปรษณีย์ลงทะเบียนก็ได้"
บุคคลใดมีสิทธิยื่นคำร้องขอตรวจสำนวนคดีและขอคัดถ่ายเอกสารในสำนวนคดี,ในการตรวจดูเอกสารหลักฐานในสำนวนคดี ศาลปกครองจะอนุญาตให้เฉพาะคู่กรณีเท่านั้น ที่มีสิทธิขอตรวจดูพยานหลักฐานที่คู่กรณียื่นไว้ในสำนวนหรือที่ศาลได้มา และสามารถขอคัดสำเนาเอกสารได้ และศาลอาจส่งสำเนาให้คู่กรณี เว้นแต่มีกฎหมายคุ้มครองให้ไม่ต้องเปิดเผย หรือเป็นกรณีที่ศาลเห็นว่าจำเป็นต้องไม่เปิดเผยเพื่อมิให้เกิดความเสียหายแก่การดำเนินงานของรัฐ สำหรับบุคคลภายนอก จะต้องเป็นพยานหรือผู้มีส่วนได้เสีย และจะขอตรวจหรือคัดสำเนาได้เฉพาะในส่วนที่เกี่ยวข้องกับตนในคดีเท่านั้น (ข้อ ๑๗ และข้อ ๑๘ แห่งระเบียบของที่ประชุมใหญ่ตุลาการในศาลปกครองสูงสุด ว่าด้วยวิธีพิจารณาคดีปกครอง พ.ศ. ๒๕๔๓),"คำถาม: บุคคลใดมีสิทธิยื่นคำร้องขอตรวจสำนวนคดีและขอคัดถ่ายเอกสารในสำนวนคดี
คำตอบ: ในการตรวจดูเอกสารหลักฐานในสำนวนคดี ศาลปกครองจะอนุญาตให้เฉพาะคู่กรณีเท่านั้น ที่มีสิทธิขอตรวจดูพยานหลักฐานที่คู่กรณียื่นไว้ในสำนวนหรือที่ศาลได้มา และสามารถขอคัดสำเนาเอกสารได้ และศาลอาจส่งสำเนาให้คู่กรณี เว้นแต่มีกฎหมายคุ้มครองให้ไม่ต้องเปิดเผย หรือเป็นกรณีที่ศาลเห็นว่าจำเป็นต้องไม่เปิดเผยเพื่อมิให้เกิดความเสียหายแก่การดำเนินงานของรัฐ สำหรับบุคคลภายนอก จะต้องเป็นพยานหรือผู้มีส่วนได้เสีย และจะขอตรวจหรือคัดสำเนาได้เฉพาะในส่วนที่เกี่ยวข้องกับตนในคดีเท่านั้น (ข้อ ๑๗ และข้อ ๑๘ แห่งระเบียบของที่ประชุมใหญ่ตุลาการในศาลปกครองสูงสุด ว่าด้วยวิธีพิจารณาคดีปกครอง พ.ศ. ๒๕๔๓)"
การยื่นคำร้องขอตรวจสำนวน ผู้ยื่นต้องทำอย่างไร,ผู้ที่มีความประสงค์จะขอตรวจสำนวนคดีหรือขอคัดถ่ายเอกสารในสำนวนคดี จะต้องทำเป็น หนังสือลงลายมือชื่อ ระบุรายละเอียดหรือข้อเท็จจริง ประกอบการพิจารณา อย่างน้อยต้องได้ความว่าผู้ร้องมีฐานะใด และมีความประสงค์จะขอตรวจสำนวนคดีใด และหากประสงค์จะคัดถ่ายเอกสารในคดี จะต้องระบุชื่อเอกสาร และลำดับที่เอกสารในสำนวนคดีให้ชัดเจน เพื่อให้ศาลพิจารณาอนุญาต โดยยื่นคำร้องดังกล่าวต่อพนักงานเจ้าหน้าที่ของศาลในคดีนั้น (ข้อ ๒๐ แห่งระเบียบของที่ประชุมใหญ่ตุลาการในศาลปกครองสูงสุด ว่าด้วยวิธีพิจารณาคดีปกครอง พ.ศ. ๒๕๔๓),"คำถาม: การยื่นคำร้องขอตรวจสำนวน ผู้ยื่นต้องทำอย่างไร
คำตอบ: ผู้ที่มีความประสงค์จะขอตรวจสำนวนคดีหรือขอคัดถ่ายเอกสารในสำนวนคดี จะต้องทำเป็น หนังสือลงลายมือชื่อ ระบุรายละเอียดหรือข้อเท็จจริง ประกอบการพิจารณา อย่างน้อยต้องได้ความว่าผู้ร้องมีฐานะใด และมีความประสงค์จะขอตรวจสำนวนคดีใด และหากประสงค์จะคัดถ่ายเอกสารในคดี จะต้องระบุชื่อเอกสาร และลำดับที่เอกสารในสำนวนคดีให้ชัดเจน เพื่อให้ศาลพิจารณาอนุญาต โดยยื่นคำร้องดังกล่าวต่อพนักงานเจ้าหน้าที่ของศาลในคดีนั้น (ข้อ ๒๐ แห่งระเบียบของที่ประชุมใหญ่ตุลาการในศาลปกครองสูงสุด ว่าด้วยวิธีพิจารณาคดีปกครอง พ.ศ. ๒๕๔๓)"
เอกสารในสำนวนคดีประเภทใดที่ต้องห้ามไม่ให้คู่กรณีขอตรวจหรือคัดสำเนาเอกสาร,เอกสารที่พนักงานเจ้าหน้าที่ของศาล พนักงานคดีปกครอง ตุลาการเจ้าของสำนวน ตุลาการผู้แถลงคดี หรือ ศาลจัดทำขึ้นเพื่อใช้เป็นการภายใน ทั้งไม่อาจขอสำเนาเพื่อรับรองความถูกต้องของเอกสารได้ (ข้อ ๑๙ แห่งระเบียบของที่ประชุมใหญ่ตุลาการในศาลปกครองสูงสุด ว่าด้วยวิธีพิจารณาคดีปกครอง พ.ศ. ๒๕๔๓),"คำถาม: เอกสารในสำนวนคดีประเภทใดที่ต้องห้ามไม่ให้คู่กรณีขอตรวจหรือคัดสำเนาเอกสาร
คำตอบ: เอกสารที่พนักงานเจ้าหน้าที่ของศาล พนักงานคดีปกครอง ตุลาการเจ้าของสำนวน ตุลาการผู้แถลงคดี หรือ ศาลจัดทำขึ้นเพื่อใช้เป็นการภายใน ทั้งไม่อาจขอสำเนาเพื่อรับรองความถูกต้องของเอกสารได้ (ข้อ ๑๙ แห่งระเบียบของที่ประชุมใหญ่ตุลาการในศาลปกครองสูงสุด ว่าด้วยวิธีพิจารณาคดีปกครอง พ.ศ. ๒๕๔๓)"
การยื่นคำร้อง ขอเปลี่ยนชื่อ ที่อยู่ ต้องดำเนินการอย่างไร,กรณีผู้ฟ้องคดี ผู้แทนผู้ฟ้องคดี ผู้ถูกฟ้องคดี ผู้รับมอบอำนาจผู้ฟ้องคดีหรือผู้ถูกฟ้องคดี หรือคู่กรณีในคดีที่อยู่ระหว่างพิจารณาของศาล หากบุคคลดังกล่าวได้มีการเปลี่ยนแปลงชื่อ ชื่อสกุล หรือที่อยู่ ในการติดต่อกับศาล สามารถทำคำร้องยื่นต่อศาลนั้นเพื่อแจ้งการเปลี่ยนแปลงข้อมูลได้ โดยผู้ร้องอาจยื่นเป็นหนังสือหรือคำเป็นคำร้อง(ค.๒) ระบุว่า คำร้องขอเปลี่ยนชื่อ ชื่อสกุล หรือที่อยู่ และระบุเลขคดี คู่กรณีในคดี พร้อมทั้งระบุชื่อ สกุล หรือที่อยู่เดิม แล้วระบุความต้องการที่จะเปลี่ยนเป็น ชื่อ ชื่อสกุลหรือที่อยู่ใหม่ โดยจะต้องแนบสำเนาพยานหลักฐาน ในกรณีเปลี่ยนชื่อ หรือ ชื่อสกุล โดยผู้ร้องจะยื่นด้วยตนเองหรือยื่นทางไปรษณีย์ลงทะเบียนก็ได้,"คำถาม: การยื่นคำร้อง ขอเปลี่ยนชื่อ ที่อยู่ ต้องดำเนินการอย่างไร
คำตอบ: กรณีผู้ฟ้องคดี ผู้แทนผู้ฟ้องคดี ผู้ถูกฟ้องคดี ผู้รับมอบอำนาจผู้ฟ้องคดีหรือผู้ถูกฟ้องคดี หรือคู่กรณีในคดีที่อยู่ระหว่างพิจารณาของศาล หากบุคคลดังกล่าวได้มีการเปลี่ยนแปลงชื่อ ชื่อสกุล หรือที่อยู่ ในการติดต่อกับศาล สามารถทำคำร้องยื่นต่อศาลนั้นเพื่อแจ้งการเปลี่ยนแปลงข้อมูลได้ โดยผู้ร้องอาจยื่นเป็นหนังสือหรือคำเป็นคำร้อง(ค.๒) ระบุว่า คำร้องขอเปลี่ยนชื่อ ชื่อสกุล หรือที่อยู่ และระบุเลขคดี คู่กรณีในคดี พร้อมทั้งระบุชื่อ สกุล หรือที่อยู่เดิม แล้วระบุความต้องการที่จะเปลี่ยนเป็น ชื่อ ชื่อสกุลหรือที่อยู่ใหม่ โดยจะต้องแนบสำเนาพยานหลักฐาน ในกรณีเปลี่ยนชื่อ หรือ ชื่อสกุล โดยผู้ร้องจะยื่นด้วยตนเองหรือยื่นทางไปรษณีย์ลงทะเบียนก็ได้"
เมื่อคู่กรณีมีความประสงค์ที่จะขอให้ศาลเรียกพยานหลักฐานเพิ่มเติมเข้ามาในคดีต้องดำเนินการอย่างไร,การขอนั้นศาลเรียกพยานหลักฐานเพิ่มเติมเข้ามาในคดี คู่กรณีต้องจัดทำเป็นคำร้องยื่นต่อศาล โดยระบุรายละเอียดแห่งคดีที่เกี่ยวข้องให้ครบถ้วน พร้อมทั้งแสดงเหตุผลหรือวัตถุประสงค์ในการขอให้ศาลเรียกพยานเพิ่มเติมเข้าในคดีดังกล่าวให้ชัดแจ้ง โดยใช้ถ้อยคำสุภาพ และลงลายมือชื่อผู้ยื่นคำร้อง โดยสามารถยื่นด้วยตนเองหรือทางไปรษณีย์ลงทะเบียน ตามข้อ ๑๓ ของระเบียบทีประชุมใหญ่ตุลาการในศาลปกครองสูงสุด ว่าด้วยวิธีพิจารณาคดีปกครอง  พ.ศ. ๒๕๔๓ ส่วนการพิจารณาว่าจะเรียกพยานหลักฐานเพิ่มเติมเข้ามาในคดีตามคำร้องนั้น เป็นดุลพินิจของศาล,"คำถาม: เมื่อคู่กรณีมีความประสงค์ที่จะขอให้ศาลเรียกพยานหลักฐานเพิ่มเติมเข้ามาในคดีต้องดำเนินการอย่างไร
คำตอบ: การขอนั้นศาลเรียกพยานหลักฐานเพิ่มเติมเข้ามาในคดี คู่กรณีต้องจัดทำเป็นคำร้องยื่นต่อศาล โดยระบุรายละเอียดแห่งคดีที่เกี่ยวข้องให้ครบถ้วน พร้อมทั้งแสดงเหตุผลหรือวัตถุประสงค์ในการขอให้ศาลเรียกพยานเพิ่มเติมเข้าในคดีดังกล่าวให้ชัดแจ้ง โดยใช้ถ้อยคำสุภาพ และลงลายมือชื่อผู้ยื่นคำร้อง โดยสามารถยื่นด้วยตนเองหรือทางไปรษณีย์ลงทะเบียน ตามข้อ ๑๓ ของระเบียบทีประชุมใหญ่ตุลาการในศาลปกครองสูงสุด ว่าด้วยวิธีพิจารณาคดีปกครอง  พ.ศ. ๒๕๔๓ ส่วนการพิจารณาว่าจะเรียกพยานหลักฐานเพิ่มเติมเข้ามาในคดีตามคำร้องนั้น เป็นดุลพินิจของศาล"
ผู้ใดบ้างเป็นผู้ที่มีสิทธิสอบถามความเคลื่อนไหวในคดี,ผู้ที่มีสิทธิสอบถามความเคลื่อนไหวในคดี ได้แก่ คู่กรณีในคดี (ผู้ฟ้องคดี ผู้ถูกฟ้องคดี ผู้ร้องสอด) ผู้รับมอบอำนาจของคู่กรณี ผู้รับมอบฉันทะของคู่กรณีในคดี และบุคคลภายนอกที่ศาลสั่งให้เป็นผู้มีส่วนได้เสียในคดีนั้น,"คำถาม: ผู้ใดบ้างเป็นผู้ที่มีสิทธิสอบถามความเคลื่อนไหวในคดี
คำตอบ: ผู้ที่มีสิทธิสอบถามความเคลื่อนไหวในคดี ได้แก่ คู่กรณีในคดี (ผู้ฟ้องคดี ผู้ถูกฟ้องคดี ผู้ร้องสอด) ผู้รับมอบอำนาจของคู่กรณี ผู้รับมอบฉันทะของคู่กรณีในคดี และบุคคลภายนอกที่ศาลสั่งให้เป็นผู้มีส่วนได้เสียในคดีนั้น"
การยื่นคำร้องขอสอบถามความเคลื่อนไหวในคดีต้องดำเนินการอย่างไร,การยื่นคำร้องควรทำเป็นหนังสือ ระบุว่า “คำร้องสอบถามความเคลื่อนไหวในคดี....” ต้องระบุวันที่ในคำร้อง ชื่อและที่อยู่ของผู้ฟ้องคดีหรือผู้ถูกฟ้องคดี พร้อมทั้งระบุเหตุผลและวัตถุประสงค์ในการสอบถามความเคลื่อนไหวคดี โดยผู้ยื่นคำร้องจะยื่นคำร้องด้วยตนเองหรือจะยื่นโดยวิธีส่งทางไปรษณีย์ลงทะเบียนก็ได้,"คำถาม: การยื่นคำร้องขอสอบถามความเคลื่อนไหวในคดีต้องดำเนินการอย่างไร
คำตอบ: การยื่นคำร้องควรทำเป็นหนังสือ ระบุว่า “คำร้องสอบถามความเคลื่อนไหวในคดี....” ต้องระบุวันที่ในคำร้อง ชื่อและที่อยู่ของผู้ฟ้องคดีหรือผู้ถูกฟ้องคดี พร้อมทั้งระบุเหตุผลและวัตถุประสงค์ในการสอบถามความเคลื่อนไหวคดี โดยผู้ยื่นคำร้องจะยื่นคำร้องด้วยตนเองหรือจะยื่นโดยวิธีส่งทางไปรษณีย์ลงทะเบียนก็ได้"
การยื่นคำร้องขอเร่งรัดการพิจารณาคดีต้องดำเนินการอย่างไร,ในระหว่างการพิจารณาคดี หากคู่กรณีฝ่ายใดฝ่ายหนึ่งเห็นว่าการพิจารณาของศาลปกครองล่าช้า ทำให้ตนเองได้รับความเสียหาย คู่กรณีฝ่ายนั้นสามารถยื่นคำร้องขอเร่งรัดการพิจารณาคดีต่อศาลปกครองที่พิจารณาคดีนั้นได้ โดยทำเป็นคำร้องต่อศาลปกครองดังกล่าว ทั้งนี้ คำร้องจะต้องระบุรายละเอียดของคดี ผู้ฟ้องคดี ผู้ถูกฟ้องคดี พร้อมทั้งแจ้งความประสงค์ในการยื่นเอกสารให้ชัดเจน,"คำถาม: การยื่นคำร้องขอเร่งรัดการพิจารณาคดีต้องดำเนินการอย่างไร
คำตอบ: ในระหว่างการพิจารณาคดี หากคู่กรณีฝ่ายใดฝ่ายหนึ่งเห็นว่าการพิจารณาของศาลปกครองล่าช้า ทำให้ตนเองได้รับความเสียหาย คู่กรณีฝ่ายนั้นสามารถยื่นคำร้องขอเร่งรัดการพิจารณาคดีต่อศาลปกครองที่พิจารณาคดีนั้นได้ โดยทำเป็นคำร้องต่อศาลปกครองดังกล่าว ทั้งนี้ คำร้องจะต้องระบุรายละเอียดของคดี ผู้ฟ้องคดี ผู้ถูกฟ้องคดี พร้อมทั้งแจ้งความประสงค์ในการยื่นเอกสารให้ชัดเจน"
กรณีที่มีการยื่นฟ้องคดีต่อศาลปกครองแล้ว ต่อมาคู่กรณีฝ่ายหนึ่งถึงแก่ความตายก่อนศาลปกครองพิพากษาคดี บุคคลใดบ้างเป็นผู้มีสิทธิขอเข้ามาแทนที่คู่กรณีที่ถึงแก่ความตาย และต้องดำเนินการอย่างไร,บุคคลผู้มีสิทธิขอเข้าแทนที่คู่กรณีผู้ถึงแก่ความตายต้องเป็นทายาท ผู้จัดการมรดก ผู้ปกครองทรัพย์มรดก หรือผู้สืบสิทธิของคู่กรณีผู้นั้นมีคำขอยื่นเข้ามาเองต่อศาลปกครองที่คดีอยู่ระหว่างพิจารณา หรือโดยที่ศาลมีหมายเรียกให้เข้ามาเนื่องจากคู่กรณีฝ่ายใดฝ่ายหนึ่งมีคำขอ คำขอเช่นว่านี้ต้องทำเป็นหนังสือและต้องมีรายการหรือสำเนาพยานหลักฐานประกอบคำขอให้ครบถ้วนถูกต้อง โดยจะยื่นด้วยตนเองหรือมอบฉันทะให้ผู้อื่นยื่นต่อศาลหรือพนักงานเจ้าหน้าที่ของศาล หรือจะทำโดยวิธีการส่งทางไปรษณีย์ลงทะเบียนก็ได้ แต่ต้องยื่นมาภายในหนึ่งปี นับแต่วันที่คู่กรณีผู้นั้นถึงแก่ความตาย (มาตรา ๕๓ แห่งพระราชบัญญัติจัดตั้งศาลปกครองและวิธีพิจารณาคดีปกครอง พ.ศ. ๒๕๔๒),"คำถาม: กรณีที่มีการยื่นฟ้องคดีต่อศาลปกครองแล้ว ต่อมาคู่กรณีฝ่ายหนึ่งถึงแก่ความตายก่อนศาลปกครองพิพากษาคดี บุคคลใดบ้างเป็นผู้มีสิทธิขอเข้ามาแทนที่คู่กรณีที่ถึงแก่ความตาย และต้องดำเนินการอย่างไร
คำตอบ: บุคคลผู้มีสิทธิขอเข้าแทนที่คู่กรณีผู้ถึงแก่ความตายต้องเป็นทายาท ผู้จัดการมรดก ผู้ปกครองทรัพย์มรดก หรือผู้สืบสิทธิของคู่กรณีผู้นั้นมีคำขอยื่นเข้ามาเองต่อศาลปกครองที่คดีอยู่ระหว่างพิจารณา หรือโดยที่ศาลมีหมายเรียกให้เข้ามาเนื่องจากคู่กรณีฝ่ายใดฝ่ายหนึ่งมีคำขอ คำขอเช่นว่านี้ต้องทำเป็นหนังสือและต้องมีรายการหรือสำเนาพยานหลักฐานประกอบคำขอให้ครบถ้วนถูกต้อง โดยจะยื่นด้วยตนเองหรือมอบฉันทะให้ผู้อื่นยื่นต่อศาลหรือพนักงานเจ้าหน้าที่ของศาล หรือจะทำโดยวิธีการส่งทางไปรษณีย์ลงทะเบียนก็ได้ แต่ต้องยื่นมาภายในหนึ่งปี นับแต่วันที่คู่กรณีผู้นั้นถึงแก่ความตาย (มาตรา ๕๓ แห่งพระราชบัญญัติจัดตั้งศาลปกครองและวิธีพิจารณาคดีปกครอง พ.ศ. ๒๕๔๒)"
บุคคลใดมีสิทธิยื่นคำร้องขอคัดค้านตุลาการในระหว่างการพิจารณาพิพากษาคดีปกครอง,คู่กรณีในคดีอาจยื่นคำขอคัดค้านตุลาการได้ เมื่อคู่กรณีเห็นว่าตุลาการศาลปกครองมีเหตุแห่งการคัดค้าน หรือเหตุอื่นใดอันมีสภาพร้ายแรงซึ่งอาจทำให้การพิจารณาพิพากษาคดีเสียความยุติธรรม ทั้งนี้ ตามมาตรา ๖๓ แห่งพระราชบัญญัติจัดตั้งศาลปกครองและวิธีพิจารณาคดีปกครอง พ.ศ. ๒๕๔๒ และเมื่อยื่นคำร้องคัดค้านตุลาการแล้ว ตุลาการศาลปกครองก็จะดำเนินการเกี่ยวกับคำร้องดังกล่าวตามระเบียบของที่ประชุมใหญ่ตุลาการในศาลปกครองสูงสุด ว่าด้วยองค์คณะ ฯ พ.ศ. ๒๕๔๔,"คำถาม: บุคคลใดมีสิทธิยื่นคำร้องขอคัดค้านตุลาการในระหว่างการพิจารณาพิพากษาคดีปกครอง
คำตอบ: คู่กรณีในคดีอาจยื่นคำขอคัดค้านตุลาการได้ เมื่อคู่กรณีเห็นว่าตุลาการศาลปกครองมีเหตุแห่งการคัดค้าน หรือเหตุอื่นใดอันมีสภาพร้ายแรงซึ่งอาจทำให้การพิจารณาพิพากษาคดีเสียความยุติธรรม ทั้งนี้ ตามมาตรา ๖๓ แห่งพระราชบัญญัติจัดตั้งศาลปกครองและวิธีพิจารณาคดีปกครอง พ.ศ. ๒๕๔๒ และเมื่อยื่นคำร้องคัดค้านตุลาการแล้ว ตุลาการศาลปกครองก็จะดำเนินการเกี่ยวกับคำร้องดังกล่าวตามระเบียบของที่ประชุมใหญ่ตุลาการในศาลปกครองสูงสุด ว่าด้วยองค์คณะ ฯ พ.ศ. ๒๕๔๔"
ในกรณีที่ศาลปกครองได้มีคำพิพากษาหรือสั่งชี้ขาดคดีปกครองเสร็จเด็ดขาดแล้ว หากคู่กรณี หรือบุคคลภายนอกผู้มีส่วนได้เสียหรืออาจถูกกระทบจากผลแห่งคดีนั้น ประสงค์จะยื่นคำร้องขอให้ศาลปกครองพิจารณาคดีใหม่ จะต้องทำอย่างไร,คู่กรณีหรือบุคคลภายนอกผู้มีส่วนได้เสียต้องยื่นคำขอเป็นหนังสือลงลายมือชื่อของตนต่อศาลปกครองสูงสุดสำหรับคดีฟ้องตรง หรือยื่นคำขอดังกล่าวต่อศาลปกครองชั้นต้นที่มีคำพิพากษาสำหรับคดีอุทธรณ์ พร้อมระบุเหตุแห่งการขอให้ศาลปกครองพิจารณาพิพากษาคดีใหม่ภายในเก้าสิบวันนับแต่วันที่รู้เหตุนั้น แต่ไม่เกินห้าปีนับแต่ศาลปกครองได้มีคำพิพากษาหรือคำสั่งชี้ขาด  (มาตรา ๗๕ แห่งพระราชบัญญัติจัดตั้งศาลปกครองและวิธีพิจารณาคดีปกครอง พ.ศ. ๒๕๔๒),"คำถาม: ในกรณีที่ศาลปกครองได้มีคำพิพากษาหรือสั่งชี้ขาดคดีปกครองเสร็จเด็ดขาดแล้ว หากคู่กรณี หรือบุคคลภายนอกผู้มีส่วนได้เสียหรืออาจถูกกระทบจากผลแห่งคดีนั้น ประสงค์จะยื่นคำร้องขอให้ศาลปกครองพิจารณาคดีใหม่ จะต้องทำอย่างไร
คำตอบ: คู่กรณีหรือบุคคลภายนอกผู้มีส่วนได้เสียต้องยื่นคำขอเป็นหนังสือลงลายมือชื่อของตนต่อศาลปกครองสูงสุดสำหรับคดีฟ้องตรง หรือยื่นคำขอดังกล่าวต่อศาลปกครองชั้นต้นที่มีคำพิพากษาสำหรับคดีอุทธรณ์ พร้อมระบุเหตุแห่งการขอให้ศาลปกครองพิจารณาพิพากษาคดีใหม่ภายในเก้าสิบวันนับแต่วันที่รู้เหตุนั้น แต่ไม่เกินห้าปีนับแต่ศาลปกครองได้มีคำพิพากษาหรือคำสั่งชี้ขาด  (มาตรา ๗๕ แห่งพระราชบัญญัติจัดตั้งศาลปกครองและวิธีพิจารณาคดีปกครอง พ.ศ. ๒๕๔๒)"
ศาลปกครองมีหน่วยงานที่ทำหน้าที่ในการบังคับคดีหรือไม่,ศาลปกครองมีหน่วยงานบังคับคดี โดยสำนักงานศาลปกครองมอบหมายให้สำนักบังคับคดีปกครองทำหน้าที่บังคับคดีตามคำพิพากษาหรือคำสั่ง หมายบังคับคดีของศาลปกครองกลางและศาลปกครองสูงสุด และมีหน่วยบังคับคดีในสำนักงานศาลปกครองในภูมิภาคทำหน้าที่ในการบังคับคดีของศาลปกครองนั้นๆ,"คำถาม: ศาลปกครองมีหน่วยงานที่ทำหน้าที่ในการบังคับคดีหรือไม่
คำตอบ: ศาลปกครองมีหน่วยงานบังคับคดี โดยสำนักงานศาลปกครองมอบหมายให้สำนักบังคับคดีปกครองทำหน้าที่บังคับคดีตามคำพิพากษาหรือคำสั่ง หมายบังคับคดีของศาลปกครองกลางและศาลปกครองสูงสุด และมีหน่วยบังคับคดีในสำนักงานศาลปกครองในภูมิภาคทำหน้าที่ในการบังคับคดีของศาลปกครองนั้นๆ"
คู่กรณีหรือประชาชนทั่วไปสามารถติดต่องานบังคับคดีปกครองได้ที่ใด,สำนักบังคับคดีปกครอง ชั้น ๔ อาคารศาลปกครอง และสำนักงานศาลปกครองในภูมิภาคซึ่งตั้งอยู่ ณ อาคารศาลปกครองในภูมิภาคทุกแห่ง,"คำถาม: คู่กรณีหรือประชาชนทั่วไปสามารถติดต่องานบังคับคดีปกครองได้ที่ใด
คำตอบ: สำนักบังคับคดีปกครอง ชั้น ๔ อาคารศาลปกครอง และสำนักงานศาลปกครองในภูมิภาคซึ่งตั้งอยู่ ณ อาคารศาลปกครองในภูมิภาคทุกแห่ง"
กรณีที่ศาลปกครองชั้นต้นมีคำพิพากษาแล้ว ฝ่ายที่แพ้คดีจะต้องปฏิบัติตามคำพิพากษานั้นในทันทีหรือไม่,กฎหมายกำหนดให้ฝ่ายที่แพ้คดีจะต้องรอการปฏิบัติตามคำบังคับไว้ก่อนจนกว่าจะพ้นระยะเวลาอุทธรณ์ หรือในกรณีที่มีการอุทธรณ์ให้รอการบังคับคดีไว้จนกว่าคดีจะถึงที่สุด,"คำถาม: กรณีที่ศาลปกครองชั้นต้นมีคำพิพากษาแล้ว ฝ่ายที่แพ้คดีจะต้องปฏิบัติตามคำพิพากษานั้นในทันทีหรือไม่
คำตอบ: กฎหมายกำหนดให้ฝ่ายที่แพ้คดีจะต้องรอการปฏิบัติตามคำบังคับไว้ก่อนจนกว่าจะพ้นระยะเวลาอุทธรณ์ หรือในกรณีที่มีการอุทธรณ์ให้รอการบังคับคดีไว้จนกว่าคดีจะถึงที่สุด"
ฝ่ายที่ชนะคดีจะขอให้บังคับคดีก่อนคดี ถึงที่สุดได้หรือไม่,ได้ โดยยื่นคำร้องพร้อมชี้แจงเหตุผลอันสมควรต่อศาลปกครองชั้นต้นหรือศาลปกครองสูงสุดภายใน ๖๐ วัน นับแต่วันที่พ้นกำหนดระยะเวลาอุทธรณ์,"คำถาม: ฝ่ายที่ชนะคดีจะขอให้บังคับคดีก่อนคดี ถึงที่สุดได้หรือไม่
คำตอบ: ได้ โดยยื่นคำร้องพร้อมชี้แจงเหตุผลอันสมควรต่อศาลปกครองชั้นต้นหรือศาลปกครองสูงสุดภายใน ๖๐ วัน นับแต่วันที่พ้นกำหนดระยะเวลาอุทธรณ์"
การดำเนินการบังคับคดีของศาลปกครองมีค่าใช้จ่ายหรือค่าธรรมเนียมอย่างไร หรือไม่,ในปัจจุบันการบังคับคดีปกครองไม่ต้องเสียค่าธรรมเนียมหรือค่าใช้จ่ายใดๆ ยกเว้นกรณีที่มีกฎหมายกำหนดให้ต้องเสีย เช่น ค่าธรรมเนียมเจ้าพนักงานบังคับคดี,"คำถาม: การดำเนินการบังคับคดีของศาลปกครองมีค่าใช้จ่ายหรือค่าธรรมเนียมอย่างไร หรือไม่
คำตอบ: ในปัจจุบันการบังคับคดีปกครองไม่ต้องเสียค่าธรรมเนียมหรือค่าใช้จ่ายใดๆ ยกเว้นกรณีที่มีกฎหมายกำหนดให้ต้องเสีย เช่น ค่าธรรมเนียมเจ้าพนักงานบังคับคดี"
ภายหลังจากศาลปกครองมีคำพิพากษา ถึงที่สุดแล้ว เจ้าหนี้ตามคำพิพากษาจะต้องดำเนินการบังคับคดีเองหรือไม่ อย่างไร,เมื่อคำพิพากษาถึงที่สุดแล้ว ศาลจะมีหมายแจ้งคำบังคับ (ต.๔๖) ไปยังผู้ที่ต้องปฏิบัติตาม เพื่อให้ทราบคำบังคับโดยเร็ว และในเบื้องต้นสำนักบังคับคดีปกครองหรือสำนักงานศาลปกครองในภูมิภาคจะติดตามผลให้ โดยเจ้าหนี้ตามคำพิพากษายังไม่ต้องดำเนินการอื่นใด,"คำถาม: ภายหลังจากศาลปกครองมีคำพิพากษา ถึงที่สุดแล้ว เจ้าหนี้ตามคำพิพากษาจะต้องดำเนินการบังคับคดีเองหรือไม่ อย่างไร
คำตอบ: เมื่อคำพิพากษาถึงที่สุดแล้ว ศาลจะมีหมายแจ้งคำบังคับ (ต.๔๖) ไปยังผู้ที่ต้องปฏิบัติตาม เพื่อให้ทราบคำบังคับโดยเร็ว และในเบื้องต้นสำนักบังคับคดีปกครองหรือสำนักงานศาลปกครองในภูมิภาคจะติดตามผลให้ โดยเจ้าหนี้ตามคำพิพากษายังไม่ต้องดำเนินการอื่นใด"
หากหน่วยงานทางปกครองหรือเจ้าหน้าที่ของรัฐไม่ปฏิบัติตามคำพิพากษาจะมีวิธีการบังคับให้เป็นไปตามคำพิพากษาอย่างไร,ศาลอาจไต่สวนและมีคำสั่งกำหนดวิธีการดำเนินการหรือมีคำสั่งใดๆ หรือแสวงหาข้อเท็จจริงเพื่อพิจารณามีคำสั่งให้ชำระค่าปรับต่อศาล หรืออาจแจ้งผู้บังคับบัญชา ผู้กำกับดูแลผู้ควบคุมหรือนายกรัฐมนตรีเพื่อดำเนินการตามอำนาจหน้าที่หรือสั่งการหรือลงโทษทางวินัยต่อไปได้,"คำถาม: หากหน่วยงานทางปกครองหรือเจ้าหน้าที่ของรัฐไม่ปฏิบัติตามคำพิพากษาจะมีวิธีการบังคับให้เป็นไปตามคำพิพากษาอย่างไร
คำตอบ: ศาลอาจไต่สวนและมีคำสั่งกำหนดวิธีการดำเนินการหรือมีคำสั่งใดๆ หรือแสวงหาข้อเท็จจริงเพื่อพิจารณามีคำสั่งให้ชำระค่าปรับต่อศาล หรืออาจแจ้งผู้บังคับบัญชา ผู้กำกับดูแลผู้ควบคุมหรือนายกรัฐมนตรีเพื่อดำเนินการตามอำนาจหน้าที่หรือสั่งการหรือลงโทษทางวินัยต่อไปได้"
กรณีที่ศาลมีคำสั่งปรับเจ้าหน้าที่ของรัฐ ที่ไม่ปฏิบัติตามคำบังคับแล้ว หากไม่ชำระค่าปรับจะมีวิธีการดำเนินการอย่างไร,ศาลปกครองจะออกหมายบังคับคดีแต่งตั้งเจ้าพนักงานบังคับคดีเพื่อทำการยึดหรืออายัดและขายทอดตลาดทรัพย์สินของเจ้าหน้าที่ของรัฐนั้นได้,"คำถาม: กรณีที่ศาลมีคำสั่งปรับเจ้าหน้าที่ของรัฐ ที่ไม่ปฏิบัติตามคำบังคับแล้ว หากไม่ชำระค่าปรับจะมีวิธีการดำเนินการอย่างไร
คำตอบ: ศาลปกครองจะออกหมายบังคับคดีแต่งตั้งเจ้าพนักงานบังคับคดีเพื่อทำการยึดหรืออายัดและขายทอดตลาดทรัพย์สินของเจ้าหน้าที่ของรัฐนั้นได้"
การดำเนินการบังคับคดีกับเจ้าหน้าที่ของรัฐที่ไม่ชำระค่าปรับและศาลออกหมายบังคับคดีแล้วมีขั้นตอน อย่างไร,ให้ถือว่าสำนักงานศาลปกครองเป็นเจ้าหนี้ตามคำพิพากษาและมีอำนาจหน้าที่ดำเนินการบังคับคดี เช่น ตรวจสอบหาทรัพย์สิน รายงานศาล จนกว่าจะแล้วเสร็จ,"คำถาม: การดำเนินการบังคับคดีกับเจ้าหน้าที่ของรัฐที่ไม่ชำระค่าปรับและศาลออกหมายบังคับคดีแล้วมีขั้นตอน อย่างไร
คำตอบ: ให้ถือว่าสำนักงานศาลปกครองเป็นเจ้าหนี้ตามคำพิพากษาและมีอำนาจหน้าที่ดำเนินการบังคับคดี เช่น ตรวจสอบหาทรัพย์สิน รายงานศาล จนกว่าจะแล้วเสร็จ"
กรณีที่ศาลมีคำพิพากษาให้เพิกถอนกฎจะมีผลบังคับเมื่อใด,สำนักงานศาลปกครองจะส่งประกาศเรื่องศาลปกครองมีคำพิพากษาถึงที่สุดให้เพิกถอนกฎไปลงประกาศในราชกิจจานุเบกษา และถือว่าการประกาศดังกล่าวมีผลเป็นการเพิกถอนกฎนั้น,"คำถาม: กรณีที่ศาลมีคำพิพากษาให้เพิกถอนกฎจะมีผลบังคับเมื่อใด
คำตอบ: สำนักงานศาลปกครองจะส่งประกาศเรื่องศาลปกครองมีคำพิพากษาถึงที่สุดให้เพิกถอนกฎไปลงประกาศในราชกิจจานุเบกษา และถือว่าการประกาศดังกล่าวมีผลเป็นการเพิกถอนกฎนั้น"
คดีที่ศาลมีคำพิพากษาถึงที่สุดให้เพิกถอนคำสั่งอย่างเดียว ผู้ฟ้องคดีจะขอให้บังคับให้หน่วยงานฯ ชดใช้ค่าเสียหายเพิ่มเติมจากคำพิพากษาได้หรือไม่,กรณีที่ศาลมีคำพิพากษาให้เพิกถอนคำสั่งอย่างเดียว โดยผลของคำพิพากษาทำให้คำสั่งนั้นถูกเพิกถอนไปแล้ว หากคำพิพากษาไม่ได้กำหนดเรื่องการชดใช้ค่าเสียหายไว้ ก็ไม่อาจบังคับให้หน่วยงานฯ ชดใช้ค่าเสียหายได้,"คำถาม: คดีที่ศาลมีคำพิพากษาถึงที่สุดให้เพิกถอนคำสั่งอย่างเดียว ผู้ฟ้องคดีจะขอให้บังคับให้หน่วยงานฯ ชดใช้ค่าเสียหายเพิ่มเติมจากคำพิพากษาได้หรือไม่
คำตอบ: กรณีที่ศาลมีคำพิพากษาให้เพิกถอนคำสั่งอย่างเดียว โดยผลของคำพิพากษาทำให้คำสั่งนั้นถูกเพิกถอนไปแล้ว หากคำพิพากษาไม่ได้กำหนดเรื่องการชดใช้ค่าเสียหายไว้ ก็ไม่อาจบังคับให้หน่วยงานฯ ชดใช้ค่าเสียหายได้"
ข้อสังเกตที่ศาลกำหนดในคำพิพากษา จะต้องมีการบังคับคดีหรือไม่,ข้อสังเกตมิใช่คำบังคับที่จะต้องดำเนินการบังคับคดี แต่ถือเป็นแนวทางหรือวิธีการดำเนินการเพื่อให้เป็นไปตามคำพิพากษา จึงเป็นเรื่องที่คู่กรณีจะต้องพิจารณาดำเนินการเพื่อให้สามารถปฏิบัติให้เป็นไปตามคำพิพากษาได้,"คำถาม: ข้อสังเกตที่ศาลกำหนดในคำพิพากษา จะต้องมีการบังคับคดีหรือไม่
คำตอบ: ข้อสังเกตมิใช่คำบังคับที่จะต้องดำเนินการบังคับคดี แต่ถือเป็นแนวทางหรือวิธีการดำเนินการเพื่อให้เป็นไปตามคำพิพากษา จึงเป็นเรื่องที่คู่กรณีจะต้องพิจารณาดำเนินการเพื่อให้สามารถปฏิบัติให้เป็นไปตามคำพิพากษาได้"
กรณีที่ศาลมีคำพิพากษาให้ใช้เงิน ลูกหนี้ตามคำพิพากษาที่เป็นเอกชนจะมีวิธีการปฏิบัติตามคำพิพากษาอย่างไรบ้าง,ชำระหนี้ให้แก่เจ้าหนี้ตามคำพิพากษาโดยตรง นำเงินมาวาง ต่อศาลหรือต่อเจ้าพนักงานบังคับคดีได้ ทั้งนี้ ก่อนการชำระหนี้ลูกหนี้ฯ อาจขอให้สำนักงานศาลปกครองคำนวณยอดหนี้ก่อนได้,"คำถาม: กรณีที่ศาลมีคำพิพากษาให้ใช้เงิน ลูกหนี้ตามคำพิพากษาที่เป็นเอกชนจะมีวิธีการปฏิบัติตามคำพิพากษาอย่างไรบ้าง
คำตอบ: ชำระหนี้ให้แก่เจ้าหนี้ตามคำพิพากษาโดยตรง นำเงินมาวาง ต่อศาลหรือต่อเจ้าพนักงานบังคับคดีได้ ทั้งนี้ ก่อนการชำระหนี้ลูกหนี้ฯ อาจขอให้สำนักงานศาลปกครองคำนวณยอดหนี้ก่อนได้"
การบังคับคดีปกครองกรณีศาลพิพากษาให้หน่วยงานฯ ใช้เงินจะมีการดำเนินการอย่างไร,เมื่อศาลออกหมายแจ้งคำบังคับ (ต.๔๖) แล้ว สำนักบังคับคดีปกครองจะติดตามผลการปฏิบัติตามคำบังคับไปยังเจ้าหนี้ตามคำพิพากษาว่าได้รับชำระหนี้แล้วหรือไม่ หากมีการชำระหนี้ครบถ้วนแล้ว (วางเงินต่อศาลหรือชำระหนี้ภายนอก) จะรายงานศาลทราบและยุติการบังคับคดี แต่หากยังไม่มีการชำระหนี้จะติดตามต่อไปจนกว่าจะเป็นไปตามคำพิพากษา,"คำถาม: การบังคับคดีปกครองกรณีศาลพิพากษาให้หน่วยงานฯ ใช้เงินจะมีการดำเนินการอย่างไร
คำตอบ: เมื่อศาลออกหมายแจ้งคำบังคับ (ต.๔๖) แล้ว สำนักบังคับคดีปกครองจะติดตามผลการปฏิบัติตามคำบังคับไปยังเจ้าหนี้ตามคำพิพากษาว่าได้รับชำระหนี้แล้วหรือไม่ หากมีการชำระหนี้ครบถ้วนแล้ว (วางเงินต่อศาลหรือชำระหนี้ภายนอก) จะรายงานศาลทราบและยุติการบังคับคดี แต่หากยังไม่มีการชำระหนี้จะติดตามต่อไปจนกว่าจะเป็นไปตามคำพิพากษา"
การมอบอำนาจในชั้นบังคับคดีต้องดำเนินการอย่างไร,ใบมอบอำนาจในชั้นบังคับคดีต้องมีข้อความครบถ้วนตามที่กำหนด (ตามแบบ บป.๒),"คำถาม: การมอบอำนาจในชั้นบังคับคดีต้องดำเนินการอย่างไร
คำตอบ: ใบมอบอำนาจในชั้นบังคับคดีต้องมีข้อความครบถ้วนตามที่กำหนด (ตามแบบ บป.๒)"
การขอออกหมายบังคับคดีใน คดีปกครองมีขั้นตอนอย่างไร,หากลูกหนี้ตามคำพิพากษาไม่ปฏิบัติตามคำบังคับของศาลภายในระยะเวลาที่ศาลกำหนด เจ้าหนี้ตามคำพิพากษามีสิทธิยื่นคำขอต่อศาลเพื่อขอให้ออกหมายบังคับคดีตั้งเจ้าพนักงานบังคับคดีดำเนินการบังคับคดีโดยการยึด อายัด ขายทอดตลาดแก่ทรัพย์สินของลูกหนี้ตามคำพิพากษาตามกฎหมาย,"คำถาม: การขอออกหมายบังคับคดีใน คดีปกครองมีขั้นตอนอย่างไร
คำตอบ: หากลูกหนี้ตามคำพิพากษาไม่ปฏิบัติตามคำบังคับของศาลภายในระยะเวลาที่ศาลกำหนด เจ้าหนี้ตามคำพิพากษามีสิทธิยื่นคำขอต่อศาลเพื่อขอให้ออกหมายบังคับคดีตั้งเจ้าพนักงานบังคับคดีดำเนินการบังคับคดีโดยการยึด อายัด ขายทอดตลาดแก่ทรัพย์สินของลูกหนี้ตามคำพิพากษาตามกฎหมาย"
กรณีที่ศาลปกครองออกหมายบังคับคดีแล้ว หากเจ้าหนี้ตามคำพิพากษาประสงค์จะยึด อายัดทรัพย์ของลูกหนี้ตามคำพิพากษาจะต้องดำเนินการอย่างไร,เจ้าหนี้ตามคำพิพากษาจะต้องสืบหาทรัพย์สินของลูกหนี้ตามคำพิพากษา โดยเป็นหน้าที่ของเจ้าหนี้ตามคำพิพากษาที่จะต้องดำเนินการ เมื่อพบทรัพย์สินของลูกหนี้ตามคำพิพากษาแล้ว ให้จัดเตรียมเอกสารที่เกี่ยวข้อง แล้วยื่นคำขอต่อเจ้าพนักงานบังคับคดีเพื่อพิจารณาดำเนินการให้ต่อไป,"คำถาม: กรณีที่ศาลปกครองออกหมายบังคับคดีแล้ว หากเจ้าหนี้ตามคำพิพากษาประสงค์จะยึด อายัดทรัพย์ของลูกหนี้ตามคำพิพากษาจะต้องดำเนินการอย่างไร
คำตอบ: เจ้าหนี้ตามคำพิพากษาจะต้องสืบหาทรัพย์สินของลูกหนี้ตามคำพิพากษา โดยเป็นหน้าที่ของเจ้าหนี้ตามคำพิพากษาที่จะต้องดำเนินการ เมื่อพบทรัพย์สินของลูกหนี้ตามคำพิพากษาแล้ว ให้จัดเตรียมเอกสารที่เกี่ยวข้อง แล้วยื่นคำขอต่อเจ้าพนักงานบังคับคดีเพื่อพิจารณาดำเนินการให้ต่อไป"
เอกสารหลักฐานที่ต้องใช้ประกอบคำร้องขอยึดทรัพย์สินของลูกหนี้ตามคำพิพากษามีอะไรบ้าง,๑. กรณียึดอสังหาริมทรัพย์ ให้ยื่นเอกสารแสดงกรรมสิทธิ์หรือสิทธิครอบครอง สำเนาทะเบียนบ้านหรือสำเนาหนังสือรับรอง นิติบุคคลของลูกหนี้ฯ แผนที่ ภาพถ่ายทรัพย์และราคาประเมินที่ดิน เป็นต้น  ๒. กรณียึดสังหาริมทรัพย์ ให้ยื่นสำเนาทะเบียนบ้านหรือสำเนาหนังสือรับรองนิติบุคคลของลูกหนี้ฯ เอกสารทางทะเบียน เป็นต้น,"คำถาม: เอกสารหลักฐานที่ต้องใช้ประกอบคำร้องขอยึดทรัพย์สินของลูกหนี้ตามคำพิพากษามีอะไรบ้าง
คำตอบ: ๑. กรณียึดอสังหาริมทรัพย์ ให้ยื่นเอกสารแสดงกรรมสิทธิ์หรือสิทธิครอบครอง สำเนาทะเบียนบ้านหรือสำเนาหนังสือรับรอง นิติบุคคลของลูกหนี้ฯ แผนที่ ภาพถ่ายทรัพย์และราคาประเมินที่ดิน เป็นต้น  ๒. กรณียึดสังหาริมทรัพย์ ให้ยื่นสำเนาทะเบียนบ้านหรือสำเนาหนังสือรับรองนิติบุคคลของลูกหนี้ฯ เอกสารทางทะเบียน เป็นต้น"
เอกสารหลักฐานที่ต้องใช้ประกอบคำร้องขออายัดทรัพย์สินของลูกหนี้ตามคำพิพากษามีอะไรบ้าง,คำร้องขออายัดอย่างน้อยต้องมีข้อความหรือรายการดังต่อไปนี้      ๑.ประเภทของสิทธิเรียกร้องที่ลูกหนี้ตามคำพิพากษามีต่อบุคคลภายนอก      ๒. รายการทรัพย์สินหรือจำนวนเงินที่อยู่ในความครอบครองของบุคคลภายนอกซึ่งบุคคลภายนอกจะต้องส่งมอบหรือโอนหรือชำระให้แก่ลูกหนี้ตามคำพิพากษา(เอกสารที่มีข้อความระบุถึงความมีอยู่ของทรัพย์สินหรือเงินนั้น สถาบันการเงิน สาขา เลขบัญชีและจำนวนเงิน)        ๓. สำเนาทะเบียนบ้านของลูกหนี้ตามคำพิพากษา สำเนาหนังสือรับรองของนายทะเบียน กรณีเป็นนิติบุคคล ที่นายทะเบียนรับรองไม่เกิน ๑ เดือน,"คำถาม: เอกสารหลักฐานที่ต้องใช้ประกอบคำร้องขออายัดทรัพย์สินของลูกหนี้ตามคำพิพากษามีอะไรบ้าง
คำตอบ: คำร้องขออายัดอย่างน้อยต้องมีข้อความหรือรายการดังต่อไปนี้      ๑.ประเภทของสิทธิเรียกร้องที่ลูกหนี้ตามคำพิพากษามีต่อบุคคลภายนอก      ๒. รายการทรัพย์สินหรือจำนวนเงินที่อยู่ในความครอบครองของบุคคลภายนอกซึ่งบุคคลภายนอกจะต้องส่งมอบหรือโอนหรือชำระให้แก่ลูกหนี้ตามคำพิพากษา(เอกสารที่มีข้อความระบุถึงความมีอยู่ของทรัพย์สินหรือเงินนั้น สถาบันการเงิน สาขา เลขบัญชีและจำนวนเงิน)        ๓. สำเนาทะเบียนบ้านของลูกหนี้ตามคำพิพากษา สำเนาหนังสือรับรองของนายทะเบียน กรณีเป็นนิติบุคคล ที่นายทะเบียนรับรองไม่เกิน ๑ เดือน"
บุคคลทั่วไปที่สนใจการขายทอดตลาดทรัพย์สินจากการบังคับคดีของศาลปกครองสามารถติดตามข้อมูลได้จากที่ใด,ทางเว็บไซต์ของศาลปกครอง ประกาศขายทอดตลาดที่ประกาศ ณ ศาลปกครอง สำนักบังคับคดีปกครอง สำนักงานศาลปกครองในภูมิภาคและสถานที่ราชการอื่นที่เกี่ยวข้อง,"คำถาม: บุคคลทั่วไปที่สนใจการขายทอดตลาดทรัพย์สินจากการบังคับคดีของศาลปกครองสามารถติดตามข้อมูลได้จากที่ใด
คำตอบ: ทางเว็บไซต์ของศาลปกครอง ประกาศขายทอดตลาดที่ประกาศ ณ ศาลปกครอง สำนักบังคับคดีปกครอง สำนักงานศาลปกครองในภูมิภาคและสถานที่ราชการอื่นที่เกี่ยวข้อง"
หากลูกหนี้ตามคำพิพากษาจะขอทราบ ยอดหนี้เพื่อชำระหนี้ตามคำพิพากษาของศาลปกครองต้องดำเนินการอย่างไร,ยื่นคำร้องหรือมีหนังสือขอให้สำนักบังคับคดีปกครองหรือสำนักงานศาลปกครองในภูมิภาค แล้วแต่กรณี คำนวณยอดหนี้ตามคำพิพากษา โดยคำร้องต้องระบุวันที่จะชำระหนี้หรือวันสิ้นสุดการคำนวณดอกเบี้ยให้ชัดเจน,"คำถาม: หากลูกหนี้ตามคำพิพากษาจะขอทราบ ยอดหนี้เพื่อชำระหนี้ตามคำพิพากษาของศาลปกครองต้องดำเนินการอย่างไร
คำตอบ: ยื่นคำร้องหรือมีหนังสือขอให้สำนักบังคับคดีปกครองหรือสำนักงานศาลปกครองในภูมิภาค แล้วแต่กรณี คำนวณยอดหนี้ตามคำพิพากษา โดยคำร้องต้องระบุวันที่จะชำระหนี้หรือวันสิ้นสุดการคำนวณดอกเบี้ยให้ชัดเจน"
หากลูกหนี้ตามคำพิพากษาประสงค์จะวางเงินต่อศาลเพื่อชำระหนี้ตามคำพิพากษาจะต้องดำเนินการอย่างไร,กรณีที่ศาลมิได้ออกหมายบังคับคดีให้ยื่นคำร้องขอวางเงินต่อศาลที่พิพากษาคดี ด้วยตนเองหรือส่งทางไปรษณีย์ เป็นเงินสด ตั๋วแลกเงินหรือแคชเชียร์เช็ค สั่งจ่ายบัญชี เงินกลางของสำนักงานศาลปกครองกลาง หรือบัญชี เงินกลางของสำนักงานศาลปกครอง..... แล้วแต่กรณี เมื่อได้รับเงินแล้วจะออกใบรับเงินให้แก่ผู้วางต่อไป       กรณีที่ศาลออกหมายบังคับคดีแล้ว อาจยื่นต่อศาลหรือเจ้าพนักงานบังคับคดีได้,"คำถาม: หากลูกหนี้ตามคำพิพากษาประสงค์จะวางเงินต่อศาลเพื่อชำระหนี้ตามคำพิพากษาจะต้องดำเนินการอย่างไร
คำตอบ: กรณีที่ศาลมิได้ออกหมายบังคับคดีให้ยื่นคำร้องขอวางเงินต่อศาลที่พิพากษาคดี ด้วยตนเองหรือส่งทางไปรษณีย์ เป็นเงินสด ตั๋วแลกเงินหรือแคชเชียร์เช็ค สั่งจ่ายบัญชี เงินกลางของสำนักงานศาลปกครองกลาง หรือบัญชี เงินกลางของสำนักงานศาลปกครอง..... แล้วแต่กรณี เมื่อได้รับเงินแล้วจะออกใบรับเงินให้แก่ผู้วางต่อไป       กรณีที่ศาลออกหมายบังคับคดีแล้ว อาจยื่นต่อศาลหรือเจ้าพนักงานบังคับคดีได้"
หากมีผู้ได้รับความเสียหายจากการปฏิบัติงานบังคับคดีของเจ้าหน้าที่จะฟ้องร้องเจ้าหน้าที่นั้นได้หรือไม่ อย่างไร,ในกรณีที่เกิดความเสียหายจากการที่เจ้าพนักงานบังคับคดีหรือพนักงานเจ้าหน้าที่ที่ปฏิบัติงานบังคับคดีดำเนินการบังคับคดีตามคำพิพากษาหรือคำสั่งของศาลปกครองและเป็นเรื่องความรับผิดทางละเมิดของเจ้าหน้าที่ในการปฏิบัติหน้าที่ การฟ้องคดีจะอยู่ในอำนาจของศาลปกครอง,"คำถาม: หากมีผู้ได้รับความเสียหายจากการปฏิบัติงานบังคับคดีของเจ้าหน้าที่จะฟ้องร้องเจ้าหน้าที่นั้นได้หรือไม่ อย่างไร
คำตอบ: ในกรณีที่เกิดความเสียหายจากการที่เจ้าพนักงานบังคับคดีหรือพนักงานเจ้าหน้าที่ที่ปฏิบัติงานบังคับคดีดำเนินการบังคับคดีตามคำพิพากษาหรือคำสั่งของศาลปกครองและเป็นเรื่องความรับผิดทางละเมิดของเจ้าหน้าที่ในการปฏิบัติหน้าที่ การฟ้องคดีจะอยู่ในอำนาจของศาลปกครอง"
การฟ้องคดีปกครองออนไลน์,สามารถยื่นฟ้องผ่านระบบงานคดีปกครองอิเล็กทรอนิกส์ คลิก https://bit.ly/2wzSpCF หรือเข้าผ่านทางเว็บไซต์ศาลปกครอง www.admincourt.go.th,"คำถาม: การฟ้องคดีปกครองออนไลน์
คำตอบ: สามารถยื่นฟ้องผ่านระบบงานคดีปกครองอิเล็กทรอนิกส์ คลิก https://bit.ly/2wzSpCF หรือเข้าผ่านทางเว็บไซต์ศาลปกครอง www.admincourt.go.th"
สื่อประชาสัมพันธ์การยื่นฟ้อง คดีปกครองออนไลน์,ท่านสามารถศึกษาวิธีการใช้งานระบบงานคดีปกครองอิเล็กทรอนิกส์ผ่านสื่อประชาสัมพันธ์รูปแบบต่าง ๆ ดังนี้    1. สื่อประชาสัมพันธ์แนะนำวิธีการใช้งาน คลิก https://bit.ly/3KYA2rd    2. แผ่นพับการยื่นฟ้องคดีปกครองออนไลน์  คลิก https://bit.ly/41x3vSz    3. คลิปวิดีโอแนะนำการใช้งาน คลิก http://bit.ly/3Zr6aLI,"คำถาม: สื่อประชาสัมพันธ์การยื่นฟ้อง คดีปกครองออนไลน์
คำตอบ: ท่านสามารถศึกษาวิธีการใช้งานระบบงานคดีปกครองอิเล็กทรอนิกส์ผ่านสื่อประชาสัมพันธ์รูปแบบต่าง ๆ ดังนี้    1. สื่อประชาสัมพันธ์แนะนำวิธีการใช้งาน คลิก https://bit.ly/3KYA2rd    2. แผ่นพับการยื่นฟ้องคดีปกครองออนไลน์  คลิก https://bit.ly/41x3vSz    3. คลิปวิดีโอแนะนำการใช้งาน คลิก http://bit.ly/3Zr6aLI"
การไกล่เกลี่ยข้อพิพาทในคดีปกครอง,ท่านสามารถอ่านรายละเอียดเพิ่มเติมเกี่ยวกับการดำเนินการไกล่เกลี่ยข้อพิพาทในคดีปกครองได้ทาง https://bit.ly/41BvMre,"คำถาม: การไกล่เกลี่ยข้อพิพาทในคดีปกครอง
คำตอบ: ท่านสามารถอ่านรายละเอียดเพิ่มเติมเกี่ยวกับการดำเนินการไกล่เกลี่ยข้อพิพาทในคดีปกครองได้ทาง https://bit.ly/41BvMre"
การสืบค้นบัญชีนัด,ท่านสามารถสืบค้นบัญชีนัดของคดีปกครองได้ทาง http://www.admincourt.go.th/admincourt/site/appointment.php,"คำถาม: การสืบค้นบัญชีนัด
คำตอบ: ท่านสามารถสืบค้นบัญชีนัดของคดีปกครองได้ทาง http://www.admincourt.go.th/admincourt/site/appointment.php"
การตรวจระยะเวลาดำเนินงานคดีในศาลปกครองชั้นต้น และศาลปกครองสูงสุด,ท่านสามารถตรวจระยะเวลาการดำเนินงานคดีปกครองได้ทาง https://elitigation.admincourt.go.th/admELitigation/frmetracking.aspx,"คำถาม: การตรวจระยะเวลาดำเนินงานคดีในศาลปกครองชั้นต้น และศาลปกครองสูงสุด
คำตอบ: ท่านสามารถตรวจระยะเวลาการดำเนินงานคดีปกครองได้ทาง https://elitigation.admincourt.go.th/admELitigation/frmetracking.aspx"
แบบฟอร์มศาลและตัวอย่างการเขียน,ท่านสามารถดาวโหลดดาวน์โหลดแบบฟอร์มเกี่ยวกับคดีและตัวอย่างการเขียนได้ที่ http://www.admincourt.go.th/admincourt/site/10dowload.html   มีทั้งแบบไฟล์ PDF และ ไฟล์ word,"คำถาม: แบบฟอร์มศาลและตัวอย่างการเขียน
คำตอบ: ท่านสามารถดาวโหลดดาวน์โหลดแบบฟอร์มเกี่ยวกับคดีและตัวอย่างการเขียนได้ที่ http://www.admincourt.go.th/admincourt/site/10dowload.html   มีทั้งแบบไฟล์ PDF และ ไฟล์ word"
ปรึกษาคดีปกครอง,"สำนักงานศาลปกครอง ได้เปิดช่องทางให้ท่านสามารถปรึกษาคดีปกครองได้ผ่านช่องทางต่าง ๆ ดังนี้    1. ติดต่อขอปรึกษาคดีได้ที่สำนักงานศาลปกครอง ถนนแจ้งวัฒนะ กรุงเทพมหานคร หรือสำนักงานศาลปกครองในภูมิภาคทุกแห่ง    2. สายด่วนศาลปกครอง 1355 หรือ 0 2141 1111 (ในวันและเวลาราชการ) กด 0 แล้วแจ้งเจ้าหน้าที่ว่า ""ขอคำปรึกษาคดีปกครอง""    3. แอปพลิเคชัน LINE ในรูปแบบ Video Call หรือ Voice Call โดยสามารถจองคิวปรึกษาคดีล่วงหน้าได้ ผ่านทางเว็บไซต์ศาลปกครอง คลิก https://www.admincourt.go.th/admincourt/site/qonline.php","คำถาม: ปรึกษาคดีปกครอง
คำตอบ: สำนักงานศาลปกครอง ได้เปิดช่องทางให้ท่านสามารถปรึกษาคดีปกครองได้ผ่านช่องทางต่าง ๆ ดังนี้    1. ติดต่อขอปรึกษาคดีได้ที่สำนักงานศาลปกครอง ถนนแจ้งวัฒนะ กรุงเทพมหานคร หรือสำนักงานศาลปกครองในภูมิภาคทุกแห่ง    2. สายด่วนศาลปกครอง 1355 หรือ 0 2141 1111 (ในวันและเวลาราชการ) กด 0 แล้วแจ้งเจ้าหน้าที่ว่า ""ขอคำปรึกษาคดีปกครอง""    3. แอปพลิเคชัน LINE ในรูปแบบ Video Call หรือ Voice Call โดยสามารถจองคิวปรึกษาคดีล่วงหน้าได้ ผ่านทางเว็บไซต์ศาลปกครอง คลิก https://www.admincourt.go.th/admincourt/site/qonline.php"
การคัดสำเนาคำพิพากษา/คำสั่ง คดีปกครอง,"ท่านสามารถขอคัดสำเนาคำพิพากษา/คำสั่งคดีปกครองได้ ดังนี้    1. ติดต่อขอรับบริการได้ที่ ศูนย์บริการประชาชน สำนักประชาสัมพันธ์  ชั้น 1 อาคารศาลปกครอง ถนนแจ้งวัฒนะ กรุงเทพมหานคร หรือสำนักงานศาลปกครองในภูมิภาคทุกแห่ง    2. แอปพลิเคชัน ""ศาลปกครอง"" โดยท่านสามารถดาวน์โหลดได้ทั้งระบบ ios และ Andriod หรือคลิก http://www.admincourt.go.th/admincourt/site/08news_detail.php?ids=15452 ศึกษาวิธีการใช้งานแอปพลิเคชัน ""ศาลปกครอง"" คลิก https://www.youtube.com/watch?v=KeFqj2pOUiw","คำถาม: การคัดสำเนาคำพิพากษา/คำสั่ง คดีปกครอง
คำตอบ: ท่านสามารถขอคัดสำเนาคำพิพากษา/คำสั่งคดีปกครองได้ ดังนี้    1. ติดต่อขอรับบริการได้ที่ ศูนย์บริการประชาชน สำนักประชาสัมพันธ์  ชั้น 1 อาคารศาลปกครอง ถนนแจ้งวัฒนะ กรุงเทพมหานคร หรือสำนักงานศาลปกครองในภูมิภาคทุกแห่ง    2. แอปพลิเคชัน ""ศาลปกครอง"" โดยท่านสามารถดาวน์โหลดได้ทั้งระบบ ios และ Andriod หรือคลิก http://www.admincourt.go.th/admincourt/site/08news_detail.php?ids=15452 ศึกษาวิธีการใช้งานแอปพลิเคชัน ""ศาลปกครอง"" คลิก https://www.youtube.com/watch?v=KeFqj2pOUiw"
ประธานศาลปกครองสูงสุด,ประธานศาลปกครองสูงสุด คนปัจจุบัน ท่านสามารถดูรายนามผู้บริหารศาลปกครองได้ที่ http://www.admincourt.go.th/admincourt/site/01manager.html,"คำถาม: ประธานศาลปกครองสูงสุด
คำตอบ: ประธานศาลปกครองสูงสุด คนปัจจุบัน ท่านสามารถดูรายนามผู้บริหารศาลปกครองได้ที่ http://www.admincourt.go.th/admincourt/site/01manager.html"
เลขาธิการสำนักงานศาลปกครอง,เลขาธิการสำนักงานศาลปกครอง  ท่านสามารถดูรายนามผู้บริหารสำนักงานศาลปกครองได้ที่ http://www.admincourt.go.th/admincourt/site/07manager.html,"คำถาม: เลขาธิการสำนักงานศาลปกครอง
คำตอบ: เลขาธิการสำนักงานศาลปกครอง  ท่านสามารถดูรายนามผู้บริหารสำนักงานศาลปกครองได้ที่ http://www.admincourt.go.th/admincourt/site/07manager.html"
หมายเลขโทรศัพท์ของศาลปกครอง,โทรศัพท์ 0 2141 1111 หรือ สายด่วนศาลปกครอง 1355  หากท่านต้องการติดต่อที่สำนักงานศาลปกครองในภูมิภาคโดยตรง ท่านสามารถอ่านรายละเอียดเพิ่มเติม คลิก http://www.admincourt.go.th/admincourt/site/01area.html,"คำถาม: หมายเลขโทรศัพท์ของศาลปกครอง
คำตอบ: โทรศัพท์ 0 2141 1111 หรือ สายด่วนศาลปกครอง 1355  หากท่านต้องการติดต่อที่สำนักงานศาลปกครองในภูมิภาคโดยตรง ท่านสามารถอ่านรายละเอียดเพิ่มเติม คลิก http://www.admincourt.go.th/admincourt/site/01area.html"
รายการวิทยุของศาลปกครอง,"ท่านสามารถรับฟังรายการวิทยุเกี่ยวกับความรู้ด้านคดีปกครอง  ""ย้อนข่าว...เล่าคดีปกครอง"" คลิก http://www.admincourt.go.th/admincourt/site/08mp3.html","คำถาม: รายการวิทยุของศาลปกครอง
คำตอบ: ท่านสามารถรับฟังรายการวิทยุเกี่ยวกับความรู้ด้านคดีปกครอง  ""ย้อนข่าว...เล่าคดีปกครอง"" คลิก http://www.admincourt.go.th/admincourt/site/08mp3.html"
การขอข้อมูลข่าวสาร,ท่านสามารถยื่นแบบคำขอต่อเจ้าหน้าที่ศูนย์บริการประชาชน  สำนักประชาสัมพันธ์ ณ สำนักงานศาลปกครอง เลขที่ 120 หมู่ที่ 3 ถนนแจ้งวัฒนะ แขวงทุ่งสองห้อง เขตหลักสี่ กรุงเทพฯ 10210  โดยเจ้าหน้าที่พิจารณาแบบคำขอ ที่ได้รับและจัดเตรียมเอกสาร จากนั้นจะแจ้งให้ผู้ขอเข้ามารับเอกสารด้วยตนเอง กรณีที่ผู้ขอไม่สะดวกเข้ามารับเอกสารด้วยตนเอง สามารถมอบอำนาจให้บุคคลอื่นมารับเอกสารแทนได้,"คำถาม: การขอข้อมูลข่าวสาร
คำตอบ: ท่านสามารถยื่นแบบคำขอต่อเจ้าหน้าที่ศูนย์บริการประชาชน  สำนักประชาสัมพันธ์ ณ สำนักงานศาลปกครอง เลขที่ 120 หมู่ที่ 3 ถนนแจ้งวัฒนะ แขวงทุ่งสองห้อง เขตหลักสี่ กรุงเทพฯ 10210  โดยเจ้าหน้าที่พิจารณาแบบคำขอ ที่ได้รับและจัดเตรียมเอกสาร จากนั้นจะแจ้งให้ผู้ขอเข้ามารับเอกสารด้วยตนเอง กรณีที่ผู้ขอไม่สะดวกเข้ามารับเอกสารด้วยตนเอง สามารถมอบอำนาจให้บุคคลอื่นมารับเอกสารแทนได้"
ห้องสมุดของศาลปกครอง,หอสมุดกฎหมายมหาชน ตั้งอยู่บนชั้น 2 ของอาคารศาลปกครอง ถนนแจ้งวัฒนะ กรุงเทพมหานคร จัดตั้งขึ้นเพื่อเป็นแหล่งรวมองค์ความรู้ด้านกฎหมายมหาชนและกฎหมายปกครอง ให้บริการบุคลากรในหน่วยงานทั้งส่วนกลางและภูมิภาค บุคลากรจากหน่วยงานภายนอกทั้งหน่วยงานของรัฐและเอกชน ตลอดจน นักศึกษา ประชาชน และผู้สนใจทั่วไป อ่านเพิ่ม https://search01.admincourt.go.th/,"คำถาม: ห้องสมุดของศาลปกครอง
คำตอบ: หอสมุดกฎหมายมหาชน ตั้งอยู่บนชั้น 2 ของอาคารศาลปกครอง ถนนแจ้งวัฒนะ กรุงเทพมหานคร จัดตั้งขึ้นเพื่อเป็นแหล่งรวมองค์ความรู้ด้านกฎหมายมหาชนและกฎหมายปกครอง ให้บริการบุคลากรในหน่วยงานทั้งส่วนกลางและภูมิภาค บุคลากรจากหน่วยงานภายนอกทั้งหน่วยงานของรัฐและเอกชน ตลอดจน นักศึกษา ประชาชน และผู้สนใจทั่วไป อ่านเพิ่ม https://search01.admincourt.go.th/"
วารสารวิชาการศาลปกครอง,รวมวารสารวิชาการศาลปกครองและหนังสือวิชาการความรู้เกี่ยวกับคดีปกครอง ท่านสามารถเลือกอ่านได้ทางลิงก์นี้ คลิก http://www.admincourt.go.th/admincourt/site/09bookcategory.html  แต่หากท่านต้องการที่จะสั่งซื้อวารสารวิชาการศาลปกครอง ในรูปแบบ E-Journal ท่านสามารถสั่งซื้อได้ทาง https://www.mebmarket.com/ หรือคลิก https://bit.ly/3D559Aw  ในกรณีที่หน่วยงานต้องการสมัครสมาชิก หรือท่านใดต้องการเขียนบทความลงสารสารวิชาการศาลปกครอง สามารถอ่านรายละเอียดได้ทาง http://www.admincourt.go.th/admincourt/upload/varasan.pdf?242,"คำถาม: วารสารวิชาการศาลปกครอง
คำตอบ: รวมวารสารวิชาการศาลปกครองและหนังสือวิชาการความรู้เกี่ยวกับคดีปกครอง ท่านสามารถเลือกอ่านได้ทางลิงก์นี้ คลิก http://www.admincourt.go.th/admincourt/site/09bookcategory.html  แต่หากท่านต้องการที่จะสั่งซื้อวารสารวิชาการศาลปกครอง ในรูปแบบ E-Journal ท่านสามารถสั่งซื้อได้ทาง https://www.mebmarket.com/ หรือคลิก https://bit.ly/3D559Aw  ในกรณีที่หน่วยงานต้องการสมัครสมาชิก หรือท่านใดต้องการเขียนบทความลงสารสารวิชาการศาลปกครอง สามารถอ่านรายละเอียดได้ทาง http://www.admincourt.go.th/admincourt/upload/varasan.pdf?242"
ช่องทางการร้องเรียน,สำนักงานศาลปกครองได้เปิดระบบรับเรื่องราวร้องเรียนไว้ ดังนี้     ระบบที่ 1 ร้องเรียนเกี่ยวข้องกับการติดตามความเคลื่อนไหวคดีปกครอง เกี่ยวข้องกับหน่วยงานภายในสังกัดสำนักงานศาลปกครอง เกี่ยวข้องกับตุลาการศาลปกครอง ข้าราชการ พนักงาน และลูกจ้างสำนักงานศาลปกครอง คลิกhttp://comservice.admincourt.go.th/complain/frmTitle.aspx     ระบบที่ 2 แจ้งเบาะแสการทุจริตบุคลากรสำนักงานศาลปกครองที่มีพฤติการณ์ทุจริต คลิก http://www.admincourt.go.th/admincourt/site/corrupted_intro.html,"คำถาม: ช่องทางการร้องเรียน
คำตอบ: สำนักงานศาลปกครองได้เปิดระบบรับเรื่องราวร้องเรียนไว้ ดังนี้     ระบบที่ 1 ร้องเรียนเกี่ยวข้องกับการติดตามความเคลื่อนไหวคดีปกครอง เกี่ยวข้องกับหน่วยงานภายในสังกัดสำนักงานศาลปกครอง เกี่ยวข้องกับตุลาการศาลปกครอง ข้าราชการ พนักงาน และลูกจ้างสำนักงานศาลปกครอง คลิกhttp://comservice.admincourt.go.th/complain/frmTitle.aspx     ระบบที่ 2 แจ้งเบาะแสการทุจริตบุคลากรสำนักงานศาลปกครองที่มีพฤติการณ์ทุจริต คลิก http://www.admincourt.go.th/admincourt/site/corrupted_intro.html"
ข่าวสมัครงาน,ท่านสามารถติดตามการเปิดรับสมัครงานได้ที่ http://www.admincourt.go.th/  หัวข้อ ข่าวสมัครงาน  และเพื่อความรวดเร็วในการรับข้อมูลข่าวสารของสำนักงานศาลปกครอง   ท่านสามารถติดตามผ่านช่องทางต่างๆ ดังนี้ 1. เพิ่มเพื่อนทาง LINE Official Account สำนักงานศาลปกครอง  2. กดติดตาม Facebook สำนักงานศาลปกครอง https://www.facebook.com/admincourt/ 3. สายด่วนศาลปกครอง 1355 (ในวันและเวลาราชการ),"คำถาม: ข่าวสมัครงาน
คำตอบ: ท่านสามารถติดตามการเปิดรับสมัครงานได้ที่ http://www.admincourt.go.th/  หัวข้อ ข่าวสมัครงาน  และเพื่อความรวดเร็วในการรับข้อมูลข่าวสารของสำนักงานศาลปกครอง   ท่านสามารถติดตามผ่านช่องทางต่างๆ ดังนี้ 1. เพิ่มเพื่อนทาง LINE Official Account สำนักงานศาลปกครอง  2. กดติดตาม Facebook สำนักงานศาลปกครอง https://www.facebook.com/admincourt/ 3. สายด่วนศาลปกครอง 1355 (ในวันและเวลาราชการ)"
สถิติคดีปกครอง,ท่านสามารถอ่านรายละเอียดเพิ่มเติมเกี่ยวกับสถิติคดีปกครองในด้านต่าง ๆ ได้ดังนี้ http://www.admincourt.go.th/admincourt/site/03casedata.html,"คำถาม: สถิติคดีปกครอง
คำตอบ: ท่านสามารถอ่านรายละเอียดเพิ่มเติมเกี่ยวกับสถิติคดีปกครองในด้านต่าง ๆ ได้ดังนี้ http://www.admincourt.go.th/admincourt/site/03casedata.html"
สืบค้นคำพิพากษา/คำสั่ง/คำแถลงการณ์ศาลปกครองสูงสุด และศาลปกครองชั้นต้นที่ถึงที่สุด,ท่านสามารถสืบค้นคำพิพากษา/คำสั่ง/คำแถลงการณ์ศาลปกครองสูงสุด และศาลปกครองชั้นต้นที่ถึงที่สุดแล้วได้ทาง http://www.admincourt.go.th/admincourt/site/05SearchSuit.html,"คำถาม: สืบค้นคำพิพากษา/คำสั่ง/คำแถลงการณ์ศาลปกครองสูงสุด และศาลปกครองชั้นต้นที่ถึงที่สุด
คำตอบ: ท่านสามารถสืบค้นคำพิพากษา/คำสั่ง/คำแถลงการณ์ศาลปกครองสูงสุด และศาลปกครองชั้นต้นที่ถึงที่สุดแล้วได้ทาง http://www.admincourt.go.th/admincourt/site/05SearchSuit.html"
การเข้าชมพิพิธภัณฑ์เสมือนของ ศาลปกครอง,ท่านสามารถเข้าชมพิพิธภัณฑ์เสมือนของศาลปกครอง  ได้ที่http://www.admincourt.go.th/vmuseum/,"คำถาม: การเข้าชมพิพิธภัณฑ์เสมือนของ ศาลปกครอง
คำตอบ: ท่านสามารถเข้าชมพิพิธภัณฑ์เสมือนของศาลปกครอง  ได้ที่http://www.admincourt.go.th/vmuseum/"
