แนวทางการกรอกข้อมูล,Unnamed: 1,Unnamed: 2,Unnamed: 3,Unnamed: 4,Unnamed: 5,หมวดหมู่,หมวดหมู่ย่อย,ประเภท,ข้อมูลอ้างอิง,คำถาม,แหล่งที่มาข้อมูล,วันที่อัปเดทข้อมูลล่าสุด
หมวดหมู่,หมวดหมู่ย่อย,ประเภท,ข้อมูลอ้างอิง,แหล่งที่มาข้อมูล,วันที่อัปเดทข้อมูล,,,,,,,
หมวดหมู่หลักตามสารบัญ,หมวดหมู่ย่อยตามสารบัญ,ตัวอย่างคดี/เนื้อหา,ใช้ข้อมูลอ้างอิงที่สามารถตอบคำถามในหมวดหมู่และหมวดหมู่ย่อยที่ตั้งไว้ได้ครอบคลุม,ใส่ตามรายละเอียดที่มาของข้อมูล,"ใช้วันที่ตีพิมพ์ของคู่มือ, เอกสาร",,,,,,,
คดีที่อยู่ในอำนาจศาลปกครอง,คดีที่อยู่ในอำนาจศาลปกครอง,เนื้อหา,คดีปกครอง คือ คดีที่เป็นข้อพิพาทระหว่างหน่วยงานทางปกครอง หรือเจ้าหน้าที่ของรัฐกับเอกชน หรือข้อพิพาทระหว่างหน่วยงานทางปกครองหรือเจ้าหน้าที่ของรัฐด้วยกันเอง,คู่มือการดำเนินคดีปกครองสำหรับประชาชน,2022-12-01 00:00:00,,,,,,,
คดีที่อยู่ในอำนาจศาลปกครอง,1.1 หน่วยงานทางปกครองที่อาจถูกฟ้องคดีต่อศาลปกครอง,เนื้อหา,"หน่วยงานทางปกครองที่อาจถูกฟ้องคดีต่อศาลปกครองได้ มีอยู่ 7 ประเภท ดังต่อไปนี้
1 หน่วยราชการที่เป็นราชการส่วนกลาง ได้แก่ กระทรวง กรม
2 หน่วยราชการที่เป็นราชการส่วนภูมิภาค ได้แก่ จังหวัด อำเภอ
3 องค์กรปกครองส่วนท้องถิ่น ได้แก่ องค์การบริหารส่วนจังหวัด เทศบาล องค์การบริหารส่วนตำบล กรุงเทพมหานครและเมืองพัทยา
4 รัฐวิสาหกิจที่จัดตั้งขึ้นโดยพระราชบัญญัติ เช่น การรถไฟแห่งประเทศไทย การประปานครหลวง หรือรัฐวิสาหกิจที่จัดตั้งขึ้นโดยพระราชกฤษฎีกา เช่น องค์การขนส่งมวลชนกรุงเทพ
5 หน่วยงานของรัฐที่มิได้เป็นส่วนราชการและรัฐวิสาหกิจหรือที่เรียกกันว่าองค์การมหาชน เช่น มหาวิทยาลัยเทคโนโลยีสุรนารี สำนักงานคณะกรรมการกำกับหลักทรัพย์และตลาดหลักทรัพย์
6 หน่วยงานอิสระตามรัฐธรรมนูญ เช่น สำนักงานศาลปกครอง สำนักงานศาลยุติธรรม
7 หน่วยงานที่ได้รับมอบหมายจากรัฐให้ใช้อำนาจทางปกครองหรือให้ดำเนินกิจการทางปกครอง เช่น แพทยสภา สภาทนายความ สำนักงานช่างรังวัดเอกชน บริษัท ท่าอากาศยานไทย จำกัด (มหาชน)
ดังนั้น หน่วยงานทางปกครองที่อาจถูกฟ้องคดีต่อศาลปกครองจึงไม่รวมถึงรัฐสภาที่ใช้อำนาจทางนิติบัญญัติและศาลที่ใช้อำนาจทางตุลาการ อย่างไรก็ตาม เอกชนก็อาจถูกฟ้องคดีต่อศาลปกครองได้เช่นกัน เช่น ในคดีพิพาทเกี่ยวกับสัญญาทางปกครองซึ่งหนึ่งงานทางปกครองคู่สัญญาอาจฟ้องเอกชนคู่สัญญาเป็นคดีต่อศาลปกครองได้",คู่มือการดำเนินคดีปกครองสำหรับประชาชน,2022-12-01 00:00:00,,,,,,,
คดีที่อยู่ในอำนาจศาลปกครอง,1.2 เจ้าหน้าที่ของรัฐที่อาจถูกฟ้องคดีต่อศาลปกครอง,เนื้อหา,"เจ้าหน้าที่ของรัฐที่อาจถูกฟ้องคดีต่อศาลปกครอง ได้แก่
1 ข้าราชการ พนักงาน ลูกจ้าง คณะบุคคลหรือผู้ที่ปฏิบัติงานในหน่วยงานทางปกครอง ได้แก่
1.1 ข้าราชการในกระทรวง กรม เช่น รัฐมนตรี ปลัดกระทรวง อธิบดี ผู้อำนวยการกอง
1.2 ข้าราชการในจังหวัด อำเภอ เช่น ผู้ว่าราชการจังหวัด นายอำเภอ
1.3 พนักงานขององค์กรปกครองส่วนท้องถิ่น เช่น นายกเทศมนตรี ปลัดองค์กรบริหารส่วนตำบล ผู้อำนวยการเขตของกรุงเทพมหานคร
1.4 พนักงานรัฐวิสาหกิจ เช่น ผู้อำนวยการไฟฟ้าฝ่ายผลิตแห่งประเทศไทย ผู้อำนวยการการท่าเรือแห่งประเทศไทย
1.5 พนักงานขององค์การมหาชน เช่น ผู้อำนวยการองค์การกระจายเสียงแห่งประเทศไทย ผู้อำนวยการโรงพยาบาลบ้านแพ้ว
1.6 เจ้าหน้าที่ในหน่วยงานอิสระตามรัฐธรรมนูญ เช่น เลขาธิการสำนักงานศาลปกครอง เลขาธิการสำนักงานคณะกรรมการสิทธิมนุษยชนแห่งชาติ
2 คณะกรรมการวินิจฉัยข้อพิพาท
คณะกรรมการหรือบุคคลซึ่งมีกฎหมายให้อำนาจในการออกกฎ คำสั่ง หรือมติใดๆ ที่มีผลกระทบต่อบุคคล เช่น คณะกรรมการรับนักเรียน คณะกรรมการพิจารณาคุณวุฒิระดับอุดมศึกษา คณะกรรมการวินิจฉัยกรณีเปิดเผยข้อมูลข่าวสารของราชการ สภามหาวิทยาลัย สภาท้องถิ่น
3 บุคคลที่อยู่ในบังคับบัญชาหรือในกำกับดูแลของหน่วยงานทางปกครองหรือเจ้าหน้าที่ของรัฐ
เช่น กำนัน ผู้ใหญ่บ้าน เจ้าหน้าที่ของเอกชนที่ได้รับมอบหมายให้จัดทำบริการสาธารณะ",คู่มือการดำเนินคดีปกครองสำหรับประชาชน,2022-12-01 00:00:00,,,,,,,
คดีที่อยู่ในอำนาจศาลปกครอง,1.3 คดีที่อยู่ในอำนาจของศาลปกครอง,เนื้อหา,"คดีที่อยู่ในอำนาจของศาลปกครอง
1 คดีพิพาทเกี่ยวกับการที่หน่วยงานทางปกครองหรือเจ้าหน้าที่ของรัฐออกคำสั่งโดยไม่ชอบด้วยกฎหมาย
เช่น กฎกระทรวงกำหนดเวลาเปิดทำการปิดสำนักงานบริการ ระเบียบของมหาวิทยาลัยที่กำหนดให้นักศึกษาต้องผ่านเกณฑ์การวัดผลภาษาอังกฤษ หรือกรณีผู้พิจารณาคดีเห็นว่าเจ้าหน้าที่ของรัฐมิได้ปฏิบัติตามอำนาจโดยอนุญาตหรือคำสั่งการโดยไม่ชอบด้วยกฎหมาย หรือกรณีผู้พิจารณาคดีเห็นว่าผู้บังคับบัญชามีคำสั่งลงโทษทางวินัยโดยไม่เป็นธรรม เป็นต้น
2 คดีพิพาทเกี่ยวกับการกระทำทางกายโดยไม่ชอบด้วยกฎหมาย
เช่น กรุงเทพมหานครรื้อย้ายสะพานลอย เทศบาลก่อสร้างระบบประปา องค์การบริหารส่วนตำบลรื้อถอนสิ่งปลูกสร้างของประชาชน
3 คดีพิพาทเกี่ยวกับการที่หน่วยงานทางปกครองหรือเจ้าหน้าที่ของรัฐละเลยต่อหน้าที่ตามกฎหมายกำหนดให้ต้องปฏิบัติหรือปฏิบัติล่าช้าเกินสมควร
เช่น การที่เจ้าพนักงานที่ดินออกคำสั่งเพิกถอนโฉนดที่ดินโดยไม่ชอบด้วยกฎหมายทำให้ผู้ฟ้องคดีได้รับความเสียหาย และผู้ฟ้องคดีเรียกค่าเสียหายดังกล่าว เป็นต้น
4 คดีพิพาทเกี่ยวกับการใช้อำนาจจัดเก็บของหน่วยงานทางปกครองหรือเจ้าหน้าที่ของรัฐที่ไม่ชอบด้วยกฎหมาย
เช่น การจัดเก็บค่าธรรมเนียม หรือค่าบริการที่ไม่มีกฎหมายกำหนดให้จัดเก็บหรือจัดเก็บในอัตราที่สูงเกินควร โดยไม่มีเหตุผลอันสมควร
5 คดีพิพาทเกี่ยวกับความรับผิดอย่างอื่นของหน่วยงานทางปกครองหรือเจ้าหน้าที่ของรัฐ
เช่น คดีเกี่ยวกับค่าทดแทนกรณีคืน คดีเกี่ยวกับค่าทดแทนกรรรอผลสิทธิในกรวางสายไฟฟ้า สายโทรศัพท์ วางท่อประปา ท่อก๊าซ
6 คดีพิพาทเกี่ยวกับสัญญาทางปกครอง
เช่น ข้อพิพาทเกี่ยวกับสัญญาจ้างเอกชนก่อสร้างถนน สะพาน อาคารเรียน หรือข้อพิพาทเกี่ยวกับการเรียกเงินค่าปรับสัญญาหากงานส่งมอบล่าช้า หรือไม่เรียกเบี้ยปรับหากคู่สัญญาทำงานล่าช้า หรือกรณีการออกคำบับข้าราชการที่ได้รับอนุญาตให้ศึกษาต่อ เป็นต้น
7 คดีที่มีกฎหมายกำหนดให้หน่วยงานทางปกครองหรือเจ้าหน้าที่ของรัฐฟ้องคดีต่อศาลปกครองเพื่อบังคับให้บุคคลกระทำหรือละเว้นการกระทำ
เช่น คำสั่งทางปกครองที่ออกโดยเจ้าหน้าที่ของรัฐเจ้าหน้าที่ของรัฐที่ใช้อำนาจหน้าที่ทางปกครองออกคำสั่งให้บุคคลใดกระทำหรือละเว้นการกระทำใด แล้วบุคคลนั้นไม่ปฏิบัติตาม เจ้าหน้าที่ของรัฐมีหน้าที่ต้องดำเนินการตามกฎหมายให้บุคคลนั้นปฏิบัติตาม โดยการฟ้องคดีต่อศาลปกครองเพื่อขอให้ศาลมีคำพิพากษาให้บุคคลนั้นปฏิบัติตามคำสั่งดังกล่าว
8 คดีที่มีกฎหมายบัญญัติให้อยู่ในเขตอำนาจของศาลปกครอง
เช่น คดีพิพาทเกี่ยวกับสิทธิในที่ดิน สัญญาทางปกครอง เป็นต้น

",คู่มือการดำเนินคดีปกครองสำหรับประชาชน,2022-12-01 00:00:00,,,,,,,
คดีที่อยู่ในอำนาจศาลปกครอง,1.3 คดีที่อยู่ในอำนาจของศาลปกครอง,ตัวอย่างคดีพิพาทเกี่ยวกับการที่หน่วยงานทางปกครองหรือเจ้าหน้าที่ของรัฐออกกฎ คำสั่งหรือกระทำการอื่นใดโดโดยไม่ชอบด้วยกฎหมาย,"นายณเดช รับราชการเป็นเจ้าหน้าที่บริหารงานโยธา 7 สังกัดกรุงเทพมหานคร ได้รับคำสั่งให้ออกจากราชการ โดยถูกกล่าวหาว่ากระทำผิดวินัยอย่างร้ายแรงเนื่องจากรายงานเท็จต่อผู้บังคับบัญชา กรณีที่รายงานว่า นายมาริโอ้ เจ้าของอาคารซึ่งต้องรื้อถอนตามคำพิพากษาศาลฎีกา ได้ยื่นแบบขอแก้ไขอาคารดังกล่าวให้ถูกต้อง ทั้งที่ความจริงปรากฏว่านายมาริโอ้ไม่ได้มีการยื่นแบบขอแก้ไขอาคารแต่อย่างใด 

เมื่อได้รับคำสั่ง นายณเดช ได้ทำหนังสือร้องทุกข์ต่อคณะกรรมการข้าราชการกรุงเทพมหานคร (ก.ก.) แต่ในเวลาต่อมานายณเดชมีหนังสือขอถอนคำร้องทุกข์ดังกล่าว และนำคดีมาฟ้องต่อศาลปกครอง ซึ่งศาลมีคำสั่งไม่รับคำฟ้องไว้พิจารณาเนื่องจากนายณเดชซึ่งเป็นผู้ฟ้องคดียังไม่ได้ดำเนินการแก้ไขความเดือดร้อนเสียหายตามขั้นตอนที่กฎหมายกำหนด นายณเดชจึงทำหนังสือถึง ก.ก.ก. อีกครั้งเพื่อร้องขอให้ ก.ก. รับเรื่องร้องทุกข์ แต่ ก.ก. เห็นว่านายณเดชร้องทุกข์เกินกำหนดและการขอถอนเรื่องร้องทุกข์ที่ผ่านมา มีผลทำให้การพิจารณาร้องทุกข์ดังกล่าวมีอันต้องระงับไปตามกฎหมาย จึงมีมติไม่รับเรื่องร้องทุกข์ของนายณเดชไว้พิจารณา เมื่อนายณเดชหันซ้ายขวาไม่รู้จะพึ่งใคร จึงเดินทางมายื่นฟ้องคดีต่อศาลปกครองอีกครั้งเพื่อร้องขอความเป็นธรรม 

เรื่องนี้ศาลปกครองพิจารณาแล้วเห็นว่าหลังจากที่ศาลปกครองมีคำสั่งไม่รับฟ้อง เนื่องจากเห็นว่า นายณเดช ซึ่งเป็นผู้ฟ้องคดียังไม่ได้ดำเนินการตามขั้นตอนที่กฎหมายกำหนด นายณเดชจึงได้ทำหนังสือถึงหัวหน้าสำนักงาน ก.ก. ร้องขอความเป็นธรรมให้พิจารณาเรื่องร้องทุกข์ดังกล่าวอีกครั้ง ซึ่งหัวหน้าสำนักงาน ก.ก.ก. ได้มีหนังสือแจ้งกลับมายังผู้ฟ้องคดีให้ส่งสำเนาคำสั่งศาลให้สำนักงาน ก.ก.ก. และผู้ฟ้องคดีก็ได้ปฏิบัติตามแล้วนั้น การที่ ก.ก. ปล่อยให้เวลาล่วงพ้นไปกว่า 5 เดือนจึงมีหนังสือแจ้งผลการพิจารณาว่าการขอถอนเรื่องร้องทุกข์ของผู้ฟ้องคดีมีผลทำให้การพิจารณาร้องทุกข์มีอันต้องระงับไปตามกฎหมาย เหตุผลดังกล่าวไม่อาจรับฟังได้และไม่เป็นธรรมต่อผู้ฟ้องคดีเนื่องจากการขอถอนเรื่องร้องทุกข์มีสาเหตุมาจากการไม่ได้รับความสะดวกและความล่าช้าในการขอข้อมูลข่าวสารเพื่อนำมาใช้จัดทำคำร้องทุกข์ ดังนั้น การจะห้ามไม่ให้ผู้ฟ้องคดีใช้สิทธิฟ้องคดีต่อศาลด้วยเหตุที่ไม่ได้ยื่นร้องทุกข์คำสั่งก่อนฟ้องคดีย่อมจะไม่เป็นธรรม จึงถือได้ว่าผู้ฟ้องคดีดำเนินการร้องทุกข์เพื่อแก้ไขความเดือดร้อนหรือเสียหายตามที่กฎหมายกำหนดแล้ว แต่ทางผู้ถูกฟ้องคดีไม่ได้มีการสั่งการใดๆ ภายในเวลาอันสมควรหรือภายในระยะเวลาที่กฎหมายกำหนด 

สำหรับเรื่องการรายงานเท็จต่อผู้บังคับบัญชาจนเป็นเหตุให้ผู้ฟ้องคดีได้รับคำสั่งให้ออกจากราชการนั้น ศาลปกครองพิจารณาเห็นว่า นายนคร ซึ่งเป็นเจ้าหน้าที่ผู้รับผิดชอบและเป็นผู้รายงานผลการดำเนินการประจำเดือนเกี่ยวกับอาคารตามคำพิพากษา ได้รายงานเท็จต่อหัวหน้าของตนว่านายมาริโอ้ เจ้าของอาคารพิพาทขอยื่นแบบแก้ไขอาคารทั้งที่ไม่ได้มีการขอยื่นแบบแต่อย่างใด ในขณะที่ผู้ฟ้องคดีซึ่งเป็นหัวหน้าเหนือขึ้นไปจากหัวหน้าของนายนครได้รับรายงานแล้วไม่ได้อ่านรายงานอย่างถี่ถ้วนเนื่องจากเห็นว่ารายงานดังกล่าวผ่านการกลั่นกรองมาแล้วชั้นหนึ่ง แต่เมื่อผู้ฟ้องคดีทราบความจริงก็ได้สั่งให้ลูกน้องตรวจสอบข้อมูลอีกครั้งจนกระทั่งได้ข้อมูลที่เป็นจริงรายงานต่อผู้บังคับบัญชา ทำให้ทราบว่าเอกสารขออนุมัติยุติคดีอาคารของนายนครเป็นเอกสารปลอม จากข้อเท็จจริงดังกล่าวมีน้ำหนักรับฟังได้ว่าผู้ฟ้องคดีไม่ได้มีส่วนเกี่ยวข้องกับการปลอมแปลงเอกสาร และการรายงานเท็จของผู้ฟ้องคดีไม่ได้เป็นคุณแก่นายมาริโอ้ถึงขนาดทำให้ไม่ต้องรื้อถอนอาคารตามคำพิพากษาแต่อย่างใด ซึ่งเป็นการกระทำผิดวินัยอย่างไม่ร้ายแรง ทั้งพฤติการณ์แห่งการกระทำผิดไม่เข้าลักษณะมีมลทินหรือมัวหมองในกรณีที่ถูกสอบสวน และหากให้รับราชการต่อไปจะเป็นการเสียหายแก่ราชการ การที่ผู้ถูกฟ้องคดีออกคำสั่งให้ผู้ฟ้องคดีออกจากราชการจึงเป็นการใช้ดุลพินิจโดยมิชอบ ศาลปกครองจึงพิพากษาให้เพิกถอนคำสั่งที่ให้ผู้ฟ้องคดีออกจากราชการและให้ดำเนินการเพื่อให้ผู้ฟ้องคดีกลับเข้ารับราชการตามระเบียบ ข้อบังคับของทางราชการภายในสามสิบวันนับจากวันที่คดีถึงที่สุด ตลอดจนคืนสิทธิต่างๆ ที่ผู้ฟ้องคดีจะต้องได้รับตามกฎหมายและระเบียบที่เกี่ยวข้องภายในสามสิบวันนับจากวันที่ผู้ฟ้องคดีได้กลับเข้ารับราชการ (เก็บเคียงคำพิพากษาศาลปกครองสูงสุดที่ อ.63/2551)",คู่มือการดำเนินคดีปกครองสำหรับประชาชน,2022-12-01 00:00:00,,,,,,,
คดีที่อยู่ในอำนาจศาลปกครอง,1.3 คดีที่อยู่ในอำนาจของศาลปกครอง,"ตัวอย่างคดีพิพาทเกี่ยวกับการที่หน่วยงานทางปกครองหรือเจ้าหน้าที่ของรัฐละเลยต่อหน้าที่ตามที่กฎหมายกำหนดให้ต้องปฏิบัติหรือปฏิบัติหน้าที่ล่าช้าเกินสมควร
","นายหมากซึ่งเป็นผู้ฟ้องในคดีนี้ เป็นเจ้าของที่ดินผืนหนึ่งในตัวเมืองจังหวัดเชียงใหม่ ที่ดินของนายหมากอยู่ติดกับอาคารหอพักของนายปรินซึ่งกำลังก่อสร้าง นายหมากได้มีคำร้องถึงนายกเทศมนตรีขอให้ตรวจสอบการก่อสร้างอาคารหอพักของนายปรินว่าขัดต่อกฎหมายหรือไม่ แต่ทางเทศบาลกลับนิ่งเฉยจนนายหมากทำคำร้องไปอีกครั้งขอให้ตรวจสอบหอพักดังกล่าวโดยเฉพาะเรื่องของระยะห่างของอาคารกับเขตที่ดินของตน ต่อมานายกเทศมนตรีซึ่งเป็นผู้ถูกฟ้องคดีมีหนังสือตอบกลับคำร้องว่าอาคารหอพักของนายปรินไม่รุกล้ำที่ดินของผู้ฟ้องคดี แต่ผู้ฟ้องคดียังเห็นว่าการก่อสร้างอาคารหอพักของนายปรินมีบางส่วนชิดกับเขตที่ดินของตนซึ่งมีระยะห่างจากเขตที่ดินน้อยกว่า 50 เซนติเมตร โดยไม่ได้รับความยินยอมซึ่งไม่ถูกต้องตามกฎหมาย จึงมีคำร้องให้ตรวจสอบระยะห่างของอาคารกับเขตที่ดินดังกล่าวอีกครั้ง 

หลังจากได้รับคำร้องของนายหมาก ผู้ถูกฟ้องคดีใช้เวลาตรวจสอบนานกว่า 5 เดือนเศษก่อนจะพบว่าการก่อสร้างอาคารของนายปรินไม่ถูกต้องตามใบอนุญาตจริง แต่ว่าเป็นกรณีที่สามารถแก้ไขให้ถูกต้องได้จึงออกคำสั่งให้แก้ไขอาคารให้มีระยะห่างตามที่กฎหมายกำหนดภายใน 30 วันและยื่นคำขอรับใบอนุญาตตัดแปลงอาคารหลังจากแก้ไขแล้วเสร็จภายใน 30 วัน เวลาผ่านไป 4 เดือนเศษหลังจากได้รับคำสั่งให้แก้ไขอาคาร นายปรินจึงได้ยื่นคำขอรับใบอนุญาตดัดแปลงอาคาร และทางผู้ถูกฟ้องคดีก็ได้ออกใบอนุญาตให้ ในเวลาต่อมานายหมากเห็นว่าเรื่องนี้ไม่เป็นธรรมกับตนจึงมายื่นฟ้องคดีกับศาลปกครอง ศาลปกครองพิจารณาแล้วเห็นว่าการที่นายหมากซึ่งเป็นผู้ฟ้องคดีมีคำร้องให้ผู้ถูกฟ้องคดีตรวจสอบการก่อสร้างหอพักของนายบรินว่าขัดต่อกฎหมายหรือไม่แต่ผู้ถูกฟ้องคดีกลับนิ่งเฉยจนผู้ฟ้องคดีต้องยื่นคำร้องอีกครั้งให้ตรวจสอบในเรื่องดังกล่าว ผู้ถูกฟ้องคดีจึงมีหนังสือตอบกลับคำร้องว่าอาคารหอพักไม่ได้รุกล้ำที่ดินของผู้ฟ้องคดี อันเป็นการละเลยต่อหน้าที่ตามกฎหมาย อีกทั้งเมื่อผู้ฟ้องคดีมีคำร้องเตือนให้ตรวจสอบเรื่องระยะห่างของอาคารกับเขตที่ดินในเวลาต่อมา ผู้ถูกฟ้องคดีใช้เวลานานถึง 5 เดือนเศษจึงไปตรวจสอบแล้วพบว่าการก่อสร้างอาคารของนายปรินไม่ถูกต้องตามใบอนุญาตแต่เป็นกรณีที่สามารถแก้ไขได้จึงสั่งให้แก้ไขภายใน 30 วันและให้ยื่นขอรับใบอนุญาตดัดแปลงอาคารหลังจากแก้ไขเสร็จภายใน 30 วัน แต่เจ้าของอาคารใช้เวลา 4 เดือนเศษหลังจากได้รับคำสั่งจึงไปยื่นขอรับใบอนุญาต โดยที่ในระยะเวลาดังกล่าวผู้ถูกฟ้องคดีไม่ได้ดำเนินการใดๆ ตามกฎหมายตามที่เจ้าพนักงานท้องถิ่นจะต้องปฏิบัติ ซึ่งแสดงให้เห็นถึงความไม่สนใจที่จะให้มีการบังคับใช้กฎหมายให้เกิดผลอย่างดีที่สุด 

นอกจากนั้นผู้ฟ้องคดีได้ออกใบอนุญาตตัดแปลงอาคารให้นายปรินแก้ไขผังบริเวณก่อสร้างอาคารด้านที่ชิดเขตที่ดินของผู้ฟ้องคดี แม้จะมีการแก้ไขอาคารดังกล่าวก็ยังฝ่าฝืนกฎหมายที่กำหนดให้อาคารที่มีความสูงเกิน 9 เมตรแต่ไม่ถึง 23 เมตร ผนังหรือระเบียงต้องอยู่ห่างจากเขตที่ดินไม่น้อยกว่า 3 เมตร แต่อาคารหอพักของนายบรินอยู่ห่างจากเขตที่ดินน้อยกว่า 3 เมตรแต่ไม่น้อยกว่า 50 เซนติเมตร ผนังจะต้องปิดทึบ แต่ผู้ถูกฟ้องคดียินยอมให้นายปรินจัดทำหน้าต่างบานเกล็ดที่ช่องกันสาด แก้ไขประตูห้องพักไประเบียงเป็นหน้าต่างบานเกล็ดซึ่งมีลักษณะเป็นช่องระบายอากาศและช่องแสง แล้วให้การรับรองว่าหน้าต่างบานเกล็ดดังกล่าวเป็นผนังของห้องพักอยู่ห่างจากเขตที่ดินเกินกว่า 3 เมตรนั้นถูกต้อง เป็นการตีความเบี่ยงเบนเพื่อช่วยเหลือให้นายปรินหลีกเลี่ยงไม่ต้องปฏิบัติตามกฎหมาย พฤติการณ์ของผู้ถูกฟ้องคดีที่ไม่ออกคำสั่งให้นายปรินซึ่งเป็นเจ้าของอาคารแก้ไขอาคารให้ถูกต้องตามกฎหมายจึงเป็นการละเลยต่อหน้าที่ตามที่กฎหมายกำหนดให้ต้องปฏิบัติ ศาลปกครองจึงพิพากษาให้ผู้ถูกฟ้องคดีออกคำสั่งให้เจ้าของอาคารแก้ไขผนังอาคารให้ถูกต้องตามกฎหมายภายในสามสิบวันนับแต่วันที่มีคำพิพากษา (เทียบเคียงคำพิพากษาศาลปกครองสูงสุดที่ อ.181/2553)",คู่มือการดำเนินคดีปกครองสำหรับประชาชน,2022-12-01 00:00:00,,,,,,,
คดีที่อยู่ในอำนาจศาลปกครอง,1.3 คดีที่อยู่ในอำนาจของศาลปกครอง,ตัวอย่างคดีพิพาทเกี่ยวกับการกระทำละเมิดของหน่วยงานทางปกครองหรือเจ้าหน้าที่ของรัฐอันเกิดจากการใช้อำนาจตามกฎหมายหรือจากกฎ คำสั่ง หรือจากการละเลยต่อต่อหนักที่ตามที่กฎหมายกำหนดให้ต้องปฏิบัติหรือปฏิบัติหน้าที่ดังกล่าวล่าวล่าเกินสมควร,"หมู่บ้านตะโก้แห้วเป็นหมู่บ้านที่ประกอบอาชีพเกษตรกรรมเป็นส่วนใหญ่ เพราะมีแม่น้ำไหลผ่านอีกทั้งยังมีคลองสายย่อยแตกสาขาเข้าไปยังที่ดินของชาวบ้านหล่อเลี้ยงเรือกสวนไร่นาให้อุดมสมบูรณ์ รวมถึงที่ดินของนายขยันยิ่ง พระเอกของเรื่องนี้ด้วย 

เมื่อไม่นานมานี้เอง คูคลองแถวบ้านนายขยันยิ่งมีสภาพตื้นเขิน เวลาฝนตกหนักก็ทำให้น้ำเอ่อท่วมเข้าไปในที่ดินของชาวบ้านละแวกนั้น ทำให้ผลผลิตทางการเกษตรได้รับความเสียหาย ทางกรมชลประทานจึงได้มาขุดลอกคูคลองให้ลึกขึ้นและขยายความกว้างออกไป พร้อมทั้งสร้างคันดินลงลูกรังเพื่อที่จะทำทางลำเลียงขนผลผลิตทางการเกษตรของชาวบ้าน และให้เป็นพนังกั้นน้ำไม่ให้ท่วมเข้าไปในที่ดินของชาวบ้าน ดูแล้วเหมือนผลประโยชน์จะมาทางชาวบ้านเต็มๆ แต่ทว่าแจ็คพอตกลับมาตกที่นายขยันยิ่ง เพราะว่าพื้นที่ที่มาขุดลอกคลองและทำถนนเลียบคันดินนั้นล้ำเข้ามาในที่ของนายขยันยิ่งรวมๆ แล้วตั้งเกือบ 4 ไร่ เห็นแบบนี้แล้วนิ่งนอนใจได้ที่ไหน นายขยันยิ่งจึงไปร้องขอความเป็นธรรมจากหน่วยงานที่เกี่ยวข้อง แต่ไปมาก็หลายที่ก็ไม่ได้รับการช่วยเหลือแต่อย่างใด เลยนำเรื่องนี้มาฟ้องขอความเป็นธรรมจากศาลปกครองให้มีคำสั่งให้กรมชลประทานชดใช้ค่าเสียหายให้แก่ตน 

ทางกรมชลประทานได้ชี้แจงว่าก่อนที่จะทำโครงการขุดลอกและพัฒนาลุ่มน้ำหมู่บ้านนั้น ได้มีการเรียกประชุมผู้นำหมู่บ้านและชาวบ้านในละแวกนั้นเพื่อมาชี้แจงถึงความจำเป็นและผลกระทบในการขุดลอกคูคลอง พร้อมทั้งได้มีการลงชื่อในหนังสือยินยอมให้ทำการขุดลอกพัฒนาลำน้ำและให้ทางราชการใช้ที่ดินว่างเปล่าเป็นที่ทิ้งดินเพื่อการพัฒนาแหล่งน้ำเรียบร้อยแล้ว ซึ่งกรณีของนายขยันยิ่ง ญาติได้เป็นผู้ลงลายมือชื่อในหนังสือยินยอม อีกทั้งการดำเนินการขุดลอกพัฒนาคลองก็เพื่อผลประโยชน์ส่วนรวมของชาวบ้าน ทำให้สามารถเพิ่มศักยภาพการผลิตและยกระดับคุณภาพชีวิตของชาวบ้านให้ดีขึ้น นอกจากนี้ยังได้ทำการเกลี่ยแต่งดินที่นำไปถมที่นาของนายขยันยิ่งเรียบร้อยแล้วจนสามารถทำนาและปลูกพืชได้ตามปกติ นายขยันยิ่งจึงไม่มีสิทธิที่จะเรียกร้องค่าเสียหายเพราะไม่ได้รับความเดือดร้อนเสียหายเหล่านี้เลย 

ศาลปกครองชั้นต้นพิจารณาแล้วเห็นว่า หนังสือยินยอมไม่ได้มีข้อความใดๆ ที่ระบุว่านายขยันยิ่งได้ยกที่ดินให้แก่ทางราชการเพื่อใช้ประโยชน์ในการดำเนินการพัฒนาแหล่งน้ำแต่อย่างใด นอกจากนั้นหนังสือยินยอมดังกล่าวเป็นของบุคคลอื่นที่ไม่ใช่ของนายขยันยิ่ง ทั้งยังไม่ได้ปรากฏว่านายขยันยิ่งได้มอบอำนาจให้ญาติเป็นผู้ทำหนังสือยินยอมแทน ดังนั้นการที่กรมชลประทานได้ทำการขุดลอกคลองและทำถนนเลียบคันดินล้ำเข้าไปในที่ดินของนายขยันยิ่ง จึงถือเป็นการละเมิดสิทธิในทรัพย์สินของบุคคล ถือเป็นการกระทำโดยไม่ชอบด้วยกฎหมาย และจากการที่ให้สำนักงานที่ดินจังหวัดรังวัดที่ดินนายขยันยิ่งใหม่ ได้ข้อเท็จจริงว่าในการขุดลอกคลองครั้งนี้ได้รุกล้ำเข้าไปในที่ดินของนายขยันยิ่งจริง และได้ทำการตีราคาประเมินเป็นจำนวนเงิน 146,000 บาท ศาลปกครองชั้นต้นพิพากษาให้กรมชลประทานชดใช้ค่าสินไหมทดแทนราคาที่ดินให้แก่นายขยันยิ่งตามราคาที่สำนักงานที่ดินจังหวัดตีราคา ภายในหกสิบวันนับแต่วันที่ศาลมีคำพิพากษาถึงที่สุด 

กรมชลประทานอุทธรณ์ต่อศาลปกครองสูงสุดว่า ในการเรียกประชุมชี้แจงโครงการขุดลอกพัฒนาแหล่งน้ำนั้น ถึงนายขยันยิ่งจะไม่ได้เข้าประชุม แต่มีผู้นำหมู่บ้านและญาติมาร่วมประชุม และตามหลักในการปฏิบัติราชการทั่วไป เมื่อผู้นำหมู่บ้านไปประชุมร่วมกับหน่วยงานระดับอำเภอและจังหวัดมาแล้ว จะต้องเรียกประชุมลูกบ้านเพื่อเล่ารายละเอียดเกี่ยวกับโครงการนี้ให้ฟัง จึงเชื่อว่านายขยันยิ่งและญาติจะต้องรู้ว่าการขุดลอกคลองดังกล่าวจะเกิดผลกระทบต่อตนอย่างไรบ้าง อีกทั้งในการที่ญาติของนายขยันยิ่งเซ็นชื่อในหนังสือยินยอม รวมทั้งเมื่อเจ้าหน้าที่เข้าขุดลอกคลองและสร้างถนนในที่ดินของนายขยันยิ่ง นายขยันยิ่งก็ไม่ได้คัดค้านแต่ประการใด และสำหรับการยกที่ดินให้เป็นที่สาธารณประโยชน์นั้นไม่จำเป็นต้องทำเป็นหนังสือและจดทะเบียนต่อเจ้าหน้าที่ก็มีผลสมบูรณ์ตามกฎหมายแล้ว การกระทำดังกล่าวจึงไม่เป็นการละเมิดสิทธิของนายขยันยิ่งแต่อย่างใด 

ศาลปกครองสูงสุดพิเคราะห์แล้วเห็นว่า กรมชลประทานไม่ได้เวนคืนหรือซื้อขายที่ดินของนายขยันยิ่ง และไม่มีสิทธิโดยชอบด้วยกฎหมายที่จะขุดลอกเอาที่ดินของนายขยันยิ่งโดยวิธีอื่นๆ ดังนั้นการที่กรมชลประทานได้ใช้ที่ดินนายขยันยิ่งเพื่อขุดลอกขยายคลองและสร้างถนนเลียบคันดินรุกล้ำที่ดินของนายขยันยิ่ง จึงเป็นการจงใจทำให้นายขยันยิ่งได้รับความเสียหายต่อที่ดินซึ่งเป็นทรัพย์สินส่วนตัว ถือเป็นการกระทำละเมิดต่อนายขยันยิ่ง โดยกรมชลประทานซึ่งเป็นหน่วยงานของรัฐต้องรับผิดชอบในผลแห่งการละเมิดที่เจ้าหน้าที่ของตนได้กระทำในการปฏิบัติหน้าที่ตามมาตรา 5 วรรคหนึ่งแห่งพระราชบัญญัติความรับผิดทางละเมิดของเจ้าหน้าที่ พ.ศ.2539 ส่วนข้อความในหนังสือยินยอมที่ญาติของนายขยันยิ่งลงลายมือชื่อนั้นมีความหมายแค่ว่ายินยอมให้ทางราชการสามารถใช้ที่ดินว่างเปล่าของตนเป็นที่ทิ้งดินเพื่อการพัฒนาลำน้ำเท่านั้น ไม่ได้มีข้อความแสดงว่ายินยอมให้ขุดลอกรุกล้ำที่ดินหรือยกที่ดินให้ทางราชการแต่ประการใด นายขยันยิ่งจึงถือได้ว่ามีสิทธิในการเรียกร้องค่าเสียหายในที่ดินที่เสียไปจากการพัฒนาลำน้ำดังกล่าว ส่วนค่าเสียหายที่สำนักงานที่ดินจังหวัดได้เสนอต่อศาลปกครองชั้นต้นนั้นไม่แตกต่างจากราคาซื้อขายที่ดินในละแวกนั้น จึงถือว่าราคาประเมินนั้นเหมาะสมเป็นธรรมแล้ว และแม้ว่านายขยันยิ่งจะได้รับประโยชน์จากโครงการดังกล่าว แต่ก็เป็นโครงการที่เป็นประโยชน์ต่อส่วนรวม ไม่ได้เฉพาะแต่นายขยันยิ่งแต่เพียงผู้เดียว 

ศาลปกครองสูงสุดจึงพิพากษายืนตามคำพิพากษาของศาลปกครองชั้นต้นที่ให้กรมชลประทานชดใช้ค่าสินไหมทดแทนให้แก่นายขยันยิ่งเป็นเงิน 146,000 บาท ภายในหกสิบวันนับแต่วันที่คำพิพากษาของศาลถึงที่สุด (เทียบเคียงคำพิพากษาศาลปกครองสูงสุดที่ อ.266/2552)

",คู่มือการดำเนินคดีปกครองสำหรับประชาชน,2022-12-01 00:00:00,,,,,,,
คดีที่อยู่ในอำนาจศาลปกครอง,1.3 คดีที่อยู่ในอำนาจของศาลปกครอง,ตัวอย่างคดีพิพาทเกี่ยวกับความรับผิดอย่างอื่น,"
น้องญาญ่าลูกสาวนางคิมหลานสาวนางคิ้มมีบ้านอยู่ในจังหวัดสมุทรปราการซึ่งเป็นเขตเวนคืนก่อสร้างสนามบินสุวรรณภูมิที่ได้มีการเวนคืนไปแล้วตั้งแต่ปีพ.ศ. 2523 แต่ยังไม่ได้มีการก่อสร้างสนามบิน รัฐจึงปล่อยให้ชาวบ้านแถบนั้นอาศัยอยู่เรื่อยมา จนเมื่อจะมีการก่อสร้างจึงได้มีการสำรวจข้อมูลราษฎรในพื้นที่โครงการในปีพ.ศ. 2536 โดยคณะรัฐมนตรีมอบหมายให้บริษัทท่าอากาศยานสากลกรุงเทพแห่งใหม่ จำกัด หรือ บทม. เป็นผู้ดำเนินการอพยพโยกย้ายชาวบ้านออกจากพื้นที่โครงการโดยให้เงินช่วยเหลือชาวบ้านตามหลักเกณฑ์ 5 ข้อ คือ (1) เป็นบ้านที่ปลูกก่อนการสำรวจเมื่อปีพ.ศ. 2536 (2) มีสภาพเป็นบ้านพักอาศัย (3) สภาพบ้านเป็นสัดส่วนแยกจากหลังใหญ่ที่ได้รับเงินช่วยเหลือค่าชดเชยไปแล้วโดยเด็ดขาด (4) มีทะเบียนบ้านถูกต้อง และ (5) ต้องทำกินอยู่ในพื้นที่หรือมีพื้นที่ทำกินในบริเวณพื้นที่ก่อสร้างสนามบิน โดยมีอัตราให้ความช่วยเหลือตามหลักเกณฑ์ข้างต้น ดังนี้

(1) ผู้ไม่ผ่านหลักเกณฑ์ทั้ง 5 ข้อ จะช่วยเหลือรายละ 5,000 บาท
เนื่องจากมีสิ่งปลูกสร้างอยู่ในพื้นที่
(2) ผู้ที่ผ่านหลักเกณฑ์ 1 ข้อ ช่วยเหลือรายละ 20,000 บาท
(3) ผู้ที่ผ่านหลักเกณฑ์ 2 ข้อ ช่วยเหลือรายละ 50.000 บาท
(4) ผู้ที่ผ่านหลักเกณฑ์ 3 ข้อ ช่วยเหลือรายละ 100.000 บาท
(5) ผู้ที่ผ่านหลักเกณฑ์ 4 ข้อ ช่วยเหลือรายละ 200.000 บาท
(6) ผู้ที่ผ่านหลักเกณฑ์ 5 ข้อ ช่วยเหลือรายละ 800,000 บาท

น้องญาญ่านำคดีมาฟ้องต่อศาลปกครองเนื่องจากไม่พอใจที่ได้รับเงินช่วยเหลือเพียง 20,000 บาท เนื่องจาก บทม. ซึ่งเป็นผู้ถูกฟ้องในคดีนี้เห็นว่าบ้านของผู้ฟ้องคดีเป็นบ้านประเภทนอกบัญชีสำรวจที่ได้มีการสำรวจไปเมื่อปีพ.ศ. 2536 ซึ่งคดีนี้ศาลปกครองพิจารณาแล้วเห็นว่าตามสำเนาทะเบียนบ้านดังกล่าวมีชื่อนางคิ้มเป็นหัวหน้าครอบครัว และเป็นมารดาของนางศิมซึ่งเป็นแม่ของผู้ฟ้องคดี โดยที่มีพยานยืนยันว่านางยิ้มได้ยกบ้านหลังนี้ให้แก่ผู้ฟ้องคดี นอกจากนั้นในใบมรณบัตรของนางคิ้มระบุว่านางคิ้มเสียชีวิตเมื่อปีพ.ศ. 2535 และขณะเสียชีวิตนางคิ้มอยู่ที่บ้านหลังดังกล่าว ย่อมรับฟังได้ว่าบ้านหลังนี้ปลูกสร้างขึ้นแล้วในปีพ.ศ. 2535 ซึ่งตรงตามหลักเกณฑ์ข้อ (1) ทั้งนี้ สำเนาทะเบียนบ้านมีชื่อของหลานของผู้ฟ้องคดีอยู่อาศัยและบริเวณบ้านประกอบด้วยพื้นที่ทำกินซึ่งเป็นสวนและบ่อปลา ซึ่งรับฟังได้ว่าบ้านหลังดังกล่าวมีสภาพเป็นบ้านพักอาศัยเป็นสัดส่วนแยกเป็นเอกเทศจากบ้านหลังอื่นและมีทะเบียนบ้านถูกต้องตรงตามหลักเกณฑ์ข้อที่ (2) (3) และ (4) อย่างไรก็ตาม ผู้ฟ้องคดียอมรับว่าไม่ได้อาศัยอยู่ในบ้านหลังดังกล่าว แต่อยู่กับสามีที่บ้านอีกหลังหนึ่งโดยมอบให้หลานเป็นผู้อยู่อาศัยและให้ช่วยดูแลบ่อปลาแทนผู้ฟ้องคดี และถึงแม้หลักเกณฑ์ข้อ (5) ระบุว่าผู้ที่จะได้รับเงินช่วยเหลือจะต้องทำกินอยู่ในพื้นที่หรือมีพื้นที่ทำกินในบริเวณพื้นที่ก่อสร้างสนามบิน โดยที่ไม่ได้ระบุชัดเจนว่าผู้มีสิทธิได้รับเงินช่วยเหลือจะต้องทำกินด้วยตนเอง แต่เมื่อคำนึงถึงวัตถุประสงค์ในการกำหนดหลักเกณฑ์ที่ต้องการบรรเทาความเดือดร้อนหรือเสียหายของราษฎรจากการที่ต้องย้ายออกจากพื้นที่ ผู้ฟ้องคดีจะต้องเป็นผู้ที่เคยได้รับประโยชน์โดยตรงและสม่ำเสมอมาโดยตลอดจากการทำกินในพื้นที่นั้นมาก่อน ไม่ว่าจะทำกินเองโดยมอบให้ผู้อื่นดูแลหรือมอบให้ผู้อื่นทำกินแทนแล้วให้ประโยชน์ตอบแทน ซึ่งในคดีนี้ผู้ฟ้องคดีเพียงแต่อ้างว่าได้ให้ผู้อื่นดูแลปลาแทนโดยมีพยานบุคคลให้ถ้อยคำสนับสนุนข้อกล่าวอ้าง แต่ไม่มีหลักลักฐานเพียงพอที่จะยืนยันได้ว่าผู้ฟ้องคดีได้ทำกินอยู่ในพื้นที่หรือมีพื้นที่ทำกินอยู่ในบริเวณนั้น ทั้งพยานบุคคลที่กล่าวอ้างก็เป็นพยานที่ผู้ฟ้องคดีอ้างขึ้นทั้งสิ้น ศาลจึงเห็นว่าผู้ฟ้องคดีอยู่ในหลักเกณฑ์ตามข้อ (1) (2) (3) และ (4) เท่านั้น จึงมีคำพิพากษาให้ผู้ถูกฟ้องคดีชำระเงินช่วยเหลือจำนวน 200,000 บาท ให้แก่ผู้ฟ้องคดี (เกียบเคียงคำพิพากษาศาลปกครองสูงสุดที่ อ.280/2551)",คู่มือการดำเนินคดีปกครองสำหรับประชาชน,2022-12-01 00:00:00,,,,,,,
คดีที่อยู่ในอำนาจศาลปกครอง,1.3 คดีที่อยู่ในอำนาจของศาลปกครอง,ตัวอย่างคดีพิพาทเกี่ยวกับสัญญาทางปกครอง,"นายบอยมีอาชีพรับเหมาก่อสร้าง ไม่ว่าจะเป็นถนน สะพาน โรงเรียน โรงแรม อาคาร ห้างร้าน นายบอยรับสร้างทุกสิ่ง จนเมื่อ 16 สิงหาคม 2550 นายบอยได้ทำสัญญารับจ้างกับทางเทศบาล ปรับปรุงเกาะกลางถนน มีระยะเวลาทำงาน 180 วัน โดยจะได้รับค่าก่อสร้างทั้งสิ้น 940,000 บาท จนเมื่อเวลาผ่านไป นายบอยปรับปรุงเกาะกลางถนนแล้วเสร็จส่งมอบงานงวดสุดท้ายให้ทางเทศบาลเมื่อวันที่ 20 มิถุนายน 2551 เทศบาลตรวจรับงานและจ่ายค่าจ้างให้กับนายบอยโดยได้หักเงินค่าปรับงานล่าช้าจำนวน 277,300 บาท นายบอยจึงทำหนังสือถึงเทศบาลเพื่อขอขยายระยะเวลาและคืนเงินค่าปรับ เนื่องจากเห็นว่าตามมติคณะรัฐมนตรีเมื่อวันที่ 17 มิถุนายน 2551 มีมติให้ช่วยเหลือผู้ประกอบอาชีพก่อสร้างและผู้ประกอบอาชีพอื่น โดยให้ขยายระยะเวลาและคืนเงินค่าปรับแก่ผู้รับจ้างที่ทำสัญญาก่อนวันที่ 1 ตุลาคม 2550 ตามหลักเกณฑ์ที่กำหนด เพื่อบรรเทาผลกระทบจากวิกฤตราคาน้ำมัน เหล็กและวัสดุก่อสร้างที่มีราคาสูงขึ้น แต่ทางเทศบาลแจ้งว่าไม่สามารถคืนเงินให้นายบอยได้เนื่องจากสัญญาดังกล่าวมีการส่งมอบงานเสร็จสิ้นแล้วก่อนที่นายบอยจะขอขยายระยะเวลาส่งมอบงานเพื่อขอคืนเงินค่าปรับ นายบอยเห็นว่าการที่เทศบาลปฏิเสธไม่ขยายระยะเวลาและคืนเงินค่าปรับทำให้ธุรกิจของตนขาดสภาพคล่องไม่สามารถไปรับงานอื่นได้ ทำให้ธุรกิจเสียหาย นายบอยจึงมายื่นฟ้องคดีต่อศาลปกครอง 
คดีนี้ศาลปกครองพิจารณาแล้วเห็นว่าสัญญาระหว่างนายบอยซึ่งเป็นผู้ฟ้องคดีกับเทศบาลซึ่งเป็นผู้ถูกฟ้องคดีเกิดขึ้นก่อนวันที่ 1 ตุลาคม 2550 และเมื่อครบกำหนดส่งงานแล้วผู้ฟ้องคดียังทำงานไม่เสร็จ ผู้ถูกฟ้องคดีก็ไม่ได้ใช้สิทธิบอกเลิกสัญญาแต่อย่างใดยังคงปล่อยให้ผู้ฟ้องคดีทำงานจนแล้วเสร็จส่งมอบงานเมื่อวันที่ 20 มิถุนายน 2551 อันเป็นการส่งมอบงานงวดสุดท้ายภายหลังวันที่ 1 ตุลาคม 2550 ซึ่งล่วงเลยกำหนดและผู้ถูกฟ้องคดีก็ได้หักเงินค่าปรับไว้ ทั้งนี้ ผู้ฟ้องคดีได้ยื่นคำขอรับความช่วยเหลือเมื่อวันที่ 1 สิงหาคม 2551 ซึ่งอยู่ในกำหนด 60 วันนับแต่วันที่ 17 มิถุนายน 2551 ซึ่งเป็นวันที่คณะรัฐมนตรีมีมติเห็นชอบมาตรการช่วยเหลือดังกล่าว ผู้ฟ้องคดีจึงปฏิบัติตามหลักเกณฑ์ เงื่อนไขและวิธีการที่กำหนดไว้ถูกต้องครบถ้วน จึงย่อมได้รับความช่วยเหลือ โดยต้องขยายระยะเวลาในสัญญาให้เป็นเวลา 180 วัน อันจะมีผลทำให้ผู้ฟ้องคดีไม่ต้องเสียค่าปรับที่ส่งงานเลยกำหนดตามสัญญา 
อย่างไรก็ตาม เทศบาลซึ่งเป็นผู้ถูกฟ้องคดีอ้างว่าสัญญาพิพาทเป็นสัญญาจ้างทำของ เมื่อนายบอยซึ่งเป็นผู้ฟ้องคดีส่งมอบงานและทางเทศบาลได้จ่ายค่าจ้างให้แล้ว สัญญาดังกล่าวย่อมระงับไปตามกฎหมายแพ่งและพาณิชย์ ส่วนความรับผิดในเรื่องความชำรุดบกพร่องของงานตามสัญญาเป็นเรื่องที่คู่สัญญาต้องปฏิบัติภายหลังอายุสัญญาสิ้นสุดลงแล้ว แต่ไม่ใช่หลักเกณฑ์ตามกฎหมายที่จะขยายเวลาสัญญาหรือต่ออายุสัญญาได้ ซึ่งประเด็นนี้ศาลปกครองเห็นว่าสัญญาดังกล่าวเป็นสัญญาทางปกครองซึ่งนิติสัมพันธ์ต้องบังคับกันตามหลักกฎหมายปกครอง โดยประมวลกฎหมายแพ่งและพาณิชย์ใช้บังคับโดยอนุโลมเท่าที่ไม่ขัดกับหลักกฎหมายปกครอง และมาตรการช่วยเหลือดังกล่าวเป็นหลักดุลยภาพทางการเงินในสัญญาทางปกครอง ซึ่งเป็นมาตรการช่วยเหลือคู่สัญญากับทางราชการที่ประสบภาวะวิกฤตราคาน้ำมัน เหล็กและวัสดุก่อสร้างที่สูงขึ้น อันเป็นเหตุที่ในขณะทำสัญญาต่อกันไม่อาจคาดหมายล่วงหน้าได้ว่าจะเกิดขึ้น และเป็นเหตุไม่ปกติที่เมื่อเกิดขึ้นแล้วก่อความเสียหายอย่างร้ายแรงในการปฏิบัติตามสัญญาถึงขนาดที่ทำให้คู่สัญญาฝ่ายเอกชนขาดทุนเกินขนาดและนานเกินกว่าบุคคลธรรมดาจะคาดหมายได้ ซึ่งวิธีการขยายระยะเวลาของสัญญา หรืองด ลด หรือคืนค่าปรับฐานผิดสัญญาให้คู่สัญญาฝ่ายเอกชนแล้วแต่กรณี เพื่อให้ดุลยภาพทางการเงินที่เอกชนเสียไปกลับคืนมาและสามารถดำเนินการตามสัญญาอันเป็นบริการสาธารณะได้ต่อไปตามหลักกฎหมายปกครองว่าด้วยบริการสาธารณะต้องมีความต่อเนื่อง ดังนั้น ผู้ถูกฟ้องคดีจะปฏิเสธไม่ให้ความช่วยเหลือผู้ฟ้องคดีโดยยกประมวลกฎหมายแพ่งและพาณิชย์ขึ้นมากล่าวอ้างจึงไม่สามารถทำได้ ศาลปกครองจึงพิพากษาให้ผู้ถูกฟ้องคดีคืนเงินค่าปรับจำนวน 277,300 บาท พร้อมดอกเบี้ยร้อยละ 7.5 ต่อปี ของเงินต้นดังกล่าว นับแต่วันถัดจากวันฟ้องเป็นต้นไปจนกว่าจะชำระเสร็จ (เทียบเคียงค่าพิพากษาศาลปกครองสูงสุดที่ อ.465/2556)
",คู่มือการดำเนินคดีปกครองสำหรับประชาชน,2022-12-01 00:00:00,,,,,,,
คดีที่อยู่ในอำนาจศาลปกครอง,1.3 คดีที่อยู่ในอำนาจของศาลปกครอง,ตัวอย่างคดีที่มีกฎหมายกำหนดให้หน่วยงานทางปกครองหรือเจ้าหน้าที่ของรัฐฟ้ออคดีต่อศาลเพื่อบังคับให้บุคคลกระทำหรือละเว้นกระทำอย่างหนึ่งอย่างใด,"ป้าพุดจีบเศรษฐีนีในตำบลหอมหมื่นลี้อยากต่อเติมบ้านเอาไว้รับแขกจึงเรียกช่างมาต่อเติม ทั้งทุบและรื้อ เนื้อที่ไม่พอก็สร้างยื่นออกไปอีก พอสร้างเสร็จเสียงร่ำลือถึงบ้านหลังใหม่ของป้าพุดจีบลอยไปเข้าหูนายกเทศมนตรี นายกเทศมนตรีจึงสั่งให้ลูกน้องไปดูคำขออนุญาตดัดแปลงอาคารของป้าว่าทำเกินกว่าที่ขอไว้หรือไม่ เมื่อลูกน้องกลับมารายงานว่าไม่มีใบขออนุญาตดัดแปลงอาคารจากป้าพุดจีบมายื่นไว้เลย นายกเทศมนตรีซึ่งเป็นผู้ฟ้องในคดีนี้จึงออกคำสั่งให้ระงับการก่อสร้าง ดัดแปลงอาคาร คำสั่งห้ามใช้หรือเข้าไปในส่วนใดของอาคารและคำสั่งให้รื้อถอนอาคารที่ดัดแปลงส่งไปถึงป้าพุดจีบซึ่งเป็นผู้ถูกฟ้องในคดีนี้ 
เมื่อครบกำหนดเวลาตามคำสั่งแล้วยังไม่เห็นความคืบหน้าจากป้าพุดจีบ นายกเทศมนตรีจึงมีคำสั่งแต่งตั้งคณะทำงานดำเนินการรื้อถอนส่วนที่ดัดแปลงของบ้านป้าพุดจีบ คณะทำงานชุดดังกล่าวได้ไปเจรจาไกล่เกลี่ยแต่ไม่ได้รับความร่วมมือใดๆ จากป้าพุดจีบ คณะทำงานจึงออกคำสั่งกำหนดวันที่จะเข้ารื้อถอนส่วนที่ดัดแปลงของบ้านป้าพุดจีบและปิดประกาศคำสั่งนั้นไว้ที่หน้าบ้านป้าพุดจีบ และเมื่อถึงวันที่จะเข้าทำการรื้อถอน คณะทำงานดำเนินการรื้อถอนพร้อมด้วยเจ้าหน้าที่ที่เกี่ยวข้องเดินทางไปยังบ้านป้าพุดจีบ แต่พอมาถึงกลับเจอรถกระบะจอดขวางหน้าบ้านและประตูรั้วคล้องกุญแจไว้ และพบว่าป้าพุดจีบไม่อยู่บ้านเหลือเพียงแต่น้องชายที่ไม่ยอมเปิดประตูรั้วให้นอกจากจะได้รับอนุญาตจากป้าพุดจีบเท่านั้น ตัวแทนของคณะทำงานดำเนินการรื้อถอนจึงโทรศัพท์ไปเจรจากับป้าพุดจีบ แต่ไม่ว่าจะชี้แจงเหตุผลใดๆ ก็ตามป้าพุดจีบก็ไม่ยอมให้รื้อ คณะทำงานดำเนินการรื้อถอนจึงไปแจ้งความลงบันทึกประจำวัน ที่สถานีตำรวจภูธรหอมหมื่นลี้ และนำเรื่องดังกล่าวไปรายงานให้นายกเทศมนตรีทราบ นายกเทศมนตรีหอมหมื่นลี้จึงนำเรื่องนี้มายื่นฟ้องต่อศาลปกครองขอให้มีคำสั่งจับกุมและกักขังป้าพุดจีบหรือเจ้าของบ้านในขณะนั้นและมีคำสั่งให้เจ้าพนักงานท้องถิ่นเข้าทำการรื้อถอนส่วนที่ดัดแปลงของบ้านป้าพุดจีบตามพระราชบัญญัติควบคุมอาคาร พ.ศ. 2522 
ศาลปกครองชั้นต้นพิจารณาแล้วเห็นว่าการให้ศาลมีคำสั่งจับกุมและกักขังป้าพุดจีบหรือเจ้าของบ้านในขณะนั้นเป็นการใช้มาตรการบังคับทางปกครองที่มีผลกระทบต่อสิทธิและเสรีภาพมากเกินกว่าเหตุจำเป็น และเทศบาลเองก็สามารถที่จะใช้กำลังพอสมควรแก่เหตุเข้าดำเนินการรื้อถอนบ้านป้าพุดจีบให้เป็นไปตามมาตรการบังคับทางปกครองได้เองอยู่แล้วโดยไม่จำเป็นต้องให้ศาลมีคำสั่งให้เจ้าพนักงานท้องถิ่นเข้าทำการรื้อถอนแต่อย่างใด จึงมีคำสั่งยกคำร้องของเทศบาลและให้จำหน่ายคดีออกจากสารบบความ เทศบาลยื่นอุทธรณ์ต่อศาลปกครองสูงสุดโดยให้เหตุผลว่าเมื่อจะเข้าดำเนินการรื้อถอนบ้านที่ดัดแปลงต่อเติมโดยไม่ได้รับอนุญาตแต่ได้รับการขัดขวางจากผู้ครอบครองบ้านในขณะนั้นทำให้ไม่สามารถเข้าทำการรื้อถอนได้ จึงจำเป็นต้องขออำนาจตามมาตรา 43 วรรคหนึ่ง (1) แห่งพระราชบัญญัติควบคุมอาคาร พ.ศ. 2522 ในการจับกุมและกักขังเจ้าของบ้านที่ไม่ปฏิบัติตามคำสั่งของเจ้าพนักงานท้องถิ่น ซึ่งเป็นการปฏิบัติตามขั้นตอนกระบวนการที่กฎหมายกำหนดไว้แล้วทุกประการโดยเคร่งครัด เพราะหากใช้กำลังเข้าดำเนินการรื้อถอนบ้านป้าพุดจีบ จะต้องยกรถที่จอดขวางประตูออก ต้องตัดกุญแจที่คล้องปิดประตูรั้วบ้าน และต้องใช้กำลังจับตัวน้องชายป้าพุดจีบให้ออกมาจากบ้านซึ่งการกระทำดังกล่าวย่อมต้องมีการต่อสู้ขัดขืนจนก่อให้เกิดความเสียหายแก่ทรัพย์สินหรืออาจเกิดอันตรายต่อร่างกายหรือชีวิต ส่งผลให้มีการฟ้องร้องเป็นคดีอาญา คดีแพ่งเรียกค่าเสียหาย และคดีปกครองตามมา หากศาลมีคำสั่งจับกุมและกักขังป้าพุดจีบหรือเจ้าของบ้านในขณะนั้นย่อมจะเป็นการใช้มาตรการบังคับทางปกครองที่เหมาะสมและกระทบกับสิทธิและเสรีภาพของป้าพุดจีบน้อยกว่าการใช้กำลังเข้ารื้อถอนบ้าน 
ศาลปกครองสูงสุดพิเคราะห์แล้วเห็นว่าการที่ป้าพุดจีบได้นำรถกระบะมาจอดขวางประตูทางเข้าบ้าน และมีการคล้องกุญแจด้านนอกปิดรั้วบ้านในวันที่คณะทำงานดำเนินการรื้อถอนจะเข้าทำการรื้อถอนบ้านที่ดัดแปลงต่อเติมโดยไม่ได้รับอนุญาต ถือเป็นการจงใจขัดขวางการทำงานของเจ้าหน้าที่ และในวันดังกล่าวคณะทำงานดำเนินการรื้อถอนมีทั้งเจ้าหน้าที่ตำรวจ คนงานรื้อถอน ช่างวิศวกร และเจ้าหน้าที่ที่เกี่ยวข้องอีกประมาณ 50 คน จึงสามารถที่จะใช้กำลังเข้าบังคับรื้อถอนเองได้ตามมาตรา 43 วรรคหนึ่ง (2) แห่งพระราชบัญญัติควบคุมอาคาร พ.ศ. 2522 และหากการใช้กำลังนั้นจะมีผลกระทบต่อทรัพย์สินไปบ้าง ก็ยังเป็นมาตรการที่รุนแรงน้อยกว่าการที่จะให้ศาลมีคำสั่งจับกุมและกักขังซึ่งส่งผลกระทบอย่างรุนแรงต่อสิทธิและเสรีภาพของป้าพุดจีบหรือเจ้าของบ้านในขณะนั้น และเห็นได้ว่าเทศบาลยังไม่ได้ใช้มาตรการบังคับในหนทางอื่นแก่ป้าพุดจีบซึ่งสามารถดำเนินการได้ จึงไม่สมควรที่ศาลจะมีคำสั่งจับกุมและกักขังป้าพุดจีบหรือเจ้าของบ้านในขณะนั้นตามคำร้องขอ และที่กล่าวว่าการดำเนินการรื้อถอนอาจจะถูกขัดขวางหรือถูกดำเนินคดีต่างๆ ทั้งคดีอาญา คดีแพ่งเรียกค่าเสียหาย หรือคดีปกครองนั้น ก็เป็นเพียงการคาดการณ์ของเทศบาลหอมหมื่นลี้เท่านั้น อีกทั้งหากการดำเนินการเป็นไปโดยชอบด้วยกฎหมายแล้ว ก็ไม่ต้องกลัวว่าจะถูกฟ้องร้องดำเนินคดีแต่อย่างใด 
และแม้ว่าจะถูกขัดขวางไม่ให้เข้าทำการรื้อถอนได้ แต่เทศบาลก็สามารถที่จะใช้กำลังพอสมควรแก่เหตุเข้าดำเนินการเพื่อให้เป็นไปตามมาตรการบังคับทางปกครองได้เองอยู่แล้วตามมาตรา 60 วรรคสอง แห่งพระราชบัญญัติวิธีปฏิบัติราชการทางปกครอง พ.ศ. 2539 อันเป็นขั้นตอนการดำเนินการตามอำนาจหน้าที่ของเจ้าพนักงานท้องถิ่นตามมาตรา 43 วรรคหนึ่ง (2) แห่งพระราชบัญญัติควบคุมอาคาร พ.ศ. 2522 ซึ่งกฎหมายกำหนดกระบวนการขั้นตอนไว้แล้ว ศาลจึงไม่จำเป็นต้องมีคำสั่งให้เจ้าพนักงานท้องถิ่นเข้าทำการรื้อถอนอาคารส่วนที่ดัดแปลง ดังนั้น การที่ศาลปกครองชั้นต้นมีคำสั่งยกคำร้องของเทศบาลและให้จำหน่ายคดีออกจากสารบบความนั้น ศาลปกครองสูงสุดเห็นพ้องด้วย จึงมีคำสั่งยืนตามคำสั่งของศาลปกครองชั้นต้น (เทียบเคียงคำสั่งศาลปกครองสูงสุดที่ 614/2555)
",คู่มือการดำเนินคดีปกครองสำหรับประชาชน,2022-12-01 00:00:00,,,,,,,
คดีที่อยู่ในอำนาจศาลปกครอง,1.3 คดีที่อยู่ในอำนาจของศาลปกครอง,ตัวอย่างคดีที่มีกฎหมายกำหนดให้อยู่ในเขตอ่านาจของศาลปกครอง (กรณีที่ฟ้ออขอให้เพิกถอนคำชี้ขาดหรือบังคับตามคำชี้ขาดขอออนุญาโตตุลาการเกี่ยวกับสับสัญญาทางปกครอง),"สำนักงานคณะกรรมการการอาชีวศึกษายื่นคำร้องต่อศาลปกครองขอให้เพิกถอนคำชี้ขาดของอนุญาโตตุลาการจากข้อพิพาทกรณีที่นางสาวชมพู่ เจ้าของบริษัทก่อสร้าง ชมพู่ คอนสตรัคชั่น จำกัด ได้รับจ้างก่อสร้างอาคารของวิทยาลัยสารพัดช่างแห่งหนึ่ง เมื่อก่อสร้างแล้วเสร็จและได้มีการตรวจรับงานเรียบร้อย ต่อมาสำนักงานคณะกรรมการการอาชีวศึกษาซึ่งเป็นผู้ร้องได้ตรวจพบความเสียหายของงานก่อสร้าง ซึ่งตามสัญญาประกันความชำรุดบกพร่องของงานก่อสร้างนี้มีระยะเวลา 2 ปีนับถัดจากวันที่ได้รับมอบงานคือภายในวันที่ 5 มีนาคม 2544 โดยผู้ร้องได้เสนอข้อพิพาทต่ออนุญาโตตุลาการว่า ระหว่างวันที่ 12 พฤษภาคม 2543 ถึงวันที่ 22 มีนาคม 2544 เจ้าหน้าที่ของผู้ร้องได้ตรวจพบความชำรุดบกพร่องของงานก่อสร้างหลายจุดซึ่งรวมแล้วเป็นค่าซ่อมแซมจำนวน 173,685 บาท แต่ผู้คัดค้านเห็นว่าความเสียหายในส่วนของการแตกร้าวของผนังปูนหน้าอาคาร เสาค้ำคานผนัง และพื้นห้องช่างยนต์ซึ่งคิดเป็นค่าซ่อมแซมจำนวน 40,925 บาท เป็นความเสียหายที่ไม่ได้เกิดขึ้นก่อนหรือภายในวันที่ 5 มีนาคม 2544 ซึ่งเป็นวันสุดท้ายของการรับประกันความชำรุดบกพร่องของของงานก่อสร้างตามสัญญา ผู้คัดค้านจึงไม่ต้องรับผิดชอบความเสียหายในส่วนนี้ ซึ่งข้อพิพาทดังกล่าวอนุญาโตตุลาการมีคำวินิจฉัยว่าผู้ร้องตรวจสอบพบความชำรุดบกพร่องและความเสียหายของอาคารเรียนเฉพาะในส่วนของการแตกร้าวของผนังปูนหน้าอาคาร เสาค้ำยันคานผนัง และพื้นห้องช่างยนต์ตามเอกสารลงวันที่ 22 มีนาคม 2544 เป็นเวลาภายหลังจากครบกำหนด 2 ปีนับแต่วันที่ผู้ร้องได้รับมอบงานแล้ว นางสาวชมพู่ซึ่งเป็นผู้คัดค้านจึงไม่ต้องรับผิดชอบความเสียหายในส่วนนี้ซึ่งคิดเป็นเงิน 40,925 บาท เมื่อหักออกจากค่าซ่อมแซมทั้งหมดจำนวน 173,685 บาท คงเหลือค่าซ่อมแซมที่ผู้คัดค้านต้องรับผิดชอบเป็นเงินจำนวน 132,760 บาท 

ศาลปกครองพิจารณาแล้วเห็นว่าคำชี้ขาดของอนุญาโตตุลาการไม่ได้เป็นคำชี้ขาดวินิจฉัยข้อพิพาทซึ่งไม่อยู่ในขอบเขตของสัญญาอนุญาโตตุลาการหรือคำชี้ขาดวินิจฉัยเกินขอบเขตแห่งข้อตกลงในการเสนอข้อพิพาทต่ออนุญาโตตุลาการที่ศาลจะเพิกถอนได้ตามกฎหมาย ทั้งไม่ได้มีกรณีปรากฏว่าการยอมรับหรือการบังคับตามคำชี้ขาดนั้นเป็นการขัดต่อความสงบเรียบร้อยหรือศีลธรรมอันดีของประชาชนที่ศาลจะเพิกถอนได้ตามกฎหมาย ศาลปกครองจึงพิพากษายกคำร้องดังกล่าว (เทียบเคียงคำพิพากษาศาลปกครองกลางที่ 1482/2555)",คู่มือการดำเนินคดีปกครองสำหรับประชาชน,2022-12-01 00:00:00,,,,,,,
คดีที่อยู่ในอำนาจศาลปกครอง,1.4 คดีที่ไม่อยู่ในอำนาจของศาลปกครอง,,"1 พระราชบัญญัติจัดตั้งศาลปกครองและวิธีพิจารณาคดีปกครอง พ.ศ.2542 ได้บัญญัติยกเว้นคดีดีพิพาทเกี่ยวกับหน่วยงามทางปกครองหรือเจ้าหน้าที่ของรัฐบางประเกทที่ไม่สามารถนำมาฟ้องต่อศาลได้ ได้แก่
- การดำเนินการเกี่ยวกับวินัยทหาร ไม่ว่าจะเป็นการลงทัณฑ์แก่ผู้กระทำผิดต่อวินัยทหารหรือเป็นการดำเนินการทางวินัยอย่างอื่น
- การดำเนินการของคณะกรรมการตุลาการ (ก.ต.) ตามพระราชบัญญัติระเบียบข้าราชการฝ่ายตุลาการศาลยุติธรรม พ.ศ.2543 ซึ่งมิใช่เป็นการพิจารณาพิพากษาคดี แต่เป็นการบริหารงานบุคคลของผู้พิพากษาศาลยุติธรรม เช่น การแต่งตั้งโยกย้าย การเลื่อนตำแหน่ง การลงโทษทางวินัย เป็นต้น
- คดีที่อยู่ในอำนาจของศาลชำนัญพิเศษต่างๆ ที่อยู่ในระบบศาลยุติธรรม ซึ่งได้จัดตั้งขึ้นก่อนที่จะมีการจัดตั้งศาลปกครอง ได้แก่ คดีที่อยู่ในอำนาจของศาลเยาวชนและครอบครัว คดีที่อยู่ในอำนาจของศาลแรงงาน คดีที่อยู่ในอำนอำนาจของศาลภาษีอากร คดีที่อยู่ในอำนาจของศาลทรัพย์สินทางปัญญาและการค้าระหว่างประเทศ คดีที่อยู่ในอำนาจของศาลล้มละลาย

2 คดีที่มีกฎหมายยกเว้นอำนาจศาลปกครองไว้โดยเฉพาะ เช่น พระราชบัญญัติการรักษาความมั่นคงภายใน พ.ศ. 2551 (มาตรา 23 ให้การดำเนินคดีใดๆ ตามพระระราชบัญญัตินี้อยู่ในอำนาจศาลยุติธรรม)

1.4.3 คดีที่ไม่อยู่ในอำนาจของศาลปกครองตามหลักกฎหมายทั่วไปและตามแนวคำวินิจฉัยของศาล เช่น การดำเนินงานตามกระบวนการยุติธรรมทางแพ่งหรือทางอาญา ตัวอย่างเช่น การฟ้องว่าเจ้าพนักงานบังคับคดียึดและขายทอดตลาดทรัพย์สิน โดยไม่ชอบซึ่งการบังคับคดีดังกล่าวเป็นการบังคับคดีแพ่งตามประมวลกฎหมายวิธีพิจารณาความแพ่งที่อยู่ในอำนาจของศาลยุติธรรม การจับกุมของเจ้าหน้าที่ตำรวจ การสอบสวนและการเปรียบเทียบปรับของพนักงานสอบสวน และการสั่งฟ้องหรือสั่งไม่ฟ้องคดีอาญาของพนักงานอัยการ ซึ่งเป็นขั้นตอนการดำเนินงานในกระบวนการยุติธรรมทางอาญาที่จะนำไปสู่การนำตัวผู้กระทำความผิดมาลงโทษทางอาญาตามที่บัญญัติไว้ในประมวลกฎหมายวิธีพิจารณาความอาญา เป็นต้น",คู่มือการดำเนินคดีปกครองสำหรับประชาชน,2022-12-01 00:00:00,,,,,,,
เงื่อนไขในการฟ้องคดีปกครอง,2.1 ต้องเป็นผู้เดือดร้อนเสียหาย,เนื้อหา,"1 ต้องเป็นผู้เดือดร้อนเสียหายหรืออาจจะเดือดร้อนหรือเสียหายโดยไม่อาจหลีกเลี่ยงได้อันเนื่องจากการกระทำหรือการเว้นการกระทำของหน่วยงานทางปกครองหรือเจ้าหน้าที่ของรัฐ หรือมีข้อโต้แย้งเกี่ยวกับสัญญาทางปกครอง 
กล่าวคือ ในคดีที่ฟ้องเพิกถอนกฎหรือคำสั่ง หรือคดีละเลยล่าช้าตามมาตรา 9 วรรคหนึ่ง (1) และ (2) ใช้หลักผู้เสียหายอย่างกว้าง คือแม้แต่ผู้ได้รับความกระทบกระเทือนจากคำสั่งนั้น ส่วนคดีละเมิดหรือคดีสัญญาทางปกครองตามมาตรา 9 วรรคหนึ่ง (3) และ (4) ให้ใช้หลักผู้เสียหายอย่างแคบ คือ ต้องเป็นผู้เสียหายโดยตรงจากคำสั่งนั้น โดยตรงสำหรับคดีเช่นสุขา นอกจากนี้เป็นผู้มีสิทธิฟ้องถูกต้องได้เพียงครั้งเดียวเท่านั้น",คู่มือการดำเนินคดีปกครองสำหรับประชาชน,2022-12-01 00:00:00,,,,,,,
เงื่อนไขในการฟ้องคดีปกครอง,2.2 ต้องดำเนินการแก้ไขความเดือดร้อนเสียหายก่อนนำคดีมาฟ้องต่อศาลปกครอง,เนื้อหา,"2 หากเป็นคดีที่มีกฎหมายกำหนดให้ดำเนินการแก้ไขความเดือดร้อนหรือเสียหายก่อนนำคดีมาฟ้องต่อศาลปกครอง ผู้ประสงค์จะยื่นฟ้องคดีจะต้องดำเนินการให้เสร็จสิ้นก่อน
เช่น กรณีที่มีกฎหมายกำหนดให้ต้องอุทธรณ์คำสั่งทางปกครอง ผู้ประสงค์จะฟ้องคดีต่อศาลจะต้องอุทธรณ์คำนั้นก่อนภายในเวลาที่กฎหมายกำหนด เมื่อเจ้าหน้าที่หรือคณะกรรมการที่ได้รับคำอุทธรณ์มีหรือไม่มีคำวินิจฉัยอุทธรณ์ภายในเวลาที่กฎหมายกำหนดหรือเมื่อเวลานั้นล่วงเลย ผู้ประสงค์จะฟ้องคดีจึงมีสิทธิ์นำคดีมาฟ้องต่อศาลปกครองได้ 
กรณีที่มีกฎหมายกำหนดให้ต้องอุทธรณ์คำสั่งทางปกครองแต่ผู้ประสงค์จะฟ้องคดีไม่ได้อุทธรณ์คำสั่ง หรืออุทธรณ์คำสั่งแล้วแต่ยังไม่ทราบผลการพิจารณาและยังอยู่ในระยะเวลาการพิจารณาอุทธรณ์ แต่ผู้ประสงค์จะฟ้องคดีกลับรีบนำคดีมาฟ้องศาลศาลปกครองจะมีคำสั่งไม่รับคำฟ้องนั้นไว้พิจารณา",คู่มือการดำเนินคดีปกครองสำหรับประชาชน,2022-12-01 00:00:00,,,,,,,
เงื่อนไขในการฟ้องคดีปกครอง,2.3 ต้องยื่นคำฟ้องภายในระยะเวลาที่กฎหมายกำหนด,เนื้อหา,"3 ต้องยื่นคำฟ้องภายในระยะเวลาที่กฎหมายกำหนด
คดีพิพาทเกี่ยวกับการที่หน่วยงานทางปกครองหรือเจ้าหน้าที่ของรัฐออกกฎ คำสั่งทางปกครองหรือกระทำการอื่นใดโดยไม่ชอบด้วยกฎหมาย
ต้องยื่นฟ้องคดีต่อศาลปกครองภายใน 90 วัน นับแต่วันที่รู้หรือควรรู้ถึงเหตุแห่งการฟ้องคดี
คดีพิพาทเกี่ยวกับการที่หน่วยงานทางปกครองหรือเจ้าหน้าที่ของรัฐละเลยต่อหน้าที่ตามที่กฎหมายกำหนดให้ต้องปฏิบัติหรือปฏิบัติหน้าที่ล่าช้าเกินสมควรต้องยื่นฟ้องคดีต่อศาลปกครอง ภายใน 90 วัน นับแต่วันที่รู้หรือควรรู้ถึงเหตุแห่งการฟ้องคดี
กรณีที่ผู้ฟ้องคดีได้มีหนังสือร้องขอต่อหน่วยงานทางปกครองหรือเจ้าหน้าที่ของรัฐให้ปฏิบัติหน้าที่อย่างใดอย่างหนึ่งแต่หน่วยงานละเลยต่อหน้าที่หรือปฏิบัติหน้าที่ล่าช้าเกินสมควรให้เริ่มนับระยะเวลาการฟ้องคดีตั้งแต่วันที่พ้นกำหนด 90 วัน นับแต่วันที่ผู้ฟ้องคดีได้มีหนังสือร้องขอต่อหน่วยงาน
หากผู้ฟ้องคดีได้รับหนังสือชี้แจงจากหน่วยงาน แต่เห็นว่าเป็นคำชี้แจงที่ไม่มีเหตุผล ให้เริ่มนับระยะเวลาการฟ้องคดีตั้งแต่วันที่ได้รับหนังสือชี้แจง
คดีพิพาทเกี่ยวกับการกระทำละเมิดหรือความรับผิดต่ออย่างอื่นของหน่วยงานทางปกครองหรือเจ้าหน้าที่ของรัฐ ให้ยื่นฟ้อง ภายใน 1 ปี นับแต่วันที่รู้หรือควรรู้ถึงเหตุแห่งการฟ้องคดี แต่ไม่เกิน 10 ปี นับแต่วันที่มีเหตุแห่งการฟ้องคดี
คดีพิพาทเกี่ยวกับสัญญาทางปกครอง ให้ยื่นฟ้อง ภายใน 5 ปี นับแต่วันที่รู้หรือควรรู้ถึงเหตุแห่งการฟ้องคดี แต่ไม่เกิน 10 ปี นับแต่วันที่มีเหตุแห่งการฟ้องคดี
คดีพิพาทเกี่ยวกับการคุ้มครองประโยชน์สาธารณะ หรือคดีพิพาทเกี่ยวกับสัญชาติของบุคคลจะยื่นฟ้องเมื่อใดก็ได้
การฟ้องคดีปกครองที่ยื่นฟ้องเมื่อพ้นกำหนดเวลาการฟ้องคดีแล้ว หากศาลเห็นว่าเป็นประโยชน์แก่ส่วนรวม หรือมีเหตุจำเป็นอื่น ศาลปกครองอาจรับไว้พิจารณาก็ได้",คู่มือการดำเนินคดีปกครองสำหรับประชาชน,2022-12-01 00:00:00,,,,,,,
เงื่อนไขในการฟ้องคดีปกครอง,2.4 ต้องจัดทำคำฟ้องโดยมีรายการครบถ้วนตามที่กฎหมายกำหนด,เนื้อหา,"4 ต้องจัดทำคำฟ้องโดยมีรายการครบถ้วนตามที่กฎหมายกำหนด
โดยจะพิมพ์หรือเขียนด้วยลายมือก็ได้ แต่จะต้องมีองค์ประกอบ ดังนี้
- ชื่อและที่อยู่ผู้ฟ้องคดี โดยจะต้องระบุชื่อและที่อยู่ให้ชัดเจน และเป็นที่อยู่ที่สามารถติดต่อได้ เพื่อประโยชน์ในการนัดหมายหรือส่งเอกสารต่าง ๆ ที่เกี่ยวข้องกับคดี
- ชื่อหน่วยงานทางปกครองหรือเจ้าหน้าที่ของรัฐที่ประสงค์จะฟ้อง
- การกระทำอันเป็นเหตุแห่งการฟ้องคดีซึ่งทำให้เดือดร้อนหรือเสียหาย
- คำขอประโยชน์ให้ศาลปกครองสั่งหรือพิจารณาอย่างใดเพื่อบรรเทาความเดือดร้อนหรือเสียหาย และจะต้องไม่เป็นเรื่องที่ศาลไม่มีอำนาจพิจารณาหรือบังคับได้
- ลายมือชื่อของผู้ฟ้องคดี",คู่มือการดำเนินคดีปกครองสำหรับประชาชน,2022-12-01 00:00:00,,,,,,,
เงื่อนไขในการฟ้องคดีปกครอง,2.5 ต้องเป็นกรณีที่คำขอต้องเป็นคำขอที่ศาลออกคำบังคับให้ได้ตามกฎหมาย,เนื้อหา,"5 ต้องเป็นกรณีที่คำขอต้องเป็นคำขอที่ศาลออกคำบังคับให้ได้ตามกฎหมาย
คำขอท้ายคำฟ้องเป็นข้อความแสดงความต้องการของผู้ฟ้องคดี ว่าประสงค์ให้ศาลปกครองพิจารณาพิพากษาคดีหรือมีคำสั่งอย่างไร เพื่อบรรเทาความเดือดร้อนหรือเสียหายที่ได้รับ ซึ่งคำขอนั้นต้องเป็นคำขอที่ศาลปกครองมีอำนาจสั่งให้ได้ตามมาตรา 72 แห่งพระราชบัญญัติจัดตั้งศาลปกครองและวิธีพิจารณาคดีปกครอง พ.ศ. 2542 ซึ่งบัญญัติไว้ ดังนี้
- สั่งให้เพิกถอนกฎหรือคำสั่งหรือสั่งห้ามการกระทำทั้งหมดหรือบางส่วนในกรณีที่มีการฟ้องว่าหน่วยงานทางปกครอง หรือเจ้าหน้าที่ของรัฐกระทำการโดยไม่ชอบด้วยกฎหมายตามมาตรา 9 วรรคหนึ่ง (1)
- สั่งให้หัวหน้าหน่วยงานทางปกครองหรือเจ้าหน้าที่ของรัฐที่เกี่ยวข้องปฏิบัติตามหน้าที่ภายในเวลาที่ศาลปกครองกำหนดในกรณีที่มีการฟ้องว่าหน่วยงานทางปกครองหรือเจ้าหน้าที่ของรัฐละเลยต่อหน้าที่หรือปฏิบัติหน้าที่ล่าช้าเกินสมควร
- สั่งให้ใช้เงินหรือให้ส่งมอบทรัพย์สิน หรือให้กระทำการ หรืองดเว้นกระทำการ โดยจะกำหนดระยะเวลาและเงื่อนไขอื่นๆไว้ด้วยก็ได้ ในกรณีที่มีการฟ้องเกี่ยวกับการกระทำละเมิดหรือความรับผิดของหน่วยงานทางปกครองหรือเจ้าหน้าที่ของรัฐ หรือการฟ้องคดีเกี่ยวกับสัญญาทางปกครอง
- สั่งให้ถือปฏิบัติต่อสิทธิหรือหน้าที่ของบุคคลที่เกี่ยวข้องในกรณีที่มีการฟ้องให้ศาลมีคำพิพากษาแสดงความเป็นอยู่ของสิทธิหรือหน้าที่นั้น
- สั่งให้บุคคลกระทำหรือละเว้นกระทำอย่างหนึ่งอย่างใดเพื่อให้เป็นไปตามกฎหมาย ทั้งนี้ คำขอของผู้ฟ้องคดีตี้ต้องสอดคล้องกับการกระทำอันเป็นเหตุแห่งการฟ้องคดีด้วย",คู่มือการดำเนินคดีปกครองสำหรับประชาชน,2022-12-01 00:00:00,,,,,,,
เงื่อนไขในการฟ้องคดีปกครอง,2.6 ต้องไม่เป็นฟ้องซ้ำ ฟ้องซ้อน หรือดำเนินกระบวนพิจารณาซ้ำ ,เนื้อหา,"6 คดีที่ศาลปกครองได้เคยมีคำพิพากษาหรือคำสั่งชี้ขาดคดีถึงที่สุดแล้ว ห้ามมิให้คู่กรณีเดียวกันฟ้องซ้ำอีกในประเด็นที่ได้วินิจฉัยโดยอาศัยเหตุอย่างเดียวกัน เพราะถือว่าเป็นการฟ้องซ้ำ ตามข้อ 97 ของระเบียบของที่ประชุมใหญ่ตุลาการในศาลปกครองสูงสุด ว่าด้วยวิธีพิจารณาคดีปกครอง พ.ศ. 2543
คดีที่ได้ยื่นฟ้องต่อศาลปกครองแล้ว และอยู่ระหว่างการพิจารณาคดีของศาล
ผู้ฟ้องคดีจะยื่นคำฟ้องเรื่องเดียวกันต่อศาลปกครองเดิม หรือศาลปกครองอื่นไม่ได้เพราะถือว่าเป็นการฟ้องซ้อน ตามข้อ 36 (1) ของระเบียบของที่ประชุมใหญ่ฯ
เมื่อศาลมีคำพิพากษาหรือคำสั่งถึงที่สุดในคดีหรือประเด็นข้อใดแห่งคดีแล้ว
ห้ามมิให้ดำเนินการหรือกระทำการในคดีนั้นอีกเกี่ยวกับคดีหรือประเด็นที่ได้วินิจฉัยไว้แล้ว เว้นแต่:
1 การแก้ไขโดยกฎหมายหรือมีคำวินิจฉัยของศาลรัฐธรรมนูญตามข้อ 95
2 การวินิจฉัยใหม่ของศาลปกครองสูงสุดหรือมีคำสั่งใหม่ตามมาตรา 75
3 การพิจารณาใหม่เพิกถอนคำพิพากษาหรือคำสั่งเดิมกรณีประธานศาลปกครองสูงสุดหารืออนุสัญญาตามข้อ 21
4 การยืน การรับ หรือไม่รับอุทธรณ์ตามมาตรา 73
5 กรณีที่ศาลมีคำพิพากษาหรือมีการพิจารณาซ้ำระหว่างการพิจารณาคดีที่ยังอยู่ระหว่างการพิจารณาของศาลปกครองอื่นตามข้อ 104 หรือข้อ 106
6 การที่ศาลปกครองสูงสุดส่งคดีกลับไปยังศาลปกครองชั้นต้น
ที่ได้พิจารณาและพิพากษาหรือมีคำสั่งคดีนั้น เพื่อให้พิพากษาหรือมีคำสั่งใหม่หรือพิจารณาและพิพากษาหรือมีคำสั่งใหม่ ตามข้อ 112
7 การบังคับคดีตามคำพิพากษาหรือคำสั่งเพราะถือว่าเป็นการดำเนินกระบวนพิจารณาซ้ำตามข้อ 96 ของระเบียบของที่ประชุมใหญ่ฯ",คู่มือการดำเนินคดีปกครองสำหรับประชาชน,2022-12-01 00:00:00,,,,,,,
เงื่อนไขในการฟ้องคดีปกครอง,2.6 ต้องไม่เป็นฟ้องซ้ำ ฟ้องซ้อน หรือดำเนินกระบวนพิจารณาซ้ำ ,เนื้อหา,"ข้อ 36 นับแต่เวลาที่ได้ยื่นคำฟ้องต่อศาลแล้ว คดีนั้นอยู่ในระหว่างการพิจารณา และผลแห่งการนี้
(1) ห้ามมิให้ผู้ฟ้องคดียื่นคำฟ้องเรื่องเดียวกันนั้นต่อศาลเดียวกันหรือต่อศาลอื่นอีก และ
(2) ถ้ามีเหตุเปลี่ยนแปลงเกิดขึ้นในพฤติการณ์อันเกี่ยวด้วยการยื่นฟ้องคดีต่อศาลที่มีเขตอำนาจศาลเหนือคดีนั้น เช่น การเปลี่ยนแปลงเขตอำนาจศาลหรือการเปลี่ยนแปลงภูมิลำเนาของผู้ฟ้องคดี การเปลี่ยนแปลงเช่นว่านั้นหาตัดอำนาจศาลที่รับคำฟ้องไว้ในอันที่จะพิจารณาพิพากษาคดีนั้นไม่

ข้อ 96 เมื่อศาลมีคำพิพากษาหรือคำสั่งชี้ขาดคดีหรือประเด็นข้อใดแห่งคดีแล้ว ห้ามมิให้ดำเนินกระบวนพิจารณาในศาลนั้นอันเกี่ยวกับคดีหรือประเด็นที่ได้วินิจฉัยชี้ขาดแล้วนั้น เว้นแต่
(1) การแก้ไขข้อผิดพลาดหรือผิดหลงเล็กน้อยตามข้อ 95
(2) การพิจารณาพิพากษาหรือมีคำสั่งชี้ขาดคดีใหม่ตามมาตรา 75
(3) การพิจารณาใหม่แห่งคดีที่สำนวนคดีหรือเอกสารในสำนวนคดีสูญหายหรือบุบสลายตามข้อ 21
(4) การยื่น การรับ หรือไม่รับอุทธรณ์ตามมาตรา 73
(5) การดำเนินการเกี่ยวกับการบรรเทาทุกข์ชั่วคราวในระหว่างการยื่นอุทธรณ์ ซึ่งคำอุทธรณ์อยู่ระหว่างการพิจารณาของศาลปกครองชั้นต้นตามข้อ 104 หรือข้อ 106
(6) การที่ศาลปกครองสูงสุดส่งคดีคืนไปยังศาลปกครองชั้นต้นที่ได้พิจารณาและพิพากษาหรือมีคำสั่งคดีนั้นเพื่อให้พิพากษาหรือมีคำสั่งใหม่หรือพิจารณาและพิพากษาหรือมีคำสั่งใหม่ ตามข้อ 112
(7) การบังคับคดีตามคำพิพากษาหรือคำสั่ง

ข้อ 97 คดีที่ได้มีคำพิพากษาหรือคำสั่งชี้ขาดคดีถึงที่สุดแล้ว ห้ามมิให้คู่กรณีเดียวกันฟ้องกันอีกในประเด็นที่ได้วินิจฉัยโดยอาศัยเหตุอย่างเดียวกัน",,,,,,,,,
เงื่อนไขในการฟ้องคดีปกครอง,2.7 ต้องมีการชำระค่าธรรมเนียมศาลโดยครบถ้วน ,เนื้อหา,"โดยปกติการยื่นฟ้องคดีปกครองไม่ต้องเสียค่าธรรมเนียมศาล เว้นแต่เป็นการฟ้องคดีเกี่ยวกับสัญญาทางปกครองหรือละเมิดหรือความรับผิดอย่างอื่นเพื่อให้ศาลสั่งให้มีการชดใช้เงินหรือส่งมอบทรัพย์สิน ผู้ฟ้องคดีจะเสียค่าธรรมเนียมศาลในอัตราที่ระบุไว้ในตาราง 1 ท้ายประมวลกฎหมายวิธีพิจารณาความแพ่ง ซึ่งกำหนดไว้สำหรับคดีฟ้องขอปลดเปลื้องทุกข์อันคำนวณเป็นราคาเงินได้

ในปัจจุบัน สำหรับคดีที่มีทุนทรัพย์ไม่เกิน 50 ล้านบาท คิดในอัตราร้อยละ 2 ของทุนทรัพย์ที่ไม่เกิน 200,000 บาท ทุนทรัพย์ส่วนที่เกิน 200,000 บาท ให้คิดในอัตราร้อยละ 0.1 ของจำนวนคดี ศาลปกครองจะสั่งเก็บค่าธรรมเนียมศาลทั้งหมดหรือบางส่วนตามดุลพินิจของศาล

กรณีที่ผู้ฟ้องคดีไม่มีทรัพย์สินเพียงพอที่จะเสียค่าธรรมเนียมศาล หรือหากไม่ใช่กรณีที่ชำระค่าธรรมเนียมศาลจะได้รับความเดือดร้อนเกินสมควรผู้ฟ้องคดีอาจยื่นคำขอให้ศาลยกเว้นค่าธรรมเนียมศาลบางหรือทั้งหมดพร้อมกับคำฟ้องก็ได้ เมื่อศาลมีคำสั่งอนุญาต ก็จะได้รับการยกเว้นแต่หากศาลมีคำสั่งไม่อนุญาต ผู้ฟ้องคดีจะต้องชำระค่าธรรมเนียมศาลทั้งหมดหรือบางส่วนที่ศาลมีคำสั่งไว้

ในกรณีที่ศาลปกครองชั้นต้นสั่งให้ชำระค่าธรรมเนียมศาลเฉพาะการพิจารณาในชั้นศาลชั้นต้น ผู้ฟ้องคดีจะต้องชำระค่าธรรมเนียมศาลอุทธรณ์เพิ่มเติมอีก 15 วัน หลังจากได้รับอนุญาตให้ยื่นอุทธรณ์จากศาล และศาลมีคำสั่งให้ยื่นคำอุทธรณ์ ค่าธรรมเนียมศาลในบางส่วนหรือค่าต่ำกว่าก็ให้คิดค่าต่ำกว่านั้นได้",คู่มือการดำเนินคดีปกครองสำหรับประชาชน,2022-12-01 00:00:00,,,,,,,
เงื่อนไขในการฟ้องคดีปกครอง,2.8 ผู้ฟ้องคดีต้องเป็นผู้ที่มีความสามารถตามกฎหมาย ,เนื้อหา,"ผู้ฟ้องคดีต้องเป็นผู้ที่มีความสามารถตามกฎหมาย กรณีผู้เยาว์หรือคนไร้ความสามารถจะประสงค์จะฟ้องคดีต่อศาลปกครองจะต้องให้ผู้แทนโดยชอบธรรม หรือผู้อนุบาลเป็นผู้ฟ้องคดีแทน เว้นแต่ผู้เยาว์ซึ่งมีอายุตั้งแต่ 15 ปีบริบูรณ์ขึ้นไป ศาลอาจอนุญาตให้ฟ้องคดีด้วยตนเองได้ หากเห็นสมควร

กรณีคนเสนอมิได้มีความสามารถจะฟ้องคดีต่อศาลปกครองจะต้องได้รับความยินยอมจากผู้พิทักษ์และต้องแนบหนังสือแสดงความยินยอมมาพร้อมกับคำฟ้องด้วย",คู่มือการดำเนินคดีปกครองสำหรับประชาชน,2022-12-01 00:00:00,,,,,,,
การดำเนินคดีทางปกครอง,3.1 การฟ้องคดีปกครอง,เนื้อหา,"การฟ้องคดีปกครอง
คำฟ้อง
การเขียนคำฟ้องในคดีปกครองไม่มีแบบฟอร์มบังคับ แต่ต้องใช้ถ้อยคำสุภาพและมีองค์ประกอบครบถ้วน ได้แก่
1. ชื่อและที่อยู่ผู้ฟ้องคดี โดยจะต้องระบุชื่อและที่อยู่ของตนให้ชัดเจน และเป็นที่อยู่ที่สามารถติดต่อได้ เพื่อประโยชน์ในการนัดหมายหรือส่งเอกสารต่าง ๆ ที่เกี่ยวข้องกับคดี ให้แก่ผู้ฟ้องคดี อาทิ การแจ้งนัดหมายเพื่อการไต่สวน การจัดส่งเอกสาร หรือขอเอกสารเพิ่มเติม เป็นต้น
2. ชื่อหน่วยงานทางปกครองหรือเจ้าหน้าที่ของรัฐที่ประสงค์จะฟ้อง ระบุให้ชัดเจนว่าเป็นหน่วยงานทางปกครองใด หรือเจ้าหน้าที่ของรัฐคนใด (ระบุตำแหน่ง) อยู่ที่หน่วยงานใด
3. การระบุข้อเท็จจริงเป็นเหตุแห่งการฟ้องคดี พร้อมทั้งพฤติการณ์และข้อเท็จจริงที่เกี่ยวข้อง ซึ่งทำให้ผู้ฟ้องคดีเดือดร้อนหรือเสียหายและเรียกร้องในคำฟ้องคดี โดยต้องเขียนให้ชัดเจน และเรียงลำดับตามข้อเท็จจริงที่เกิดขึ้น
4. คำขอประสงค์จะให้ศาลปกครองสั่งหรือพิพากษาอย่างไร เพื่อบรรเทาความเดือดร้อนหรือเสียหายที่ตนได้รับ และต้องเป็นเรื่องที่ศาลมีอำนาจกำหนดคำบังคับได้
5. ลายมือชื่อผู้ฟ้องคดี ในกรณีที่ไม่อาจแนบพยานหลักฐานที่เกี่ยวข้องมาได้ ให้ระบุเหตุที่ไม่อาจแนบพยานหลักฐานไว้ด้วย และผู้ฟ้องคดีต้องยื่นสำเนาคำฟ้อง และสำเนาพยานหลักฐานที่ผู้ฟ้องคดีรับรองสำเนาถูกต้องให้ครบตามจำนวนของผู้ถูกฟ้องคดีแนบพร้อมกับคำฟ้องด้วย",คู่มือการดำเนินคดีปกครองสำหรับประชาชน,2022-12-01 00:00:00,,,,,,,
การดำเนินคดีทางปกครอง,3.2 วิธีการยื่นคำฟ้อง,เนื้อหา,"วิธีการยื่นคำฟ้อง
ผู้ประสงค์จะฟ้องคดีสามารถยื่นคำฟ้องต่อศาลปกครองชั้นต้นหรือศาลปกครองสูงสุดแล้วแต่กรณี โดยสามารถยื่นคำฟ้องได้ 4 วิธี ได้แก่

1. ยื่นคำฟ้องด้วยตนเองที่ศาลปกครองชั้นต้นที่ตนมีภูมิลำเนาหรือมีมูลคดีเกิด
หรือยื่นคำฟ้องด้วยตนเองที่ศาลปกครองสูงสุดที่มีที่ตั้งอยู่ในกรุงเทพมหานคร (ในกรณีที่เป็นคดีที่ต้องยื่นฟ้องต่อศาลปกครองสูงสุดโดยตรง)
2. ส่งคำฟ้องทางไปรษณีย์ลงทะเบียน
จ่าหน้าซองถึงสำนักงานศาลปกครองกลาง หรือสำนักงานศาลปกครองในภูมิภาคแห่งที่ประสงค์ยื่นฟ้อง หรือสำนักงานของสำนักงานศาลปกครองสูงสุด (กรณียื่นฟ้องต่อศาลปกครองสูงสุดโดยตรง)
การส่งคำฟ้องทางไปรษณีย์ให้ใช้บริการของไปรษณีย์ไทยเท่านั้น เช่น ไปรษณีย์ด่วนพิเศษ (EMS) เนื่องจากระบบไปรษณีย์ของไปรษณีย์ไทยมีการบันทึกวันที่ที่นำส่งใบรับประกันการรับไว้ของศาลที่ถูกต้องและสามารถตรวจสอบได้ง่าย ทั้งนี้การส่งคำฟ้องทางไปรษณีย์จะถือวันที่เจ้าหน้าที่ประทับรับคำฟ้องนั้น อย่างไรก็ตาม การส่งคำฟ้องทางไปรษณีย์ถือเป็นวิธีหนึ่งที่สามารถยื่นคำฟ้องได้
การส่งคำฟ้องผ่านบริษัทขนส่งเอกชน เช่น J&T Express, Kerry Express, Flash Express เป็นต้น กฎหมายยังไม่อนุญาตให้ทำได้ และจะถือว่าไม่ได้เป็นการยื่นคำฟ้องที่ถูกต้องตามกฎหมาย ซึ่งมีผลให้ศาลไม่อาจรับคำฟ้องดังกล่าวไว้พิจารณาได้
3. ยื่นฟ้องทางโทรสาร
ผู้ประสงค์จะยื่นคำฟ้องทางโทรสารสามารถส่งคำฟ้องมาได้ที่หมายเลขโทรสารของศาลปกครองแห่งที่ประสงค์จะยื่นฟ้อง และจะต้องส่งคำฟ้องพร้อมเอกสารหลักฐานต่าง ๆ ให้เจ้าหน้าที่ของศาลในครั้งแรกที่จะกระทำได้ โดยจะถือว่าวันที่ปรากฏในหลักฐานการรับโทรสารของสำนักงานศาลปกครองเป็นวันที่ยื่นคำฟ้องต่อศาลปกครอง
หมายเลขโทรสารที่ใช้ในการยื่นคำฟ้อง คำให้การ คำคัดค้านคำให้การ คำให้การเพิ่มเติม คำร้อง คำเสนอ คำวินิจฉัย คำร้อง คำขอ พยานหลักฐาน หรือเอกสารอื่น ๆ ที่เกี่ยวกับศาลปกครองอย่างถูกต้อง
4. ยื่นฟ้องทางอิเล็กทรอนิกส์
โดยยื่นคำฟ้องทางระบบงานคดีปกครองอิเล็กทรอนิกส์ https://elitigation.admincourt.go.th

การยื่นฟ้องคดีต่อศาลปกครอง ผู้ฟ้องคดีจะต้องแนบเอกสารและพยานหลักฐานมาพร้อมกับคำฟ้องด้วย ได้แก่
1. สำเนาบัตรประจำตัวประชาชนหรือบัตรที่ทางราชการออกให้พร้อมรับรองสำเนาถูกต้อง(กรณีส่งคำฟ้องทางไปรษณีย์ลงทะเบียนหรือทางโทรสาร)
2. พยานหลักฐานที่เกี่ยวข้องกับการฟ้องคดี ในกรณีที่ไม่สามารถแนบพยานหลักฐานดังกล่าวมาได้เพราะเอกสารอยู่ในความครอบครองของหน่วยงานทางปกครอง เจ้าหน้าที่ของรัฐ หรือบุคคลอื่น หรือเพราะเหตุอื่นใดให้ระบุเหตุที่ไม่อาจแนบพยานหลักฐานมาได้ไว้ในคำฟ้องด้วย
3. สำเนาคำฟ้องและสำเนาพยานหลักฐานตามจำนวนของผู้ถูกฟ้องคดี โดยต้องรับรองสำเนาถูกต้องให้ครบถ้วนด้วย
4. หากผู้ฟ้องคดีประสงค์จะมอบอำนาจให้บุคคลอื่นฟ้องคดีหรือดำเนินคดีแทน ต้องมีหนังสือมอบอำนาจพร้อมปิดอากรแสตมป์ 10 บาท ในกรณีมอบอำนาจให้กระทำการครั้งเดียว หรือปิดอากรแสตมป์ 30 บาท ในกรณีมอบอำนาจให้กระทำการหลายครั้งหรือให้ดำเนินการทั้งคดี
5. หากผู้ฟ้องคดีเป็นผู้เสมือนไร้ความสามารถ ต้องมีหนังสือแสดงความยินยอมให้ฟ้องคดีมาด้วย",คู่มือการดำเนินคดีปกครองสำหรับประชาชน,2022-12-01 00:00:00,,,,,,,
การดำเนินคดีทางปกครอง,เขตอำนาจศาลปกครอง,เนื้อหา,"ศาลปกครองเปิดทำการแล้วทั้งสิ้น 16 แห่ง (สาลปกครองสูงสุด 1 แห่ง ศาลปกครองชั้นต้น 15 แห่ง) ได้แก่

ศาลปกครองสูงสุด
มีเขตอำนาจทั่วราชอาณาจักร
ตั้งอยู่ที่ อาคารศาลปกครอง ถนนแจ้งวัฒนะ แขวงทุ่งสองห้อง เขตหลักสี่ กรุงเทพมหานคร 10210 โทร. 0 2141 1111

ศาลปกครองกลาง
มีเขตอำนาจ ดังนี้ กรุงเทพมหานคร นครปฐม นนทบุรี ปทุมธานี สมุทรปราการ  สมุทรสาคร สระบุรี นครนายก
ตั้งอยู่ที่ อาคารศาลปกครอง ถนนแจ้งวัฒนะ แขวงทุ่งสองห้อง เขตหลักสี่ กรุงเทพมหานคร 10210 โทร. 0 2141 1111

ศาลปกครองเชียงใหม่
มีเขตอำนาจ ดังนี้ เชียงใหม่ เชียงราย แม่ฮ่องสอน ลำปาง พะเยา แพร่ น่าน ลำพูน
ตั้งอยู่ที่ 333 ถนนโชตนา ตำบลช้างเผือก อำเภอเมืองเชียงใหม่ จังหวัดเชียงใหม่ 50300 โทร. 0 5310 7999

ศาลปกครองสงขลา
มีเขตอำนาจ ดังนี้ สงขลา ตรัง พัทลุง สตูล
ตั้งอยู่ที่ 1111 หมู่ 2 ถนนสงขลา-เกาะยอ ตำบลพะวง อำเภอเมืองสงขลา จังหวัดสงขลา 90100 โทร. 0 7433 4945-8

ศาลปกครองนครราชสีมา
มีเขตอำนาจ ดังนี้ นครราชสีมา ชัยภูมิ บุรีรัมย์ สุรินทร์
ตั้งอยู่ที่ 345 หมู่ 6 ถนนมิตรภาพ-เลี่ยงเมือง ตำบลหนองกระทุ่ม อำเภอเมืองนครราชสีมา จังหวัดนครราชสีมา 30000 โทร. 0 4430 7300-2

ศาลปกครองขอนแก่น
มีเขตอำนาจ ดังนี้ ขอนแก่น มหาสารคาม กาฬสินธุ์ มุกดาหาร
ตั้งอยู่ที่ 333 หมู่ 2 ถนนเหล่านาดี ตำบลเมืองเก่า อำเภอเมืองขอนแก่น จังหวัดขอนแก่น 40000 โทร. 0 4325 8681-2

ศาลปกครองพิษณุโลก
มีเขตอำนาจ ดังนี้ พิษณุโลก กำแพงเพชร ตาก พิจิตร สุโขทัย อุตรดิตถ์
ตั้งอยู่ที่ 111 หมู่ 8 ถนนพิษณุโลก-นครสวรรค์ ตำบลท่าทอง อำเภอเมืองพิษณุโลก จังหวัดพิษณุโลก 65000 โทร. 0 5590 9550-9

ศาลปกครองระยอง
มีเขตอำนาจ ดังนี้ ระยอง จันทบุรี ฉะเชิงเทรา ชลบุรี ตราด ปราจีนบุรี สระแก้ว
ตั้งอยู่ที่ 777 ถนนสุขุมวิท ตำบลเนินพระ อำเภอเมืองระยอง จังหวัดระยอง 21150 โทร. 0 3869 4513-30

ศาลปกครองนครศรีธรรมราช
มีเขตอำนาจ ดังนี้ นครศรีธรรมราช สุราษฎร์ธานี ชุมพร
ตั้งอยู่ที่อาคาร ซี.พี.ทาวเวอร์ นครศรีธรรมราช (ที่ทำการชั่วคราว) เลขที่ 345 ถนนพัฒนาการคูขวาง ตำบลในเมือง อำเภอเมืองนครศรีธรรมราช จังหวัดนครศรีธรรมราช 80000 โทร. 0 7535 5130-5

ศาลปกครองอุดรธานี
มีเขตอำนาจ ดังนี้ อุดรธานี เลย หนองคาย หนองบัวลำภู สกลนคร นครพนม บึงกาฬ
ตั้งอยู่ที่ 999 หมู่ 7 ถนนมิตรภาพ อุดร-หนองคาย ตำบลบ้านขาว อำเภอเมืองอุดรธานี จังหวัด โทร. 0 4223 0664-6

ศาลปกครองอุบลราชธานี
มีเขตอำนาจ ดังนี้ อุบลราชธานี ยโสธร ร้อยเอ็ด ศรีสะเกษ อำนาจเจริญ
ตั้งอยู่ที่ 444 หมู่ 3 ถนนแจ้งสนิท ตำบลแจระแม อำเภอเมืองอุบลราชธานี จังหวัดอุบลราชธานี 34000  โทร. 0 4531 9600-4

ศาลปกครองเพชรบุรี
มีเขตอำนาจ ดังนี้ เพชรบุรี ราชบุรี สมุทรสงคราม ประจวบคีรีขันธ์
ตั้งอยู่ที่ 980/98 ถนนเพชรเกษม ตำบลชะอำ อำเภอชะอำ จังหวัดเพชรบุรี 76120 โทร. 0 3270 9400

ศาลปกครองนครสวรรค์
มีเขตอำนาจ ดังนี้ นครสวรรค์ เพชรบูรณ์ ลพบุรี ชัยนาท อุทัยธานี
ตั้งอยู่ที่ 9/9 หมู่ 7 ตำบลกลางแดด อำเภอเมืองนครสวรรค์ จังหวัดนครสวรรค์ 60000 โทร. 0 5621 9234

ศาลปกครองสุพรรณบุรี
มีเขตอำนาจ ดังนี้ สุพรรณบุรี กาญจนบุรี สิงห์บุรี อ่างทอง อยุธยา
ตั้งอยู่ที่ 333 หมู่ 6 ตำบลสนามชัย อำเภอเมืองสุพรรณบุรี จังหวัดสุพรรณบุรี 72000 โทร. 0 3543 2333

ศาลปกครองภูเก็ต
มีเขตอำนาจ ดังนี้ ภูเก็ต ระนอง พังงา กระบี่
ตั้งอยู่ที่ 33/3 หมู่ 5 ตำบลไม้ขาว อำเภอถลาง จังหวัดภูเก็ต 83110 โทร. 0 7639 7400

ศาลปกครองยะลา
มีเขตอำนาจ ดังนี้ ยะลา ปัตตานี นราธิวาส
ตั้งอยู่ที่ 199 หมู่ 1 ตำบลท่าสาป อำเภอเมืองยะลา จังหวัดยะลา 95000  โทร. 0 7336 2462, 0 7322 0700",คู่มือการดำเนินคดีปกครองสำหรับประชาชน,2022-12-01 00:00:00,,,,,,,
กระบวนการพิจารณาคดีปกครอง,4.1 ตุลาการศาลปกครอง,เนื้อหา,"การพิจารณาพิพากษาคดีปกครองจะทำโดย องค์คณะพิจารณาพิพากษา โดยองค์คณะของศาลปกครองชั้นต้นจะประกอบด้วยตุลาการศาลปกครองชั้นต้นอย่างน้อย 3 คน ส่วนองค์คณะของศาลปกครองสูงสุดจะประกอบด้วยตุลาการศาลปกครองสูงสุดอย่างน้อย 5 คน องค์คณะแต่ละองค์คณะจะมีตุลาการหัวหน้าองค์คณะ 1 คน โดยการดำเนินคดีปกครอง ตุลาการหัวหน้าองค์คณะจะแต่งตั้ง ตุลาการเจ้าของสำนวน ซึ่งคัดเลือกจากตุลาการคนหนึ่งในองค์คณะของตน ส่วนการแต่งตั้ง ตุลาการผู้แถลงคดี ซึ่งเป็นตุลาการที่ไม่ใช่ตุลาการในองค์คณะที่พิจารณาพิพากษาคดีนั้น ประธานศาลปกครองสูงสุด หรืออธิบดีศาลปกครองชั้นต้น จะเป็นผู้แต่งตั้ง แล้วแต่กรณี

ตุลาการเจ้าของสำนวนจะดำเนินการรวบรวมข้อเท็จจริงจากคำฟ้อง คำชี้แจงของคู่กรณี และรวบรวมพยานหลักฐานที่เกี่ยวข้องเพื่อจัดทำสรุปข้อเท็จจริงและความเห็นนำเสนอ ต่อองค์คณะก่อนวันนั่งพิจารณาคดี ในขณะที่ตุลาการผู้แถลงคดีจะทำหน้าที่สรุปข้อเท็จจริง ข้อกฎหมายและเสนอความเห็นของตนในการวินิจฉัยคดีนั้นๆ ที่เรียกว่า คำแถลงการณ์ ต่อองค์คณะเพื่อประกอบการพิจารณาคดี ซึ่งถือเป็นการถ่วงดุลตุลาการใช้อำนาจระหว่างตุลาการด้วยกันในระบบวิธีพิจารณาคดีปกครอง ซึ่งจะทำให้องค์คณะใช้อำนาจตัดสินคดีอย่างรอบคอบและถูกต้องมากยิ่งขึ้น โดยเฉพาะอย่างยิ่ง ในกรณีที่องค์คณะไม่เห็นด้วยกับคำแถลงการณ์ ก็จะต้องแสดงให้เห็นถึงเหตุผลที่หนักแน่นและน่าเชื่อถือมากกว่าวิธีการถ่วงดุลนี้จะเป็นหลักประกันความเป็นธรรมในการพิจารณาทางยุติธรรมทางปกครองได้ดียิ่งขึ้น

อย่างไรก็ตาม คำแถลงการณ์ของตุลาการผู้แถลงคดีถือเป็นความเห็นโดยอิสระ ไม่ผูกพันองค์คณะในการจัดทำคำพิพากษา หรือคำตัดสินชี้ขาดในคดี คำตัดสินขององค์คณะเท่านั้นที่จะถือว่าเป็นคำพิพากษาหรือคำสั่ง
",คู่มือการดำเนินคดีปกครองสำหรับประชาชน,2022-12-01 00:00:00,,,,,,,
กระบวนการพิจารณาคดีปกครอง,4.2 วิธีการแสวงหาข้อเท็จจริงในคดีปกครองใช้เอกสารเป็นหลัก ,เนื้อหา,"วิธีพิจารณาคดีในศาลปกครองใช้ระบบไต่สวน ซึ่งเป็นระบบที่ศาลมีบทบาทสำคัญในการแสวงหาข้อเท็จจริงและพยานหลักฐาน โดยศาลอาจแสวงหาข้อเท็จจริงเพิ่มเติมด้วยการนัดไต่สวนคู่กรณี หรือเรียกพยานบุคคล พยานเอกสาร พยานผู้เชี่ยวชาญ รวมทั้งการออกไปตรวจสถานที่เพื่อให้ได้ข้อเท็จจริงและพยานหลักฐานที่จำเป็นต่อการพิจารณาพิพากษาคดีอย่างครบถ้วน

การพิจารณาคดีโดยใช้ระบบไต่สวนทำให้เอกชนซึ่งส่วนใหญ่ไม่มีข้อมูลและพยานหลักฐานในความครอบครอง และไม่มีความรู้ในข้อกฎหมาย สามารถดำเนินคดีได้อย่างเท่าเทียมกับคู่กรณีที่เป็นหน่วยงานทางปกครองหรือเจ้าหน้าที่ของรัฐ ซึ่งถือเป็นหลักประกันความยุติธรรมที่คู่กรณีจะได้รับจากการดำเนินคดีในศาลปกครอง

วิธีพิจารณาคดีปกครองจะใช้หลักการฟังความสองฝ่าย กล่าวคือ ศาลปกครองจะเปิดโอกาสให้คู่กรณีชี้แจง แสดงหลักฐานประกอบข้ออ้างของตนและโต้แย้งคัดค้านการนำเสนอหรือการกล่าวอ้างตลอดจนแก้ข้อกล่าวหาของอีกฝ่ายหนึ่งเสมอ โดยผ่านการทำคำฟ้อง คำให้การ คำคัดค้านคำให้การ และคำให้การเพิ่มเติม ซึ่งจะต้องจัดทำเป็นลายลักษณ์อักษร

คำให้การ
เมื่อศาลปกครองมีคำสั่งรับคำฟ้องของผู้ฟ้องคดีแล้วจะส่งสำเนาคำฟ้องและสำเนาพยานหลักฐานให้ผู้ถูกฟ้องคดีทำคำให้การมายื่นต่อศาลภายใน 30 วัน นับแต่วันที่ได้รับสำเนาคำฟ้อง หรือภายในระยะเวลาที่ศาลกำหนด โดยผู้ถูกฟ้องคดีอาจยอมรับหรือโต้แย้งคำฟ้องของผู้ฟ้องคดีที่เห็นว่าไม่ถูกต้องตรงกับข้อเท็จจริงด้วยการชี้แจงและแสดงเหตุผลของตน โดยศาลจะกำหนดประเด็นที่ผู้ถูกฟ้องคดีต้องให้คำกรหรือให้ส่งพยานหลักฐานที่เกี่ยวข้อง หรือเป็นประโยชน์ต่อการพิจารณาคดีด้วยก็ได้ แต่ถ้าผู้ถูกฟ้องคดีไม่ทำคำให้การหรือส่งพยานหลักฐานยื่นต่อศาลภายในเวลาที่กำหนด จะถือว่าผู้ถูกฟ้องคดียอมรับข้อเท็จจริงตามที่ผู้ฟ้องคดีกล่าวอ้าง ซึ่งศาลจะพิจารณาคดีต่อไปตามที่เห็นว่าเป็นการยุติธรรม

คำคัดค้านคำให้การ
หลังจากผู้ถูกฟ้องคดีส่งคำให้การแล้ว ศาลจะส่งสำเนาคำให้การพร้อมสำเนาพยานหลักฐานไปให้ผู้ฟ้องคดีเพื่อให้ทำคำคัดค้านคำให้การ โดยศาลจะกำหนดประเด็นที่ต้องชี้แจงหรือให้จัดส่งพยานหลักฐานเพิ่มเติมด้วยก็ได้ ผู้ฟ้องคดีจะต้องส่งคำคัดค้านคำให้การหรือพยานหลักฐานยื่นต่อศาลภายใน 30 วัน นับแต่วันที่ได้รับสำเนาคำให้การ หรือภายในระยะเวลาที่ศาลกำหนด แต่ถ้าผู้ฟ้องคดีไม่มีประเด็นจะคัดค้านเพิ่มเติมและไม่ต้องการที่จะทำคำคัดค้านคำให้การ ผู้ฟ้องคดีต้องทำหนังสือแจ้งให้ศาลทราบภายใน 30 วัน หรือภายในเวลาที่ศาลกำหนด ว่าไม่มีประสงค์จะทำคำคัดค้านคำให้การและขอให้ศาลดำเนินคดีต่อไป เพราะถ้าผู้ฟ้องคดีไม่แจ้งให้ศาลทราบ ศาลอาจจะสั่งงดพยานคดีออกจากสารบบความ

คำให้การเพิ่มเติม
เมื่อผู้ฟ้องคดียื่นคำคัดค้านคำให้การต่อศาลแล้ว ศาลจะส่งสำเนาคำคัดค้านคำให้การให้ผู้ถูกฟ้องคดีเพื่อทำคำให้การเพิ่มเติมยื่นต่อศาลภายใน 15 วัน นับแต่วันที่ได้รับสำเนาคำคัดค้านคำให้การ หรือภายในเวลาที่ศาลกำหนด และเมื่อศาลได้รับคำให้การเพิ่มเติมแล้ว ศาลจะส่งสำเนาคำให้การเพิ่มเติมนั้นให้แก่ผู้ฟ้องคดีทราบต่อไป

การยื่นเอกสารหรือพยานหลักฐานใดๆ ต่อศาล คู่กรณีจะยื่นด้วยตนเองหรือส่งทางไปรษณีย์ลงทะเบียนก็ได้ โดยจะถือว่าวันที่ส่งเอกสารหรือพยานหลักฐานแก่เจ้าพนักงานไปรษณีย์เป็นวันที่ยื่นเอกสารหรือพยานหลักฐานนั้นต่อศาล

หากคู่กรณีต้องการให้อื่นยื่นเอกสารหรือพยานหลักฐานใดๆ ต่อศาลแทนตน คู่กรณีต้องทำหนังสือมอบฉันทะแนบมาพร้อมด้วย

ในกรณียื่นเอกสารหรือพยานหลักฐานทางโทรสารหรือทางระบบอิเล็กทรอนิกส์ (e-filing) ในวันและเวลาทำการ จะถือว่าวันนั้นเป็นวันที่ยื่นเอกสารหรือพยานหลักฐาน อย่างไรก็ตาม หากยื่นเอกสารหรือพยานหลักฐานในวันหยุดหรือเวลานอกทำการ จะถือว่าวันทำการแรกที่ศาลปกครองเปิดทำการปกติเป็นวันที่ยื่นเอกสารหรือพยานหลักฐานนั้น

คู่กรณีมีสิทธิตรวจดูพยานหลักฐานที่แต่ละฝ่ายได้ยื่นไว้ในสำานวน เว้นแต่มีบทกฎหมายคุ้มครองว่าไม่ต้องเปิดเผยหรือศาลเห็นว่าไม่ควรเปิดเผยเพื่อไม่ให้การดำเนินงานของรัฐเสียหาย การฟ้องคดีต่อศาลปกครองจึงสามารถมั่นใจได้ว่าระบบพิจารณาคดีของศาลปกครองซึ่งใช้ระบบไต่สวนจะให้ความเป็นธรรมแก่คู่กรณีทั้งสองฝ่ายอย่างเท่าเทียมกัน",คู่มือการดำเนินคดีปกครองสำหรับประชาชน,2022-12-01 00:00:00,,,,,,,
กระบวนการพิจารณาคดีปกครอง,4.3 การขอวิธีการชั่วคราวก่อนการพิพากษา,เนื้อหา,"ในระหว่างที่ศาลปกครองยังไม่พิพากษาคดี คู่กรณีสามารถขอให้ศาลสั่งให้กำหนดวิธีการชั่วคราวก่อนการพิจารณาคดี เพื่อบรรเทาความเดือดร้อนหรือเสียหายของตนซึ่งยังคงมีอยู่และอาจจะมากขึ้นหรือยากแก่การแก้ไขเยียวยาในภายหลัง

วิธีการชั่วคราวก่อนการพิจารณามีด้วยกัน 2 กรณี คือ การขอทุเลาการบังคับตามกฎหรือคำสั่งทางปกครอง และการบรรเทาทุกข์ชั่วคราว

1 การขอทุเลาการบังคับตามกฎหรือคำสั่งทางปกครอง
หมายถึง การขอให้ชะลอหรือระงับการบังคับตามผลของกฎหรือคำสั่งทางปกครองไว้เป็นการชั่วคราวในกรณีที่มีการฟ้องคดีต่อศาลเพื่อขอให้เพิกถอนกฎหรือคำสั่งทางปกครอง เนื่องจากการฟ้องคดีต่อศาลปกครองไม่ได้เป็นการทุเลาการบังคับตามกฎหรือคำสั่งทางปกครองโดยอัตโนมัติ

ดังนั้น ในระหว่างพิจารณาคดี ผู้ฟ้องคดียังคงถูกบังคับตามกฎหรือคำสั่งทางปกครองนั้นอยู่ทำให้ผู้ฟ้องคดีเดือดร้อนหรือเสียหาย ในกรณีเช่นนี้ ผู้ฟ้องคดีสามารถขอมาในคำฟ้องหรืออาจยื่นคำขอในเวลาต่อมา ก่อนศาลจะพิพากษาหรือมีคำสั่งชี้ขาดคดี เพื่อให้ศาลมีคำสั่งทุเลาการบังคับตามผลของกฎหรือคำสั่งทางปกครองไว้เป็นการชั่วคราวก่อน อย่างไรก็ดี ผู้ฟ้องคดีจะต้องแสดงเหตุผลในคำขอให้ชัดเจนว่าต้องการจะขอทุเลาการบังคับตามกฎหรือคำสั่งทางปกครองใด และหากกฎหรือคำสั่งทางปกครองนั้นยังคงมีผลบังคับต่อไปจะทำให้เกิดความเสียหายที่ยากต่อการเยียวยาแก้ไขอย่างไร

ตัวอย่างเช่น
นายแพทย์ธันวา ได้รับคำสั่งพักใช้ใบอนุญาตประกอบวิชาชีพ นายแพทย์ธันวาเห็นว่าตนได้รับความเดือดร้อนเสียหาย จึงนำคดีมาฟ้องต่อศาลปกครอง แต่ในระหว่างที่ศาลพิจารณาคดีอยู่นั้น ผลของคำสั่งพักใช้ใบอนุญาตยังมีผลทำให้นายแพทย์ธันวาไม่สามารถประกอบอาชีพได้ นายแพทย์ธันวาจึงยื่นคำขอต่อศาลเพื่อให้มีคำสั่งให้ทุเลาการบังคับตามคำสั่งพักใช้ใบอนุญาตนั้นไว้ก่อน กรณีนี้ หากศาลเห็นว่าคำสั่งพักใช้ใบอนุญาตน่าจะไม่ชอบด้วยกฎหมาย และหากให้คำสั่งดังกล่าวมีผลบังคับต่อไปจะทำให้นายแพทย์ธันวาได้รับความเดือดร้อนเสียหายจนยากแก่การเยียวยาแก้ไขในภายหลัง ทั้งการบังคับตามคำสั่งดังกล่าวไม่เป็นปัญหา หรืออุปสรรคในการบริหารราชการ ศาลอาจมีคำสั่งให้ทุเลาการบังคับตามคำสั่งพักใช้ใบอนุญาตนั้นตามที่ศาลเห็นสมควรก็ได้ ซึ่งจะทำให้นายแพทย์ธันวาสามารถประกอบอาชีพได้ในระหว่างที่รอผลการพิจารณาของศาลปกครอง

นอกจากนี้ ในกรณีที่ผู้ฟ้องคดีไม่ได้มีคำขอทุเลาการบังคับตามกฎ หรือคำสั่งทางปกครองซึ่งเป็นเหตุให้นาคดียื่นฟ้องต่อศาลปกครอง แต่ศาลเห็นว่ามีเหตุสมควรที่จะทุเลาการบังคับตามกฎหรือคำสั่งทางปกครองนั้น ศาลปกครองมีอำนาจสั่งทุเลาการบังคับตามกฎหรือคำสั่งทางปกครอง โดยจะไต่สวนก่อนหรือไม่ก็ได้

2 การบรรเทาทุกข์ชั่วคราว
หมายถึง การขอให้ศาลมีคำสั่งกำหนดมาตรการหรือวิธีการคุ้มครองอย่างใดอย่างหนึ่ง เพื่อบรรเทาทุกข์ชั่วคราวก่อนการพิจารณา หรือกำหนดวิธีการเพื่อคุ้มครองประโยชน์ของผู้อยู่ในระหว่างการพิจารณา หรือเพื่อบังคับตามคำพิพากษา ผู้ฟ้องคดีหรือคู่กรณีจะยื่นคำขอได้ก็ต่อเมื่อเป็นกรณีที่มีการฟ้องคดีต่อศาลปกครองด้วยเหตุอื่นที่นอกเหนือไปจากการฟ้องคดีเพื่อลบให้เพิกถอนกฎหรือคำสั่งทางปกครอง โดยสามารถยื่นคำขอได้ในกรณีเหล่านี้ ดังนี้

2.1 กรณีการขอบรรเทาทุกข์ชั่วคราว
โดยผู้ฟ้องคดีจะต้องยื่นคำร้องให้ศาลมีคำสั่งกำหนดมาตรการหรือวิธีการคุ้มครองใดๆ เพื่อบรรเทาความเดือดร้อนหรือเสียหายของตนก่อนการพิจารณา โดยจะยื่นมาพร้อมคำฟ้องหรือยื่นในเวลาก็ได้ก่อนศาลมีคำพิพากษาหรือคำสั่งชี้ขาดคดี

ตัวอย่างเช่น
นายพีท ได้รับความเดือดร้อนจากกลิ่นเหม็นของขยะจำนวนมากที่บริษัท อ. อ่าง ซึ่งรับจ้างเก็บและขนขยะให้กับเทศบาลนคร ช.ช้าง นำมาพักทิ้งไว้ในที่ดินซึ่งเป็นพื้นที่ว่างอันเป็นที่สาธารณประโยชน์ใกล้กับบ้านของนายพีท นายพีทจึงร้องเรียนไปยังเทศบาลแต่ไม่ได้รับการแก้ไขแต่อย่างใด นายพีทจึงนำคดียื่นฟ้องต่อศาลปกครอง ขอให้ศาลสั่งห้ามไม่ให้เทศบาลนคร ช.ช้าง อนุญาตบริษัท อ. อ่าง นำขยะมาพักทิ้งในพื้นที่ดินดังกล่าวและขอให้มีคำสั่งบรรเทาทุกข์ชั่วคราวโดยขอให้ศาลมีคำสั่งให้เทศบาลนคร ช.ช้าง ระงับการขนขยะมาทิ้งในที่ดินบริเวณดังกล่าวไว้เป็นการชั่วคราวจนกว่าศาลจะมีคำพิพากษา ซึ่งหากศาลปกครองเห็นว่ามีเหตุผลสมควรและเพียงพอ ศาลจะมีคำสั่งกำหนดมาตรการเพื่อบรรเทาทุกข์ชั่วคราวก่อนการพิจารณา ให้ระงับการขนขยะมาทิ้งในที่ดินดังกล่าว

2.2 กรณีขอให้คุ้มครองประโยชน์
เป็นกรณีที่ผู้ยื่นคำขออาจเป็นผู้ฟ้องคดี ผู้ถูกฟ้องคดี หรือผู้ร้องสอดก็ได้ โดยจะยื่นคำขอในเวลาใดก็ได้ก่อนศาลมีคำพิพากษาหรือคำสั่งชี้ขาดคดี กรณีขอให้คุ้มครองประโยชน์นี้มีวัตถุประสงค์เพื่อให้ศาลมีคำสั่งกำหนดวิธีการคุ้มครองประโยชน์ของผู้อยู่ หรือเพื่อประโยชน์ในการบังคับตามคำพิพากษาเมื่อคดีสิ้นสุด

ตัวอย่างเช่น
หน่วยงาน ก. อนุญาตให้เอกชนสร้างสะพานลอยคนเดินข้ามเหนือทางสาธารณะ พาดผ่านเหนือซอยที่นางชบ๊วยและชาวบ้านอยู่อาศัย โดยไม่ได้จัดให้มีการรับฟังความคิดเห็นจากผู้มีประโยชน์เกี่ยวข้องก่อนการพิจารณาอนุญาต ซึ่งการสร้างสะพานดังกล่าวจะทำให้นางชบ๊วยและชาวบ้านบริเวณนั้นได้รับความเดือดร้อนเสียหาย นางชบ๊วยและชาวบ้านจึงยื่นฟ้องคดีต่อศาลปกครองพร้อมกับยื่นคำขอให้ศาลมีคำสั่งให้ระงับการก่อสร้างและระงับการใช้สะพานลอยคนเดินข้ามไว้เป็นการชั่วคราว ซึ่งหากศาลเห็นว่ามีเหตุจำเป็นเพียงพอ ศาลจะมีคำสั่งกำหนดมาตรการเพื่อบรรเทาทุกข์ชั่วคราวก่อนการพิจารณา ให้ระงับการก่อสร้างและการใช้สะพานลอยไว้ก่อน

กรณีที่ศาลปกครองชั้นต้นรับพิจารณาคำขอและมีคำสั่งให้กำหนดมาตรการหรือวิธีการชั่วคราวก่อนการพิจารณา ผู้มีส่วนได้เสีย (ผู้ถูกฟ้องคดี หรือบุคคลภายนอกผู้ได้รับความเดือดร้อนหรือเสียหาย หรืออาจจะเดือดร้อนหรือเสียหายโดยมีอาจหลีกเลี่ยงได้จากผลของคำสั่งที่ศาลกำหนดมาตรการเพื่อบรรเทาทุกข์ชั่วคราวก่อนการพิจารณา) มีสิทธิอุทธรณ์คำสั่งดังกล่าวต่อศาลปกครองสูงสุดภายในกำหนด 30 วัน นับแต่วันที่ผู้นั้นได้รับแจ้งหรือทราบคำสั่งศาล

อย่างไรก็ตาม ในกรณีที่ศาลปกครองมีคำสั่งไม่รับหรือยกคำขอของผู้ฟ้องคดีหรือคู่กรณี คำสั่งดังกล่าวถือเป็นที่สุด ผู้ฟ้องคดีหรือคู่กรณีไม่สามารถยื่นอุทธรณ์ได้อีก",คู่มือการดำเนินคดีปกครองสำหรับประชาชน,2022-12-01 00:00:00,,,,,,,
กระบวนการพิจารณาคดีปกครอง,4.4 การนั่งพิจารณาคดี,เนื้อหา,"ในคดีหนึ่ง ๆ ของศาลปกครองจะต้องมีการนั่งพิจารณาคดีอย่างน้อยหนึ่งครั้ง เพื่อเปิดโอกาสให้คู่กรณีมีมาแถลงด้วยวาจาต่อหน้าองค์คณะพิจารณาพิพากษา โดยศาลจะแจ้งกำหนดวันนั่งพิจารณาคดีครั้งแรกพร้อมทั้งส่งสรุปข้อเท็จจริงของตุลาการเจ้าของสำนวนให้คู่กรณีทราบล่วงหน้าไม่น้อยกว่า 7 วัน และหากคู่กรณีประสงค์จะยื่นคำแถลงเป็นหนังสือ รวมทั้งพยานหลักฐานประกอบคำแถลงดังกล่าว คู่กรณีต้องยื่นต่อศาลก่อนวันนั่งพิจารณาคดี หรืออย่างช้าที่สุดในระหว่างการนั่งพิจารณาคดี

คำแถลงเป็นหนังสือของคู่กรณีจะยกข้อเท็จจริงที่ไม่เคยยกขึ้นมาอ้างไว้ไม่ได้ เว้นแต่จะแสดงข้อเท็จจริงที่เป็นประเด็นสำคัญในคดีที่คู่กรณีสามารถพิสูจน์ได้ว่ามีเหตุจำเป็นที่ทำให้ไม่อาจเสนอ ต่อศาลได้ก่อนหน้านั้น แต่ศาลจะรับฟังและนำข้อเท็จจริงดังกล่าวไปใช้ในการพิจารณาคดีได้ก็ต่อเมื่อได้เปิดโอกาสให้คู่กรณีอีกฝ่ายหนึ่งแสดงพยานหลักฐานเพื่อยืนยันหรือหักล้างแล้วเท่านั้น

ในวันนั่งพิจารณาคดีครั้งแรก ศาลจะสรุปข้อเท็จจริงและประเด็นของคดี แล้วจะให้คู่กรณีแถลงด้วยวาจาประกอบคำแถลงเป็นหนังสือที่ได้ยื่นไว้ก็ได้ จากนั้นตุลาการผู้แถลงคดีจะเสนอคำแถลงการณ์ซึ่งเป็นความเห็นของตนต่อองค์คณะ จากนั้นองค์คณะจะปรึกษากันเพื่อพิพากษาหรือมีคำสั่งในคดีนั้น ๆ โดยศาลจะมีคำสั่งหรือคำพิพากษาในวันนั้นหรือวันอื่นก็ได้",คู่มือการดำเนินคดีปกครองสำหรับประชาชน,2022-12-01 00:00:00,,,,,,,
กระบวนการพิจารณาคดีปกครอง,4.5 การพิพากษาคดี ,เนื้อหา,"เมื่อศาลปกครองได้ทำคำพิพากษาหรือคำสั่งชี้ขาดคดีเสร็จแล้ว ศาลจะแจ้งให้คู่กรณีทราบกำหนดวันอ่านคำพิพากษาหรือคำสั่งชี้ขาดคดี โดยวันที่ศาลอ่านคำพิพากษาหรือคำสั่งชี้ขาดคดีถือว่าเป็นวันที่ศาลปกครองมีคำพิพากษาหรือคำสั่งชี้ขาดคดีนั้น แต่ถ้าคู่กรณีไม่มาฟังคำพิพากษาหรือคำสั่งชี้ขาดคดี ศาลก็จะงดการอ่านแล้วบันทึกไว้ วันที่ศาลบันทึกก็ถือเป็นวันที่ศาลได้มีคำพิพากษาหรือคำสั่งชี้ขาดคดีนั้นแล้ว ซึ่งประชาชนที่สนใจสามารถขอตรวจดูหรือขอสำเนาคำพิพากษาหรือคำสั่งชี้ขาดคดีนั้นได้ โดยสำนักงานศาลปกครองจะแเผยแพร่คำพิพากษาหรือคำสั่งชี้ขาดคดีของศาลปกครองรวมถึงความคิดเห็นของตุลาการผู้แถลงคดีปกครองต่อสาธารณะ

อย่างไรก็ตาม หากคู่กรณีไม่พอใจคำพิพากษาหรือคำสั่งของศาลปกครองชั้นต้นสามารถอุทธรณ์ต่อศาลปกครองสูงสุดได้ โดยยื่นคำอุทธรณ์เป็นหนังสือต่อศาลปกครองชั้นต้นที่มีคำพิพากษาหรือคำสั่งนั้นภายใน 30 วัน นับแต่วันที่ศาลมีคำพิพากษาหรือคำสั่ง โดยยื่นด้วยตนเองต่อเจ้าหน้าที่ของศาลปกครองชั้นต้นดังกล่าว หรือส่งคำอุทธรณ์ทางไปรษณีย์ลงทะเบียนจ่าหน้าซองถึงสำนักงานศาลปกครองชั้นต้นที่มีคำพิพากษาหรือคำสั่ง แต่หากคู่กรณีไม่ยื่นอุทธรณ์ภายในกำหนดเวลาดังกล่าว คดีจะถึงที่สุดไม่สามารถอุทธรณ์ต่อศาลปกครองสูงสุดหรือฟ้องเป็นคดีใหม่ได้ และคู่กรณีต้องปฏิบัติตามคำพิพากษาหรือคำสั่งของศาลปกครองชั้นต้น

มาตรา 75 ตามพระราชบัญญัติจัดตั้งศาลปกครองและวิธีพิจารณาคดีปกครอง พ.ศ. 2542

มาตรา 75 ในกรณีที่ศาลปกครองได้มีคำพิพากษาหรือคำสั่งชี้ขาดคดีปกครองเสร็จเด็ดขาดแล้ว คู่กรณีหรือบุคคลภายนอกผู้มีส่วนได้เสียหรืออาจถูกกระทบจากผลแห่งคดีนั้นอาจมีคำขอให้ศาลปกครองพิจารณาพิพากษาคดีหรือมีคำสั่งชี้ขาดคดีปกครองนั้นใหม่ได้ในกรณี ดังต่อไปนี้

(1) ศาลปกครองฟังข้อเท็จจริงผิดพลาดหรือมีพยานหลักฐานใหม่อันอาจทำให้ข้อเท็จจริงที่ฟังเป็นยุติแล้วนั้นเปลี่ยนแปลงไปในสาระสำคัญ
(2) คู่กรณีที่แท้จริงหรือบุคคลภายนอกนั้นมิได้เข้ามาในการดำเนินกระบวนพิจารณาคดีหรือได้เข้ามาแล้วแต่ถูกตัดโอกาสโดยไม่เป็นธรรมในการมีส่วนร่วมในการดำเนินกระบวนพิจารณา
(3) มีข้อความร้องสำคัญในกระบวนพิจารณาพิพากษาที่ทำให้ผลของคดีไม่มีความยุติธรรม
(4) คำพิพากษาหรือคำสั่งนั้นได้ทำขึ้นโดยอาศัยข้อเท็จจริงหรือข้อกฎหมายใด และต่อมาข้อเท็จจริงหรือข้อกฎหมายนั้นเปลี่ยนแปลงไปในสาระสำคัญซึ่งทำให้ผลแห่งคำพิพากษาหรือคำสั่งตัดสินตามกฎหมายที่ใช้บังคับอยู่ในขณะนั้น

การยื่นคำขอตามวรรคหนึ่ง ให้ระบุทำได้เฉพาะเมื่อคู่กรณีหรือบุคคลภายนอกไม่ทราบเหตุนั้นในการพิจารณาคดีครั้งที่ผ่านมา โดยมิใช่ความผิดของผู้นั้น

การยื่นคำขอให้พิจารณาพิพากษาคดีหรือมีคำสั่งใหม่ ต้องกระทำภายในกำหนดหกสิบวันนับแต่วันที่ผู้นั้นได้รู้หรือควรรู้ถึงเหตุซึ่งอาจขอให้พิจารณาพิพากษาหรือมีคำสั่งใหม่ได้ แต่ไม่เกินห้าปีนับแต่ศาลปกครองได้มีคำพิพากษาหรือคำสั่งชี้ขาด

",คู่มือการดำเนินคดีปกครองสำหรับประชาชน,2022-12-01 00:00:00,,,,,,,
กระบวนการพิจารณาคดีปกครอง,4.6 การอุทธรณ์คำพิพากษา,เนื้อหา,"หากคู่กรณีไม่พอใจคำพิพากษาหรือคำสั่งของศาลปกครองชั้นต้นสามารถอุทธรณ์ต่อศาลปกครองสูงสุด โดยยื่นคำอุทธรณ์เป็นหนังสือต่อศาลปกครองชั้นต้นที่มีคำพิพากษาหรือคำสั่งนั้นภายใน 30 วัน นับแต่วันที่ศาลมีคำพิพากษาหรือคำสั่ง โดยยื่นด้วยตนเองต่อเจ้าหน้าที่ของศาลปกครองชั้นต้นดังกล่าว หรือส่งคำอุทธรณ์ทางไปรษณีย์ลงทะเบียนจ่าหน้าซองถึงสำนักงานศาลปกครองชั้นต้นที่มีคำพิพากษาหรือคำสั่งนั้น โดยจะต้องระบุรายละเอียด ดังนี้
(1) ชื่อผู้อุทธรณ์
(2) ผู้ถูกอุทธรณ์
(3) ข้อคัดค้านคำพิพากษาหรือคำสั่งของศาลปกครองชั้นต้น
(4) คำขอของผู้อุทธรณ์
(5) ลายมือชื่อผู้อุทธรณ์

ข้อเท็จจริงหรือข้อกฎหมายที่จะยกขึ้นอ้างในการยื่นอุทธรณ์จะต้องเป็นข้อเท็จจริงหรือข้อกฎหมายที่ได้ยกขึ้นว่ากันมาแล้วโดยชอบในศาลปกครองชั้นต้น อย่างไรก็ตาม ถ้าปัญหาข้อใดเป็นปัญหาอันเกี่ยวด้วยความสงบเรียบร้อยของประชาชน หรือปัญหาเกี่ยวกับประโยชน์สาธารณะ ผู้อุทธรณ์จะยกปัญหาข้อนั้นขึ้นกล่าวในคำอุทธรณ์หรือในชั้นอุทธรณ์ก็ได้

หากคู่กรณีไม่ยื่นอุทธรณ์ภายใน 30 วัน นับแต่วันที่ศาลมีคำพิพากษาหรือคำสั่ง คดีจะถึงที่สุดไม่สามารถอุทธรณ์ต่อศาลปกครองสูงสุดหรือฟ้องเป็นคดีใหม่ได้ และคู่กรณีต้องปฏิบัติตามคำพิพากษาหรือคำสั่งของศาลปกครองชั้นต้น แต่ในกรณียื่นอุทธรณ์แล้วและศาลปกครองสูงสุดมีคำพิพากษาหรือมีคำสั่งชี้ขาดอุทธรณ์นั้น คดีก็จะถึงที่สุดเช่นกันและไม่สามารถอุทธรณ์ได้อีก

กรณีที่ศาลปกครองชั้นต้นมีคำสั่งไม่รับคำอุทธรณ์ที่ได้ยื่นไว้ ผู้อุทธรณ์สามารถยื่นคำร้องอุทธรณ์คำสั่งไม่รับอุทธรณ์นั้นต่อศาลปกครองสูงสุดได้ภายใน 30 วัน นับแต่วันที่ได้รับแจ้งคำสั่งของศาลปกครองชั้นต้น โดยยื่นอุทธรณ์ต่อศาลปกครองชั้นต้นที่มีคำสั่งดังกล่าว

อย่างไรก็ตาม คู่กรณีหรือบุคคลภายนอกที่มีส่วนได้เสียหรืออาจถูกกระทบจากผลแห่งคดีนั้น สามารถยื่นคำขอให้พิจารณาพิพากษาคดีหรือมีคำสั่งใหม่ได้ แต่ต้องยื่นคำขอภายใน 90 วัน นับแต่วันที่รู้หรือควรรู้ถึงเหตุซึ่งอาจขอให้พิจารณาพิพากษาหรือมีคำสั่งใหม่ แต่ไม่เกิน 5 ปีนับแต่วันที่ศาลปกครองได้มีคำพิพากษาหรือมีคำสั่งชี้ขาด และการยื่นคำขอให้พิจารณาคดีใหม่จะทำได้เฉพาะเมื่อคู่กรณีหรือบุคคลภายนอกไม่ทราบเหตุนั้นในการพิจารณาคดีครั้งที่แล้วมาโดยมิใช่ความผิดของผู้นั้น โดยมีเงื่อนไขดังนี้

(1) ศาลปกครองฟังข้อเท็จจริงผิดพลาดหรือมีพยานหลักฐานใหม่ อันอาจทำให้ข้อเท็จจริงที่ฟังเป็นที่ยุติแล้วนั้นเปลี่ยนแปลงไปในสาระสำคัญ
(2) คู่กรณีที่แท้จริงหรือบุคคลภายนอกนั้นมิได้เข้ามาในการดำเนินกระบวนพิจารณาคดี หรือได้เข้ามาแล้วแต่ถูกตัดโอกาสโดยไม่เป็นธรรมในการมีส่วนร่วมในการดำเนินกระบวนพิจารณา
(3) มีข้อความร้องสำคัญในกระบวนพิจารณาพิพากษาที่ทำให้ผลของคดีไม่มีความยุติธรรม
(4) คำพิพากษาหรือคำสั่งนั้นได้ทำขึ้นโดยอาศัยข้อเท็จจริงหรือข้อกฎหมายใดและต่อมาข้อเท็จจริงหรือข้อกฎหมายนั้นเปลี่ยนแปลงไปในสาระสำคัญ ซึ่งทำให้ผลแห่งคำพิพากษาหรือคำสั่งขัดกับกฎหมายที่ใช้บังคับอยู่ในขณะนั้น",คู่มือการดำเนินคดีปกครองสำหรับประชาชน,2022-12-01 00:00:00,,,,,,,
กระบวนการพิจารณาคดีปกครอง,4.6 การอุทธรณ์คำพิพากษา,เนื้อหา,"มาตรา 73 ตามพระราชบัญญัติจัดตั้งศาลปกครองและวิธีพิจารณาคดีปกครอง พ.ศ. 2542
มาตรา 73 การคัดค้านคำพิพากษาหรือคำสั่งของศาลปกครองชั้นต้นนั้น ให้ยื่นอุทธรณ์ต่อศาลปกครองชั้นต้นที่มีคำพิพากษาหรือคำสั่งภายในกำหนดสามสิบวันนับแต่วันที่ได้มีคำพิพากษาหรือคำสั่ง ถ้ามิได้ยื่นอุทธรณ์ตามกำหนดเวลาดังกล่าว ให้ถือว่าคดีนั้นเป็นอันถึงที่สุด

คำพิพากษาหรือคำสั่งตามวรรคหนึ่งให้หมายความรวมถึงคำสั่งเกี่ยวกับการละเมิดอำนาจศาลหรือคำสั่งอื่นใดที่ทำให้คดีเสร็จเด็ดขาด

ในกรณีที่ศาลปกครองสูงสุดเห็นว่าคำอุทธรณ์ไม่มีข้อเท็จจริงหรือข้อกฎหมายที่ไม่เป็นสาระอันควรได้รับการวินิจฉัย ศาลปกครองสูงสุดจะสั่งไม่รับอุทธรณ์นั้นไว้พิจารณาก็ได้

คำพิพากษาหรือคำสั่งของศาลปกครองสูงสุดให้เป็นที่สุด",คู่มือการดำเนินคดีปกครองสำหรับประชาชน,2022-12-01 00:00:00,,,,,,,
กระบวนการพิจารณาคดีปกครอง,4.6 การอุทธรณ์คำพิพากษา,เนื้อหา,"ระเบียบของที่ประชุมใหญ่ตุลาการในศาลปกครองสูงสุด ว่าด้วยวิธีพิจารณาคดีปกครอง พ.ศ. 2543
ข้อ 104 เมื่อได้รับคำอุทธรณ์จากพนักงานเจ้าหน้าที่ของศาล ให้อธิบดีศาลปกครองชั้นต้นส่งคำอุทธรณ์นั้นให้องค์คณะดำเนินการต่อไป

ให้ตุลาการหัวหน้าคณะ แต่งตั้งตุลาการในองค์คณะคนหนึ่งเป็นตุลาการเจ้าของสำนวน แล้วให้ตุลาการเจ้าของสำนวนตรวจคำอุทธรณ์ ถ้าเห็นว่าเป็นคำอุทธรณ์ที่สมบูรณ์ครบถ้วน ก็ให้ดำเนินการต่อไปตามข้อ 106
ถ้าเห็นว่าคำอุทธรณ์นั้นไม่สมบูรณ์ครบถ้วน ซึ่งผู้อุทธรณ์อาจแก้ไขได้ หรือผู้อุทธรณ์ชำระค่าธรรมเนียมศาลไม่ครบถ้วน ให้ตุลาการเจ้าของสำนวนมีคำสั่งให้ผู้อุทธรณ์แก้ไข หรือชำระค่าธรรมเนียมศาลให้ครบถ้วนภายในระยะเวลาที่กำหนด
ถ้าไม่มีการแก้ไขหรือชำระค่าธรรมเนียมศาลให้ครบถ้วนภายในระยะเวลาที่กำหนด หรือข้อที่ไม่สมบูรณ์ครบถ้วนนั้นเป็นกรณีที่ไม่อาจแก้ไขให้ถูกต้องได้หรือเป็นคำอุทธรณ์ที่ต้องห้ามตามกฎหมายหรือยื่นโดยฝ่าฝืนระเบียบนี้ ให้ตุลาการเจ้าของสำนวนเสนอองค์คณะสั่งไม่รับอุทธรณ์ดังกล่าว

ข้อ 106 ในกรณีที่ตุลาการเจ้าของสำนวนในศาลปกครองชั้นต้นเห็นว่าคำอุทธรณ์นั้นเป็นคำอุทธรณ์ที่สมบูรณ์ครบถ้วน ให้เสนอองค์คณะมีคำสั่งรับอุทธรณ์ แล้วเสนออธิบดีศาลปกครองชั้นต้นเพื่อส่งคำอุทธรณ์นั้นให้ศาลปกครองสูงสุดพิจารณาต่อไป",คู่มือการดำเนินคดีปกครองสำหรับประชาชน,2022-12-01 00:00:00,,,,,,,
กระบวนการพิจารณาคดีปกครอง,4.6 การอุทธรณ์คำพิพากษา,เนื้อหา,"ในการพิพากษาคดีในชั้นอุทธรณ์นั้น ศาลปกครองสูงสุดมีอำนาจพิพากษาหรือมีคำสั่ง ดังต่อไปนี้
ไม่รับอุทธรณ์ หากเห็นว่าคำอุทธรณ์นั้นไม่สมบูรณ์ครบถ้วน และเป็นกรณีที่ไม่อาจแก้ไขให้ถูกต้องได้ หรือเป็นคำอุทธรณ์ที่ต้องห้ามตามกฎหมายหรือยื่นผิดระเบียบของที่ประชุมใหญ่ตุลาการในศาลปกครองสูงสุดว่าด้วยวิธีพิจารณาคดีปกครอง

ยืนตามคำพิพากษาหรือคำสั่งของศาลปกครองชั้นต้น หากเห็นว่าคำพิพากษาหรือคำสั่งของศาลปกครองชั้นต้นถูกต้อง ไม่ว่าจะด้วยเหตุเดียวกันหรือเหตุอื่น

กลับคำพิพากษาหรือคำสั่งของศาลปกครองชั้นต้น หากเห็นว่าคำพิพากษาหรือคำสั่งของศาลปกครองชั้นต้นไม่ถูกต้อง

แก้คำพิพากษาหรือคำสั่งศาลปกครองชั้นต้น หากเห็นว่าคำพิพากษาหรือคำสั่งของศาลปกครองชั้นต้นถูกบางส่วนและผิดบางส่วน โดยจะพิพากษาหรือมีคำสั่งยืนบางส่วนกลับบางส่วน และพิพากษาหรือมีคำสั่งใหม่ในส่วนที่กลับนั้น

อำนาจในการพิจารณาอุทธรณ์คำพิพากษาหรือคำสั่งของศาลปกครองชั้นต้น โดยศาลปกครองสูงสุดให้รวมถึง
(1) เมื่อคดีปรากฏเหตุที่มิได้ปฏิบัติตามบทบัญญัติแห่งกฎหมายหรือระเบียบนี้ในส่วนที่ว่าด้วยการทำคำพิพากษาและคำสั่ง และศาลปกครองสูงสุดเห็นว่า มีเหตุอันสมควรให้อำนาจสั่งยกคำพิพากษาหรือคำสั่งของศาลปกครองชั้นต้นนั้น แล้วส่งสำนวนคดีนั้นไปยังศาลปกครองชั้นต้น เพื่อให้พิพากษาหรือมีคำสั่งใหม่ในกรณีเช่นนี้
ศาลปกครองชั้นต้นอาจประกอบด้วยตุลาการศาลปกครองอื่นนอกจากที่ได้พิพากษาหรือมีคำสั่งมาแล้ว และคำพิพากษาหรือคำสั่งใหม่นี้อาจวินิจฉัยซึ่งขาดคดีเป็นอย่างอื่นนอกจากคำพิพากษาหรือคำสั่งที่ถูกยกได้

(2) เมื่อคดีปรากฏเหตุที่มิได้ปฏิบัติตามบทบัญญัติแห่งกฎหมายหรือระเบียบนี้ในส่วนที่ว่าด้วยการแสดงหาข้อเท็จจริง หรือมีเหตุที่ศาลได้ปฏิเสธการไต่สวนพยานตามที่ผู้อุทธรณ์มีคำขอ และศาลปกครองสูงสุดเห็นว่ามีเหตุอันสมควร ให้อำนาจสั่งยกคำพิพากษาหรือคำสั่งของศาลปกครองชั้นต้นนั้น แล้วกำหนดให้ศาลปกครองชั้นต้นซึ่งประกอบด้วยตุลาการศาลปกครององค์คณะเดิมหรือตุลาการศาลปกครองอื่น
หรือศาลปกครองชั้นต้นอื่นดำเนินการพิจารณาคดีนั้นใหม่ทั้งหมดหรือบางส่วน และพิพากษาหรือมีคำสั่งใหม่

(3) เมื่อคดีปรากฏเหตุว่าข้อเท็จจริงที่ศาลปกครองชั้นต้นฟังมาไม่พอแก่การวินิจฉัยชี้ขาดคดี และศาลปกครองสูงสุดเห็นว่ามีเหตุอันสมควรให้อำนาจสั่งยกคำพิพากษาหรือคำสั่งของศาลปกครองชั้นต้นนั้น
แล้วกำหนดให้ศาลปกครองชั้นต้นซึ่งประกอบด้วยตุลาการศาลปกครององค์คณะเดิมหรือตุลาการศาลปกครองอื่นพิจารณาคดีนั้นใหม่ทั้งหมดหรือบางส่วน โดยดำเนินการตามคำชี้ขาดของศาลปกครองสูงสุด แล้วพิพากษาหรือมีคำสั่งไปตามรูปคดี

ในคดีทั้งปวงที่ศาลปกครองชั้นต้นได้พิพากษาหรือมีคำสั่งใหม่ตามข้อนี้ ให้อุทธรณ์คำพิพากษาหรือคำสั่งใหม่เช่นว่านั้นได้ (ข้อ 112 ของระเบียบของที่ประชุมใหญ่ตุลาการในศาลปกครองสูงสุดว่าด้วยวิธีพิจารณาคดีปกครอง พ.ศ. 2543)",คู่มือการดำเนินคดีปกครองสำหรับประชาชน,2022-12-01 00:00:00,,,,,,,
กระบวนการพิจารณาคดีปกครอง,4.7 การบังคับคดีปกครอง,เนื้อหา,"ในการพิพากษาคดี ศาลปกครองมีอำนาจกำหนดคำบังคับอย่างหนึ่งอย่างใด ดังต่อไปนี้
(1) สั่งให้เพิกถอนกฎหรือคำสั่งหรือสั่งห้ามการกระทำทั้งหมดหรือบางส่วน ในกรณีที่มีการฟ้องว่าหน่วยงานทางปกครองหรือเจ้าหน้าที่ของรัฐกระทำการโดยไม่ชอบด้วยกฎหมายตามมาตรา 9 วรรคหนึ่ง (1)
(2) สั่งให้หัวหน้าหน่วยงานทางปกครองหรือเจ้าหน้าที่ของรัฐที่เกี่ยวข้องปฏิบัติตามหน้าที่ภายในเวลาที่ศาลปกครองกำหนด ในกรณีที่มีการฟ้องว่าหน่วยงานทางปกครอง หรือเจ้าหน้าที่ของรัฐละเลยต่อหน้าที่หรือปฏิบัติหน้าที่ล่าช้าเกินสมควร
(3) สั่งให้ใช้เงินหรือให้ส่งมอบทรัพย์สินหรือให้กระทำการหรืองดเว้นกระทำการ โดยจะกำหนดระยะเวลาและเงื่อนไขอื่นๆ ได้ด้วยก็ได้ ในกรณีที่มีการฟ้องเกี่ยวกับการกระทำละเมิดหรือความรับผิดของหน่วยงานทางปกครองหรือเจ้าหน้าที่ของรัฐหรือการฟ้องเกี่ยวกับสัญญาทางปกครอง
(4) สั่งให้อุปถัมภ์สิทธิหรือหน้าที่ของบุคคลที่เกี่ยวข้อง ในกรณีที่มีการฟ้องให้ศาลมีคำพิพากษาแสดงความเป็นอยู่ของสิทธิหรือหน้าที่นั้น
(5) สั่งให้บุคคลกระทำหรือละเว้นกระทำอย่างหนึ่งอย่างใดเพื่อให้เป็นไปตามกฎหมาย

ในการมีคำบังคับตามวรรคหนึ่ง (1) ศาลปกครองมีอำนาจกำหนดว่าจะให้มีผลย้อนหลังหรือไม่ย้อนหลังหรือมีผลไปในอนาคตถึงขณะใดขณะหนึ่งได้ หรือจะกำหนดให้มีเงื่อนไขอย่างใดก็ได้ ทั้งนี้ ตามความเป็นธรรมแห่งกรณี

ในกรณีที่ศาลปกครองมีคำพิพากษาถึงที่สุดให้เพิกถอนกฎให้มีการประกาศผลแห่งคำพิพากษาดังกล่าวในราชกิจจานุเบกษา และให้การประกาศดังกล่าวมีผลเป็นการเพิกถอนกฎนั้น (มาตรา 72 ตามพระราชบัญญัติจัดตั้งศาลปกครองและวิธีพิจารณาคดีปกครอง พ.ศ. 2542)

1 การบังคับคดีปกครองกรณีคดีถึงที่สุด

เมื่อศาลปกครองมีคำพิพากษาถึงที่สุดแล้วและมีคำบังคับให้ต้องปฏิบัติ จะมีการดำเนินการบังคับคดีปกครองตามลักษณะของคำบังคับที่กำหนดไว้ซึ่งแบ่งออกเป็น 2 กลุ่ม ได้แก่

1.1 การบังคับคดีโดยไม่ต้องออกหมายบังคับคดี

เป็นกรณีที่สำนักบังคับคดีปกครองหรือหน่วยบังคับคดีปกครองในสำนักงานศาลปกครองภูมิภาค จะดำเนินการให้เป็นไปตามคำบังคับหรือตามอำนาจหน้าที่ โดยคู่กรณีในคดีไม่ว่าจะเป็นฝ่ายชนะคดีหรือแพ้คดีก็ตามไม่ต้องยื่นคำร้องขอแต่อย่างใด ขณะเดียวกันคู่กรณีมีหน้าที่ให้ความร่วมมือโดยชี้แจง ให้ข้อมูล/ข้อเท็จจริง ติดตาม ตรวจสอบ ยืนยัน รวมทั้งรายงานผลการปฏิบัติตามคำบังคับ เพื่อให้การดำเนินการดังกล่าวสัมฤทธิผลโดยเร็ว อันได้แก่การบังคับคดีในเรื่องต่อไปนี้

1) ศาลมีคำบังคับให้เพิกถอนกฎ เพิกถอนคำสั่ง สั่งห้ามกระทำการทั้งหมดหรือบางส่วนตามมาตรา 72 วรรคหนึ่ง (1)
2) ศาลมีคำบังคับให้หัวหน้าหน่วยงานทางปกครอง หรือเจ้าหน้าที่ของรัฐที่เกี่ยวข้องปฏิบัติตามหน้าที่ภายในเวลาที่ศาลกำหนดตามมาตรา 72 วรรคหนึ่ง (2)
3) ศาลมีคำบังคับให้นหน่วยงานทางปกครองใช้เงิน หรือให้ส่งมอบทรัพย์สิน หรือให้กระทำการหรืองดเว้นกระทำการตามมาตรา 72 วรรคหนึ่ง (3)
4) ศาลมีคำบังคับให้หน่วยงานทางปกครอง หรือเจ้าหน้าที่ของรัฐถือปฏิบัติต่อสิทธิหรือหน้าที่ของบุคคลที่เกี่ยวข้องตามมาตรา 72 วรรคหนึ่ง (4)

1.2 การบังคับคดีโดยการออกหมายบังคับคดี ตั้งเจ้าพนักงานบังคับคดี

เป็นการบังคับคดีที่มีลักษณะเช่นเดียวกับการบังคับคดีแพ่งตามประมวลกฎหมายวิธีพิจารณาความแพ่ง ซึ่งเจ้าหนี้ตามคำพิพากษาจะต้องยื่นคำร้องต่อศาลขอให้มีการออกหมายบังคับคดีตั้งเจ้าพนักงานบังคับคดี และยื่นคำร้องต่อเจ้าพนักงานบังคับคดี เพื่อดำเนินการยึดทรัพย์สิน หรืออายัดสิทธิเรียกร้อง หรือบังคับคดีโดยวิธีอื่นตามที่กฎหมายกำหนด ได้แก่ การบังคับคดีในเรื่องต่อไปนี้

1) ศาลมีคำบังคับให้ลูกหนี้ตามคำพิพากษาใช้เงิน หรือให้ส่งคืนหรือส่งมอบทรัพย์เฉพาะสิ่ง หรือให้กระทำการหรืองดเว้นกระทำการโดยเกี่ยวกับอสังหาริมทรัพย์ ที่อยู่อาศัย หรือทรัพย์ที่ครอบครอง (ขับไล่) ให้กระทำการหรืองดเว้นกระทำการ โดยให้ลูกหนี้ตามคำพิพากษารื้อถอนสิ่งปลูกสร้าง ไม้ยืนต้น ไม้ล้มลุกหรือธัญชาติ หรือขนย้ายทรัพย์สินออกไปจากอสังหาริมทรัพย์ ที่อยู่อาศัย หรือทรัพย์ที่ครอบครอง (รื้อถอน)ตามมาตรา 72 วรรคหนึ่ง (3)
2) ศาลมีคำบังคับให้บุคคลกระทำหรือละเว้นกระทำอย่างหนึ่งอย่างใดเพื่อให้เป็นไปตามกฎหมายตามมาตรา 72 วรรคหนึ่ง (5)


2 การบังคับคดีปกครองโดยไม่ต้องรอให้คดีถึงที่สุด
เมื่อศาลปกครองชั้นต้นมีคำพิพากษาและมีคำบังคับให้ต้องปฏิบัติ หากคู่กรณีฝ่ายหนึ่งฝ่ายใดหรือทั้งสองฝ่ายอุทธรณ์คำพิพากษาของศาลปกครองชั้นต้นนั้นจะมีผลทำให้คดียังไม่ถึงที่สุด มิอาจดำเนินการบังคับคดีได้ต้องรอให้คดีถึงที่สุดเสียก่อน แต่อย่างไรก็ดี กฎหมายจัดตั้งศาลปกครองฯ ได้ให้สิทธิแก่คู่กรณีฝ่ายชนะคดีในศาลปกครองชั้นต้นอาจยื่นคำขอต่อศาลปกครองชั้นต้นหรือศาลปกครองสูงสุดให้มีการปฏิบัติตามคำบังคับของศาลปกครองชั้นต้นได้โดยไม่ต้องรอจนกว่าคดีจะถึงที่สุด ในกรณีต่อไปนี้

2.1 คดีที่ศาลปกครองชั้นต้นมีคำบังคับห้ามการกระทำทั้งหมดหรือบางส่วนตามมาตรา 72 วรรคหนึ่ง (1)

2.2 คดีที่ศาลปกครองชั้นต้นมีคำบังคับให้หัวหน้าหน่วยงานทางปกครองหรือเจ้าหน้าที่ของรัฐที่เกี่ยวข้องปฏิบัติหน้าที่ภายในเวลาที่ศาลปกครองชั้นต้นกำหนดตามมาตรา 72 วรรคหนึ่ง (2)

2.3 คดีที่ศาลปกครองชั้นต้นมีคำบังคับตามมาตรา 72 วรรคหนึ่ง (3) (4) (5) และคู่กรณีที่ต้องปฏิบัติตามคำบังคับดังกล่าวมิได้อุทธรณ์คำพิพากษา

ทั้งนี้ ให้จัดทำคำขอพร้อมทั้งชี้แจงเหตุผลอันสมควรที่ขอให้มีการปฏิบัติตามคำบังคับไว้ในคำขอนั้นด้วย และยื่นคำขอภายในหกสิบวันนับแต่วันที่พ้นกำหนดระยะเวลายื่นอุทธรณ์

เมื่อศาลปกครองสูงสุดมีคำสั่งให้บังคับคดีก่อนคดีถึงที่สุดได้ ศาลปกครองชั้นต้นที่มีคำพิพากษาและคำบังคับนั้นจะเป็นศาลที่ดำเนินการบังคับคดีต่อไป โดยกระบวนการบังคับคดีปกครองดังกล่าวจะดำเนินการตามลักษณะของคำบังคับที่กำหนดไว้ เช่นเดียวกับคดีที่ถึงที่สุดแล้ว
",คู่มือการดำเนินคดีปกครองสำหรับประชาชน,2022-12-01 00:00:00,,,,,,,
กระบวนการพิจารณาคดีปกครอง,4.8 การไกล่เกลี่ยข้อพิพาทในศาลปกครอง,เนื้อหา,"นอกจากการยื่นฟ้องคดีต่อศาลปกครองเพื่อให้ศาลพิจารณาพิพากษาคดีให้แล้ว คู่กรณีสามารถเลือกใช้ “วิธีการไกล่เกลี่ยข้อพิพาทในศาลปกครอง” เป็นอีกทางเลือกหนึ่งในการระงับข้อพิพาท โดยสามารถดำเนินการได้ในคดีประเภทต่าง ๆ ได้แก่

- คดีพิพาทเกี่ยวกับการที่หน่วยงานทางปกครองหรือเจ้าหน้าที่ของรัฐละเลยต่อหน้าที่ตามที่กฎหมายกำหนดให้ต้องปฏิบัติหรือปฏิบัติหน้าที่ล่าช้าเกินสมควร

- คดีพิพาทเกี่ยวกับการกระทำละเมิดหรือความรับผิดอย่างอื่นของหน่วยงานทางปกครองหรือเจ้าหน้าที่ของรัฐ

- คดีพิพาทเกี่ยวกับสัญญาทางปกครอง และ

- คดีพิพาทอื่นตามที่กำหนดในระเบียบของที่ประชุมใหญ่ตุลาการในศาลปกครองสูงสุด

อย่างไรก็ดีตาม มาตรา 66 มีข้อพิพาทบางลักษณะที่กฎหมายห้ามมิให้ใช้วิธีการไกล่เกลี่ยข้อพิพาทในศาลปกครอง ได้แก่

- ข้อพิพาทที่เป็นการฝ่าฝืนหรืออ้างห้ามชัดแจ้งโดยกฎหมาย

- ข้อพิพาทที่เกี่ยวกับความสงบเรียบร้อยหรือศีลธรรมอันดีของประชาชน

- ข้อพิพาทที่มีผลกระทบต่อสถานะของบุคคลหรือมีผลกระทบในทางเสียหายต่อประโยชน์สาธารณะ

- ข้อพิพาทที่มีผลกระทบร้ายแรงต่อการบังคับใช้กฎหมาย

- ข้อพิพาทที่อยู่นอกเหนือสิทธิ อำนาจหน้าที่ หรือความสามารถของคู่กรณี

- ข้อพิพาทที่เกี่ยวกับคำวินิจฉัยของคณะกรรมการวินิจฉัยข้อพิพาท

- ข้อพิพาทที่เกี่ยวกับคำวินิจฉัยของคณะกรรมการวินิจฉัยข้อพิพาทที่กฎหมายกำหนดให้ฟ้องคดีต่อศาลปกครองสูงสุด

- ข้อพิพาทที่มีลักษณะอื่นตามที่กำหนดในระเบียบของที่ประชุมใหญ่ตุลาการในศาลปกครองสูงสุด

คู่กรณีที่ต้องการไกล่เกลี่ยข้อพิพาทสามารถยื่นคำขอต่อศาลได้ นับตั้งแต่มีการฟ้องคดีต่อศาลปกครองจนถึงวันสิ้นสุดการแสวงหาข้อเท็จจริง โดยส่งคำขอมาทางไปรษณีย์ลงทะเบียน ทางโทรสาร หรือมายื่นด้วยตนเองที่ศาลปกครองก็ได้เช่นกัน สำหรับคู่กรณีที่ใช้วิธีพิจารณาคดีทางระบบงานคดีปกครองอิเล็กทรอนิกส์สามารถยื่นคำขอผ่านทางระบบงานคดีปกครองอิเล็กทรอนิกส์ โดยเมื่อเข้าสู่ระบบแล้วคลิกเลือกศาลปกครองที่มีคดีพิพาท และต้องการยื่นคำขอไกล่เกลี่ยข้อพิพาท จากนั้น คลิกเลือกที่ ยื่นคำร้อง/คำขอ และเลือก ยื่นคำขออื่นๆ และกรอกรายละเอียดตามขั้นตอนในระบบงาน

การไกล่เกลี่ยข้อพิพาทจะดำเนินการอย่างเรียบง่าย รวดเร็ว และถูกต้องตามกฎหมาย ด้วยความสมัครใจของคู่กรณีทั้งสองฝ่าย และโดยศาลเห็นสมควร ซึ่งจะดำเนินการภายในระยะเวลาไม่เกิน 90 วัน นับแต่วนั้ไกล่เกลี่ยข้อพิพาทครั้งแรก และเมื่อการไกล่เกลี่ยข้อพิพาทสำเร็จ ผลของการไกล่เกลี่ยข้อพิพาทจะมีผลบังคับได้จริงตามกฎหมาย โดยคู่กรณีที่เข้าร่วมในการไกล่เกลี่ยข้อพิพาทจะร่วมกันทำนบันทึกข้อตกลงหรือสัญญาประนีประนอมยอมความ และศาลปกครองจะมีคำพิพากษาให้เป็นไปตามนั้น สำหรับกรณีที่การไกล่เกลี่ยข้อพิพาทสำเร็จบางส่วน ศาลจะนำบันทึกข้อตกลงนั้นมารวมพิพากษาไปพร้อมกับการมีคำพิพากษาในประเด็นที่ยังพิพาทกัน

คำพิพากษาตามยอม โดยหลักไม่อาจอุทธรณ์ได้ เว้นแต่มีเหตุตามที่กฎหมายกำหนด

คำพิพากษาตามยอม คือ คำพิพากษาที่จัดทำขึ้นโดยคู่กรณีทั้งสองฝ่ายตกลงยินยอมตามข้อตกลงในชั้นไกล่เกลี่ยข้อพิพาท โดยข้อตกลงนั้นไม่ขัดต่อหลักความชอบด้วยกฎหมาย

",คู่มือการดำเนินคดีปกครองสำหรับประชาชน,2022-12-01 00:00:00,,,,,,,
ระบบงานคดีปกครองอิเล็กทรอนิกส์,5.1 การยื่นคำฟ้องทางอิเล็กทรอนิกส์,เนื้อหา,"ผู้ประสงค์จะยื่นคำฟ้องทางระบบงานคดีปกครองอิเล็กทรอนิกส์สามารถเข้าสู่ระบบได้ทาง https://elitiqation.admincourt.go.th หรือเข้าทาง เว็บไซต์ศาลปกครอง www.admincourt.go.th คลิกที่ ยื่นฟ้องคดีปกครองออนไลน์ โดยจะต้องลงทะเบียนในการใช้งานครั้งแรก โดยเมื่อเข้าสู่หน้าจอแล้วให้คลิกที่ปุ่ม เข้าสู่ระบบ 

จากนั้น เมื่อผู้ใช้งานอ่านข้อกำหนดการใช้งานระบบงานคดีปกครองอิเล็กทรอนิกส์เข้าใจแล้ว คลิกที่ช่องยอมรับข้อกำหนดการใช้งานระบบและคลิกที่ปุ่ม ถัดไป

กรอกรายละเอียดซึ่งเป็นข้อมูลส่วนบุคคล โดยจะต้องกรอกข้อมูลในช่องที่มีเครื่องหมายดอกจันให้ครบถ้วน ควรระบุ อีเมล (e-Mail) ให้ถูกต้องและเป็นอีเมลที่ใช้งานเป็นประจำ เนื่องจากศาลจะติดต่อผู้ใช้งานผ่านทางอีเมลนี้ เมื่อกรอกข้อมูลครบถ้วนแล้วให้คลิกที่ปุ่ม ถัดไป

กรอก username และ password แล้วคลิกปุ่ม ถัดไป

ตรวจสอบความถูกต้องอีกครั้ง ถ้าต้องการแก้ไขข้อมูลคลิกที่ปุ่ม ก่อนหน้า แต่ถ้าไม่มีแก้ไขคลิกปุ่ม ลงทะเบียน ระบบจะส่ง OTP ทางอีเมลที่ได้แจ้งไว้ตอนกรอกข้อมูลเพื่อลงทะเบียน เมื่อกรอก OTP เสร็จแล้วให้คลิกที่ปุ่ม ตกลง ระบบจะแจ้งยืนยันการลงทะเบียนทางอีเมลของผู้ใช้งาน ซึ่งจะถือว่าผู้ใช้งานได้ลงทะเบียนเสร็จเรียบร้อยแล้ว และสามารถเข้าสู่ระบบเพื่อยื่นฟ้องคดีปกครองได้ทันที

ขั้นตอนการยื่นคำฟ้องทางระบบงานคดีปกครองอิเล็กทรอนิกส์

เมื่อเข้าสู่หน้าจอ https://elitiqation.admincourt.go.th
แล้วคลิกที่ปุ่ม เข้าสู่ระบบ จากนั้นกรอก Username และ Password และกรอก Captcha คลิกที่ปุ่ม เข้าสู่ระบบ จะปรากฏหน้าจอตามภาพ

คลิกเลือก ศาลปกครองชั้นต้น ยกเว้น เป็นคดีที่ต้องฟ้องกับศาลปกครองสูงสุดโดยตรง ให้คลิกเลือก ศาลปกครองสูงสุด คลิกเลือก ยื่นคำฟ้อง > ยื่นคำฟ้องใหม่

คลิกเลือกว่าต้องการฟ้องในฐานะอะไร ถ้าฟ้องคดีเองให้คลิกเลือกผู้ฟ้องคดีเอง จากนั้นหน้าจอจะปรากฏหน้าที่เป็นร่างคำฟ้องซึ่งมีข้อมูลของผู้ฟ้องคดีที่เคยกรอกไว้ตอนลงทะเบียน จากนั้นให้กรอกข้อมูลของผู้ถูกฟ้องคดี กรณีที่มีผู้ถูกฟ้องคดีหลายคนให้คลิกที่ปุ่ม เพิ่มผู้ถูกฟ้องคดี ที่อยู่ทางด้านขวามือ

ระบุรายละเอียดการกระทำและข้อเท็จจริงที่เกิดขึ้นซึ่งเป็นเหตุให้ต้องมาฟ้องคดีต่อศาลปกครอง และคำขอว่าต้องการให้ศาลมีคำพิพากษาหรือสั่งอย่างไร

กรณีที่ผู้ใช้งานได้จัดเตรียมร่างคำฟ้องไว้แล้ว สามารถอัปโหลด (upload) ไฟล์คำฟ้องได้เลย โดยไม่ต้องกรอกรายละเอียดการกระทำที่เป็นเหตุแห่งการฟ้องคดีและคำขอของผู้ฟ้องคดี และหากมีเอกสารหลักฐานประกอบคำฟ้องก็สามารถอัปโหลดไปได้พร้อมกัน โดยต้องอัปโหลดในรูปแบบ PDF/A หรือ JPEG และรูปแบบ WORD (ผู้ใช้งานต้องอัปโหลดให้ครบทั้ง 2 รูปแบบ) ขนาดไฟล์รวมกันทั้งหมดต้องไม่เกิน 30 เมกกะไบท์ (MB)

หากเป็นคดีที่ฟ้องขอให้ศาลมีคำพิพากษาให้ผู้ถูกฟ้องคดีชดใช้เงินหรือส่งมอบทรัพย์สิน ผู้ฟ้องคดีต้องชำระค่าธรรมเนียมศาล โดยคลิกเลือก เป็นคดีมีทุนทรัพย์ ซึ่งต้องชำระค่าธรรมเนียมศาล พร้อมทั้งกรอกจำนวนทุนทรัพย์ที่ต้องการให้ชดใช้ ระบบจะคำนวณค่าธรรมเนียมศาลให้อัตโนมัติ แต่หากต้องการขอยกเว้นค่าธรรมเนียมศาล ให้คลิกเลือก เป็นคดีมีทุนทรัพย์ แต่ขอยกเว้นค่าธรรมเนียมศาล หากเป็นคดีที่ไม่ได้ฟ้องเพื่อขอให้ผู้ถูกฟ้องคดีชดใช้เงินหรือส่งมอบทรัพย์สิน ให้คลิกเลือก เป็นคดีไม่มีทุนทรัพย์ ไม่ต้องชำระค่าธรรมเนียมศาล เสร็จเรียบร้อยแล้ว คลิกที่ปุ่ม ถัดไป

เมื่อ ตรวจสอบร่างคำฟ้องแล้ว หากมีข้อแก้ไข คลิกที่ปุ่ม ก่อนหน้า
แต่หากไม่มีข้อแก้ไข คลิกที่ ส่งคำฟ้อง จากนั้นจะได้รับรหัสอ้างอิงผ่านทางอีเมลเพื่อใช้เป็นหลักฐานการยื่นคำฟ้องและติดตามคำฟ้องในระหว่างที่ยังไม่มีการออกหมายเลขคดีดำ

คดีที่ต้องชำระค่าธรรมเนียมศาล สามารถเลือกที่ปุ่ม ชำระเงินค่าธรรมเนียมศาล ซึ่งอยู่ทางด้านขวามือเพื่อเลือกวิธีการชำระเงิน",คู่มือการดำเนินคดีปกครองสำหรับประชาชน,2022-12-01 00:00:00,,,,,,,
ระบบงานคดีปกครองอิเล็กทรอนิกส์,5.2 การชำระค่าธรรมเนียมศาลทางอิเล็กทรอนิกส์,เนื้อหา,"กรณีที่ผู้ฟ้องคดีประสงค์จะชำระค่าธรรมเนียมศาลหลังส่งคำฟ้องเรียบร้อยแล้ว คลิกที่ปุ่ม ชำระค่าธรรมเนียมศาล และเลือกวิธีการชำระเงินแล้ว จะปรากฏหน้าจอตามภาพ

คลิกเลือกวิธีที่ต้องการชำระค่าธรรมเนียมศาลโดยจะมีการชำระเงิน 2 วิธี คือ
- ชำระเงินทางอิเล็กทรอนิกส์ หรือ e-Payment ซึ่งมีทั้งหมด 3 ช่องทาง ได้แก่ การชำระผ่านบัตรเครดิตหรือบัตรเดบิต หักบัญชีธนาคาร และชำระผ่านทางอินเทอร์เน็ตแบงก์กิ้ง
- ชำระโดยนำใบแจ้งการชำระเงินไปชำระด้วยวิธีการอื่น หรือ Bill payment ได้แก่ การชำระด้วยเงินสด เช็ค แคชเชียร์เช็ค ตั๋วแลกเงิน ดราฟต์ บัตรเครดิต บัตรเดบิต หรือชำระผ่าน ATM
ให้เลือกชำระเงินทางอิเล็กทรอนิกส์ และเลือกช่องทางที่ผู้ฟ้องคดีประสงค์จะดำเนินการชำระเงิน

เมื่อคลิกเลือกวิธีชำระค่าธรรมเนียมศาลเรียบร้อยแล้ว ตรวจสอบความถูกต้องแล้วคลิก ชำระเงิน
ตรวจสอบข้อมูลอีกครั้ง แล้วคลิก ไปหน้าชำระค่าธรรมเนียม แล้วทำตามขั้นตอนการชำระเงินที่แนะนำไว้ในระบบ
กรณีที่ผู้ฟ้องคดีชำระค่าธรรมเนียมศาลในภายหลัง เมื่อเข้าสู่ระบบงานคดีปกครองอิเล็กทรอนิกส์แล้ว ให้เลือกศาลที่ผู้ฟ้องคดียื่นคำฟ้องไว้ และต้องการชำระค่าธรรมเนียมศาล
เลือกการดำเนินการเกี่ยวกับค่าธรรมเนียมศาล > ชำระค่าธรรมเนียมศาล
กรอกรหัสอ้างอิง หรือหมายเลขคดีดำ
หากมีคดีที่ยื่นฟ้องต่อศาลปกครองหลายคดี สามารถคลิกเลือกที่ปุ่ม คดีของท่าน ซึ่งอยู่มุมขวาบนก็ได้เช่นกัน
กรอกค่าธรรมเนียมศาลที่ต้องการชำระ หรือกรอกจำนวนทุนทรัพย์เพื่อให้ระบบคำนวณค่าธรรมเนียมศาลให้
จากนั้น เลือกวิธีชำระเงิน และทำตามขั้นตอนที่ระบบแนะนำ",คู่มือการดำเนินคดีปกครองสำหรับประชาชน,2022-12-01 00:00:00,,,,,,,
ระบบงานคดีปกครองอิเล็กทรอนิกส์,5.3 การขอวิธีการชั่วคราวก่อนการพิจารณาทางอิเล็กทรอนิกส์,เนื้อหา,"กรณีที่ผู้ฟ้องคดีต้องการขอวิธีการชั่วคราวก่อนการพิพากษา และไม่ได้เขียนคำขอมาในคำฟ้อง หรือคู่กรณียื่นคำขอในภายหลังจากที่มีการยื่นฟ้องคดีแล้วผ่านทางระบบงานคดีปกครองอิเล็กทรอนิกส์ โดยหลังจากลงทะเบียนและเข้าสู่ระบบเรียบร้อยแล้ว จะปรากฏรายละเอียดตามภาพ

คลิกเลือก ยื่นคำร้อง/คำขอ และเลือก ขอวิธีการชั่วคราว
คลิกเลือก ศาลปกครอง และกรอก หมายเลขคดีดำ และคลิกเลือก ฐานะของผู้ยื่นคำขอวิธีการชั่วคราว และคลิกปุ่ม ถัดไป
กรอกรายละเอียดคำขอที่ต้องการให้ศาลกำหนดวิธีการชั่วคราวก่อนการพิพากษา
ตรวจสอบรายละเอียดของร่างคำขอวิธีการชั่วคราว หากถูกต้องคลิก ยื่นคำขอวิธีการชั่วคราว แต่หากต้องการแก้ไขคลิก ก่อนหน้า เมื่อยื่นคำขอเสร็จเรียบร้อยแล้วระบบจะแจ้งยืนยันคำตอบรับผ่านทางอีเมลที่ได้ลงทะเบียนไว้",คู่มือการดำเนินคดีปกครองสำหรับประชาชน,2022-12-01 00:00:00,,,,,,,
ระบบงานคดีปกครองอิเล็กทรอนิกส์,5.4 การยื่นคำคู่ความทางอิเล็กทรอนิกส์,เนื้อหา,"ในกรณีที่ผู้ฟ้องคดียื่นคำฟ้องทางระบบงานคดีปกครองอิเล็กทรอนิกส์ สำนักงานศาลปกครองจะมีหนังสือสอบถามความประสงค์ของผู้ถูกฟ้องคดีว่าประสงค์จะยื่นคำให้การทางระบบงานคดีปกครองอิเล็กทรอนิกส์เช่นกันหรือไม่ หากประสงค์จะใช้งานให้ผู้ถูกฟ้องคดีลงทะเบียนและเข้าสู่ระบบงาน เลือกว่าจะยื่นคำให้การของศาลปกครองชั้นต้น หรือศาลปกครองสูงสุด จากนั้นจะปรากฏหน้าจอตามภาพ

คลิกเลือก ยื่นคำตอบรับการใช้ระบบงานคดีปกครองอิเล็กทรอนิกส์
คลิกเลือกศาลปกครองและกรอกหมายเลขคดีดำตามรายละเอียดในหนังสือสอบถามความประสงค์ และเลือกฐานะของผู้ตอบรับ คลิกเลือกปุ่ม ถัดไป
ตรวจสอบรายละเอียดของร่างคำตอบรับ หากถูกต้องคลิก ยื่นคำตอบรับ แต่หากต้องการแก้ไขคลิก ก่อนหน้า จากนั้น ระบบจะแจ้งยืนยันคำตอบรับผ่านทางอีเมลที่ได้ลงทะเบียนไว้
หากต้องการยื่นคำให้การ ให้คลิกเลือกปุ่ม หน้าหลัก ซึ่งอยู่ทางขวามือ
คลิกเลือก ยื่นคำให้การ และเลือก คำให้การ
เลือกศาลปกครองที่ต้องการยื่นคำให้การ กรอกหมายเลขคดีดำ และฐานะของผู้ยื่นคำให้การ คลิกปุ่ม ถัดไป และกรอกคำให้การ
กรณีที่ผู้ถูกฟ้องคดีเตรียมคำให้การไว้แล้ว สามารถอัปโหลด (upload) ไฟล์คำให้การได้เลย โดยไม่ต้องกรอกรายละเอียดคำให้การ และหากมีเอกสารหลักฐานประกอบก็สามารถอัปโหลดไปได้พร้อมกัน โดยต้องอัปโหลดในรูปแบบ PDF/A หรือ JPEG และรูปแบบ WORD (ผู้ใช้งานต้องอัปโหลดให้ครบทั้ง 2 รูปแบบ) ขนาดไฟล์รวมกันทั้งหมดต้องไม่เกิน 30 เมกะไบท์ (MB)
ตรวจสอบร่างคำให้การ หากถูกต้องแล้วคลิกเลือก ยื่นคำให้การ หากต้องการแก้ไขคลิกเลือก ก่อนหน้า เมื่อยื่นคำให้การแล้ว ระบบจะส่งข้อความแจ้งให้ผู้ถูกฟ้องคดีทราบทางอีเมลที่ได้ลงทะเบียนไว้
กรณียื่นคำคัดค้านคำให้การทางระบบงานคดีปกครองอิเล็กทรอนิกส์ เมื่อเข้าสู่ระบบแล้ว เลือกศาลปกครองที่ต้องการยื่นคำคัดค้านคำให้การ จากนั้นจะปรากฏหน้าจอตามภาพ
คลิกเลือก ยื่นคำคัดค้านคำให้การ แล้วคลิกเลือก คำคัดค้านคำให้การ
กรอกคำคัดค้านคำให้การ หรือหากเตรียมคำคัดค้านคำให้การและเอกสารหลักฐานไว้แล้วก็สามารถอัปโหลดไฟล์ไปพร้อมกันได้
ตรวจสอบร่างคำคัดค้านคำให้การ หากถูกต้องแล้วคลิกเลือก ยื่นคำคัดค้านคำให้การ หากต้องการแก้ไขคลิกเลือก ก่อนหน้า เมื่อยื่นคำคัดค้านคำให้การแล้ว ระบบจะส่งข้อความแจ้งให้ผู้ฟ้องคดีทราบทางอีเมลที่ได้ลงทะเบียนไว้
กรณียื่นคำให้การเพิ่มเติมทางระบบงานคดีปกครองอิเล็กทรอนิกส์ เมื่อเข้าสู่ระบบแล้ว เลือกศาลปกครองที่ต้องการยื่นคำให้การเพิ่มเติม จากนั้นจะปรากฏหน้าจอตามภาพ
คลิกเลือก ยื่นคำให้การเพิ่มเติม และเลือก คำให้การเพิ่มเติม
เลือก ศาลปกครอง และกรอก หมายเลขคดีดำ และเลือก ฐานะของผู้ยื่นคำให้การเพิ่มเติม
กรอกคำให้การเพิ่มเติม หรือหากเตรียมคำให้การเพิ่มเติมและเอกสารหลักฐานไว้แล้วก็สามารถอัปโหลดไฟล์ไปพร้อมกันได้
ตรวจสอบร่างคำให้การเพิ่มเติม หากถูกต้องแล้วคลิกเลือก ยื่นคำให้การเพิ่มเติม หากต้องการแก้ไขคลิกเลือก ก่อนหน้า เมื่อยื่นคำให้การเพิ่มเติมแล้ว ระบบจะส่งข้อความแจ้งให้ผู้ถูกฟ้องคดีทราบทางอีเมลที่ได้ลงทะเบียนไว้",คู่มือการดำเนินคดีปกครองสำหรับประชาชน,2022-12-01 00:00:00,,,,,,,
ระบบงานคดีปกครองอิเล็กทรอนิกส์,5.5 ห้องพิจารณาคดีอิเล็กทรอนิกส์ ,เนื้อหา,"นอกจากระบบงานคดีปกครองทางอิเล็กทรอนิกส์ที่อำนวยความสะดวกและลดภาระค่าใช้จ่ายให้ผู้ฟ้องคดีและผู้ถูกฟ้องคดีในการยื่นเอกสารแล้ว คู่กรณีสามารถขอให้ศาลใช้วิธีการทางอิเล็กทรอนิกส์ในการไต่สวน การนั่งพิจารณาคดี หรือ การฟังคำสั่ง/คำพิพากษา ผ่านระบบการประชุมทางไกลผ่านจอภาพ (Video Conferencing System) โดยสามารถขอให้ศาลกำหนดสถานที่ที่คู่กรณีสะดวก และให้ถือว่าเป็นการพิจารณาคดีต่อหน้าศาล โดยในห้องนั่งพิจารณาคดีอิเล็กทรอนิกส์ผู้เข้ารับฟังการพิจารณาคดีทั้งหมดสามารถเห็นเอกสารพยานหลักฐานที่ใช้ประกอบในการพิจารณาคดีและการไต่สวนผ่านอุปกรณ์การแสดงผล เช่น โปรเจคเตอร์ (Projector) คอมพิวเตอร์ (Computer) เป็นต้น นอกจากนี้ ภายในห้องพิจารณาคดียังมีการติดตั้งระบบบันทึกภาพและเสียงระหว่างการพิจารณาคดีและการไต่สวนซึ่งสามารถเรียกดูไฟล์วีดิทัศน์และเสียงที่บันทึกในภายหลังได้

คู่กรณีที่ไม่ได้ใช้วิธีพิจารณาคดีด้วยวิธีการทางอิเล็กทรอนิกส์มาตั้งแต่เริ่มต้นแต่ประสงค์จะขอให้ศาลนั่งพิจารณาคดีครั้งแรกผ่านทางระบบการประชุมทางไกลสามารถขอได้โดยจะต้องยื่นคำขอส่วนหน้าไม่น้อยกว่า 7 วันก่อนจะมีการพิจารณาคดี โดยเข้าระบบงานคดีปกครองอิเล็กทรอนิกส์ และคลิกเลือก ยื่นคำขอพิจารณาคดีโดยวิธีการทางอิเล็กทรอนิกส์หรือระบบการประชุมทางจอภาพ จากนั้นกรอกรายละเอียดในร่างคำขอ พร้อมระบุสถานที่ที่จะให้เชื่อมโยงสัญญาณ เมื่อยื่นคำขอเรียบร้อยแล้ว ระบบจะแจ้งยืนยันคำขอนั้นผ่านทางอีเมลที่ได้ให้ไว้ตอนลงทะเบียน",คู่มือการดำเนินคดีปกครองสำหรับประชาชน,2022-12-01 00:00:00,,,,,,,
ระบบปรึกษาคดีปกครองออนไลน์,ระบบปรึกษาคดีปกครองออนไลน์,เนื้อหา,นอกจากการเดินทางมาปรึกษาคดีที่ศาลปกครอง หรือทางโทรศัพท์สายด่วนศาลปกครอง 1355 แล้ว ประชาชนสามารถปรึกษาคดีออนไลน์ผ่านทางโปรแกรมไลน์ (LINE application) โดยสามารถปรึกษาคดีปกครองในรูปแบบการโทรด้วยเสียง (Voice call) หรือรูปแบบวิดีโอคอล (Video call) โดยจองคิวผ่านทางเว็บไซต์ศาลปกครอง www.admincourt.go.th คลิกที่แบนเนอร์ ปรึกษาคดีปกครองออนไลน์ จากนั้น คลิกเลือกวันและเวลาที่ต้องการจองคิวจากหน้าจอปฏิทินของระบบ แล้วกรอกรายละเอียดข้อมูลสำหรับการติดต่อเบื้องต้น เช่น ชื่อผู้ขอคำปรึกษา หมายเลขโทรศัพท์ อีเมล Line ID วิธีการปรึกษาคดี (การโทรด้วยเสียงหรือการวิดีโอคอล) เป็นต้น หลังจากกรอกข้อมูลเรียบร้อยแล้ว ระบบจะให้บันทึกภาพผลการจองคิวที่ปรากฏทางหน้าจอ ในกรณีที่ผู้ใช้งานกรอกอีเมลไว้ระบบจะส่งผลการจองคิวไปยังอีเมลที่ให้ไว้เมื่อถึงกำหนดนัดหมายผู้ขอรับบริการสามารถโทรศัพท์ผ่านโปรแกรม Line มายังระบบที่เตรียมไว้ที่ห้องให้คำปรึกษาแนะนำซึ่งจะมีเจ้าหน้าที่รอให้บริการตามคิว อย่างไรก็ตามผู้ขอรับบริการสามารถยกเลิกการจองคิวได้หากพบว่าไม่สะดวกในวันเวลาที่ได้จองคิวไว้,คู่มือการดำเนินคดีปกครองสำหรับประชาชน,2022-12-01 00:00:00,,,,,,,
แอปพลิเคชันศาลปกครอง,แอปพลิเคชันศาลปกครอง,เนื้อหา,"แอปพลิเคชันศาลปกครอง (Admincourt mobile app) จัดทำขึ้นเพื่อให้บริการประชาชนและคู่กรณี ที่ต้องการติดตามข้อมูลข่าวสารต่าง ๆ อาทิ ข่าวประชาสัมพันธ์ ข่าวการรับสมัครงาน ข่าวการจัดซื้อจัดจ้างบัญชีของศาลปกครอง รวมทั้งยังสามารถสืบค้นคำสั่ง/คำพิพากษาของศาลปกครองสูงสุด และขอคัดและรับรองสำเนาคำสั่ง/คำพิพากษาศาลปกครองได้ทั้งในรูปแบบเอกสารอิเล็กทรอนิกส์หรือรูปแบบเอกสารกระดาษ โดยผู้ใช้บริการสามารถเลือกขอรับสำเนาเอกสารด้วยตนเองได้ที่ศูนย์บริการประชาชน หรือจะเลือกรับเป็นไฟล์อิเล็กทรอนิกส์ผ่านทางอีเมลที่ได้ลงทะเบียนไว้ก็ได้ นอกจากนี้ สมาชิกของแอปพลิเคชันศาลปกครอง ยังสามารถสร้างบัญชีส่วนตัวเพื่อต้นทึกตารางนัดหมายคดีที่สนใจไว้ โดยจะมีการแจ้งเตือนล่วงหน้าก่อนถึงกำหนดนัดดังกล่าว

อีกบริการหนึ่งของแอปพลิเคชันศาลปกครอง คือการเลือกดูที่อยู่และแผนที่ของศาลปกครองแต่ละแห่งเพื่อเรียกใช้ระบบการนำทางบนโทรศัพท์เคลื่อนที่ไปยังศาลปกครองแห่งที่ต้องการได้อีกด้วย อีกทั้งยังมีบริการสำรองที่จอดรถล่วงหน้า (Parking reservation) สำหรับคู่กรณีที่มีนัดหมายกับศาลปกครอง หรือผู้ที่มีนัดหมายมารับเอกสารที่ขอคัด/รับรองสำเนาไว้ที่ศูนย์บริการประชาชน",คู่มือการดำเนินคดีปกครองสำหรับประชาชน,2022-12-01 00:00:00,,,,,,,
ถาม-ตอบ คดีปกครอง,อำนาจศาลปกครอง,ถาม-ตอบ,"แอปพลิเคชันธนาคารไม่แจ้งเตือนรายการเคลื่อนไหวทางบัญชีผ่านโทรศัพท์มือถือ ผู้ฟ้องคดีจะนำคดีมาฟ้องต่อศาลปกครองได้หรือไม่?

ถาม: นายรวยมหาศาลได้เปิดบัญชีเงินฝากสะสมทรัพย์กับธนาคาร A และสมัครใช้ SMS แจ้งเตือนรายการเคลื่อนไหวทางบัญชีผ่านโทรศัพท์มือถือ แต่ระหว่างวันที่ 10 - 14 มิถุนายน 2558 มีบุคคลอื่นถอนเงินสดจากบัญชีซ้ำๆ ผ่านเครื่อง ATM จำนวน 26 ครั้ง โดยนายรวยมหาศาลไม่ได้รับข้อความ SMS แจ้งเตือนผ่านโทรศัพท์มือถือ จึงนำคดีมาฟ้องต่อศาลปกครอง

ศาลปกครองมีอำนาจรับคำฟ้องนี้ไว้พิจารณาได้หรือไม่?

ตอบ: ธนาคาร A เป็นนิติบุคคลตามกฎหมายว่าด้วยบริษัทมหาชนจำกัด โดยประกอบธุรกิจธนาคารพาณิชย์ที่ให้บริการทางการเงินครบวงจร กรณีจึงมิใช่การดำเนินกิจการทางปกครองและไม่ใช่หน่วยงานทางปกครอง อีกทั้งคดีพิพาทดังกล่าวเป็นเรื่องสัญญาระหว่างมหาวิทยาลัยและธนาคารเกี่ยวกับการดำเนินธุรกิจของธนาคาร คู่สัญญาทั้งสองฝ่ายจึงมีสถานะที่เท่าเทียมกัน สิทธิและหน้าที่ระหว่างคู่สัญญาจึงต้องเป็นไปตามข้อตกลงการเปิดบัญชีเงินฝาก และการให้บริการข้อความแจ้งเตือนซึ่งเป็นสัญญาทางแพ่ง มิใช่สัญญาทางปกครอง จึงไม่อยู่ในอำนาจพิจารณาพิพากษาของศาลปกครอง ศาลปกครองจึงไม่อาจรับคำฟ้องนี้ไว้พิจารณาได้

คำสั่งศาลปกครองสูงสุดที่ 85/2562",คู่มือการดำเนินคดีปกครองสำหรับประชาชน,2022-12-01 00:00:00,,,,,,,
ถาม-ตอบ คดีปกครอง,อำนาจศาลปกครอง,ถาม-ตอบ,"กรณีหากถูกผู้บังคับบัญชาปลดออกจากราชการอยู่ในอำนาจพิจารณาพิพากษาของศาลปกครองหรือไม่?

ถาม: จ่าสิบเอก เข้มขัน ถูกผู้บัญชาการกองพล อาศัยอำนาจตามข้อบังคับกระทรวงกลาโหม ว่าด้วยการบรรจุ ปลด ย้าย เลื่อนและลดตำแหน่งข้าราชการกลาโหม พ.ศ. 2502 และข้อ 1.10 ของคำสั่งกองทัพบก ลงวันที่ 10 มิถุนายน 2508 เรื่อง การหมุนเวียนกำลังพล โดยสั่งปลดออกจากราชการทหาร เนื่องจากกระทำผิดฐานประพฤติชั่วอย่างร้ายแรง โดยมีพฤติกรรมยุ่งเกี่ยวกับยาเสพติด จ่าสิบเอก เข้มขัน อุทธรณ์คำสั่งดังกล่าว แต่ยังไม่ได้รับทราบผลการพิจารณาอุทธรณ์ จึงนำคดีมาฟ้องต่อศาลปกครอง

กรณีนี้ศาลปกครองสามารถรับคำฟ้องไว้พิจารณาได้หรือไม่?

ตอบ: การที่ผู้บัญชาการกองพลออกคำสั่งลงโทษปลดจ่าสิบเอกเข้มขัน ซึ่งเป็นข้าราชการทหาร ออกจากราชการเป็นการดำเนินการเกี่ยวกับวินัยทหารตามมาตรา 15 แห่ง พ.ร.บ. ระเบียบข้าราชการทหาร พ.ศ. 2521 ประกอบกับมาตรา 7 แห่ง พ.ร.บ. ว่าด้วยวินัยทหาร พุทธศักราช 2476 จึงเป็นคดีที่ไม่อยู่ในอำนาจศาลปกครอง ศาลปกครองจึงไม่อาจรับคำฟ้องนี้ไว้พิจารณาได้

คำสั่งศาลปกครองสูงสุดที่ คบ.223/2563",คู่มือการดำเนินคดีปกครองสำหรับประชาชน,2022-12-01 00:00:00,,,,,,,
ถาม-ตอบ คดีปกครอง,อำนาจศาลปกครอง,ถาม-ตอบ,"การฟ้องเรียกค่าเสียหายจากการที่เจ้าหน้าที่ของรัฐตัดต้นไม้ในที่ดินของวัดอยู่ในอำนาจพิจารณาพิพากษาของศาลปกครองหรือไม่?

ถาม: วัดแห่งหนึ่งถูกข้าราชการครูโรงเรียนของวัด 5 รายตัดต้นมะพร้าว และต้นมะพร้าวในที่ดินของวัดโดยไม่ขออนุญาต แล้วนำไม้ยางพาราไปขาย รวมทั้งขุดดินในที่ดินของวัดนำออกขาย ไม่นำดินมาปรับถมบริเวณหน้าวัดตามที่ทางวัดร้องขอ ทางวัดจึงนำคดีมาฟ้องต่อศาลปกครอง

หากวัดจะนำคดีมาฟ้องต่อศาลปกครองขอให้ชดใช้ค่าเสียหาย กรณีนี้ศาลปกครองสามารถรับคำฟ้องนี้ไว้พิจารณาได้หรือไม่?

ตอบ: ข้อพิจารณาในกรณีนี้มิใช่ข้อพิจารณาที่เกิดจากการกระทำละเมิดต่อวัตถุอันเกิดจากการใช้อำนาจตามกฎหมาย หรือจากกฎคำสั่งทางปกครอง หรือคำสั่งอื่น อันจะอยู่ในอำนาจพิจารณาพิพากษาของศาลปกครอง ศาลปกครองจึงไม่อาจรับคำฟ้องนี้ไว้พิจารณาได้

คำสั่งศาลปกครองสูงสุดที่ คพ.113/2563",คู่มือการดำเนินคดีปกครองสำหรับประชาชน,2022-12-01 00:00:00,,,,,,,
ถาม-ตอบ คดีปกครอง,อำนาจศาลปกครอง,ถาม-ตอบ,"การฟ้องเรียกค่าเสียหายจากการกล่าวความเท็จในหนังสือชี้แจงต่อราชการอยู่ในอำนาจพิจารณาพิพากษาของศาลปกครองหรือไม่?

ถาม: วัดแห่งหนึ่งถูกข้าราชการครูในโรงเรียนของวัด 5 รายร่วมกันใส่ความ ใส่ร้ายดูหมิ่น ในหนังสือที่ชี้แจงต่ออำเภอว่าโรงเรียนของวัดได้รับที่ดินมาจากพระครู ป. เจ้าอาวาสรูปที่สอง แต่ทางวัดได้ร่วมมือกับชาวบ้านขับไล่เจ้าอาวาสรูปที่สอง และก้าวก่ายการบริหารงานของโรงเรียน รวมทั้งทะเลาะกับครูในโรงเรียนเรื่องตัดไม้ยางพาราในบริเวณที่ดินของโรงเรียน ทำให้คนทั่วไปเสื่อมศรัทธาต่อวัด ทางวัดจึงนำคดีมาฟ้องต่อศาลปกครอง

หากวัดจะนำคดีมาฟ้องต่อศาลปกครอง ขอให้เรียกค่าเสียหาย กรณีนี้ศาลปกครองสามารถรับคำฟ้องนี้ไว้พิจารณาได้หรือไม่?

ตอบ: กรณีที่อ้างว่าชาวบ้านทั้ง 5 ราย กล่าวความเท็จในหนังสือชี้แจงข้อเท็จจริงต่อนายอำเภอนั้น การกระทำดังกล่าวมีลักษณะเป็นการกระทำผิดทางอาญา จึงไม่ใช่การกระทำละเมิดของเจ้าหน้าที่ของรัฐ อันเกิดจากการใช้อำนาจตามกฎหมาย หรือจากกฎ คำสั่งทางปกครอง หรือคำสั่งอื่น ที่อยู่ในอำนาจพิจารณาพิพากษาของศาลปกครอง ศาลปกครองจึงไม่อาจรับคำฟ้องนี้ไว้พิจารณาได้

คำสั่งศาลปกครองสูงสุดที่ คพ.113/2563",คู่มือการดำเนินคดีปกครองสำหรับประชาชน,2022-12-01 00:00:00,,,,,,,
ถาม-ตอบ คดีปกครอง,อำนาจศาลปกครอง,ถาม-ตอบ,"การฟ้องเรียกค่าเสียหายกรณีพนักงานของเทศบาลขับรถของเทศบาลไปชนคนตายอยู่ในอำนาจพิจารณาพิพากษาของศาลปกครองหรือไม่?

ถาม: นายปรระดับเป็นพนักงานของเทศบาลซึ่งไม่มีใบอนุญาตขับรถยนต์ ได้ขับรถบรรทุกเฉพาะกิจ (ขยะแห้ง) ไปเฉี่ยวชนกับรถจักรยานยนต์ที่มีนายโชคเป็นผู้ขับขี่ โดยมีนางชมภรรยานั่งซ้อนท้ายมาด้วย โดยเสียชีวิตทั้งคู่

มารดาของผู้เสียชีวิตจะยื่นฟ้องเทศบาลในฐานะหน่วยงานต้นสังกัดต่อศาลปกครองเพื่อขอให้ชดใช้ค่าสินไหมทดแทนได้หรือไม่?

ตอบ: เมื่อพิจารณาตามมาตรา 9 วรรคหนึ่ง (3) แห่งพระราชบัญญัติจัดตั้งศาลปกครองฯ จะเห็นได้ว่าศาลปกครองมีอำนาจพิจารณาพิพากษาคดีพิพาทเกี่ยวกับการกระทำละเมิดที่เกิดจากการใช้อำนาจตามกฎหมายของเจ้าหน้าที่ของรัฐในเรื่องการออกกฎหรือจากการออกคำสั่งทางปกครอง หรือจากการละเลยต่อหน้าที่ตามที่กฎหมายกำหนดให้ต้องปฏิบัติหรือปฏิบัติหน้าที่ล่าช้าเกินสมควร ซึ่งไม่รวมถึงการกระทำละเมิดที่เกิดจากการปฏิบัติหน้าที่ธรรมดาทั่วไปของเจ้าหน้าที่ของรัฐ เมื่อคดีนี้เป็นการฟ้องเรียกค่าสินไหมทดแทนอันเกิดจากการกระทำละเมิดของเจ้าหน้าที่
ของรัฐที่ปฏิบัติหน้าที่ธรรมดาทั่วไป มิได้เกิดจากการใช้อำนาจตามกฎหมายของเจ้าหน้าที่ ศาลปกครองจึงไม่อาจรับคำฟ้องนี้ไว้พิจารณาได้ แต่มารดาของผู้เสียชีวิตสามารถยื่นฟ้องคดีต่อศาลยุติธรรมได้ภายในระยะเวลาที่กฎหมายกำหนด

คำสั่งศาลปกครองสูงสุดที่ คพ.14/2563",คู่มือการดำเนินคดีปกครองสำหรับประชาชน,2022-12-01 00:00:00,,,,,,,
ถาม-ตอบ คดีปกครอง,อำนาจศาลปกครอง,ถาม-ตอบ,"การฟ้องเรียกค่าเสียหายจากการที่หน่วยงานทางปกครองนำข้อมูลอันเป็นเท็จเข้าสู่ระบบคอมพิวเตอร์อยู่ในอำนาจพิจารณาพิพากษาของศาลปกครองหรือไม่?

ถาม: นายกุ้งได้ขอลาออกจากการเป็นอาจารย์และคณะกรรมการบริหารหลักสูตรสาขาการบัญชีมหาวิทยาลัยให้ลาออก จากนั้นนายกุ้งได้ตรวจสอบพบว่ามีการนำข้อมูลรายงานการประชุมของคณะกรรมการบริหารฯ เกี่ยวกับการลาออกเข้าสู่ระบบคอมพิวเตอร์ของมหาวิทยาลัยและมีการเผยแพร่ต่อสาธารณะ โดยมีการกล่าวหาว่านายกุ้งได้ลาออกกะทันหันเป็นเหตุให้การจัดการเรียนการสอนเสียหาย ซึ่งเป็นเท็จ การกระทำดังกล่าวจึงเป็นการหมิ่นประมาทนายกุ้ง

หากนายกุ้งจะนำคดีมาฟ้องต่อศาลปกครอง ศาลปกครองมีอำนาจรับคำฟ้องไว้พิจารณาได้หรือไม่?

ตอบ: การกระทำดังกล่าวเป็นการปฏิบัติหน้าที่ที่ไม่ได้เกิดจากการใช้อำนาจทางปกครอง หากการกระทำดังกล่าวก่อให้เกิดความเสียหายต่อนายกุ้งแล้ว ย่อมเป็นเพียงการกระทำอันเป็นการหมิ่นประมาณนายกุ้ง ซึ่งอาจมีความผิดในทางอาญาและต้องรับผิดในทางแพ่ง คดีนี้จึงไม่อยู่ในอำนาจพิจารณาพิพากษาของศาลปกครอง ตามมาตรา 9 วรรคหนึ่ง แห่งพระราชบัญญัติจัดตั้งศาลปกครองฯ

คำสั่งศาลปกครองสูงสุดที่ คธ.235/2562",คู่มือการดำเนินคดีปกครองสำหรับประชาชน,2022-12-01 00:00:00,,,,,,,
ถาม-ตอบ คดีปกครอง,อำนาจศาลปกครอง,ถาม-ตอบ,"การฟ้องเพิกถอนคำสั่งยึดทรัพย์สินตามพระราชบัญญัติมาตรการในการปราบปรามผู้กระทำความผิดเกี่ยวกับยาเสพติด พ.ศ. 2534 อยู่ในอำนาจพิจารณาพิพากษาของศาลปกครองหรือไม่?

ถาม: เลขาธิการคณะกรรมการป้องกันและปราบปรามยาเสพติดได้มีคำสั่งให้ตรวจสอบทรัพย์สินของนายใหญ่ ซึ่งเป็นผู้มีทรัพย์สินเกี่ยวข้องกับผู้ต้องหาในคดีใช้จ้างวานให้ผู้อื่นมีไว้ในครอบครองยาเสพติดให้โทษเพื่อจำหน่ายโดยผิดกฎหมาย หลังจากนั้นคณะกรรมการตรวจสอบทรัพย์สินได้มีคำสั่งให้อายัดที่ดินของนายใหญ่ไว้ชั่วคราว หากนายใหญ่ไม่ดำเนินการฟ้องต่อศาลปกครองขอให้เพิกถอนคำสั่งและให้คืนทรัพย์สินแก่ นายใหญ่

ศาลปกครองจะมีอำนาจรับคำฟ้องนี้ไว้พิจารณาหรือไม่?

ตอบ: การดำเนินการดังกล่าวเป็นการใช้อำนาจในการดำเนินกระบวนการยุติธรรมทางอาญาในความผิดเกี่ยวกับยาเสพติดตามพระราชบัญญัติมาตรการในการปราบปรามผู้กระทำความผิดเกี่ยวกับยาเสพติด พ.ศ. 2534 ซึ่งเป็นกฎหมายที่กำหนดหลักเกณฑ์และวิธีการในการนำผู้กระทำผิดทางอาญาในความผิดเกี่ยวกับยาเสพติดมาลงโทษไว้เป็นการเฉพาะ นอกเหนือจากที่ประกอบกฎหมายวิธีพิจารณาความอาญาซึ่งเป็นกฎหมายทั่วไปกำหนด ซึ่งอยู่ในอำนาจพิจารณาพิพากษาของศาลยุติธรรม ดังนั้น กรณีนี้จึงมิใช่คดีปกครองที่ศาลปกครองจะมีอำนาจพิจารณาพิพากษาได้

คำสั่งศาลปกครองสูงสุดที่ คส.6/2563",คู่มือการดำเนินคดีปกครองสำหรับประชาชน,2022-12-01 00:00:00,,,,,,,
ถาม-ตอบ คดีปกครอง,อำนาจศาลปกครอง,ถาม-ตอบ,"การฟ้องเรียกค่าเสียหายจากการปฏิบัติหน้าที่ของแพทย์ในการตรวจรักษาโรคอยู่ในอำนาจพิจารณาพิพากษาของศาลปกครองหรือไม่?

ถาม: นายอมตะเข้ารักษาตัวที่โรงพยาบาล A แพทย์วินิจฉัยว่าป่วยด้วยอาการต่อมลูกหมากโตและทำการรักษาโดยให้ยานำกลับมาทานที่บ้าน แต่ไม่ได้สั่งตัวไปเอกซเรย์หรือตรวจด้วยเครื่องมือทางการแพทย์ที่ทันสมัย และมีการเปลี่ยนตัวแพทย์ผู้รักษาตลอดระยะเวลาที่เข้ารับการรักษา ซึ่งเป็นระยะเวลา 6-7 ปี จนกระทั่งปี 2561 แพทย์ผู้รักษาคนปัจจุบันได้ส่งตัวนายอมตะไปตรวจร่างกายที่โรงพยาบาล B และส่งผลตรวจให้แพทย์ของโรงพยาบาล A วินิจฉัย ปรากฏว่านายอมตะเป็นโรคมะเร็งต่อมลูกหมาก ทำให้ต้องมีค่าใช้จ่ายในการรักษาเพิ่มเติมขึ้นอีก 270,000 บาท

หากนายอมตะจะนำคดีมาฟ้องต่อศาลปกครองขอให้ชดใช้ค่าเสียหาย ศาลปกครองมีอำนาจรับคำฟ้องนี้ไว้พิจารณาได้หรือไม่?

ตอบ: แม้ความเสียหายของนายอมตะเกิดจากการกระทำของแพทย์ของโรงพยาบาล A ซึ่งเป็นโรงพยาบาลของรัฐ แต่การปฏิบัติหน้าที่ของแพทย์ในการตรวจรักษาโรคเป็นเพียงการปฏิบัติหน้าที่ปกติทั่วไป มิใช่การกระทำที่เกิดจากการใช้อำนาจตามกฎหมาย หรือจากกฎ คำสั่งทางปกครอง หรือคำสั่งอื่น หรือจากการละเลยต่อหน้าที่ตามที่กฎหมายกำหนดให้ต้องปฏิบัติ หรือปฏิบัติหน้าที่ดังกล่าวซ้ำเกินสมควร คดีดังกล่าวจึงไม่อยู่ในอำนาจพิจารณาพิพากษาของศาลปกครอง แต่เป็นคดีพิพาทที่อยู่ในอำนาจพิจารณาพิพากษาของศาลยุติธรรม

คำสั่งศาลปกครองสูงสุดที่ คพ.55/2563",คู่มือการดำเนินคดีปกครองสำหรับประชาชน,2022-12-01 00:00:00,,,,,,,
ถาม-ตอบ คดีปกครอง,อำนาจศาลปกครอง,ถาม-ตอบ,"สัญญาเช่าที่ขายของในตลาดเทศบาลอยู่ในอำนาจพิจารณาพิพากษาของศาลปกครองหรือไม่?

ถาม: นางแอมได้ทำสัญญาเช่าที่ขายของในตลาดเทศบาลกับสำนักงานเทศบาล โดยสัญญาจะสิ้นสุดลงวันที่ 30 กันยายน 2561 นางแอมได้ทำพินัยกรรมยกสิทธิการเช่าดังกล่าวให้นางจุ๋ม เมื่อนางแอมได้เสียชีวิตลง นางจุ๋มจึงยื่นขอต่อสัญญาเช่าและขอโอนสิทธิการเช่าให้แก่ตน แต่ทางเจ้าหน้าที่ของเทศบาลแจ้งว่าสิทธิการเช่าสิ้นสุดลงเมื่อเจ้าของสิทธิการเช่าเดิมเสียชีวิต และเมื่อตอนที่ครบกำหนดการเช่านั้นนางแอมก็ยังมีชีวิตอยู่ แต่ไม่ได้ติดต่อเทศบาลเพื่อเช่าพื้นที่ขายของต่อ จึงถือว่าสัญญาได้ระงับแล้ว

กรณีนี้หากนางจุ๋มจะฟ้องเทศบาลเกี่ยวกับสัญญาเช่าดังกล่าวสามารถฟ้องต่อศาลปกครองได้หรือไม่?

ตอบ : แม้สัญญาเช่าดังกล่าวจะมีคู่สัญญาฝ่ายหนึ่งเป็นหน่วยงานทางปกครอง แต่เนื้อหาของสัญญาไม่ได้มีลักษณะเป็นสัญญาทางปกครอง แต่สัญญาดังกล่าวมีลักษณะเป็นสัญญาที่คู่สัญญา (ผู้เช่า) มุ่งผูกพันตนกับเทศบาลด้วยใจสมัครบนพื้นฐานแห่งความเสมอภาค อันเป็นสัญญาทางแพ่ง และการที่เทศบาลปฏิเสธการต่อสัญญาดังกล่าวจึงมิข้อได้แย้งเกิดขึ้นเกี่ยวกับสิทธิหรือหน้าที่ของบุคคลตามสัญญาในกฎหมายแพ่ง ซึ่งนางนุจสามารถยื่นฟ้องคดีของตนต่อศาลยุติธรรมที่มีเขตอำนาจได้ ศาลปกครองไม่มีอำนาจพิจารณาพิพากษาหรือมีคำสั่งในเรื่องดังกล่าว

คำสั่งศาลปกครองสูงสุดที่ 28/2563",คู่มือการดำเนินคดีปกครองสำหรับประชาชน,2022-12-01 00:00:00,,,,,,,
ถาม-ตอบ คดีปกครอง,เงื่อนไขในการฟ้องคดีปกครอง,ถาม-ตอบ,"ผู้ที่ถูกสอบวินัยอย่างไม่ร้ายแรงเป็นผู้เดือดร้อนเสียหายที่จะมีสิทธิฟ้องเพิกถอนคำสั่งแต่งตั้งคณะกรรมการสอบสวนวินัยอย่างไม่ร้ายแรงต่อศาลปกครองหรือไม่?

ถาม: นายกเทศมนตรีตำบลมีคำสั่งแต่งตั้งคณะกรรมการสอบสวนวินัยอย่างไม่ร้ายแรงโดยไม่ชอบด้วยกฎหมาย กรณีนายวิจิตรมีความขัดแย้งกับอดีตนายกเทศมนตรีตำบล หากนายวิจิตรจะมาฟ้องคดีต่อศาลปกครองเพื่อขอให้ศาลเพิกถอนคำสั่งดังกล่าว

นายวิจิตรจะเป็นผู้มีสิทธิฟ้องคดีต่อศาลปกครองหรือไม่?

ตอบ : คำสั่งแต่งตั้งคณะกรรมการสอบสวนวินัยอย่างไม่ร้ายแรงดังกล่าวเป็นเพียงขั้นตอนภายในของเจ้าหน้าที่อื่นเป็นการพิจารณาทางปกครองตามมาตรา 5 แห่งพระราชบัญญัติวิธีปฏิบัติราชการทางปกครอง พ.ศ. 2539 นายวิจิตรวังไม่ใช่ผู้ที่จะมีสิทธิฟ้องคดีขอให้เพิกถอนคำสั่งแต่งตั้งคณะกรรมการสอบสวนวินัยอย่างไม่ร้ายแรงตามมาตรา 42 วรรคหนึ่ง แห่งพระราชบัญญัติจัดตั้งศาลปกครองและวิธีพิจารณาคดีปกครอง พ.ศ. 2542 ศาลปกครองไม่อาจรับคำฟ้องนี้ไว้พิจารณาได้

คำสั่งศาลปกครองสูงสุดที่ คบ.266/2562",คู่มือการดำเนินคดีปกครองสำหรับประชาชน,2022-12-01 00:00:00,,,,,,,
ถาม-ตอบ คดีปกครอง,เงื่อนไขในการฟ้องคดีปกครอง,ถาม-ตอบ,"ที่ดินที่จะถูกเวนคืนอยู่ในระหว่างขั้นตอนการดำเนินการสำรวจออกแบบรายละเอียดและศึกษาผลกระทบสิ่งแวดล้อม เจ้าของที่ดินหรือผู้จัดการมรดกของเจ้าของที่ดินเป็นผู้เดือดร้อนเสียหายที่จะมีสิทธิฟ้องคดีต่อศาลปกครองหรือไม่?

ถาม: นางปัดเป็นผู้จัดการมรดกของนายปอง ซึ่งเป็นเจ้าของที่ดิน 3 แปลง อันเป็นที่ตั้งของสุสานประจำตระกูล ต่อมากรมทางหลวงได้สำรวจและออกแบบทางหลวงพิเศษระหว่างเมืองโดยกำหนดแนวเส้นผ่านเส้นศูนย์กลางของโฉนดที่ดินทั้ง 3 แปลง นางปัดได้มีหนังสือขอให้พิจารณาย้ายจุดดำเนินโครงการดังกล่าว แต่กรมทางหลวงชี้แจงว่ามีความจำเป็นต้องใช้แนวเส้นทางตามผลการศึกษาของโครงการ

นางปัดในฐานะผู้จัดการมรดกของนายปองจะถือว่าเป็นผู้เดือดร้อนเสียหายที่จะมีสิทธินำคดีมาฟ้องต่อศาลปกครองได้หรือไม่?

ตอบ : ขณะฟ้องคดีนั้นโครงการทางหลวงพิเศษดังกล่าวยังอยู่ในระหว่างขั้นตอนการดำเนินการสำรวจออกแบบรายละเอียดและศึกษาผลกระทบสิ่งแวดล้อม รวมทั้งรับฟังความคิดเห็นของประชาชน จึงเป็นเพียงขั้นตอนการเตรียมการและการดำเนินการของเจ้าหน้าที่ในการที่จะออกกฎ คือ พระราชกฤษฎีกากำหนดเขตที่ดินในบริเวณที่ที่จะเวนคืนเพื่อสร้างทางหลวงพิเศษดังกล่าว เมื่อยังไม่มีการตราพระราชกฤษฎีกาดังกล่าวเพื่อทำการเวนคืนที่ดินของนายปอง นางปิต์ซึ่งเป็นผู้จัดการมรดกของนายปองจึงยังมิใช่ผู้ได้รับความเดือดร้อนเสียหายหรืออาจจะเดือดร้อนเสียหาย เนื่องจากการกระทำของกรมทางหลวงที่จะมีสิทธิฟ้องคดีนี้ต่อศาลปกครอง

คำสั่งศาลปกครองสูงสุดที่ คพ.131/2562",คู่มือการดำเนินคดีปกครองสำหรับประชาชน,2022-12-01 00:00:00,,,,,,,
ถาม-ตอบ คดีปกครอง,เงื่อนไขในการฟ้องคดีปกครอง,ถาม-ตอบ,"ผู้ฟ้องคดีอาศัยอยู่ต่างอำเภอกับอาคารที่พิพาทมีความประสงค์จะฟ้องเพิกถอนใบอนุญาตก่อสร้างอาคารที่พิพาท ผู้ฟ้องคดีเป็นผู้เดือดร้อนเสียหายที่จะมีสิทธิฟ้องคดีต่อศาลปกครองหรือไม่?

ถาม: นายกเทศมนตรีเมืองได้ออกใบอนุญาตให้นายกิจต่อสร้างอาคารพาณิชย์เป็นโรงแปรรูปสุกร แต่ปรากฏว่านายกิจใช้อาคารดังกล่าวเป็นโรงฆ่าสัตว์ นายเรืองซึ่งทำกิจการโรงฆ่าสัตว์อยู่ต่างอำเภอหนึ่งเห็นว่าการออกใบอนุญาตและให้ใช้อาคารโดยผิดประเภทดังกล่าวเป็นการกระทำโดยไม่ชอบด้วยกฎหมาย นายเรืองจึงนำคดีมาฟ้องต่อศาลปกครอง

นายเรืองเป็นผู้เดือดร้อนเสียหายที่จะมีสิทธินำคดีมาฟ้องต่อศาลปกครองได้หรือไม่?

ตอบ : เมื่อที่พักอาศัยและสถานที่ตั้งโรงฆ่าสัตว์ของนายเรืองอยู่คนละอำเภอกับอาคารพิพาท และไม่ปรากฏว่านายเรืองได้รับผลกระทบต่อสุขภาพและอนามัย หรือการประกอบกิจการของนายกิจ ก่อให้เกิดผลกระทบต่อสิ่งแวดล้อมที่อยู่ในบริเวณใกล้เคียงอย่างไร ส่วนกรณีที่อาจทำให้รายได้ของนายเรืองลดลงนั้นมิได้เป็นผลโดยตรงจากการที่อนุญาตให้ก่อสร้างอาคาร ดังนั้นนายเรืองจึงมิใช่ผู้ที่ได้รับความเดือดร้อนหรือเสียหายหรืออาจจะเดือดร้อนหรือเสียหายโดยมีอาจหลักเลี่ยงได้ที่จะมีสิทธิฟ้องคดีต่อศาลปกครอง ศาลปกครองจึงไม่อาจรับคำฟ้องนี้ไว้พิจารณาได้

คำสั่งศาลปกครองสูงสุดที่ 400/2563",คู่มือการดำเนินคดีปกครองสำหรับประชาชน,2022-12-01 00:00:00,,,,,,,
ถาม-ตอบ คดีปกครอง,เงื่อนไขในการฟ้องคดีปกครอง,ถาม-ตอบ,"การฟ้องเรียกค่าเสียหายจากหน่วยงานทางปกครองเมื่อพ้น 1 ปี นับแต่วันที่รู้ถึงเหตุแห่งการกระทำละเมิด ศาลปกครองจะรับคำฟ้องไว้พิจารณาพิพากษาได้หรือไม่?

ถาม: เวลาดี 2 ของวันที่ 27 กรกฎาคม 2553 ขณะที่นายแกร็บขับรถยนต์ไปถึงถนนทางหลวงจังหวัดปราจีนบุรี ได้มีถึงไม้ประดู่หักขวางถนน จึงขับรถหลบกิ่งไม้จนชนกับต้นไม้ประดู่ข้างทาง เป็นเหตุให้ได้รับอันตรายสาหัส กระดูกต้นคอหัก 3 ท่อน ทุพพลภาพ อัมพาต เคลื่อนไหวร่างกายไม่ได้ตลอดชีวิต จนถึงปัจจุบันเป็นเวลากว่า 9 ปีเศษ นายแกร็บนำคดีมาฟ้องกรมทางหลวงต่อศาลปกครอง เมื่อวันที่ 22 มกราคม 2563

ศาลปกครองสามารถรับคำฟ้องนี้ไว้พิจารณาได้หรือไม่?

ตอบ: คดีนี้เป็นคดีพิพาทเกี่ยวกับการกระทำละเมิดของหน่วยงานทางปกครองหรือเจ้าหน้าที่ของรัฐ อันเกิดจากการละเลยต่อหน้าที่ไม่ติดตั้งเครื่องหมายเตือนเพื่อป้องกันอันตรายแก่ผู้ใช้ทาง ซึ่งจะต้องยื่นฟ้องภายในหนึ่งปีนับแต่วันที่รู้หรือควรรู้ถึงเหตุแห่งการฟ้องคดีแต่ไม่เกินสิบปีนับแต่วันที่มีเหตุแห่งการฟ้องคดี เมื่อเหตุละเมิดเกิดขึ้นในวันที่ 27 กรกฎาคม 2553 กรณีนี้จึงถือว่าวันที่ดังกล่าวเป็นวันที่นายแกร็บรู้หรือควรรู้ถึงเหตุแห่งการฟ้องคดีนี้แล้ว นายแกร็บจึงต้องนำคำคดีมาฟ้องต่อศาลภายในวันที่ 27 กรกฎาคม 2554 การที่นายแกร็บนำคำคดีมาฟ้องต่อศาลปกครองเมื่อวันที่ 22 มกราคม 2563 จึงเป็นการยื่นฟ้องคดีเมื่อพ้นกำหนดระยะเวลาการฟ้องคดี ศาลปกครองจึงไม่อาจรับคำฟ้องนี้ไว้พิจารณาได้ตามมาตรา 51 แห่งพระราชบัญญัติตั้งศาลปกครองและวิธีพิจารณาคดีปกครอง พ.ศ. 2542

คำสั่งศาลปกครองสูงสุดที่ คพ.119/2563",คู่มือการดำเนินคดีปกครองสำหรับประชาชน,2022-12-01 00:00:00,,,,,,,
ถาม-ตอบ คดีปกครอง,เงื่อนไขในการฟ้องคดีปกครอง,ถาม-ตอบ,"หน่วยงานทางปกครองผู้ว่าจ้างตามสัญญาจ้างก่อสร้างอาคาร ฟ้องคดีต่อศาลปกครองเมื่อพ้นระยะเวลา 5 ปี นับจากการยกเลิกสัญญาจ้างมีผล ศาลปกครองจะรับคำฟ้องไว้พิจารณาพิพากษาได้หรือไม่?

ถาม: เทศบาลตำบลทำสัญญาจ้างบริษัท ธันวา จำกัด ให้ก่อสร้างอาคาร แต่บริษัทฯ ดำเนินการไม่แล้วเสร็จตามสัญญา โดยส่งมอบงานเพียง 3 งวด เทศบาลตำบลจึงมีประกาศยกเลิกสัญญาจ้าง มีผลตั้งแต่วันที่ 12 พฤศจิกายน 2557 เป็นต้นไป และแจ้งบอกเลิกสัญญา รวมทั้งแจ้งให้บริษัทฯ ชำระค่าปรับและค่าเสียหาย แต่บริษัทฯ ก็ยังเพิกเฉย เทศบาลตำบลจึงนำเรื่องมาฟ้องต่อศาลปกครอง ในวันที่ 21 เมษายน 2563

ศาลปกครองสามารถรับคำฟ้องนี้ไว้พิจารณาได้หรือไม่?

ตอบ: กรณีดังกล่าวถือเป็นคดีพิพาทเกี่ยวกับสัญญาทางปกครอง ซึ่งอยู่ในอำนาจพิจารณาพิพากษาของศาลปกครอง เมื่อบริษัทฯ ทำงานล่าช้าเกินกำหนด เทศบาลตำบลจึงมีประกาศยกเลิกสัญญาจ้าง โดยให้มีผลตั้งแต่วันที่ 12 พฤศจิกายน 2557 เป็นต้นไป ดังนั้น เทศบาลตำบลจึงอาจใช้สิทธิเรียกร้องตามสัญญาได้ตั้งแต่วันดังกล่าวเป็นต้นไป และถือว่าเทศบาลตำบลรู้หรือควรรู้ถึงเหตุแห่งการฟ้องคดีในวันดังกล่าว ดังนั้น การที่เทศบาลตำบลยื่นฟ้องในวันที่ 21 เมษายน 2563 จึงเป็นการยื่นฟ้องคดีเมื่อพ้นกำหนดระยะเวลาห้าปี นับแต่วันที่รู้หรือควรรู้ถึงเหตุแห่งการฟ้องคดี ศาลปกครองจึงไม่อาจรับคำฟ้องนี้ไว้พิจารณาได้

คำสั่งศาลปกครองสูงสุดที่ 504/2563",คู่มือการดำเนินคดีปกครองสำหรับประชาชน,2022-12-01 00:00:00,,,,,,,
ถาม-ตอบ คดีปกครอง,เงื่อนไขในการฟ้องคดีปกครอง,ถาม-ตอบ,"ศาลปกครองสูงสุดมีคำสั่งไม่รับคำฟ้องไว้พิจารณา ผู้ฟ้องคดีนำคดีมาฟ้องประเด็นเดิมและไม่คำขอเหมือนเดิม แต่เปลี่ยนตัวผู้ถูกฟ้องคดีจากสถานีตำรวจมาเป็นพนักงานสอบสวนที่สังกัดสถานีตำรวจแห่งนั้น ศาลปกครองจะรับคำฟ้องไว้พิจารณาได้หรือไม่?

ถาม : เดิม “นายเขียว” เคยฟ้องสถานีตำรวจภูธรเมืองนนทบุรี ต่อศาลปกครอง ขอให้ลงโทษร้อยตำรวจโทเอก และให้ร้อยตำรวจโทเอกชดใช้ค่าสินไหมทดแทน และให้ปฏิบัติหน้าที่ ภายในระยะเวลาอันรวดเร็ว ซึ่งศาลปกครองสูงสุดได้มีคำสั่งไม่รับคำฟ้องไว้พิจารณา เนื่องจากมีคำขอใช้อำนาจศาลปกครอง ต่อมา นายเขียวยื่นฟ้องร้อยตำรวจโทเอก ต่อศาลปกครองว่าไม่นำตัวผู้กระทำผิดมาลงโทษตามกฎหมาย โดยมีคำขอเช่นเดียวกันคดีก่อน

ศาลปกครองจะรับคำฟ้องนี้ไว้พิจารณาได้หรือไม่

ตอบ: แม้ว่านายเขียวจะเปลี่ยนตัวผู้ถูกฟ้องคดีก็ตามแต่คำขอ ท้ายคำฟ้องในคดีดังกล่าวเป็นคำขอเดียวกัน และเนื่องจาก ผู้ถูกฟ้องคดีเป็นพนักงานสอบสวนในสังกัดสถานีตำรวจภูธร เมืองนนทบุรี กรณีจึงถือว่าเป็นผู้ถูกฟ้องคดีรายเดียวกัน ดังนั้น การยื่นคำฟ้องคดีนี้จึงเป็นการฟ้องซ้ำ ซึ่งต้องห้ามตามข้อ 97 ของระเบียบของที่ประชุมใหญ่ตุลาการในศาลปกครองสูงสุด ว่าด้วยวิธีพิจารณาคดีปกครอง พ.ศ. 2543 ศาลปกครอง จึงไม่อาจรับคำฟ้องของนายเขียวไว้พิจารณาได้

คำสั่งศาลปกครองสูงสุดที่ คส.96/2563",คู่มือการดำเนินคดีปกครองสำหรับประชาชน,2022-12-01 00:00:00,,,,,,,
ถาม-ตอบ คดีปกครอง,เงื่อนไขในการฟ้องคดีปกครอง,ถาม-ตอบ,"คดีที่ยื่นฟ้องต่อศาลปกครองแล้ว และคดียังอยู่ระหว่าง การยื่นอุทธรณ์ ผู้ฟ้องคดีจะนำคดีมาฟ้องในเรื่องเดียวกัน ต่อศาลปกครองได้หรือไม่?

ถาม: นายแดงได้เคยยื่นฟ้องคดีต่อศาลปกครองกลางว่าได้รับ ความเดือดร้อนเสียหายจากกรณีคำสั่งให้ทำทัณฑ์บนและกรณี เกี่ยวกับคำสั่งไม่ผ่านการประเมินการรับเงินค่าตอบแทนพิเศษ จึงขอให้ศาลสั่งให้สำนักงานอัยการสูงสุดชดใช้ค่าเสียหายพร้อม ดอกเบี้ย ศาลปกครองกลางมีคำสั่งไม่รับคำฟ้องในข้อหาดังกล่าว ไว้พิจารณา เนื่องจากยื่นฟ้องคดีเมื่อพ้นกำหนดระยะเวลาการ ฟ้องคดี โดยคดีอยู่ระหว่างระยะเวลาการยื่นอุทธรณ์ และนายแดง ก็ได้นำเรื่องเดิมมายื่นฟ้องคดีอีกครั้งโดยมีคำขอเช่นเดิม

กรณีเช่นนี้ศาลปกครอง จะสามารถรับคำฟ้องนี้ไว้พิจารณาได้หรือไม่?

ตอบ: การที่นายแดงยื่นฟ้องสำนักงานอัยการสูงสุดเป็นข้อหาเดียวกัน กับคดีที่ได้ยื่นฟ้องไว้ก่อน ซึ่งศาลปกครองชั้นต้นมีคำสั่งไม่รับคำฟ้อง ครั้งแรกไว้พิจารณา โดยสำนักงานศาลปกครองได้แจ้งคำสั่งศาล ให้ทราบแล้ว ตามหนังสือลงวันที่ 9 พฤศจิกายน 2560 และ คดียังอยู่ระหว่างระยะเวลาการยื่นอุทธรณ์ โดยยังไม่ถึงที่สุด การที่นายแดงยื่นฟ้องข้อหานี้อีกในวันที่ 2 ธันวาคม 2560 ซึ่งอยู่ในระยะเวลาการยื่นอุทธรณ์คดีแรก อันถือว่าคดีแรกยังอยู่ ในระหว่างการพิจารณา จึงเป็นกรณีที่นายแดงยื่นคำฟ้องเรื่อง เดียวกันนั้นต่อศาลเดียวกัน ซึ่งต้องห้ามมิให้ นำคดีมา ยื่นฟ้องอีก ศาลจึงไม่อาจรับคำฟ้องครั้งที่สองของนายแดงไว้พิจารณาได้

คำสั่งศาลปกครองสูงสุดที่ คบ.226/2562",คู่มือการดำเนินคดีปกครองสำหรับประชาชน,2022-12-01 00:00:00,,,,,,,
,,,,,,หมวดหมู่หลัก,ประเด็นเป็นส่วนย่อยของหมวดหมู่หลัก,ประเภทของข้อมูล: ตัวอย่างคดี/เนื้อหา,ใช้ข้อมูลอ้างอิงที่สามารถตอบคำถามในหมวดหมู่และประเด็นที่ตั้งไว้ได้ครอบคลุม,หากมีตัวอย่างคำถามมากว่า 1 ข้อ ให้ขึ้นบรรทัดใหม่พร้อมใส่ ; (semi-colon) ด้านหลัง,ใส่ตามรายละเอียดที่มาของข้อมูล,"ใช้วันที่ตีพิมพ์ของคู่มือ, เอกสาร"
,,,,,,คดีที่อยู่ในอำนาจศาลปกครอง,คดีปกครอง,เนื้อหา,คดีปกครอง คือ คดีที่เป็นข้อพิพาทระหว่างหน่วยงานทางปกครอง หรือเจ้าหน้าที่ของรัฐกับเอกชน หรือข้อพิพาทระหว่างหน่วยงานทางปกครองหรือเจ้าหน้าที่ของรัฐด้วยกันเอง,คดีปกครองคืออะไร; มีปัญหากับเจ้าหน้าที่รัฐเข้าค่ายคดีปกครองไหม;คดีปกครองเกี่ยวข้องกับหน่วยงานรัฐอย่างไร;ประชาชนสามารถฟ้องร้องหน่วยงานของรัฐในคดีปกครองได้หรือไม่;,คู่มือการดำเนินคดีปกครองสำหรับประชาชน,2022-12-01 00:00:00
,,,,,,คดีที่อยู่ในอำนาจศาลปกครอง,1.1 หน่วยงานทางปกครองที่อาจถูกฟ้องคดีต่อศาลปกครอง,เนื้ื้อหา,"หน่วยงานทางปกครองที่อาจถูกฟ้องคดีต่อศาลปกครองได้ มีอยู่ 7 ประเภท ดังต่อไปนี้
1 หน่วยราชการที่เป็นราชการส่วนกลาง ได้แก่ กระทรวง กรม
2 หน่วยราชการที่เป็นราชการส่วนภูมิภาค ได้แก่ จังหวัด อำเภอ
3 องค์กรปกครองส่วนท้องถิ่น ได้แก่ องค์การบริหารส่วนจังหวัด เทศบาล องค์การบริหารส่วนตำบล กรุงเทพมหานครและเมืองพัทยา
4 รัฐวิสาหกิจที่จัดตั้งขึ้นโดยพระราชบัญญัติ เช่น การรถไฟแห่งประเทศไทย การประปานครหลวง หรือรัฐวิสาหกิจที่จัดตั้งขึ้นโดยพระราชกฤษฎีกา เช่น องค์การขนส่งมวลชนกรุงเทพ
5 หน่วยงานของรัฐที่มิได้เป็นส่วนราชการและรัฐวิสาหกิจหรือที่เรียกกันว่าองค์การมหาชน เช่น มหาวิทยาลัยเทคโนโลยีสุรนารี สำนักงานคณะกรรมการกำกับหลักทรัพย์และตลาดหลักทรัพย์
6 หน่วยงานอิสระตามรัฐธรรมนูญ เช่น สำนักงานศาลปกครอง สำนักงานศาลยุติธรรม
7 หน่วยงานที่ได้รับมอบหมายจากรัฐให้ใช้อำนาจทางปกครองหรือให้ดำเนินกิจการทางปกครอง เช่น แพทยสภา สภาทนายความ สำนักงานช่างรังวัดเอกชน บริษัท ท่าอากาศยานไทย จำกัด (มหาชน)
ดังนั้น หน่วยงานทางปกครองที่อาจถูกฟ้องคดีต่อศาลปกครองจึงไม่รวมถึงรัฐสภาที่ใช้อำนาจทางนิติบัญญัติและศาลที่ใช้อำนาจทางตุลาการ อย่างไรก็ตาม เอกชนก็อาจถูกฟ้องคดีต่อศาลปกครองได้เช่นกัน เช่น ในคดีพิพาทเกี่ยวกับสัญญาทางปกครองซึ่งหนึ่งงานทางปกครองคู่สัญญาอาจฟ้องเอกชนคู่สัญญาเป็นคดีต่อศาลปกครองได้","จะฟ้องมหาวิทยาลัยที่ศาลปกครองได้มั้ยได้ไหม;
ถ้าบริษัทต้องการจะฟ้องเทศบาลตำบลถนนใหญ่ ลพบุรี จะทำได้ไหม; ฟ้องรัฐวิสาหกิจได้หรือไม่;หน่วยงานราชการแบบไหนที่ถูกฟ้องต่อศาลปกครองได้บ้าง;เราสามารถฟ้องกระทรวงหรือกรมได้ไหม;จังหวัดหรืออำเภอทำอะไรไม่เป็นธรรม สามารถฟ้องศาลปกครองได้หรือเปล่า;อบต. เทศบาล หรือ อบจ. ถ้าทำผิด ฟ้องศาลปกครองได้ไหม;หน่วยงานรัฐที่เป็นกิจการ เช่น การรถไฟ หรือขนส่งมวลชน ฟ้องในศาลปกครองได้ไหม;ถ้ามหาวิทยาลัยของรัฐปฏิบัติไม่เป็นธรรมฟ้องได้ไหม;ถ้าสำนักงานศาล หรือหน่วยงานอิสระอื่น ๆ ทำอะไรไม่ชอบด้วยกฎหมายจะฟ้องต่อศาลปกครองได้ไหม;บริษัทเอกชนที่รับงานจากรัฐ เช่น ท่าอากาศยานไทย ถ้าเขาทำผิด เราฟ้องเขาในศาลปกครองได้หรือเปล่า;ศาลยุติธรรมกับรัฐสภา เราฟ้องในศาลปกครองได้ไหม;ถ้าเอกชนทำสัญญากับหน่วยงานรัฐแล้วผิดสัญญาสามารถฟ้องในศาลปกครองได้ไหม;",คู่มือการดำเนินคดีปกครองสำหรับประชาชน,2022-12-01 00:00:00
,,,,,,คดีที่อยู่ในอำนาจศาลปกครอง,1.2 เจ้าหน้าที่ของรัฐที่อาจถูกฟ้องคดีต่อศาลปกครอง,เนื้อหา,"เจ้าหน้าที่ของรัฐที่อาจถูกฟ้องคดีต่อศาลปกครอง ได้แก่
1 ข้าราชการ พนักงาน ลูกจ้าง คณะบุคคลหรือผู้ที่ปฏิบัติงานในหน่วยงานทางปกครอง ได้แก่
1.1 ข้าราชการในกระทรวง กรม เช่น รัฐมนตรี ปลัดกระทรวง อธิบดี ผู้อำนวยการกอง
1.2 ข้าราชการในจังหวัด อำเภอ เช่น ผู้ว่าราชการจังหวัด นายอำเภอ
1.3 พนักงานขององค์กรปกครองส่วนท้องถิ่น เช่น นายกเทศมนตรี ปลัดองค์กรบริหารส่วนตำบล ผู้อำนวยการเขตของกรุงเทพมหานคร
1.4 พนักงานรัฐวิสาหกิจ เช่น ผู้อำนวยการไฟฟ้าฝ่ายผลิตแห่งประเทศไทย ผู้อำนวยการการท่าเรือแห่งประเทศไทย
1.5 พนักงานขององค์การมหาชน เช่น ผู้อำนวยการองค์การกระจายเสียงแห่งประเทศไทย ผู้อำนวยการโรงพยาบาลบ้านแพ้ว
1.6 เจ้าหน้าที่ในหน่วยงานอิสระตามรัฐธรรมนูญ เช่น เลขาธิการสำนักงานศาลปกครอง เลขาธิการสำนักงานคณะกรรมการสิทธิมนุษยชนแห่งชาติ
2 คณะกรรมการวินิจฉัยข้อพิพาท
คณะกรรมการหรือบุคคลซึ่งมีกฎหมายให้อำนาจในการออกกฎ คำสั่ง หรือมติใดๆ ที่มีผลกระทบต่อบุคคล เช่น คณะกรรมการรับนักเรียน คณะกรรมการพิจารณาคุณวุฒิระดับอุดมศึกษา คณะกรรมการวินิจฉัยกรณีเปิดเผยข้อมูลข่าวสารของราชการ สภามหาวิทยาลัย สภาท้องถิ่น
3 บุคคลที่อยู่ในบังคับบัญชาหรือในกำกับดูแลของหน่วยงานทางปกครองหรือเจ้าหน้าที่ของรัฐ
เช่น กำนัน ผู้ใหญ่บ้าน เจ้าหน้าที่ของเอกชนที่ได้รับมอบหมายให้จัดทำบริการสาธารณะ",ถ้ารัฐมนตรีหรือปลัดกระทรวงสั่งอะไรไม่เป็นธรรม เราฟ้องเขาในศาลปกครองได้ไหม;ผู้ว่าราชการจังหวัดหรือนายอำเภอถ้าทำอะไรไม่ถูกต้อง เราสามารถฟ้องศาลปกครองได้หรือเปล่า;นายกเทศมนตรีหรือปลัดอบต. ทำอะไรไม่โปร่งใส ฟ้องได้ไหม;ผู้อำนวยการการไฟฟ้าหรือการท่าเรือใช้อำนาจไม่เหมาะสมจะฟ้องศาลปกครองได้ไหม;ถ้าผู้อำนวยการโรงพยาบาลของรัฐทำผิด เราฟ้องเขาได้หรือเปล่า;เจ้าหน้าที่จากสำนักงานอิสระทำไม่ถูก เราฟ้องในศาลปกครองได้ไหม;คณะกรรมการที่ตั้งขึ้นมา ตัดสินไม่เป็นธรรมจะฟ้องได้ไหม;สภาท้องถิ่นมีมติที่กระทบเรา เราฟ้องในศาลปกครองได้หรือเปล่า;กำนัน ผู้ใหญ่บ้าน หรือเจ้าหน้าที่ท้องถิ่น ถ้าใช้อำนาจไม่ชอบจะฟ้องได้ไหม;ถ้าเป็นเจ้าหน้าที่ของบริษัทเอกชนที่รัฐจ้างให้ให้บริการทำผิด เราฟ้องในศาลปกครองได้ไหม;,คู่มือการดำเนินคดีปกครองสำหรับประชาชน,2022-12-01 00:00:00
,,,,,,คดีที่อยู่ในอำนาจศาลปกครอง,1.3 คดีที่อยู่ในอำนาจของศาลปกครอง,เนื้อหา,"คดีที่อยู่ในอำนาจของศาลปกครอง
1 คดีพิพาทเกี่ยวกับการที่หน่วยงานทางปกครองหรือเจ้าหน้าที่ของรัฐออกคำสั่งโดยไม่ชอบด้วยกฎหมาย
เช่น กฎกระทรวงกำหนดเวลาเปิดทำการปิดสำนักงานบริการ ระเบียบของมหาวิทยาลัยที่กำหนดให้นักศึกษาต้องผ่านเกณฑ์การวัดผลภาษาอังกฤษ หรือกรณีผู้พิจารณาคดีเห็นว่าเจ้าหน้าที่ของรัฐมิได้ปฏิบัติตามอำนาจโดยอนุญาตหรือคำสั่งการโดยไม่ชอบด้วยกฎหมาย หรือกรณีผู้พิจารณาคดีเห็นว่าผู้บังคับบัญชามีคำสั่งลงโทษทางวินัยโดยไม่เป็นธรรม เป็นต้น
2 คดีพิพาทเกี่ยวกับการกระทำทางกายโดยไม่ชอบด้วยกฎหมาย
เช่น กรุงเทพมหานครรื้อย้ายสะพานลอย เทศบาลก่อสร้างระบบประปา องค์การบริหารส่วนตำบลรื้อถอนสิ่งปลูกสร้างของประชาชน
3 คดีพิพาทเกี่ยวกับการที่หน่วยงานทางปกครองหรือเจ้าหน้าที่ของรัฐละเลยต่อหน้าที่ตามกฎหมายกำหนดให้ต้องปฏิบัติหรือปฏิบัติล่าช้าเกินสมควร
เช่น การที่เจ้าพนักงานที่ดินออกคำสั่งเพิกถอนโฉนดที่ดินโดยไม่ชอบด้วยกฎหมายทำให้ผู้ฟ้องคดีได้รับความเสียหาย และผู้ฟ้องคดีเรียกค่าเสียหายดังกล่าว เป็นต้น
4 คดีพิพาทเกี่ยวกับการใช้อำนาจจัดเก็บของหน่วยงานทางปกครองหรือเจ้าหน้าที่ของรัฐที่ไม่ชอบด้วยกฎหมาย
เช่น การจัดเก็บค่าธรรมเนียม หรือค่าบริการที่ไม่มีกฎหมายกำหนดให้จัดเก็บหรือจัดเก็บในอัตราที่สูงเกินควร โดยไม่มีเหตุผลอันสมควร
5 คดีพิพาทเกี่ยวกับความรับผิดอย่างอื่นของหน่วยงานทางปกครองหรือเจ้าหน้าที่ของรัฐ
เช่น คดีเกี่ยวกับค่าทดแทนกรณีคืน คดีเกี่ยวกับค่าทดแทนกรรรอผลสิทธิในกรวางสายไฟฟ้า สายโทรศัพท์ วางท่อประปา ท่อก๊าซ
6 คดีพิพาทเกี่ยวกับสัญญาทางปกครอง
เช่น ข้อพิพาทเกี่ยวกับสัญญาจ้างเอกชนก่อสร้างถนน สะพาน อาคารเรียน หรือข้อพิพาทเกี่ยวกับการเรียกเงินค่าปรับสัญญาหากงานส่งมอบล่าช้า หรือไม่เรียกเบี้ยปรับหากคู่สัญญาทำงานล่าช้า หรือกรณีการออกคำบับข้าราชการที่ได้รับอนุญาตให้ศึกษาต่อ เป็นต้น
7 คดีที่มีกฎหมายกำหนดให้หน่วยงานทางปกครองหรือเจ้าหน้าที่ของรัฐฟ้องคดีต่อศาลปกครองเพื่อบังคับให้บุคคลกระทำหรือละเว้นการกระทำ
เช่น คำสั่งทางปกครองที่ออกโดยเจ้าหน้าที่ของรัฐเจ้าหน้าที่ของรัฐที่ใช้อำนาจหน้าที่ทางปกครองออกคำสั่งให้บุคคลใดกระทำหรือละเว้นการกระทำใด แล้วบุคคลนั้นไม่ปฏิบัติตาม เจ้าหน้าที่ของรัฐมีหน้าที่ต้องดำเนินการตามกฎหมายให้บุคคลนั้นปฏิบัติตาม โดยการฟ้องคดีต่อศาลปกครองเพื่อขอให้ศาลมีคำพิพากษาให้บุคคลนั้นปฏิบัติตามคำสั่งดังกล่าว
8 คดีที่มีกฎหมายบัญญัติให้อยู่ในเขตอำนาจของศาลปกครอง
เช่น คดีพิพาทเกี่ยวกับสิทธิในที่ดิน สัญญาทางปกครอง เป็นต้น

",ถ้าหน่วยงานราชการออกคำสั่งที่ไม่เป็นธรรม เราฟ้องในศาลปกครองได้ไหม;หน่วยงานรัฐออกระเบียบที่กระทบประชาชนแบบไม่เป็นธรรม ฟ้องศาลปกครองได้หรือเปล่า;เทศบาลมารื้อถอนสิ่งปลูกสร้างของเราทั้งที่ยังไม่ได้ขอความยินยอม เราฟ้องได้ไหม;กรุงเทพมหานครทำอะไรกับทรัพย์สินของเราโดยพลการ แบบนี้เข้าศาลปกครองได้ไหม;ถ้าเจ้าหน้าที่รัฐละเลยหน้าที่ ไม่ดำเนินการให้ตามกำหนด เราฟ้องศาลปกครองได้ไหม;กรณีราชการเก็บค่าธรรมเนียมแพงเกินไปหรือไม่มีเหตุผล เราฟ้องศาลปกครองได้ไหม;ถ้ารัฐทำให้เราเสียหาย เช่น วางสายไฟผ่านบ้านเราโดยไม่ขออนุญาต เราเรียกค่าชดเชยในศาลปกครองได้ไหม;ถ้าเราทำสัญญากับหน่วยงานราชการแล้วเกิดข้อพิพาทจะต้องฟ้องที่ศาลปกครองหรือไม่;ถ้าเจ้าหน้าที่รัฐสั่งให้เราทำอะไร แล้วเราไม่ทำ เขาจะฟ้องเราที่ศาลปกครองได้ไหม;คดีเกี่ยวกับสิทธิในที่ดินหรือเรื่องสัญญากับหน่วยงานรัฐ ถือว่าอยู่ในศาลปกครองหรือเปล่า;,คู่มือการดำเนินคดีปกครองสำหรับประชาชน,2022-12-01 00:00:00
,,,,,,คดีที่อยู่ในอำนาจศาลปกครอง,1.3 คดีที่อยู่ในอำนาจของศาลปกครอง,ตัวอย่างคดีพิพาทเกี่ยวกับการที่หน่วยงานทางปกครองหรือเจ้าหน้าที่ของรัฐออกกฎ คำสั่งหรือกระทำการอื่นใดโดโดยไม่ชอบด้วยกฎหมาย,"นายณเดช รับราชการเป็นเจ้าหน้าที่บริหารงานโยธา 7 สังกัดกรุงเทพมหานคร ได้รับคำสั่งให้ออกจากราชการ โดยถูกกล่าวหาว่ากระทำผิดวินัยอย่างร้ายแรงเนื่องจากรายงานเท็จต่อผู้บังคับบัญชา กรณีที่รายงานว่า นายมาริโอ้ เจ้าของอาคารซึ่งต้องรื้อถอนตามคำพิพากษาศาลฎีกา ได้ยื่นแบบขอแก้ไขอาคารดังกล่าวให้ถูกต้อง ทั้งที่ความจริงปรากฏว่านายมาริโอ้ไม่ได้มีการยื่นแบบขอแก้ไขอาคารแต่อย่างใด 

เมื่อได้รับคำสั่ง นายณเดช ได้ทำหนังสือร้องทุกข์ต่อคณะกรรมการข้าราชการกรุงเทพมหานคร (ก.ก.) แต่ในเวลาต่อมานายณเดชมีหนังสือขอถอนคำร้องทุกข์ดังกล่าว และนำคดีมาฟ้องต่อศาลปกครอง ซึ่งศาลมีคำสั่งไม่รับคำฟ้องไว้พิจารณาเนื่องจากนายณเดชซึ่งเป็นผู้ฟ้องคดียังไม่ได้ดำเนินการแก้ไขความเดือดร้อนเสียหายตามขั้นตอนที่กฎหมายกำหนด นายณเดชจึงทำหนังสือถึง ก.ก.ก. อีกครั้งเพื่อร้องขอให้ ก.ก. รับเรื่องร้องทุกข์ แต่ ก.ก. เห็นว่านายณเดชร้องทุกข์เกินกำหนดและการขอถอนเรื่องร้องทุกข์ที่ผ่านมา มีผลทำให้การพิจารณาร้องทุกข์ดังกล่าวมีอันต้องระงับไปตามกฎหมาย จึงมีมติไม่รับเรื่องร้องทุกข์ของนายณเดชไว้พิจารณา เมื่อนายณเดชหันซ้ายขวาไม่รู้จะพึ่งใคร จึงเดินทางมายื่นฟ้องคดีต่อศาลปกครองอีกครั้งเพื่อร้องขอความเป็นธรรม 

เรื่องนี้ศาลปกครองพิจารณาแล้วเห็นว่าหลังจากที่ศาลปกครองมีคำสั่งไม่รับฟ้อง เนื่องจากเห็นว่า นายณเดช ซึ่งเป็นผู้ฟ้องคดียังไม่ได้ดำเนินการตามขั้นตอนที่กฎหมายกำหนด นายณเดชจึงได้ทำหนังสือถึงหัวหน้าสำนักงาน ก.ก. ร้องขอความเป็นธรรมให้พิจารณาเรื่องร้องทุกข์ดังกล่าวอีกครั้ง ซึ่งหัวหน้าสำนักงาน ก.ก.ก. ได้มีหนังสือแจ้งกลับมายังผู้ฟ้องคดีให้ส่งสำเนาคำสั่งศาลให้สำนักงาน ก.ก.ก. และผู้ฟ้องคดีก็ได้ปฏิบัติตามแล้วนั้น การที่ ก.ก. ปล่อยให้เวลาล่วงพ้นไปกว่า 5 เดือนจึงมีหนังสือแจ้งผลการพิจารณาว่าการขอถอนเรื่องร้องทุกข์ของผู้ฟ้องคดีมีผลทำให้การพิจารณาร้องทุกข์มีอันต้องระงับไปตามกฎหมาย เหตุผลดังกล่าวไม่อาจรับฟังได้และไม่เป็นธรรมต่อผู้ฟ้องคดีเนื่องจากการขอถอนเรื่องร้องทุกข์มีสาเหตุมาจากการไม่ได้รับความสะดวกและความล่าช้าในการขอข้อมูลข่าวสารเพื่อนำมาใช้จัดทำคำร้องทุกข์ ดังนั้น การจะห้ามไม่ให้ผู้ฟ้องคดีใช้สิทธิฟ้องคดีต่อศาลด้วยเหตุที่ไม่ได้ยื่นร้องทุกข์คำสั่งก่อนฟ้องคดีย่อมจะไม่เป็นธรรม จึงถือได้ว่าผู้ฟ้องคดีดำเนินการร้องทุกข์เพื่อแก้ไขความเดือดร้อนหรือเสียหายตามที่กฎหมายกำหนดแล้ว แต่ทางผู้ถูกฟ้องคดีไม่ได้มีการสั่งการใดๆ ภายในเวลาอันสมควรหรือภายในระยะเวลาที่กฎหมายกำหนด 

สำหรับเรื่องการรายงานเท็จต่อผู้บังคับบัญชาจนเป็นเหตุให้ผู้ฟ้องคดีได้รับคำสั่งให้ออกจากราชการนั้น ศาลปกครองพิจารณาเห็นว่า นายนคร ซึ่งเป็นเจ้าหน้าที่ผู้รับผิดชอบและเป็นผู้รายงานผลการดำเนินการประจำเดือนเกี่ยวกับอาคารตามคำพิพากษา ได้รายงานเท็จต่อหัวหน้าของตนว่านายมาริโอ้ เจ้าของอาคารพิพาทขอยื่นแบบแก้ไขอาคารทั้งที่ไม่ได้มีการขอยื่นแบบแต่อย่างใด ในขณะที่ผู้ฟ้องคดีซึ่งเป็นหัวหน้าเหนือขึ้นไปจากหัวหน้าของนายนครได้รับรายงานแล้วไม่ได้อ่านรายงานอย่างถี่ถ้วนเนื่องจากเห็นว่ารายงานดังกล่าวผ่านการกลั่นกรองมาแล้วชั้นหนึ่ง แต่เมื่อผู้ฟ้องคดีทราบความจริงก็ได้สั่งให้ลูกน้องตรวจสอบข้อมูลอีกครั้งจนกระทั่งได้ข้อมูลที่เป็นจริงรายงานต่อผู้บังคับบัญชา ทำให้ทราบว่าเอกสารขออนุมัติยุติคดีอาคารของนายนครเป็นเอกสารปลอม จากข้อเท็จจริงดังกล่าวมีน้ำหนักรับฟังได้ว่าผู้ฟ้องคดีไม่ได้มีส่วนเกี่ยวข้องกับการปลอมแปลงเอกสาร และการรายงานเท็จของผู้ฟ้องคดีไม่ได้เป็นคุณแก่นายมาริโอ้ถึงขนาดทำให้ไม่ต้องรื้อถอนอาคารตามคำพิพากษาแต่อย่างใด ซึ่งเป็นการกระทำผิดวินัยอย่างไม่ร้ายแรง ทั้งพฤติการณ์แห่งการกระทำผิดไม่เข้าลักษณะมีมลทินหรือมัวหมองในกรณีที่ถูกสอบสวน และหากให้รับราชการต่อไปจะเป็นการเสียหายแก่ราชการ การที่ผู้ถูกฟ้องคดีออกคำสั่งให้ผู้ฟ้องคดีออกจากราชการจึงเป็นการใช้ดุลพินิจโดยมิชอบ ศาลปกครองจึงพิพากษาให้เพิกถอนคำสั่งที่ให้ผู้ฟ้องคดีออกจากราชการและให้ดำเนินการเพื่อให้ผู้ฟ้องคดีกลับเข้ารับราชการตามระเบียบ ข้อบังคับของทางราชการภายในสามสิบวันนับจากวันที่คดีถึงที่สุด ตลอดจนคืนสิทธิต่างๆ ที่ผู้ฟ้องคดีจะต้องได้รับตามกฎหมายและระเบียบที่เกี่ยวข้องภายในสามสิบวันนับจากวันที่ผู้ฟ้องคดีได้กลับเข้ารับราชการ (เก็บเคียงคำพิพากษาศาลปกครองสูงสุดที่ อ.63/2551)",,คู่มือการดำเนินคดีปกครองสำหรับประชาชน,2022-12-01 00:00:00
,,,,,,คดีที่อยู่ในอำนาจศาลปกครอง,1.3 คดีที่อยู่ในอำนาจของศาลปกครอง,"ตัวอย่างคดีพิพาทเกี่ยวกับการที่หน่วยงานทางปกครองหรือเจ้าหน้าที่ของรัฐละเลยต่อหน้าที่ตามที่กฎหมายกำหนดให้ต้องปฏิบัติหรือปฏิบัติหน้าที่ล่าช้าเกินสมควร
","นายหมากซึ่งเป็นผู้ฟ้องในคดีนี้ เป็นเจ้าของที่ดินผืนหนึ่งในตัวเมืองจังหวัดเชียงใหม่ ที่ดินของนายหมากอยู่ติดกับอาคารหอพักของนายปรินซึ่งกำลังก่อสร้าง นายหมากได้มีคำร้องถึงนายกเทศมนตรีขอให้ตรวจสอบการก่อสร้างอาคารหอพักของนายปรินว่าขัดต่อกฎหมายหรือไม่ แต่ทางเทศบาลกลับนิ่งเฉยจนนายหมากทำคำร้องไปอีกครั้งขอให้ตรวจสอบหอพักดังกล่าวโดยเฉพาะเรื่องของระยะห่างของอาคารกับเขตที่ดินของตน ต่อมานายกเทศมนตรีซึ่งเป็นผู้ถูกฟ้องคดีมีหนังสือตอบกลับคำร้องว่าอาคารหอพักของนายปรินไม่รุกล้ำที่ดินของผู้ฟ้องคดี แต่ผู้ฟ้องคดียังเห็นว่าการก่อสร้างอาคารหอพักของนายปรินมีบางส่วนชิดกับเขตที่ดินของตนซึ่งมีระยะห่างจากเขตที่ดินน้อยกว่า 50 เซนติเมตร โดยไม่ได้รับความยินยอมซึ่งไม่ถูกต้องตามกฎหมาย จึงมีคำร้องให้ตรวจสอบระยะห่างของอาคารกับเขตที่ดินดังกล่าวอีกครั้ง 

หลังจากได้รับคำร้องของนายหมาก ผู้ถูกฟ้องคดีใช้เวลาตรวจสอบนานกว่า 5 เดือนเศษก่อนจะพบว่าการก่อสร้างอาคารของนายปรินไม่ถูกต้องตามใบอนุญาตจริง แต่ว่าเป็นกรณีที่สามารถแก้ไขให้ถูกต้องได้จึงออกคำสั่งให้แก้ไขอาคารให้มีระยะห่างตามที่กฎหมายกำหนดภายใน 30 วันและยื่นคำขอรับใบอนุญาตตัดแปลงอาคารหลังจากแก้ไขแล้วเสร็จภายใน 30 วัน เวลาผ่านไป 4 เดือนเศษหลังจากได้รับคำสั่งให้แก้ไขอาคาร นายปรินจึงได้ยื่นคำขอรับใบอนุญาตดัดแปลงอาคาร และทางผู้ถูกฟ้องคดีก็ได้ออกใบอนุญาตให้ ในเวลาต่อมานายหมากเห็นว่าเรื่องนี้ไม่เป็นธรรมกับตนจึงมายื่นฟ้องคดีกับศาลปกครอง ศาลปกครองพิจารณาแล้วเห็นว่าการที่นายหมากซึ่งเป็นผู้ฟ้องคดีมีคำร้องให้ผู้ถูกฟ้องคดีตรวจสอบการก่อสร้างหอพักของนายบรินว่าขัดต่อกฎหมายหรือไม่แต่ผู้ถูกฟ้องคดีกลับนิ่งเฉยจนผู้ฟ้องคดีต้องยื่นคำร้องอีกครั้งให้ตรวจสอบในเรื่องดังกล่าว ผู้ถูกฟ้องคดีจึงมีหนังสือตอบกลับคำร้องว่าอาคารหอพักไม่ได้รุกล้ำที่ดินของผู้ฟ้องคดี อันเป็นการละเลยต่อหน้าที่ตามกฎหมาย อีกทั้งเมื่อผู้ฟ้องคดีมีคำร้องเตือนให้ตรวจสอบเรื่องระยะห่างของอาคารกับเขตที่ดินในเวลาต่อมา ผู้ถูกฟ้องคดีใช้เวลานานถึง 5 เดือนเศษจึงไปตรวจสอบแล้วพบว่าการก่อสร้างอาคารของนายปรินไม่ถูกต้องตามใบอนุญาตแต่เป็นกรณีที่สามารถแก้ไขได้จึงสั่งให้แก้ไขภายใน 30 วันและให้ยื่นขอรับใบอนุญาตดัดแปลงอาคารหลังจากแก้ไขเสร็จภายใน 30 วัน แต่เจ้าของอาคารใช้เวลา 4 เดือนเศษหลังจากได้รับคำสั่งจึงไปยื่นขอรับใบอนุญาต โดยที่ในระยะเวลาดังกล่าวผู้ถูกฟ้องคดีไม่ได้ดำเนินการใดๆ ตามกฎหมายตามที่เจ้าพนักงานท้องถิ่นจะต้องปฏิบัติ ซึ่งแสดงให้เห็นถึงความไม่สนใจที่จะให้มีการบังคับใช้กฎหมายให้เกิดผลอย่างดีที่สุด 

นอกจากนั้นผู้ฟ้องคดีได้ออกใบอนุญาตตัดแปลงอาคารให้นายปรินแก้ไขผังบริเวณก่อสร้างอาคารด้านที่ชิดเขตที่ดินของผู้ฟ้องคดี แม้จะมีการแก้ไขอาคารดังกล่าวก็ยังฝ่าฝืนกฎหมายที่กำหนดให้อาคารที่มีความสูงเกิน 9 เมตรแต่ไม่ถึง 23 เมตร ผนังหรือระเบียงต้องอยู่ห่างจากเขตที่ดินไม่น้อยกว่า 3 เมตร แต่อาคารหอพักของนายบรินอยู่ห่างจากเขตที่ดินน้อยกว่า 3 เมตรแต่ไม่น้อยกว่า 50 เซนติเมตร ผนังจะต้องปิดทึบ แต่ผู้ถูกฟ้องคดียินยอมให้นายปรินจัดทำหน้าต่างบานเกล็ดที่ช่องกันสาด แก้ไขประตูห้องพักไประเบียงเป็นหน้าต่างบานเกล็ดซึ่งมีลักษณะเป็นช่องระบายอากาศและช่องแสง แล้วให้การรับรองว่าหน้าต่างบานเกล็ดดังกล่าวเป็นผนังของห้องพักอยู่ห่างจากเขตที่ดินเกินกว่า 3 เมตรนั้นถูกต้อง เป็นการตีความเบี่ยงเบนเพื่อช่วยเหลือให้นายปรินหลีกเลี่ยงไม่ต้องปฏิบัติตามกฎหมาย พฤติการณ์ของผู้ถูกฟ้องคดีที่ไม่ออกคำสั่งให้นายปรินซึ่งเป็นเจ้าของอาคารแก้ไขอาคารให้ถูกต้องตามกฎหมายจึงเป็นการละเลยต่อหน้าที่ตามที่กฎหมายกำหนดให้ต้องปฏิบัติ ศาลปกครองจึงพิพากษาให้ผู้ถูกฟ้องคดีออกคำสั่งให้เจ้าของอาคารแก้ไขผนังอาคารให้ถูกต้องตามกฎหมายภายในสามสิบวันนับแต่วันที่มีคำพิพากษา (เทียบเคียงคำพิพากษาศาลปกครองสูงสุดที่ อ.181/2553)",,คู่มือการดำเนินคดีปกครองสำหรับประชาชน,2022-12-01 00:00:00
,,,,,,คดีที่อยู่ในอำนาจศาลปกครอง,1.3 คดีที่อยู่ในอำนาจของศาลปกครอง,ตัวอย่างคดีพิพาทเกี่ยวกับการกระทำละเมิดของหน่วยงานทางปกครองหรือเจ้าหน้าที่ของรัฐอันเกิดจากการใช้อำนาจตามกฎหมายหรือจากกฎ คำสั่ง หรือจากการละเลยต่อต่อหนักที่ตามที่กฎหมายกำหนดให้ต้องปฏิบัติหรือปฏิบัติหน้าที่ดังกล่าวล่าวล่าเกินสมควร,"หมู่บ้านตะโก้แห้วเป็นหมู่บ้านที่ประกอบอาชีพเกษตรกรรมเป็นส่วนใหญ่ เพราะมีแม่น้ำไหลผ่านอีกทั้งยังมีคลองสายย่อยแตกสาขาเข้าไปยังที่ดินของชาวบ้านหล่อเลี้ยงเรือกสวนไร่นาให้อุดมสมบูรณ์ รวมถึงที่ดินของนายขยันยิ่ง พระเอกของเรื่องนี้ด้วย 

เมื่อไม่นานมานี้เอง คูคลองแถวบ้านนายขยันยิ่งมีสภาพตื้นเขิน เวลาฝนตกหนักก็ทำให้น้ำเอ่อท่วมเข้าไปในที่ดินของชาวบ้านละแวกนั้น ทำให้ผลผลิตทางการเกษตรได้รับความเสียหาย ทางกรมชลประทานจึงได้มาขุดลอกคูคลองให้ลึกขึ้นและขยายความกว้างออกไป พร้อมทั้งสร้างคันดินลงลูกรังเพื่อที่จะทำทางลำเลียงขนผลผลิตทางการเกษตรของชาวบ้าน และให้เป็นพนังกั้นน้ำไม่ให้ท่วมเข้าไปในที่ดินของชาวบ้าน ดูแล้วเหมือนผลประโยชน์จะมาทางชาวบ้านเต็มๆ แต่ทว่าแจ็คพอตกลับมาตกที่นายขยันยิ่ง เพราะว่าพื้นที่ที่มาขุดลอกคลองและทำถนนเลียบคันดินนั้นล้ำเข้ามาในที่ของนายขยันยิ่งรวมๆ แล้วตั้งเกือบ 4 ไร่ เห็นแบบนี้แล้วนิ่งนอนใจได้ที่ไหน นายขยันยิ่งจึงไปร้องขอความเป็นธรรมจากหน่วยงานที่เกี่ยวข้อง แต่ไปมาก็หลายที่ก็ไม่ได้รับการช่วยเหลือแต่อย่างใด เลยนำเรื่องนี้มาฟ้องขอความเป็นธรรมจากศาลปกครองให้มีคำสั่งให้กรมชลประทานชดใช้ค่าเสียหายให้แก่ตน 

ทางกรมชลประทานได้ชี้แจงว่าก่อนที่จะทำโครงการขุดลอกและพัฒนาลุ่มน้ำหมู่บ้านนั้น ได้มีการเรียกประชุมผู้นำหมู่บ้านและชาวบ้านในละแวกนั้นเพื่อมาชี้แจงถึงความจำเป็นและผลกระทบในการขุดลอกคูคลอง พร้อมทั้งได้มีการลงชื่อในหนังสือยินยอมให้ทำการขุดลอกพัฒนาลำน้ำและให้ทางราชการใช้ที่ดินว่างเปล่าเป็นที่ทิ้งดินเพื่อการพัฒนาแหล่งน้ำเรียบร้อยแล้ว ซึ่งกรณีของนายขยันยิ่ง ญาติได้เป็นผู้ลงลายมือชื่อในหนังสือยินยอม อีกทั้งการดำเนินการขุดลอกพัฒนาคลองก็เพื่อผลประโยชน์ส่วนรวมของชาวบ้าน ทำให้สามารถเพิ่มศักยภาพการผลิตและยกระดับคุณภาพชีวิตของชาวบ้านให้ดีขึ้น นอกจากนี้ยังได้ทำการเกลี่ยแต่งดินที่นำไปถมที่นาของนายขยันยิ่งเรียบร้อยแล้วจนสามารถทำนาและปลูกพืชได้ตามปกติ นายขยันยิ่งจึงไม่มีสิทธิที่จะเรียกร้องค่าเสียหายเพราะไม่ได้รับความเดือดร้อนเสียหายเหล่านี้เลย 

ศาลปกครองชั้นต้นพิจารณาแล้วเห็นว่า หนังสือยินยอมไม่ได้มีข้อความใดๆ ที่ระบุว่านายขยันยิ่งได้ยกที่ดินให้แก่ทางราชการเพื่อใช้ประโยชน์ในการดำเนินการพัฒนาแหล่งน้ำแต่อย่างใด นอกจากนั้นหนังสือยินยอมดังกล่าวเป็นของบุคคลอื่นที่ไม่ใช่ของนายขยันยิ่ง ทั้งยังไม่ได้ปรากฏว่านายขยันยิ่งได้มอบอำนาจให้ญาติเป็นผู้ทำหนังสือยินยอมแทน ดังนั้นการที่กรมชลประทานได้ทำการขุดลอกคลองและทำถนนเลียบคันดินล้ำเข้าไปในที่ดินของนายขยันยิ่ง จึงถือเป็นการละเมิดสิทธิในทรัพย์สินของบุคคล ถือเป็นการกระทำโดยไม่ชอบด้วยกฎหมาย และจากการที่ให้สำนักงานที่ดินจังหวัดรังวัดที่ดินนายขยันยิ่งใหม่ ได้ข้อเท็จจริงว่าในการขุดลอกคลองครั้งนี้ได้รุกล้ำเข้าไปในที่ดินของนายขยันยิ่งจริง และได้ทำการตีราคาประเมินเป็นจำนวนเงิน 146,000 บาท ศาลปกครองชั้นต้นพิพากษาให้กรมชลประทานชดใช้ค่าสินไหมทดแทนราคาที่ดินให้แก่นายขยันยิ่งตามราคาที่สำนักงานที่ดินจังหวัดตีราคา ภายในหกสิบวันนับแต่วันที่ศาลมีคำพิพากษาถึงที่สุด 

กรมชลประทานอุทธรณ์ต่อศาลปกครองสูงสุดว่า ในการเรียกประชุมชี้แจงโครงการขุดลอกพัฒนาแหล่งน้ำนั้น ถึงนายขยันยิ่งจะไม่ได้เข้าประชุม แต่มีผู้นำหมู่บ้านและญาติมาร่วมประชุม และตามหลักในการปฏิบัติราชการทั่วไป เมื่อผู้นำหมู่บ้านไปประชุมร่วมกับหน่วยงานระดับอำเภอและจังหวัดมาแล้ว จะต้องเรียกประชุมลูกบ้านเพื่อเล่ารายละเอียดเกี่ยวกับโครงการนี้ให้ฟัง จึงเชื่อว่านายขยันยิ่งและญาติจะต้องรู้ว่าการขุดลอกคลองดังกล่าวจะเกิดผลกระทบต่อตนอย่างไรบ้าง อีกทั้งในการที่ญาติของนายขยันยิ่งเซ็นชื่อในหนังสือยินยอม รวมทั้งเมื่อเจ้าหน้าที่เข้าขุดลอกคลองและสร้างถนนในที่ดินของนายขยันยิ่ง นายขยันยิ่งก็ไม่ได้คัดค้านแต่ประการใด และสำหรับการยกที่ดินให้เป็นที่สาธารณประโยชน์นั้นไม่จำเป็นต้องทำเป็นหนังสือและจดทะเบียนต่อเจ้าหน้าที่ก็มีผลสมบูรณ์ตามกฎหมายแล้ว การกระทำดังกล่าวจึงไม่เป็นการละเมิดสิทธิของนายขยันยิ่งแต่อย่างใด 

ศาลปกครองสูงสุดพิเคราะห์แล้วเห็นว่า กรมชลประทานไม่ได้เวนคืนหรือซื้อขายที่ดินของนายขยันยิ่ง และไม่มีสิทธิโดยชอบด้วยกฎหมายที่จะขุดลอกเอาที่ดินของนายขยันยิ่งโดยวิธีอื่นๆ ดังนั้นการที่กรมชลประทานได้ใช้ที่ดินนายขยันยิ่งเพื่อขุดลอกขยายคลองและสร้างถนนเลียบคันดินรุกล้ำที่ดินของนายขยันยิ่ง จึงเป็นการจงใจทำให้นายขยันยิ่งได้รับความเสียหายต่อที่ดินซึ่งเป็นทรัพย์สินส่วนตัว ถือเป็นการกระทำละเมิดต่อนายขยันยิ่ง โดยกรมชลประทานซึ่งเป็นหน่วยงานของรัฐต้องรับผิดชอบในผลแห่งการละเมิดที่เจ้าหน้าที่ของตนได้กระทำในการปฏิบัติหน้าที่ตามมาตรา 5 วรรคหนึ่งแห่งพระราชบัญญัติความรับผิดทางละเมิดของเจ้าหน้าที่ พ.ศ.2539 ส่วนข้อความในหนังสือยินยอมที่ญาติของนายขยันยิ่งลงลายมือชื่อนั้นมีความหมายแค่ว่ายินยอมให้ทางราชการสามารถใช้ที่ดินว่างเปล่าของตนเป็นที่ทิ้งดินเพื่อการพัฒนาลำน้ำเท่านั้น ไม่ได้มีข้อความแสดงว่ายินยอมให้ขุดลอกรุกล้ำที่ดินหรือยกที่ดินให้ทางราชการแต่ประการใด นายขยันยิ่งจึงถือได้ว่ามีสิทธิในการเรียกร้องค่าเสียหายในที่ดินที่เสียไปจากการพัฒนาลำน้ำดังกล่าว ส่วนค่าเสียหายที่สำนักงานที่ดินจังหวัดได้เสนอต่อศาลปกครองชั้นต้นนั้นไม่แตกต่างจากราคาซื้อขายที่ดินในละแวกนั้น จึงถือว่าราคาประเมินนั้นเหมาะสมเป็นธรรมแล้ว และแม้ว่านายขยันยิ่งจะได้รับประโยชน์จากโครงการดังกล่าว แต่ก็เป็นโครงการที่เป็นประโยชน์ต่อส่วนรวม ไม่ได้เฉพาะแต่นายขยันยิ่งแต่เพียงผู้เดียว 

ศาลปกครองสูงสุดจึงพิพากษายืนตามคำพิพากษาของศาลปกครองชั้นต้นที่ให้กรมชลประทานชดใช้ค่าสินไหมทดแทนให้แก่นายขยันยิ่งเป็นเงิน 146,000 บาท ภายในหกสิบวันนับแต่วันที่คำพิพากษาของศาลถึงที่สุด (เทียบเคียงคำพิพากษาศาลปกครองสูงสุดที่ อ.266/2552)

",,คู่มือการดำเนินคดีปกครองสำหรับประชาชน,2022-12-01 00:00:00
,,,,,,คดีที่อยู่ในอำนาจศาลปกครอง,1.3 คดีที่อยู่ในอำนาจของศาลปกครอง,ตัวอย่างคดีพิพาทเกี่ยวกับความรับผิดอย่างอื่น,"
น้องญาญ่าลูกสาวนางคิมหลานสาวนางคิ้มมีบ้านอยู่ในจังหวัดสมุทรปราการซึ่งเป็นเขตเวนคืนก่อสร้างสนามบินสุวรรณภูมิที่ได้มีการเวนคืนไปแล้วตั้งแต่ปีพ.ศ. 2523 แต่ยังไม่ได้มีการก่อสร้างสนามบิน รัฐจึงปล่อยให้ชาวบ้านแถบนั้นอาศัยอยู่เรื่อยมา จนเมื่อจะมีการก่อสร้างจึงได้มีการสำรวจข้อมูลราษฎรในพื้นที่โครงการในปีพ.ศ. 2536 โดยคณะรัฐมนตรีมอบหมายให้บริษัทท่าอากาศยานสากลกรุงเทพแห่งใหม่ จำกัด หรือ บทม. เป็นผู้ดำเนินการอพยพโยกย้ายชาวบ้านออกจากพื้นที่โครงการโดยให้เงินช่วยเหลือชาวบ้านตามหลักเกณฑ์ 5 ข้อ คือ (1) เป็นบ้านที่ปลูกก่อนการสำรวจเมื่อปีพ.ศ. 2536 (2) มีสภาพเป็นบ้านพักอาศัย (3) สภาพบ้านเป็นสัดส่วนแยกจากหลังใหญ่ที่ได้รับเงินช่วยเหลือค่าชดเชยไปแล้วโดยเด็ดขาด (4) มีทะเบียนบ้านถูกต้อง และ (5) ต้องทำกินอยู่ในพื้นที่หรือมีพื้นที่ทำกินในบริเวณพื้นที่ก่อสร้างสนามบิน โดยมีอัตราให้ความช่วยเหลือตามหลักเกณฑ์ข้างต้น ดังนี้

(1) ผู้ไม่ผ่านหลักเกณฑ์ทั้ง 5 ข้อ จะช่วยเหลือรายละ 5,000 บาท
เนื่องจากมีสิ่งปลูกสร้างอยู่ในพื้นที่
(2) ผู้ที่ผ่านหลักเกณฑ์ 1 ข้อ ช่วยเหลือรายละ 20,000 บาท
(3) ผู้ที่ผ่านหลักเกณฑ์ 2 ข้อ ช่วยเหลือรายละ 50.000 บาท
(4) ผู้ที่ผ่านหลักเกณฑ์ 3 ข้อ ช่วยเหลือรายละ 100.000 บาท
(5) ผู้ที่ผ่านหลักเกณฑ์ 4 ข้อ ช่วยเหลือรายละ 200.000 บาท
(6) ผู้ที่ผ่านหลักเกณฑ์ 5 ข้อ ช่วยเหลือรายละ 800,000 บาท

น้องญาญ่านำคดีมาฟ้องต่อศาลปกครองเนื่องจากไม่พอใจที่ได้รับเงินช่วยเหลือเพียง 20,000 บาท เนื่องจาก บทม. ซึ่งเป็นผู้ถูกฟ้องในคดีนี้เห็นว่าบ้านของผู้ฟ้องคดีเป็นบ้านประเภทนอกบัญชีสำรวจที่ได้มีการสำรวจไปเมื่อปีพ.ศ. 2536 ซึ่งคดีนี้ศาลปกครองพิจารณาแล้วเห็นว่าตามสำเนาทะเบียนบ้านดังกล่าวมีชื่อนางคิ้มเป็นหัวหน้าครอบครัว และเป็นมารดาของนางศิมซึ่งเป็นแม่ของผู้ฟ้องคดี โดยที่มีพยานยืนยันว่านางยิ้มได้ยกบ้านหลังนี้ให้แก่ผู้ฟ้องคดี นอกจากนั้นในใบมรณบัตรของนางคิ้มระบุว่านางคิ้มเสียชีวิตเมื่อปีพ.ศ. 2535 และขณะเสียชีวิตนางคิ้มอยู่ที่บ้านหลังดังกล่าว ย่อมรับฟังได้ว่าบ้านหลังนี้ปลูกสร้างขึ้นแล้วในปีพ.ศ. 2535 ซึ่งตรงตามหลักเกณฑ์ข้อ (1) ทั้งนี้ สำเนาทะเบียนบ้านมีชื่อของหลานของผู้ฟ้องคดีอยู่อาศัยและบริเวณบ้านประกอบด้วยพื้นที่ทำกินซึ่งเป็นสวนและบ่อปลา ซึ่งรับฟังได้ว่าบ้านหลังดังกล่าวมีสภาพเป็นบ้านพักอาศัยเป็นสัดส่วนแยกเป็นเอกเทศจากบ้านหลังอื่นและมีทะเบียนบ้านถูกต้องตรงตามหลักเกณฑ์ข้อที่ (2) (3) และ (4) อย่างไรก็ตาม ผู้ฟ้องคดียอมรับว่าไม่ได้อาศัยอยู่ในบ้านหลังดังกล่าว แต่อยู่กับสามีที่บ้านอีกหลังหนึ่งโดยมอบให้หลานเป็นผู้อยู่อาศัยและให้ช่วยดูแลบ่อปลาแทนผู้ฟ้องคดี และถึงแม้หลักเกณฑ์ข้อ (5) ระบุว่าผู้ที่จะได้รับเงินช่วยเหลือจะต้องทำกินอยู่ในพื้นที่หรือมีพื้นที่ทำกินในบริเวณพื้นที่ก่อสร้างสนามบิน โดยที่ไม่ได้ระบุชัดเจนว่าผู้มีสิทธิได้รับเงินช่วยเหลือจะต้องทำกินด้วยตนเอง แต่เมื่อคำนึงถึงวัตถุประสงค์ในการกำหนดหลักเกณฑ์ที่ต้องการบรรเทาความเดือดร้อนหรือเสียหายของราษฎรจากการที่ต้องย้ายออกจากพื้นที่ ผู้ฟ้องคดีจะต้องเป็นผู้ที่เคยได้รับประโยชน์โดยตรงและสม่ำเสมอมาโดยตลอดจากการทำกินในพื้นที่นั้นมาก่อน ไม่ว่าจะทำกินเองโดยมอบให้ผู้อื่นดูแลหรือมอบให้ผู้อื่นทำกินแทนแล้วให้ประโยชน์ตอบแทน ซึ่งในคดีนี้ผู้ฟ้องคดีเพียงแต่อ้างว่าได้ให้ผู้อื่นดูแลปลาแทนโดยมีพยานบุคคลให้ถ้อยคำสนับสนุนข้อกล่าวอ้าง แต่ไม่มีหลักลักฐานเพียงพอที่จะยืนยันได้ว่าผู้ฟ้องคดีได้ทำกินอยู่ในพื้นที่หรือมีพื้นที่ทำกินอยู่ในบริเวณนั้น ทั้งพยานบุคคลที่กล่าวอ้างก็เป็นพยานที่ผู้ฟ้องคดีอ้างขึ้นทั้งสิ้น ศาลจึงเห็นว่าผู้ฟ้องคดีอยู่ในหลักเกณฑ์ตามข้อ (1) (2) (3) และ (4) เท่านั้น จึงมีคำพิพากษาให้ผู้ถูกฟ้องคดีชำระเงินช่วยเหลือจำนวน 200,000 บาท ให้แก่ผู้ฟ้องคดี (เกียบเคียงคำพิพากษาศาลปกครองสูงสุดที่ อ.280/2551)",,คู่มือการดำเนินคดีปกครองสำหรับประชาชน,2022-12-01 00:00:00
,,,,,,คดีที่อยู่ในอำนาจศาลปกครอง,1.3 คดีที่อยู่ในอำนาจของศาลปกครอง,ตัวอย่างคดีพิพาทเกี่ยวกับสัญญาทางปกครอง,"นายบอยมีอาชีพรับเหมาก่อสร้าง ไม่ว่าจะเป็นถนน สะพาน โรงเรียน โรงแรม อาคาร ห้างร้าน นายบอยรับสร้างทุกสิ่ง จนเมื่อ 16 สิงหาคม 2550 นายบอยได้ทำสัญญารับจ้างกับทางเทศบาล ปรับปรุงเกาะกลางถนน มีระยะเวลาทำงาน 180 วัน โดยจะได้รับค่าก่อสร้างทั้งสิ้น 940,000 บาท จนเมื่อเวลาผ่านไป นายบอยปรับปรุงเกาะกลางถนนแล้วเสร็จส่งมอบงานงวดสุดท้ายให้ทางเทศบาลเมื่อวันที่ 20 มิถุนายน 2551 เทศบาลตรวจรับงานและจ่ายค่าจ้างให้กับนายบอยโดยได้หักเงินค่าปรับงานล่าช้าจำนวน 277,300 บาท นายบอยจึงทำหนังสือถึงเทศบาลเพื่อขอขยายระยะเวลาและคืนเงินค่าปรับ เนื่องจากเห็นว่าตามมติคณะรัฐมนตรีเมื่อวันที่ 17 มิถุนายน 2551 มีมติให้ช่วยเหลือผู้ประกอบอาชีพก่อสร้างและผู้ประกอบอาชีพอื่น โดยให้ขยายระยะเวลาและคืนเงินค่าปรับแก่ผู้รับจ้างที่ทำสัญญาก่อนวันที่ 1 ตุลาคม 2550 ตามหลักเกณฑ์ที่กำหนด เพื่อบรรเทาผลกระทบจากวิกฤตราคาน้ำมัน เหล็กและวัสดุก่อสร้างที่มีราคาสูงขึ้น แต่ทางเทศบาลแจ้งว่าไม่สามารถคืนเงินให้นายบอยได้เนื่องจากสัญญาดังกล่าวมีการส่งมอบงานเสร็จสิ้นแล้วก่อนที่นายบอยจะขอขยายระยะเวลาส่งมอบงานเพื่อขอคืนเงินค่าปรับ นายบอยเห็นว่าการที่เทศบาลปฏิเสธไม่ขยายระยะเวลาและคืนเงินค่าปรับทำให้ธุรกิจของตนขาดสภาพคล่องไม่สามารถไปรับงานอื่นได้ ทำให้ธุรกิจเสียหาย นายบอยจึงมายื่นฟ้องคดีต่อศาลปกครอง 
คดีนี้ศาลปกครองพิจารณาแล้วเห็นว่าสัญญาระหว่างนายบอยซึ่งเป็นผู้ฟ้องคดีกับเทศบาลซึ่งเป็นผู้ถูกฟ้องคดีเกิดขึ้นก่อนวันที่ 1 ตุลาคม 2550 และเมื่อครบกำหนดส่งงานแล้วผู้ฟ้องคดียังทำงานไม่เสร็จ ผู้ถูกฟ้องคดีก็ไม่ได้ใช้สิทธิบอกเลิกสัญญาแต่อย่างใดยังคงปล่อยให้ผู้ฟ้องคดีทำงานจนแล้วเสร็จส่งมอบงานเมื่อวันที่ 20 มิถุนายน 2551 อันเป็นการส่งมอบงานงวดสุดท้ายภายหลังวันที่ 1 ตุลาคม 2550 ซึ่งล่วงเลยกำหนดและผู้ถูกฟ้องคดีก็ได้หักเงินค่าปรับไว้ ทั้งนี้ ผู้ฟ้องคดีได้ยื่นคำขอรับความช่วยเหลือเมื่อวันที่ 1 สิงหาคม 2551 ซึ่งอยู่ในกำหนด 60 วันนับแต่วันที่ 17 มิถุนายน 2551 ซึ่งเป็นวันที่คณะรัฐมนตรีมีมติเห็นชอบมาตรการช่วยเหลือดังกล่าว ผู้ฟ้องคดีจึงปฏิบัติตามหลักเกณฑ์ เงื่อนไขและวิธีการที่กำหนดไว้ถูกต้องครบถ้วน จึงย่อมได้รับความช่วยเหลือ โดยต้องขยายระยะเวลาในสัญญาให้เป็นเวลา 180 วัน อันจะมีผลทำให้ผู้ฟ้องคดีไม่ต้องเสียค่าปรับที่ส่งงานเลยกำหนดตามสัญญา 
อย่างไรก็ตาม เทศบาลซึ่งเป็นผู้ถูกฟ้องคดีอ้างว่าสัญญาพิพาทเป็นสัญญาจ้างทำของ เมื่อนายบอยซึ่งเป็นผู้ฟ้องคดีส่งมอบงานและทางเทศบาลได้จ่ายค่าจ้างให้แล้ว สัญญาดังกล่าวย่อมระงับไปตามกฎหมายแพ่งและพาณิชย์ ส่วนความรับผิดในเรื่องความชำรุดบกพร่องของงานตามสัญญาเป็นเรื่องที่คู่สัญญาต้องปฏิบัติภายหลังอายุสัญญาสิ้นสุดลงแล้ว แต่ไม่ใช่หลักเกณฑ์ตามกฎหมายที่จะขยายเวลาสัญญาหรือต่ออายุสัญญาได้ ซึ่งประเด็นนี้ศาลปกครองเห็นว่าสัญญาดังกล่าวเป็นสัญญาทางปกครองซึ่งนิติสัมพันธ์ต้องบังคับกันตามหลักกฎหมายปกครอง โดยประมวลกฎหมายแพ่งและพาณิชย์ใช้บังคับโดยอนุโลมเท่าที่ไม่ขัดกับหลักกฎหมายปกครอง และมาตรการช่วยเหลือดังกล่าวเป็นหลักดุลยภาพทางการเงินในสัญญาทางปกครอง ซึ่งเป็นมาตรการช่วยเหลือคู่สัญญากับทางราชการที่ประสบภาวะวิกฤตราคาน้ำมัน เหล็กและวัสดุก่อสร้างที่สูงขึ้น อันเป็นเหตุที่ในขณะทำสัญญาต่อกันไม่อาจคาดหมายล่วงหน้าได้ว่าจะเกิดขึ้น และเป็นเหตุไม่ปกติที่เมื่อเกิดขึ้นแล้วก่อความเสียหายอย่างร้ายแรงในการปฏิบัติตามสัญญาถึงขนาดที่ทำให้คู่สัญญาฝ่ายเอกชนขาดทุนเกินขนาดและนานเกินกว่าบุคคลธรรมดาจะคาดหมายได้ ซึ่งวิธีการขยายระยะเวลาของสัญญา หรืองด ลด หรือคืนค่าปรับฐานผิดสัญญาให้คู่สัญญาฝ่ายเอกชนแล้วแต่กรณี เพื่อให้ดุลยภาพทางการเงินที่เอกชนเสียไปกลับคืนมาและสามารถดำเนินการตามสัญญาอันเป็นบริการสาธารณะได้ต่อไปตามหลักกฎหมายปกครองว่าด้วยบริการสาธารณะต้องมีความต่อเนื่อง ดังนั้น ผู้ถูกฟ้องคดีจะปฏิเสธไม่ให้ความช่วยเหลือผู้ฟ้องคดีโดยยกประมวลกฎหมายแพ่งและพาณิชย์ขึ้นมากล่าวอ้างจึงไม่สามารถทำได้ ศาลปกครองจึงพิพากษาให้ผู้ถูกฟ้องคดีคืนเงินค่าปรับจำนวน 277,300 บาท พร้อมดอกเบี้ยร้อยละ 7.5 ต่อปี ของเงินต้นดังกล่าว นับแต่วันถัดจากวันฟ้องเป็นต้นไปจนกว่าจะชำระเสร็จ (เทียบเคียงค่าพิพากษาศาลปกครองสูงสุดที่ อ.465/2556)
",,คู่มือการดำเนินคดีปกครองสำหรับประชาชน,2022-12-01 00:00:00
,,,,,,คดีที่อยู่ในอำนาจศาลปกครอง,1.3 คดีที่อยู่ในอำนาจของศาลปกครอง,ตัวอย่างคดีที่มีกฎหมายกำหนดให้หน่วยงานทางปกครองหรือเจ้าหน้าที่ของรัฐฟ้ออคดีต่อศาลเพื่อบังคับให้บุคคลกระทำหรือละเว้นกระทำอย่างหนึ่งอย่างใด,"ป้าพุดจีบเศรษฐีนีในตำบลหอมหมื่นลี้อยากต่อเติมบ้านเอาไว้รับแขกจึงเรียกช่างมาต่อเติม ทั้งทุบและรื้อ เนื้อที่ไม่พอก็สร้างยื่นออกไปอีก พอสร้างเสร็จเสียงร่ำลือถึงบ้านหลังใหม่ของป้าพุดจีบลอยไปเข้าหูนายกเทศมนตรี นายกเทศมนตรีจึงสั่งให้ลูกน้องไปดูคำขออนุญาตดัดแปลงอาคารของป้าว่าทำเกินกว่าที่ขอไว้หรือไม่ เมื่อลูกน้องกลับมารายงานว่าไม่มีใบขออนุญาตดัดแปลงอาคารจากป้าพุดจีบมายื่นไว้เลย นายกเทศมนตรีซึ่งเป็นผู้ฟ้องในคดีนี้จึงออกคำสั่งให้ระงับการก่อสร้าง ดัดแปลงอาคาร คำสั่งห้ามใช้หรือเข้าไปในส่วนใดของอาคารและคำสั่งให้รื้อถอนอาคารที่ดัดแปลงส่งไปถึงป้าพุดจีบซึ่งเป็นผู้ถูกฟ้องในคดีนี้ 
เมื่อครบกำหนดเวลาตามคำสั่งแล้วยังไม่เห็นความคืบหน้าจากป้าพุดจีบ นายกเทศมนตรีจึงมีคำสั่งแต่งตั้งคณะทำงานดำเนินการรื้อถอนส่วนที่ดัดแปลงของบ้านป้าพุดจีบ คณะทำงานชุดดังกล่าวได้ไปเจรจาไกล่เกลี่ยแต่ไม่ได้รับความร่วมมือใดๆ จากป้าพุดจีบ คณะทำงานจึงออกคำสั่งกำหนดวันที่จะเข้ารื้อถอนส่วนที่ดัดแปลงของบ้านป้าพุดจีบและปิดประกาศคำสั่งนั้นไว้ที่หน้าบ้านป้าพุดจีบ และเมื่อถึงวันที่จะเข้าทำการรื้อถอน คณะทำงานดำเนินการรื้อถอนพร้อมด้วยเจ้าหน้าที่ที่เกี่ยวข้องเดินทางไปยังบ้านป้าพุดจีบ แต่พอมาถึงกลับเจอรถกระบะจอดขวางหน้าบ้านและประตูรั้วคล้องกุญแจไว้ และพบว่าป้าพุดจีบไม่อยู่บ้านเหลือเพียงแต่น้องชายที่ไม่ยอมเปิดประตูรั้วให้นอกจากจะได้รับอนุญาตจากป้าพุดจีบเท่านั้น ตัวแทนของคณะทำงานดำเนินการรื้อถอนจึงโทรศัพท์ไปเจรจากับป้าพุดจีบ แต่ไม่ว่าจะชี้แจงเหตุผลใดๆ ก็ตามป้าพุดจีบก็ไม่ยอมให้รื้อ คณะทำงานดำเนินการรื้อถอนจึงไปแจ้งความลงบันทึกประจำวัน ที่สถานีตำรวจภูธรหอมหมื่นลี้ และนำเรื่องดังกล่าวไปรายงานให้นายกเทศมนตรีทราบ นายกเทศมนตรีหอมหมื่นลี้จึงนำเรื่องนี้มายื่นฟ้องต่อศาลปกครองขอให้มีคำสั่งจับกุมและกักขังป้าพุดจีบหรือเจ้าของบ้านในขณะนั้นและมีคำสั่งให้เจ้าพนักงานท้องถิ่นเข้าทำการรื้อถอนส่วนที่ดัดแปลงของบ้านป้าพุดจีบตามพระราชบัญญัติควบคุมอาคาร พ.ศ. 2522 
ศาลปกครองชั้นต้นพิจารณาแล้วเห็นว่าการให้ศาลมีคำสั่งจับกุมและกักขังป้าพุดจีบหรือเจ้าของบ้านในขณะนั้นเป็นการใช้มาตรการบังคับทางปกครองที่มีผลกระทบต่อสิทธิและเสรีภาพมากเกินกว่าเหตุจำเป็น และเทศบาลเองก็สามารถที่จะใช้กำลังพอสมควรแก่เหตุเข้าดำเนินการรื้อถอนบ้านป้าพุดจีบให้เป็นไปตามมาตรการบังคับทางปกครองได้เองอยู่แล้วโดยไม่จำเป็นต้องให้ศาลมีคำสั่งให้เจ้าพนักงานท้องถิ่นเข้าทำการรื้อถอนแต่อย่างใด จึงมีคำสั่งยกคำร้องของเทศบาลและให้จำหน่ายคดีออกจากสารบบความ เทศบาลยื่นอุทธรณ์ต่อศาลปกครองสูงสุดโดยให้เหตุผลว่าเมื่อจะเข้าดำเนินการรื้อถอนบ้านที่ดัดแปลงต่อเติมโดยไม่ได้รับอนุญาตแต่ได้รับการขัดขวางจากผู้ครอบครองบ้านในขณะนั้นทำให้ไม่สามารถเข้าทำการรื้อถอนได้ จึงจำเป็นต้องขออำนาจตามมาตรา 43 วรรคหนึ่ง (1) แห่งพระราชบัญญัติควบคุมอาคาร พ.ศ. 2522 ในการจับกุมและกักขังเจ้าของบ้านที่ไม่ปฏิบัติตามคำสั่งของเจ้าพนักงานท้องถิ่น ซึ่งเป็นการปฏิบัติตามขั้นตอนกระบวนการที่กฎหมายกำหนดไว้แล้วทุกประการโดยเคร่งครัด เพราะหากใช้กำลังเข้าดำเนินการรื้อถอนบ้านป้าพุดจีบ จะต้องยกรถที่จอดขวางประตูออก ต้องตัดกุญแจที่คล้องปิดประตูรั้วบ้าน และต้องใช้กำลังจับตัวน้องชายป้าพุดจีบให้ออกมาจากบ้านซึ่งการกระทำดังกล่าวย่อมต้องมีการต่อสู้ขัดขืนจนก่อให้เกิดความเสียหายแก่ทรัพย์สินหรืออาจเกิดอันตรายต่อร่างกายหรือชีวิต ส่งผลให้มีการฟ้องร้องเป็นคดีอาญา คดีแพ่งเรียกค่าเสียหาย และคดีปกครองตามมา หากศาลมีคำสั่งจับกุมและกักขังป้าพุดจีบหรือเจ้าของบ้านในขณะนั้นย่อมจะเป็นการใช้มาตรการบังคับทางปกครองที่เหมาะสมและกระทบกับสิทธิและเสรีภาพของป้าพุดจีบน้อยกว่าการใช้กำลังเข้ารื้อถอนบ้าน 
ศาลปกครองสูงสุดพิเคราะห์แล้วเห็นว่าการที่ป้าพุดจีบได้นำรถกระบะมาจอดขวางประตูทางเข้าบ้าน และมีการคล้องกุญแจด้านนอกปิดรั้วบ้านในวันที่คณะทำงานดำเนินการรื้อถอนจะเข้าทำการรื้อถอนบ้านที่ดัดแปลงต่อเติมโดยไม่ได้รับอนุญาต ถือเป็นการจงใจขัดขวางการทำงานของเจ้าหน้าที่ และในวันดังกล่าวคณะทำงานดำเนินการรื้อถอนมีทั้งเจ้าหน้าที่ตำรวจ คนงานรื้อถอน ช่างวิศวกร และเจ้าหน้าที่ที่เกี่ยวข้องอีกประมาณ 50 คน จึงสามารถที่จะใช้กำลังเข้าบังคับรื้อถอนเองได้ตามมาตรา 43 วรรคหนึ่ง (2) แห่งพระราชบัญญัติควบคุมอาคาร พ.ศ. 2522 และหากการใช้กำลังนั้นจะมีผลกระทบต่อทรัพย์สินไปบ้าง ก็ยังเป็นมาตรการที่รุนแรงน้อยกว่าการที่จะให้ศาลมีคำสั่งจับกุมและกักขังซึ่งส่งผลกระทบอย่างรุนแรงต่อสิทธิและเสรีภาพของป้าพุดจีบหรือเจ้าของบ้านในขณะนั้น และเห็นได้ว่าเทศบาลยังไม่ได้ใช้มาตรการบังคับในหนทางอื่นแก่ป้าพุดจีบซึ่งสามารถดำเนินการได้ จึงไม่สมควรที่ศาลจะมีคำสั่งจับกุมและกักขังป้าพุดจีบหรือเจ้าของบ้านในขณะนั้นตามคำร้องขอ และที่กล่าวว่าการดำเนินการรื้อถอนอาจจะถูกขัดขวางหรือถูกดำเนินคดีต่างๆ ทั้งคดีอาญา คดีแพ่งเรียกค่าเสียหาย หรือคดีปกครองนั้น ก็เป็นเพียงการคาดการณ์ของเทศบาลหอมหมื่นลี้เท่านั้น อีกทั้งหากการดำเนินการเป็นไปโดยชอบด้วยกฎหมายแล้ว ก็ไม่ต้องกลัวว่าจะถูกฟ้องร้องดำเนินคดีแต่อย่างใด 
และแม้ว่าจะถูกขัดขวางไม่ให้เข้าทำการรื้อถอนได้ แต่เทศบาลก็สามารถที่จะใช้กำลังพอสมควรแก่เหตุเข้าดำเนินการเพื่อให้เป็นไปตามมาตรการบังคับทางปกครองได้เองอยู่แล้วตามมาตรา 60 วรรคสอง แห่งพระราชบัญญัติวิธีปฏิบัติราชการทางปกครอง พ.ศ. 2539 อันเป็นขั้นตอนการดำเนินการตามอำนาจหน้าที่ของเจ้าพนักงานท้องถิ่นตามมาตรา 43 วรรคหนึ่ง (2) แห่งพระราชบัญญัติควบคุมอาคาร พ.ศ. 2522 ซึ่งกฎหมายกำหนดกระบวนการขั้นตอนไว้แล้ว ศาลจึงไม่จำเป็นต้องมีคำสั่งให้เจ้าพนักงานท้องถิ่นเข้าทำการรื้อถอนอาคารส่วนที่ดัดแปลง ดังนั้น การที่ศาลปกครองชั้นต้นมีคำสั่งยกคำร้องของเทศบาลและให้จำหน่ายคดีออกจากสารบบความนั้น ศาลปกครองสูงสุดเห็นพ้องด้วย จึงมีคำสั่งยืนตามคำสั่งของศาลปกครองชั้นต้น (เทียบเคียงคำสั่งศาลปกครองสูงสุดที่ 614/2555)
",,คู่มือการดำเนินคดีปกครองสำหรับประชาชน,2022-12-01 00:00:00
,,,,,,คดีที่อยู่ในอำนาจศาลปกครอง,1.3 คดีที่อยู่ในอำนาจของศาลปกครอง,ตัวอย่างคดีที่มีกฎหมายกำหนดให้อยู่ในเขตอ่านาจของศาลปกครอง (กรณีที่ฟ้ออขอให้เพิกถอนคำชี้ขาดหรือบังคับตามคำชี้ขาดขอออนุญาโตตุลาการเกี่ยวกับสับสัญญาทางปกครอง),"สำนักงานคณะกรรมการการอาชีวศึกษายื่นคำร้องต่อศาลปกครองขอให้เพิกถอนคำชี้ขาดของอนุญาโตตุลาการจากข้อพิพาทกรณีที่นางสาวชมพู่ เจ้าของบริษัทก่อสร้าง ชมพู่ คอนสตรัคชั่น จำกัด ได้รับจ้างก่อสร้างอาคารของวิทยาลัยสารพัดช่างแห่งหนึ่ง เมื่อก่อสร้างแล้วเสร็จและได้มีการตรวจรับงานเรียบร้อย ต่อมาสำนักงานคณะกรรมการการอาชีวศึกษาซึ่งเป็นผู้ร้องได้ตรวจพบความเสียหายของงานก่อสร้าง ซึ่งตามสัญญาประกันความชำรุดบกพร่องของงานก่อสร้างนี้มีระยะเวลา 2 ปีนับถัดจากวันที่ได้รับมอบงานคือภายในวันที่ 5 มีนาคม 2544 โดยผู้ร้องได้เสนอข้อพิพาทต่ออนุญาโตตุลาการว่า ระหว่างวันที่ 12 พฤษภาคม 2543 ถึงวันที่ 22 มีนาคม 2544 เจ้าหน้าที่ของผู้ร้องได้ตรวจพบความชำรุดบกพร่องของงานก่อสร้างหลายจุดซึ่งรวมแล้วเป็นค่าซ่อมแซมจำนวน 173,685 บาท แต่ผู้คัดค้านเห็นว่าความเสียหายในส่วนของการแตกร้าวของผนังปูนหน้าอาคาร เสาค้ำคานผนัง และพื้นห้องช่างยนต์ซึ่งคิดเป็นค่าซ่อมแซมจำนวน 40,925 บาท เป็นความเสียหายที่ไม่ได้เกิดขึ้นก่อนหรือภายในวันที่ 5 มีนาคม 2544 ซึ่งเป็นวันสุดท้ายของการรับประกันความชำรุดบกพร่องของของงานก่อสร้างตามสัญญา ผู้คัดค้านจึงไม่ต้องรับผิดชอบความเสียหายในส่วนนี้ ซึ่งข้อพิพาทดังกล่าวอนุญาโตตุลาการมีคำวินิจฉัยว่าผู้ร้องตรวจสอบพบความชำรุดบกพร่องและความเสียหายของอาคารเรียนเฉพาะในส่วนของการแตกร้าวของผนังปูนหน้าอาคาร เสาค้ำยันคานผนัง และพื้นห้องช่างยนต์ตามเอกสารลงวันที่ 22 มีนาคม 2544 เป็นเวลาภายหลังจากครบกำหนด 2 ปีนับแต่วันที่ผู้ร้องได้รับมอบงานแล้ว นางสาวชมพู่ซึ่งเป็นผู้คัดค้านจึงไม่ต้องรับผิดชอบความเสียหายในส่วนนี้ซึ่งคิดเป็นเงิน 40,925 บาท เมื่อหักออกจากค่าซ่อมแซมทั้งหมดจำนวน 173,685 บาท คงเหลือค่าซ่อมแซมที่ผู้คัดค้านต้องรับผิดชอบเป็นเงินจำนวน 132,760 บาท 

ศาลปกครองพิจารณาแล้วเห็นว่าคำชี้ขาดของอนุญาโตตุลาการไม่ได้เป็นคำชี้ขาดวินิจฉัยข้อพิพาทซึ่งไม่อยู่ในขอบเขตของสัญญาอนุญาโตตุลาการหรือคำชี้ขาดวินิจฉัยเกินขอบเขตแห่งข้อตกลงในการเสนอข้อพิพาทต่ออนุญาโตตุลาการที่ศาลจะเพิกถอนได้ตามกฎหมาย ทั้งไม่ได้มีกรณีปรากฏว่าการยอมรับหรือการบังคับตามคำชี้ขาดนั้นเป็นการขัดต่อความสงบเรียบร้อยหรือศีลธรรมอันดีของประชาชนที่ศาลจะเพิกถอนได้ตามกฎหมาย ศาลปกครองจึงพิพากษายกคำร้องดังกล่าว (เทียบเคียงคำพิพากษาศาลปกครองกลางที่ 1482/2555)",,คู่มือการดำเนินคดีปกครองสำหรับประชาชน,2022-12-01 00:00:00
,,,,,,คดีที่อยู่ในอำนาจศาลปกครอง,1.4 คดีที่ไม่อยู่ในอำนาจของศาลปกครอง,เนื้อหา,"1 พระราชบัญญัติจัดตั้งศาลปกครองและวิธีพิจารณาคดีปกครอง พ.ศ.2542 ได้บัญญัติยกเว้นคดีดีพิพาทเกี่ยวกับหน่วยงามทางปกครองหรือเจ้าหน้าที่ของรัฐบางประเกทที่ไม่สามารถนำมาฟ้องต่อศาลได้ ได้แก่
- การดำเนินการเกี่ยวกับวินัยทหาร ไม่ว่าจะเป็นการลงทัณฑ์แก่ผู้กระทำผิดต่อวินัยทหารหรือเป็นการดำเนินการทางวินัยอย่างอื่น
- การดำเนินการของคณะกรรมการตุลาการ (ก.ต.) ตามพระราชบัญญัติระเบียบข้าราชการฝ่ายตุลาการศาลยุติธรรม พ.ศ.2543 ซึ่งมิใช่เป็นการพิจารณาพิพากษาคดี แต่เป็นการบริหารงานบุคคลของผู้พิพากษาศาลยุติธรรม เช่น การแต่งตั้งโยกย้าย การเลื่อนตำแหน่ง การลงโทษทางวินัย เป็นต้น
- คดีที่อยู่ในอำนาจของศาลชำนัญพิเศษต่างๆ ที่อยู่ในระบบศาลยุติธรรม ซึ่งได้จัดตั้งขึ้นก่อนที่จะมีการจัดตั้งศาลปกครอง ได้แก่ คดีที่อยู่ในอำนาจของศาลเยาวชนและครอบครัว คดีที่อยู่ในอำนาจของศาลแรงงาน คดีที่อยู่ในอำนอำนาจของศาลภาษีอากร คดีที่อยู่ในอำนาจของศาลทรัพย์สินทางปัญญาและการค้าระหว่างประเทศ คดีที่อยู่ในอำนาจของศาลล้มละลาย

2 คดีที่มีกฎหมายยกเว้นอำนาจศาลปกครองไว้โดยเฉพาะ เช่น พระราชบัญญัติการรักษาความมั่นคงภายใน พ.ศ. 2551 (มาตรา 23 ให้การดำเนินคดีใดๆ ตามพระระราชบัญญัตินี้อยู่ในอำนาจศาลยุติธรรม)

1.4.3 คดีที่ไม่อยู่ในอำนาจของศาลปกครองตามหลักกฎหมายทั่วไปและตามแนวคำวินิจฉัยของศาล เช่น การดำเนินงานตามกระบวนการยุติธรรมทางแพ่งหรือทางอาญา ตัวอย่างเช่น การฟ้องว่าเจ้าพนักงานบังคับคดียึดและขายทอดตลาดทรัพย์สิน โดยไม่ชอบซึ่งการบังคับคดีดังกล่าวเป็นการบังคับคดีแพ่งตามประมวลกฎหมายวิธีพิจารณาความแพ่งที่อยู่ในอำนาจของศาลยุติธรรม การจับกุมของเจ้าหน้าที่ตำรวจ การสอบสวนและการเปรียบเทียบปรับของพนักงานสอบสวน และการสั่งฟ้องหรือสั่งไม่ฟ้องคดีอาญาของพนักงานอัยการ ซึ่งเป็นขั้นตอนการดำเนินงานในกระบวนการยุติธรรมทางอาญาที่จะนำไปสู่การนำตัวผู้กระทำความผิดมาลงโทษทางอาญาตามที่บัญญัติไว้ในประมวลกฎหมายวิธีพิจารณาความอาญา เป็นต้น",ถ้าเจ้าหน้าที่รัฐลงโทษทางวินัยหรือโยกย้ายตำแหน่งโดยคำสั่งของคณะกรรมการตุลาการ เราฟ้องในศาลปกครองได้ไหม;คดีมรดกหรือคดีเกี่ยวกับทรัพย์สินในครอบครัว เราต้องไปฟ้องศาลไหน;ถ้าทหารทำผิดหรือมีปัญหาทางวินัยฟ้องศาลปกครอง;คดีทุจริตหรือคดีอาญาของเจ้าหน้าที่รัฐ อยู่ในศาลปกครองหรือศาลอาญา;ถ้าหน่วยงานรัฐขายทอดตลาดทรัพย์โดยไม่ถูกต้องจะฟ้องศาลปกครองได้หรือไม่;กรณีที่ดินออกโฉนดผิด เป็นหน้าที่ของศาลปกครองดูแลหรือไม่;ถ้ามีปัญหากับกระบวนการยุติธรรม เช่น พนักงานอัยการหรือพนักงานสอบสวนทำไม่ถูกต้องจะฟ้องศาลปกครองได้หรือไม่;พระราชบัญญัติบางฉบับระบุไว้ชัดเจนว่าให้ฟ้องที่ศาลยุติธรรม แบบนี้ศาลปกครองรับเรื่องได้ไหม;ถ้าคดีมีข้อพิพาทเกี่ยวกับความมั่นคงภายในประเทศฟ้องศาลปกครองใช่ไหม;การที่ผู้ต้องหาไม่จ่ายค่าปรับ แล้วรัฐจะดำเนินการอะไรต่อ เป็นเรื่องของศาลปกครองหรือไม่;,คู่มือการดำเนินคดีปกครองสำหรับประชาชน,2022-12-01 00:00:00
,,,,,,เงื่อนไขในการฟ้องคดีปกครอง,2. เงื่อนไขในการฟ้องคดีปกครอง,เนื้อหา,"ผู้ที่ประสงค์จะยื่นฟ้องต่อคดีศาลปกครองจะต้องพิจารณาเงื่อนไขการฟ้องคดีปกครองก่อนมายื่นคำฟ้อง ดังนี้
1. ต้องเป็นผู้เดือดร้อนเสียหายหรืออาจจะเดือดร้อนหรือเสียหายโดยไม่อาจหลีกเลี่ยงได้อันเนื่องจากการกระทำหรือการเว้นการกระทำของหน่วยงานทางปกครองหรือเจ้าหน้าที่ของรัฐ หรือมีข้อโต้แย้งเกี่ยวกับสัญญาทางปกครอง
2. หากเป็นคดีที่มีกฎหมายกำหนดให้ดำเนินการแก้ไขความเดือดร้อนหรือเสียหายก่อนนำคดีมาฟ้องต่อศาลปกครอง ผู้ประสงค์จะยื่นฟ้องคดีจะต้องดำเนินการให้เสร็จสิ้นก่อน
3. ต้องยื่นคำฟ้องภายในระยะเวลาที่กฎหมายกำหนด
4. ต้องจัดทำคำฟ้องโดยมีรายการครบถ้วนตามที่กฎหมายกำหนด
5. ต้องเป็นกรณีที่คำขอต้องเป็นคำขอที่ศาลออกคำบังคับให้ได้ตามกฎหมาย
6. คดีที่ศาลปกครองได้เคยมีคำพิพากษาหรือคำสั่งชี้ขาดคดีถึงที่สุดแล้ว ห้ามมิให้คู่กรณีเดียวกันฟ้องซ้ำอีกในประเด็นที่ได้วินิจฉัยโดยอาศัยเหตุอย่างเดียวกันเพราะถือว่าเป็นการฟ้องซ้ำ ตามข้อ 97 ของระเบียบของที่ประชุมใหญ่ตุลาการในศาลปกครองสูงสุด ว่าด้วยวิธีพิจารณาคดีปกครอง พ.ศ. 2543
7. ต้องมีการชำระค่าธรรมเนียมศาลโดยครบถ้วน
8. ผู้ฟ้องคดีต้องเป็นผู้ที่มีความสามารถตามกฎหมาย",ใครสามารถฟ้องคดีปกครองได้บ้าง ต้องเป็นผู้เดือดร้อนจริงใช่ไหม;ถ้าเรายังไม่เดือดร้อนตอนนี้ แต่อนาคตอาจเสียหาย เราฟ้องไว้ก่อนได้ไหม;ก่อนจะฟ้องศาลปกครอง เราต้องไปร้องเรียนหรือขอให้หน่วยงานแก้ไขก่อนหรือเปล่า;ถ้าไม่ไปขอให้หน่วยงานแก้ไขก่อน จะฟ้องศาลปกครองได้ไหม;ฟ้องคดีปกครองต้องยื่นภายในกี่วัน ถ้าช้าไปจะเป็นอะไรไหม;จะเริ่มนับวันฟ้องจากวันไหน นับยังไงให้ถูกต้อง;คำฟ้องต้องเขียนยังไง มีอะไรต้องแนบไปบ้าง;เราต้องจ้างทนายเขียนคำฟ้องหรือเขียนเองก็ได้;ศาลปกครองสามารถสั่งให้หน่วยงานทำตามคำขอได้ทุกเรื่องไหม;ถ้าศาลเคยตัดสินคดีนี้ไปแล้วจะฟ้องใหม่ได้อีกไหม;การฟ้องเรื่องเดิมซ้ำอีกครั้ง ศาลจะรับเรื่องหรือไม่;ต้องเสียค่าธรรมเนียมศาลเท่าไหร่ตอนยื่นฟ้องคดีปกครอง;ถ้าไม่มีเงินจ่ายค่าธรรมเนียมศาล จะยื่นฟ้องได้ไหม;เด็กหรือคนที่ไม่มีความสามารถทางกฎหมายจะฟ้องคดีปกครองเองได้ไหม;ถ้าฟ้องไม่ครบตามเงื่อนไข ศาลจะรับคดีไว้พิจารณาไหมหรือไม่รับเลย;,คู่มือการดำเนินคดีปกครองสำหรับประชาชน,2022-12-01 00:00:00
,,,,,,เงื่อนไขในการฟ้องคดีปกครอง,2.1 ต้องเป็นผู้เดือดร้อนเสียหายหรืออาจจะเดือดร้อนหรือเสียหายโดยไม่อาจหลีกเลี่ยงได้อันเนื่องจากการกระทำหรือการเว้นการกระทำของหน่วยงานทางปกครองหรือเจ้าหน้าที่ของรัฐ หรือมีข้อโต้แย้งเกี่ยวกับสัญญาทางปกครอง,เนื้อหา,"1 ต้องเป็นผู้เดือดร้อนเสียหายหรืออาจจะเดือดร้อนหรือเสียหายโดยไม่อาจหลีกเลี่ยงได้อันเนื่องจากการกระทำหรือการเว้นการกระทำของหน่วยงานทางปกครองหรือเจ้าหน้าที่ของรัฐ หรือมีข้อโต้แย้งเกี่ยวกับสัญญาทางปกครอง 
กล่าวคือ ในคดีที่ฟ้องเพิกถอนกฎหรือคำสั่ง หรือคดีละเลยล่าช้าตามมาตรา 9 วรรคหนึ่ง (1) และ (2) ใช้หลักผู้เสียหายอย่างกว้าง คือแม้แต่ผู้ได้รับความกระทบกระเทือนจากคำสั่งนั้น ส่วนคดีละเมิดหรือคดีสัญญาทางปกครองตามมาตรา 9 วรรคหนึ่ง (3) และ (4) ให้ใช้หลักผู้เสียหายอย่างแคบ คือ ต้องเป็นผู้เสียหายโดยตรงจากคำสั่งนั้น โดยตรงสำหรับคดีเช่นสุขา นอกจากนี้เป็นผู้มีสิทธิฟ้องถูกต้องได้เพียงครั้งเดียวเท่านั้น",ใครกันแน่ที่สามารถฟ้องศาลปกครองได้;ถ้าไม่ได้รับผลกระทบโดยตรง แต่อึดอัดใจกับคำสั่งของรัฐจะฟ้องได้ไหม;ถ้าเราเป็นประชาชนทั่วไปที่ได้รับผลกระทบจากกฎหรือระเบียบของหน่วยงานรัฐ เรามีสิทธิฟ้องหรือไม่;คำว่า “เดือดร้อนหรือเสียหาย” หมายถึงอะไร ต้องแค่ไหนถึงฟ้องได้;เราต้องเสียหายจริง ๆ หรือแค่มีแนวโน้มจะเสียหายก็ฟ้องได้;ถ้าเจ้าหน้าที่รัฐออกคำสั่งที่กระทบสิทธิเราโดยตรงจะมีสิทธิฟ้องทันทีเลยไหม;ฟ้องเรื่องที่หน่วยงานรัฐออกคำสั่งล่าช้า ต้องเป็นผู้เสียหายโดยตรงเท่านั้นใช่ไหม;กรณีเกี่ยวกับสัญญากับหน่วยงานรัฐ ใครมีสิทธิฟ้องได้บ้าง;คนทั่วไปที่ไม่ได้เป็นคู่สัญญากับรัฐ สามารถฟ้องเรื่องสัญญาของรัฐได้ไหม;ถ้าได้รับผลกระทบทางอ้อม เช่น อยู่ในชุมชนใกล้โครงการของรัฐ จะฟ้องศาลปกครองได้ไหม;ผู้เสียหายจากคำสั่งต้องเป็นใครก็ได้ หรือเฉพาะผู้มีชื่อในคำสั่งเท่านั้น;คำว่า “ฟ้องได้ครั้งเดียว” หมายความว่าอะไร ถ้าแพ้แล้วจะฟ้องใหม่ไม่ได้เลยเหรอ;ถ้ารู้ตัวช้าแล้วค่อยฟ้อง จะถือว่าเป็นผู้เสียหายตามกฎหมายหรือเปล่า;ถ้ารวมกลุ่มกันฟ้องเป็นชุมชน เช่น โครงการรัฐทำให้เดือดร้อน ได้ไหม;คดีแบบไหนที่ถือว่าต้องเป็นผู้เสียหายโดยตรงเท่านั้นถึงจะฟ้องได้;,คู่มือการดำเนินคดีปกครองสำหรับประชาชน,2022-12-01 00:00:00
,,,,,,เงื่อนไขในการฟ้องคดีปกครอง,2.2 หากเป็นคดีที่มีกฎหมายกำหนดให้ดำเนินการแก้ไขความเดือดร้อนหรือเสียหายก่อนนำคดีมาฟ้องต่อศาลปกครอง ผู้ประสงค์จะยื่นฟ้องคดีจะต้องดำเนินการให้เสร็จสิ้นก่อน,เนื้อหา,"2 หากเป็นคดีที่มีกฎหมายกำหนดให้ดำเนินการแก้ไขความเดือดร้อนหรือเสียหายก่อนนำคดีมาฟ้องต่อศาลปกครอง ผู้ประสงค์จะยื่นฟ้องคดีจะต้องดำเนินการให้เสร็จสิ้นก่อน
เช่น กรณีที่มีกฎหมายกำหนดให้ต้องอุทธรณ์คำสั่งทางปกครอง ผู้ประสงค์จะฟ้องคดีต่อศาลจะต้องอุทธรณ์คำนั้นก่อนภายในเวลาที่กฎหมายกำหนด เมื่อเจ้าหน้าที่หรือคณะกรรมการที่ได้รับคำอุทธรณ์มีหรือไม่มีคำวินิจฉัยอุทธรณ์ภายในเวลาที่กฎหมายกำหนดหรือเมื่อเวลานั้นล่วงเลย ผู้ประสงค์จะฟ้องคดีจึงมีสิทธิ์นำคดีมาฟ้องต่อศาลปกครองได้ 
กรณีที่มีกฎหมายกำหนดให้ต้องอุทธรณ์คำสั่งทางปกครองแต่ผู้ประสงค์จะฟ้องคดีไม่ได้อุทธรณ์คำสั่ง หรืออุทธรณ์คำสั่งแล้วแต่ยังไม่ทราบผลการพิจารณาและยังอยู่ในระยะเวลาการพิจารณาอุทธรณ์ แต่ผู้ประสงค์จะฟ้องคดีกลับรีบนำคดีมาฟ้องศาลศาลปกครองจะมีคำสั่งไม่รับคำฟ้องนั้นไว้พิจารณา",ถ้าเราโดนคำสั่งจากหน่วยงานรัฐที่ไม่เป็นธรรมจะฟ้องศาลปกครองได้เลยไหม;ก่อนจะฟ้องศาลปกครอง ต้องทำอะไรบ้างตามกฎหมาย;คำว่า “ต้องอุทธรณ์ก่อนฟ้อง” หมายความว่าอย่างไร;ถ้าเราไม่อุทธรณ์คำสั่งแล้วไปฟ้องศาลปกครองเลย ศาลจะรับฟ้องหรือเปล่า;เรารู้ได้ยังไงว่าคำสั่งที่เราได้รับต้องอุทธรณ์ก่อนหรือไม่ต้องอุทธรณ์;ถ้าเรายื่นอุทธรณ์แล้วเจ้าหน้าที่ยังไม่ตอบภายในกำหนดจะฟ้องศาลได้เลยไหม;อุทธรณ์ต้องยื่นภายในกี่วันหลังได้รับคำสั่ง;ต้องเขียนคำอุทธรณ์อย่างไร ใช้แบบฟอร์มหรือเปล่า;ถ้าเลยกำหนดยื่นอุทธรณ์ไปแล้ว ยังสามารถฟ้องศาลปกครองได้ไหม;ถ้าเจ้าหน้าที่ออกคำสั่งให้ออกจากราชการ ต้องอุทธรณ์ก่อนใช่ไหมถึงจะฟ้องศาลได้;กรณีที่ยื่นอุทธรณ์แต่ยังไม่มีคำตอบ ศาลจะรับฟ้องหรือยังต้องรอให้มีคำวินิจฉัยก่อน;ถ้าไม่รู้ว่าต้องอุทธรณ์ แล้วไปฟ้องศาลเลย แบบนี้จะมีทางแก้ไหม;ถ้ากฎหมายไม่ได้ระบุว่าต้องอุทธรณ์ก่อนสามารถฟ้องศาลได้เลยไหม;อุทธรณ์กับการฟ้องศาลปกครองต่างกันยังไง;กรณีไหนบ้างที่ต้องอุทธรณ์ก่อน แล้วกรณีไหนที่ฟ้องได้เลย;,คู่มือการดำเนินคดีปกครองสำหรับประชาชน,2022-12-01 00:00:00
,,,,,,เงื่อนไขในการฟ้องคดีปกครอง,2.3 ต้องยื่นคำฟ้องภายในระยะเวลาที่กฎหมายกำหนด,เนื้อหา,"3 ต้องยื่นคำฟ้องภายในระยะเวลาที่กฎหมายกำหนด
คดีพิพาทเกี่ยวกับการที่หน่วยงานทางปกครองหรือเจ้าหน้าที่ของรัฐออกกฎ คำสั่งทางปกครองหรือกระทำการอื่นใดโดยไม่ชอบด้วยกฎหมาย
ต้องยื่นฟ้องคดีต่อศาลปกครองภายใน 90 วัน นับแต่วันที่รู้หรือควรรู้ถึงเหตุแห่งการฟ้องคดี
คดีพิพาทเกี่ยวกับการที่หน่วยงานทางปกครองหรือเจ้าหน้าที่ของรัฐละเลยต่อหน้าที่ตามที่กฎหมายกำหนดให้ต้องปฏิบัติหรือปฏิบัติหน้าที่ล่าช้าเกินสมควรต้องยื่นฟ้องคดีต่อศาลปกครอง ภายใน 90 วัน นับแต่วันที่รู้หรือควรรู้ถึงเหตุแห่งการฟ้องคดี
กรณีที่ผู้ฟ้องคดีได้มีหนังสือร้องขอต่อหน่วยงานทางปกครองหรือเจ้าหน้าที่ของรัฐให้ปฏิบัติหน้าที่อย่างใดอย่างหนึ่งแต่หน่วยงานละเลยต่อหน้าที่หรือปฏิบัติหน้าที่ล่าช้าเกินสมควรให้เริ่มนับระยะเวลาการฟ้องคดีตั้งแต่วันที่พ้นกำหนด 90 วัน นับแต่วันที่ผู้ฟ้องคดีได้มีหนังสือร้องขอต่อหน่วยงาน
หากผู้ฟ้องคดีได้รับหนังสือชี้แจงจากหน่วยงาน แต่เห็นว่าเป็นคำชี้แจงที่ไม่มีเหตุผล ให้เริ่มนับระยะเวลาการฟ้องคดีตั้งแต่วันที่ได้รับหนังสือชี้แจง
คดีพิพาทเกี่ยวกับการกระทำละเมิดหรือความรับผิดต่ออย่างอื่นของหน่วยงานทางปกครองหรือเจ้าหน้าที่ของรัฐ ให้ยื่นฟ้อง ภายใน 1 ปี นับแต่วันที่รู้หรือควรรู้ถึงเหตุแห่งการฟ้องคดี แต่ไม่เกิน 10 ปี นับแต่วันที่มีเหตุแห่งการฟ้องคดี
คดีพิพาทเกี่ยวกับสัญญาทางปกครอง ให้ยื่นฟ้อง ภายใน 5 ปี นับแต่วันที่รู้หรือควรรู้ถึงเหตุแห่งการฟ้องคดี แต่ไม่เกิน 10 ปี นับแต่วันที่มีเหตุแห่งการฟ้องคดี
คดีพิพาทเกี่ยวกับการคุ้มครองประโยชน์สาธารณะ หรือคดีพิพาทเกี่ยวกับสัญชาติของบุคคลจะยื่นฟ้องเมื่อใดก็ได้
การฟ้องคดีปกครองที่ยื่นฟ้องเมื่อพ้นกำหนดเวลาการฟ้องคดีแล้ว หากศาลเห็นว่าเป็นประโยชน์แก่ส่วนรวม หรือมีเหตุจำเป็นอื่น ศาลปกครองอาจรับไว้พิจารณาก็ได้","ฟ้องศาลปกครองต้องยื่นภายในกี่วันหลังเกิดเหตุ;จะเริ่มนับวันที่ 90 วันจากวันไหน จากวันที่ได้รับหนังสือหรือวันที่รู้เรื่อง;ถ้าไม่ได้รับหนังสือ แต่รู้ข่าวจากคนอื่น จะเริ่มนับวันฟ้องได้ไหม;กรณีหน่วยงานรัฐออกคำสั่งที่ไม่เป็นธรรม ต้องรีบฟ้องในกี่วัน;ถ้าเคยยื่นหนังสือร้องขอต่อหน่วยงานรัฐ แต่เขาไม่ทำตาม ต้องรอนานแค่ไหนถึงจะฟ้องได้;หากหน่วยงานตอบกลับแต่เราคิดว่าคำตอบไม่สมเหตุสมผล แบบนี้เริ่มนับวันฟ้องจากเมื่อไหร่;คดีละเมิดของหน่วยงานรัฐ เช่น ทำให้เสียหายโดยตรง ต้องฟ้องภายในกี่ปี;ถ้าเกิดเหตุมาเกิน 10 ปีแล้ว ยังสามารถฟ้องได้ไหม;เรื่องเกี่ยวกับสัญญากับรัฐ เช่น งานก่อสร้าง ต้องฟ้องภายในกี่ปี;ถ้าไม่แน่ใจว่าสัญญานั้นเกิดเหตุเมื่อไหร่ จะนับเวลาเริ่มฟ้องจากจุดไหน;ถ้าเป็นคดีเกี่ยวกับประโยชน์ของส่วนรวม เช่น ชุมชนเสียหายจากโครงการรัฐ ต้องฟ้องภายในกี่วัน;กรณีเรื่องสัญชาติของคน สามารถฟ้องศาลปกครองเมื่อไหร่ก็ได้จริงหรือไม่;ถ้าเรายื่นฟ้องเลยกำหนด ศาลจะไม่รับฟ้องเลยใช่ไหม;มีกรณีไหนบ้างที่ศาลอาจรับฟ้องแม้เลยกำหนดเวลาแล้ว;ศาลพิจารณายังไงว่าเหตุผลของเราสมควรให้รับฟ้องหลังหมดเวลา;

",คู่มือการดำเนินคดีปกครองสำหรับประชาชน,2022-12-01 00:00:00
,,,,,,เงื่อนไขในการฟ้องคดีปกครอง,2.4 ต้องจัดทำคำฟ้องโดยมีรายการครบถ้วนตามที่กฎหมายกำหนด,เนื้อหา,"4 ต้องจัดทำคำฟ้องโดยมีรายการครบถ้วนตามที่กฎหมายกำหนด
โดยจะพิมพ์หรือเขียนด้วยลายมือก็ได้ แต่จะต้องมีองค์ประกอบ ดังนี้
- ชื่อและที่อยู่ผู้ฟ้องคดี โดยจะต้องระบุชื่อและที่อยู่ให้ชัดเจน และเป็นที่อยู่ที่สามารถติดต่อได้ เพื่อประโยชน์ในการนัดหมายหรือส่งเอกสารต่าง ๆ ที่เกี่ยวข้องกับคดี
- ชื่อหน่วยงานทางปกครองหรือเจ้าหน้าที่ของรัฐที่ประสงค์จะฟ้อง
- การกระทำอันเป็นเหตุแห่งการฟ้องคดีซึ่งทำให้เดือดร้อนหรือเสียหาย
- คำขอประโยชน์ให้ศาลปกครองสั่งหรือพิจารณาอย่างใดเพื่อบรรเทาความเดือดร้อนหรือเสียหาย และจะต้องไม่เป็นเรื่องที่ศาลไม่มีอำนาจพิจารณาหรือบังคับได้
- ลายมือชื่อของผู้ฟ้องคดี",คำฟ้องศาลปกครองต้องเขียนอะไรบ้างถึงจะครบถ้วน;การฟ้องต้องใส่ชื่อที่อยู่ของทุกครั้งใช่ไหม ถ้าลืมใส่จะมีปัญหาไหม;ถ้าระบุที่อยู่ผิด หรือเจ้าหน้าที่ติดต่อเราไม่ได้ จะเกิดอะไรขึ้น;ต้องระบุชื่อหน่วยงานหรือเจ้าหน้าที่ที่เราจะฟ้องให้ชัดเจนไหม;ถ้าไม่รู้ชื่อตำแหน่งของเจ้าหน้าที่เป๊ะ ๆ จะฟ้องได้ไหม;ต้องเขียนเหตุการณ์ว่าเดือดร้อนยังไงให้ละเอียดแค่ไหน;คำว่า “เหตุแห่งการฟ้องคดี” หมายถึงอะไร เขียนแบบไหนถึงจะเข้าใจได้;ต้องบอกให้ชัดว่าต้องการให้ศาลช่วยอะไรใช่ไหม เช่น ขอให้ยกเลิกคำสั่งหรือสั่งให้ทำอะไรบางอย่าง;ศาลจะรับคำฟ้องไหม ถ้าขอในเรื่องที่ศาลไม่มีอำนาจตัดสิน;คำขอในคำฟ้องต้องชัดแค่ไหน ขอแบบกว้าง ๆ ได้หรือเปล่า;เราต้องเซ็นชื่อท้ายคำฟ้องเองทุกครั้งใช่ไหม ถ้าไม่มีลายเซ็นจะเป็นไรไหม;สามารถเขียนคำฟ้องด้วยลายมือได้ไหม หรือว่าต้องพิมพ์อย่างเดียว;ถ้าเขียนคำฟ้องเองโดยไม่ได้ใช้ทนาย ศาลจะรับฟ้องไหม;มีแบบฟอร์มหรือเอกสารตัวอย่างคำฟ้องให้ดูไหม;คำฟ้องที่ไม่ครบถ้วน ศาลจะปฏิเสธเลยหรือเรียกให้แก้ไขได้ก่อน;,คู่มือการดำเนินคดีปกครองสำหรับประชาชน,2022-12-01 00:00:00
,,,,,,เงื่อนไขในการฟ้องคดีปกครอง,2.5 ต้องเป็นกรณีที่คำขอต้องเป็นคำขอที่ศาลออกคำบังคับให้ได้ตามกฎหมาย,เนื้อหา,"5 ต้องเป็นกรณีที่คำขอต้องเป็นคำขอที่ศาลออกคำบังคับให้ได้ตามกฎหมาย
คำขอท้ายคำฟ้องเป็นข้อความแสดงความต้องการของผู้ฟ้องคดี ว่าประสงค์ให้ศาลปกครองพิจารณาพิพากษาคดีหรือมีคำสั่งอย่างไร เพื่อบรรเทาความเดือดร้อนหรือเสียหายที่ได้รับ ซึ่งคำขอนั้นต้องเป็นคำขอที่ศาลปกครองมีอำนาจสั่งให้ได้ตามมาตรา 72 แห่งพระราชบัญญัติจัดตั้งศาลปกครองและวิธีพิจารณาคดีปกครอง พ.ศ. 2542 ซึ่งบัญญัติไว้ ดังนี้
- สั่งให้เพิกถอนกฎหรือคำสั่งหรือสั่งห้ามการกระทำทั้งหมดหรือบางส่วนในกรณีที่มีการฟ้องว่าหน่วยงานทางปกครอง หรือเจ้าหน้าที่ของรัฐกระทำการโดยไม่ชอบด้วยกฎหมายตามมาตรา 9 วรรคหนึ่ง (1)
- สั่งให้หัวหน้าหน่วยงานทางปกครองหรือเจ้าหน้าที่ของรัฐที่เกี่ยวข้องปฏิบัติตามหน้าที่ภายในเวลาที่ศาลปกครองกำหนดในกรณีที่มีการฟ้องว่าหน่วยงานทางปกครองหรือเจ้าหน้าที่ของรัฐละเลยต่อหน้าที่หรือปฏิบัติหน้าที่ล่าช้าเกินสมควร
- สั่งให้ใช้เงินหรือให้ส่งมอบทรัพย์สิน หรือให้กระทำการ หรืองดเว้นกระทำการ โดยจะกำหนดระยะเวลาและเงื่อนไขอื่นๆไว้ด้วยก็ได้ ในกรณีที่มีการฟ้องเกี่ยวกับการกระทำละเมิดหรือความรับผิดของหน่วยงานทางปกครองหรือเจ้าหน้าที่ของรัฐ หรือการฟ้องคดีเกี่ยวกับสัญญาทางปกครอง
- สั่งให้ถือปฏิบัติต่อสิทธิหรือหน้าที่ของบุคคลที่เกี่ยวข้องในกรณีที่มีการฟ้องให้ศาลมีคำพิพากษาแสดงความเป็นอยู่ของสิทธิหรือหน้าที่นั้น
- สั่งให้บุคคลกระทำหรือละเว้นกระทำอย่างหนึ่งอย่างใดเพื่อให้เป็นไปตามกฎหมาย ทั้งนี้ คำขอของผู้ฟ้องคดีตี้ต้องสอดคล้องกับการกระทำอันเป็นเหตุแห่งการฟ้องคดีด้วย",คำขอในคำฟ้องคืออะไร ต้องเขียนยังไง;ศาลปกครองสามารถสั่งอะไรได้บ้างในคดีที่เราฟ้อง;ถ้าเราขอสิ่งที่ศาลไม่มีอำนาจจะสั่ง ศาลจะรับฟ้องไหม;ถ้าหน่วยงานรัฐออกคำสั่งไม่ถูกต้องจะขอให้ศาลยกเลิกคำสั่งนั้นได้ไหม;ถ้าหน่วยงานไม่ทำงานตามหน้าที่จะขอให้ศาลสั่งให้เขาทำได้ไหม;กรณีที่เราเสียหายจากการกระทำของเจ้าหน้าที่รัฐจะขอให้ศาลสั่งให้ชดใช้เงินได้หรือไม่;เราสามารถขอให้ศาลสั่งให้หน่วยงานหยุดทำบางอย่างที่กระทบเราได้ไหม;ขอให้ศาลช่วยให้เราได้ทรัพย์สินคืนจากรัฐทำได้หรือไม่;ถ้ามีปัญหากับสัญญาที่ทำกับหน่วยงานรัฐ ศาลช่วยอะไรได้บ้าง;ศาลปกครองมีอำนาจสั่งให้ปลดเจ้าหน้าที่รัฐออกจากตำแหน่งไหม;ศาลปกครองสามารถสั่งให้บุคคลใดทำหรือไม่ทำบางอย่างได้ไหม;ขอให้ศาลสั่งให้หน่วยงานออกเอกสารหรือใบอนุญาตให้เราได้หรือไม่;ถ้าไม่แน่ใจว่าศาลมีอำนาจตามที่เราขอหรือไม่ ควรทำยังไง;ขอให้ศาลสั่งให้รัฐมาขอโทษหรือยอมรับผิด จะขอแบบนั้นได้ไหม;คำขอที่ศาลมีอำนาจสั่งได้ ต้องเกี่ยวกับกฎหมายโดยตรงเท่านั้นหรือไม่;,คู่มือการดำเนินคดีปกครองสำหรับประชาชน,2022-12-01 00:00:00
,,,,,,เงื่อนไขในการฟ้องคดีปกครอง,2.6 ต้องไม่เป็นฟ้องซ้ำ ฟ้องซ้อน หรือดำเนินกระบวนพิจารณาซ้ำ ,เนื้อหา,"6 คดีที่ศาลปกครองได้เคยมีคำพิพากษาหรือคำสั่งชี้ขาดคดีถึงที่สุดแล้ว ห้ามมิให้คู่กรณีเดียวกันฟ้องซ้ำอีกในประเด็นที่ได้วินิจฉัยโดยอาศัยเหตุอย่างเดียวกัน เพราะถือว่าเป็นการฟ้องซ้ำ ตามข้อ 97 ของระเบียบของที่ประชุมใหญ่ตุลาการในศาลปกครองสูงสุด ว่าด้วยวิธีพิจารณาคดีปกครอง พ.ศ. 2543
คดีที่ได้ยื่นฟ้องต่อศาลปกครองแล้ว และอยู่ระหว่างการพิจารณาคดีของศาล
ผู้ฟ้องคดีจะยื่นคำฟ้องเรื่องเดียวกันต่อศาลปกครองเดิม หรือศาลปกครองอื่นไม่ได้เพราะถือว่าเป็นการฟ้องซ้อน ตามข้อ 36 (1) ของระเบียบของที่ประชุมใหญ่ฯ
เมื่อศาลมีคำพิพากษาหรือคำสั่งถึงที่สุดในคดีหรือประเด็นข้อใดแห่งคดีแล้ว
ห้ามมิให้ดำเนินการหรือกระทำการในคดีนั้นอีกเกี่ยวกับคดีหรือประเด็นที่ได้วินิจฉัยไว้แล้ว เว้นแต่:
1 การแก้ไขโดยกฎหมายหรือมีคำวินิจฉัยของศาลรัฐธรรมนูญตามข้อ 95
2 การวินิจฉัยใหม่ของศาลปกครองสูงสุดหรือมีคำสั่งใหม่ตามมาตรา 75
3 การพิจารณาใหม่เพิกถอนคำพิพากษาหรือคำสั่งเดิมกรณีประธานศาลปกครองสูงสุดหารืออนุสัญญาตามข้อ 21
4 การยืน การรับ หรือไม่รับอุทธรณ์ตามมาตรา 73
5 กรณีที่ศาลมีคำพิพากษาหรือมีการพิจารณาซ้ำระหว่างการพิจารณาคดีที่ยังอยู่ระหว่างการพิจารณาของศาลปกครองอื่นตามข้อ 104 หรือข้อ 106
6 การที่ศาลปกครองสูงสุดส่งคดีกลับไปยังศาลปกครองชั้นต้น
ที่ได้พิจารณาและพิพากษาหรือมีคำสั่งคดีนั้น เพื่อให้พิพากษาหรือมีคำสั่งใหม่หรือพิจารณาและพิพากษาหรือมีคำสั่งใหม่ ตามข้อ 112
7 การบังคับคดีตามคำพิพากษาหรือคำสั่งเพราะถือว่าเป็นการดำเนินกระบวนพิจารณาซ้ำตามข้อ 96 ของระเบียบของที่ประชุมใหญ่ฯ",ถ้าเคยฟ้องคดีปกครองแล้วแพ้ ยังสามารถฟ้องเรื่องเดิมได้อีกไหม;คดีที่ศาลเคยตัดสินไปแล้ว จะเอามาฟ้องใหม่ได้หรือเปล่า;คำว่า “ฟ้องซ้ำ” กับ “ฟ้องซ้อน” ต่างกันยังไง;ถ้าฟ้องคดีเรื่องเดียวกันซ้ำอีก ศาลจะทำยังไง;ถ้าเปลี่ยนแค่บางส่วนในคำฟ้อง ศาลจะถือว่าเป็นคดีใหม่หรือฟ้องซ้ำ;ถ้าศาลยังไม่ตัดสิน แต่ยื่นฟ้องเรื่องเดียวกันอีกที่ศาลอื่น แบบนี้ผิดไหม;กรณีที่คำพิพากษาเดิมใช้กฎหมายผิด เราสามารถขอให้ศาลพิจารณาใหม่ได้ไหม;มีเหตุผลแบบไหนที่ทำให้สามารถพิจารณาคดีเดิมซ้ำได้อีก;ถ้าศาลรัฐธรรมนูญมีคำวินิจฉัยใหม่จะฟ้องคดีที่เคยถูกตัดสินไปแล้วได้ไหม;กรณีที่ศาลปกครองสูงสุดส่งคดีกลับมาให้ศาลชั้นต้นพิจารณาใหม่ แบบนี้ถือว่าเป็นคดีใหม่หรือเปล่า;ถ้าอยากให้ศาลพิจารณาคำพิพากษาเก่าใหม่หมดเลยทำได้ไหม;ถ้าศาลไม่รับอุทธรณ์ แบบนี้ถือว่าคดีถึงที่สุดแล้วหรือยัง;การที่ศาลสั่งให้บังคับคดีเดิม ถือว่าเป็นการเปิดคดีใหม่หรือแค่ดำเนินตามเดิม;จะรู้ได้ยังไงว่าคดีที่เคยฟ้องไปแล้วเป็น “ถึงที่สุด” แล้วจริงหรือไม่;ถ้าเคยฟ้องแล้วถอนฟ้องเอง จะสามารถยื่นฟ้องใหม่ได้หรือเปล่า,คู่มือการดำเนินคดีปกครองสำหรับประชาชน,2022-12-01 00:00:00
,,,,,,เงื่อนไขในการฟ้องคดีปกครอง,2.6 ต้องไม่เป็นฟ้องซ้ำ ฟ้องซ้อน หรือดำเนินกระบวนพิจารณาซ้ำ ,เนื้อหา,"ระเบียบของที่ประชุมใหญ่ตุลาการในศาลปกครองสูงสุด ว่าด้วยวิธีพิจารณาคดีปกครอง พ.ศ. 2543

ข้อ 36 นับแต่เวลาที่ได้ยื่นคำฟ้องต่อศาลแล้ว คดีนั้นอยู่ในระหว่างการพิจารณา และผลแห่งการนี้
(1) ห้ามมิให้ผู้ฟ้องคดียื่นคำฟ้องเรื่องเดียวกันนั้นต่อศาลเดียวกันหรือต่อศาลอื่นอีก และ
(2) ถ้ามีเหตุเปลี่ยนแปลงเกิดขึ้นในพฤติการณ์อันเกี่ยวด้วยการยื่นฟ้องคดีต่อศาลที่มีเขตอำนาจศาลเหนือคดีนั้น เช่น การเปลี่ยนแปลงเขตอำนาจศาลหรือการเปลี่ยนแปลงภูมิลำเนาของผู้ฟ้องคดี การเปลี่ยนแปลงเช่นว่านั้นหาตัดอำนาจศาลที่รับคำฟ้องไว้ในอันที่จะพิจารณาพิพากษาคดีนั้นไม่

ข้อ 96 เมื่อศาลมีคำพิพากษาหรือคำสั่งชี้ขาดคดีหรือประเด็นข้อใดแห่งคดีแล้ว ห้ามมิให้ดำเนินกระบวนพิจารณาในศาลนั้นอันเกี่ยวกับคดีหรือประเด็นที่ได้วินิจฉัยชี้ขาดแล้วนั้น เว้นแต่
(1) การแก้ไขข้อผิดพลาดหรือผิดหลงเล็กน้อยตามข้อ 95
(2) การพิจารณาพิพากษาหรือมีคำสั่งชี้ขาดคดีใหม่ตามมาตรา 75
(3) การพิจารณาใหม่แห่งคดีที่สำนวนคดีหรือเอกสารในสำนวนคดีสูญหายหรือบุบสลายตามข้อ 21
(4) การยื่น การรับ หรือไม่รับอุทธรณ์ตามมาตรา 73
(5) การดำเนินการเกี่ยวกับการบรรเทาทุกข์ชั่วคราวในระหว่างการยื่นอุทธรณ์ ซึ่งคำอุทธรณ์อยู่ระหว่างการพิจารณาของศาลปกครองชั้นต้นตามข้อ 104 หรือข้อ 106
(6) การที่ศาลปกครองสูงสุดส่งคดีคืนไปยังศาลปกครองชั้นต้นที่ได้พิจารณาและพิพากษาหรือมีคำสั่งคดีนั้นเพื่อให้พิพากษาหรือมีคำสั่งใหม่หรือพิจารณาและพิพากษาหรือมีคำสั่งใหม่ ตามข้อ 112
(7) การบังคับคดีตามคำพิพากษาหรือคำสั่ง

ข้อ 97 คดีที่ได้มีคำพิพากษาหรือคำสั่งชี้ขาดคดีถึงที่สุดแล้ว ห้ามมิให้คู่กรณีเดียวกันฟ้องกันอีกในประเด็นที่ได้วินิจฉัยโดยอาศัยเหตุอย่างเดียวกัน",,คู่มือการดำเนินคดีปกครองสำหรับประชาชน,2022-12-01 00:00:00
,,,,,,เงื่อนไขในการฟ้องคดีปกครอง,2.7 ต้องมีการชำระค่าธรรมเนียมศาลโดยครบถ้วน,เนื้อหา,"โดยปกติการยื่นฟ้องคดีปกครองไม่ต้องเสียค่าธรรมเนียมศาล เว้นแต่เป็นการฟ้องคดีเกี่ยวกับสัญญาทางปกครองหรือละเมิดหรือความรับผิดอย่างอื่นเพื่อให้ศาลสั่งให้มีการชดใช้เงินหรือส่งมอบทรัพย์สิน ผู้ฟ้องคดีจะเสียค่าธรรมเนียมศาลในอัตราที่ระบุไว้ในตาราง 1 ท้ายประมวลกฎหมายวิธีพิจารณาความแพ่ง ซึ่งกำหนดไว้สำหรับคดีฟ้องขอปลดเปลื้องทุกข์อันคำนวณเป็นราคาเงินได้

ในปัจจุบัน สำหรับคดีที่มีทุนทรัพย์ไม่เกิน 50 ล้านบาท คิดในอัตราร้อยละ 2 ของทุนทรัพย์ที่ไม่เกิน 200,000 บาท ทุนทรัพย์ส่วนที่เกิน 200,000 บาท ให้คิดในอัตราร้อยละ 0.1 ของจำนวนคดี ศาลปกครองจะสั่งเก็บค่าธรรมเนียมศาลทั้งหมดหรือบางส่วนตามดุลพินิจของศาล

กรณีที่ผู้ฟ้องคดีไม่มีทรัพย์สินเพียงพอที่จะเสียค่าธรรมเนียมศาล หรือหากไม่ใช่กรณีที่ชำระค่าธรรมเนียมศาลจะได้รับความเดือดร้อนเกินสมควรผู้ฟ้องคดีอาจยื่นคำขอให้ศาลยกเว้นค่าธรรมเนียมศาลบางหรือทั้งหมดพร้อมกับคำฟ้องก็ได้ เมื่อศาลมีคำสั่งอนุญาต ก็จะได้รับการยกเว้นแต่หากศาลมีคำสั่งไม่อนุญาต ผู้ฟ้องคดีจะต้องชำระค่าธรรมเนียมศาลทั้งหมดหรือบางส่วนที่ศาลมีคำสั่งไว้

ในกรณีที่ศาลปกครองชั้นต้นสั่งให้ชำระค่าธรรมเนียมศาลเฉพาะการพิจารณาในชั้นศาลชั้นต้น ผู้ฟ้องคดีจะต้องชำระค่าธรรมเนียมศาลอุทธรณ์เพิ่มเติมอีก 15 วัน หลังจากได้รับอนุญาตให้ยื่นอุทธรณ์จากศาล และศาลมีคำสั่งให้ยื่นคำอุทธรณ์ ค่าธรรมเนียมศาลในบางส่วนหรือค่าต่ำกว่าก็ให้คิดค่าต่ำกว่านั้นได้",ฟ้องคดีในศาลปกครองต้องเสียเงินค่าธรรมเนียมทุกคดีไหม;คดีแบบไหนที่ต้องเสียค่าธรรมเนียมศาลปกครอง;ฟ้องให้เพิกถอนคำสั่งราชการ ต้องจ่ายค่าธรรมเนียมศาลไหม;ฟ้องให้รัฐจ่ายเงินชดเชย ต้องเสียค่าธรรมเนียมเท่าไหร่;ศาลคิดค่าธรรมเนียมยังไง คิดจากอะไร;ทุนทรัพย์หมายถึงอะไร แล้วเกี่ยวกับค่าธรรมเนียมยังไง;ถ้าคดีมีมูลค่าไม่มาก ศาลจะคิดค่าธรรมเนียมเต็มหรือบางส่วน;ขอยกเว้นค่าธรรมเนียมศาลได้ไหม ถ้าไม่มีเงินพอ;ต้องทำยังไงถ้าจะขอยกเว้นค่าธรรมเนียมศาล;ถ้าศาลไม่อนุญาตให้ยกเว้นค่าธรรมเนียม ต้องทำยังไงต่อ;ฟ้องคดีแล้วอยากอุทธรณ์ ต้องจ่ายค่าธรรมเนียมเพิ่มอีกไหม;ศาลจะเรียกเก็บค่าธรรมเนียมตอนไหน ตอนยื่นฟ้องเลยหรือหลังจากนั้น;ถ้าไม่จ่ายค่าธรรมเนียมตามที่ศาลสั่ง คดีจะถูกยกเลิกไหม;ค่าธรรมเนียมศาลปกครองแพงไหม แล้วคิดแบบเดียวกับศาลแพ่งหรือเปล่า;ถ้าชำระค่าธรรมเนียมศาลไม่ครบ จะเกิดอะไรขึ้น;,คู่มือการดำเนินคดีปกครองสำหรับประชาชน,2022-12-01 00:00:00
,,,,,,เงื่อนไขในการฟ้องคดีปกครอง,2.8 ผู้ฟ้องคดีต้องเป็นผู้ที่มีความสามารถตามกฎหมาย,เนื้อหา,"ผู้ฟ้องคดีต้องเป็นผู้ที่มีความสามารถตามกฎหมาย กรณีผู้เยาว์หรือคนไร้ความสามารถจะประสงค์จะฟ้องคดีต่อศาลปกครองจะต้องให้ผู้แทนโดยชอบธรรม หรือผู้อนุบาลเป็นผู้ฟ้องคดีแทน เว้นแต่ผู้เยาว์ซึ่งมีอายุตั้งแต่ 15 ปีบริบูรณ์ขึ้นไป ศาลอาจอนุญาตให้ฟ้องคดีด้วยตนเองได้ หากเห็นสมควร

กรณีคนเสนอมิได้มีความสามารถจะฟ้องคดีต่อศาลปกครองจะต้องได้รับความยินยอมจากผู้พิทักษ์และต้องแนบหนังสือแสดงความยินยอมมาพร้อมกับคำฟ้องด้วย",ใครสามารถฟ้องคดีในศาลปกครองได้บ้าง;เด็กสามารถฟ้องคดีปกครองเองได้ไหม;ถ้าเด็กอายุ 15 ปีขึ้นไป อยากฟ้องคดีปกครองเอง ศาลจะรับฟ้องได้ไหม;เด็กต่ำกว่า 15 ปีจะฟ้องศาลต้องทำยังไง;ถ้าผู้เยาว์จะฟ้องคดี ศาลต้องให้ใครฟ้องแทน;ผู้ปกครองต้องมีเอกสารอะไรในการฟ้องแทนลูก;คนที่ศาลสั่งว่าไร้ความสามารถจะฟ้องคดีปกครองได้ไหม;คนวิกลจริตหรือป่วยจิตเวชจะฟ้องศาลปกครองได้เองไหม;ถ้าคนไม่มีความสามารถจะฟ้องคดี ต้องมีใครอนุญาตบ้าง;ผู้พิทักษ์ฟ้องแทนต้องมีหนังสือยินยอมแนบฟ้องยังไง;ถ้าผู้ฟ้องเป็นคนพิการ ศาลจะพิจารณาให้ฟ้องเองได้ไหม;กรณีคนแก่ที่ความจำไม่ดี ยังสามารถฟ้องคดีได้เองไหม;ถ้ามีข้อสงสัยว่าผู้ฟ้องไม่มีความสามารถ ศาลจะตรวจสอบอย่างไร;ถ้าศาลไม่อนุญาตให้ผู้เยาว์ฟ้องเองได้ ต้องทำยังไงต่อ;ต้องใช้หลักฐานอะไรแสดงว่าผู้ฟ้องมีความสามารถตามกฎหมาย;,คู่มือการดำเนินคดีปกครองสำหรับประชาชน,2022-12-01 00:00:00
,,,,,,การดำเนินคดีทางปกครอง,3.1 การฟ้องคดีปกครอง,เนื้อหา,"การฟ้องคดีปกครอง
คำฟ้อง
การเขียนคำฟ้องในคดีปกครองไม่มีแบบฟอร์มบังคับ แต่ต้องใช้ถ้อยคำสุภาพและมีองค์ประกอบครบถ้วน ได้แก่
1. ชื่อและที่อยู่ผู้ฟ้องคดี โดยจะต้องระบุชื่อและที่อยู่ของตนให้ชัดเจน และเป็นที่อยู่ที่สามารถติดต่อได้ เพื่อประโยชน์ในการนัดหมายหรือส่งเอกสารต่าง ๆ ที่เกี่ยวข้องกับคดี ให้แก่ผู้ฟ้องคดี อาทิ การแจ้งนัดหมายเพื่อการไต่สวน การจัดส่งเอกสาร หรือขอเอกสารเพิ่มเติม เป็นต้น
2. ชื่อหน่วยงานทางปกครองหรือเจ้าหน้าที่ของรัฐที่ประสงค์จะฟ้อง ระบุให้ชัดเจนว่าเป็นหน่วยงานทางปกครองใด หรือเจ้าหน้าที่ของรัฐคนใด (ระบุตำแหน่ง) อยู่ที่หน่วยงานใด
3. การระบุข้อเท็จจริงเป็นเหตุแห่งการฟ้องคดี พร้อมทั้งพฤติการณ์และข้อเท็จจริงที่เกี่ยวข้อง ซึ่งทำให้ผู้ฟ้องคดีเดือดร้อนหรือเสียหายและเรียกร้องในคำฟ้องคดี โดยต้องเขียนให้ชัดเจน และเรียงลำดับตามข้อเท็จจริงที่เกิดขึ้น
4. คำขอประสงค์จะให้ศาลปกครองสั่งหรือพิพากษาอย่างไร เพื่อบรรเทาความเดือดร้อนหรือเสียหายที่ตนได้รับ และต้องเป็นเรื่องที่ศาลมีอำนาจกำหนดคำบังคับได้
5. ลายมือชื่อผู้ฟ้องคดี ในกรณีที่ไม่อาจแนบพยานหลักฐานที่เกี่ยวข้องมาได้ ให้ระบุเหตุที่ไม่อาจแนบพยานหลักฐานไว้ด้วย และผู้ฟ้องคดีต้องยื่นสำเนาคำฟ้อง และสำเนาพยานหลักฐานที่ผู้ฟ้องคดีรับรองสำเนาถูกต้องให้ครบตามจำนวนของผู้ถูกฟ้องคดีแนบพร้อมกับคำฟ้องด้วย",ถ้าจะฟ้องศาลปกครองต้องเขียนคำฟ้องเองไหม หรือมีแบบฟอร์มให้;คำฟ้องต้องเขียนยังไงถึงจะถูกต้อง;ต้องใส่ชื่อและที่อยู่ชัดเจนแค่ไหน;ถ้าไม่ได้อยู่บ้านตลอด จะใช้ที่อยู่ไหนในคำฟ้องดี;ต้องระบุชื่อเจ้าหน้าที่หรือหน่วยงานที่เราจะฟ้องอย่างไร;ถ้าไม่รู้ชื่อตำแหน่งเจ้าหน้าที่ จะเขียนในคำฟ้องได้ไหม;ต้องเขียนเรื่องที่เกิดขึ้นยังไงให้ศาลเข้าใจ;ข้อเท็จจริงในคำฟ้องต้องเรียงตามลำดับเหตุการณ์ใช่ไหม;เราจะเขียนคำขอในคำฟ้องยังไงให้ศาลช่วยเราได้;คำขอแบบไหนที่ศาลปกครองไม่มีอำนาจพิจารณา;ต้องเซ็นชื่อท้ายคำฟ้องเองใช่ไหม หรือให้คนอื่นเซ็นแทนได้ไหม;ถ้ายังไม่มีหลักฐานพร้อมแนบ เราจะฟ้องได้ไหม;ถ้าแนบพยานหลักฐานไม่ได้ ต้องบอกเหตุผลไว้ในคำฟ้องด้วยไหม;ต้องทำสำเนาคำฟ้องและหลักฐานกี่ชุดถึงจะพอ;คำฟ้องที่เขียนด้วยลายมือ ศาลจะรับพิจารณาไหม หรือควรพิมพ์เท่านั้น;,คู่มือการดำเนินคดีปกครองสำหรับประชาชน,2022-12-01 00:00:00
,,,,,,การดำเนินคดีทางปกครอง,3.2 วิธีการยื่นคำฟ้อง,เนื้อหา,"วิธีการยื่นคำฟ้อง
ผู้ประสงค์จะฟ้องคดีสามารถยื่นคำฟ้องต่อศาลปกครองชั้นต้นหรือศาลปกครองสูงสุดแล้วแต่กรณี โดยสามารถยื่นคำฟ้องได้ 4 วิธี ได้แก่

1. ยื่นคำฟ้องด้วยตนเองที่ศาลปกครองชั้นต้นที่ตนมีภูมิลำเนาหรือมีมูลคดีเกิด
หรือยื่นคำฟ้องด้วยตนเองที่ศาลปกครองสูงสุดที่มีที่ตั้งอยู่ในกรุงเทพมหานคร (ในกรณีที่เป็นคดีที่ต้องยื่นฟ้องต่อศาลปกครองสูงสุดโดยตรง)
2. ส่งคำฟ้องทางไปรษณีย์ลงทะเบียน
จ่าหน้าซองถึงสำนักงานศาลปกครองกลาง หรือสำนักงานศาลปกครองในภูมิภาคแห่งที่ประสงค์ยื่นฟ้อง หรือสำนักงานของสำนักงานศาลปกครองสูงสุด (กรณียื่นฟ้องต่อศาลปกครองสูงสุดโดยตรง)
การส่งคำฟ้องทางไปรษณีย์ให้ใช้บริการของไปรษณีย์ไทยเท่านั้น เช่น ไปรษณีย์ด่วนพิเศษ (EMS) เนื่องจากระบบไปรษณีย์ของไปรษณีย์ไทยมีการบันทึกวันที่ที่นำส่งใบรับประกันการรับไว้ของศาลที่ถูกต้องและสามารถตรวจสอบได้ง่าย ทั้งนี้การส่งคำฟ้องทางไปรษณีย์จะถือวันที่เจ้าหน้าที่ประทับรับคำฟ้องนั้น อย่างไรก็ตาม การส่งคำฟ้องทางไปรษณีย์ถือเป็นวิธีหนึ่งที่สามารถยื่นคำฟ้องได้
การส่งคำฟ้องผ่านบริษัทขนส่งเอกชน เช่น J&T Express, Kerry Express, Flash Express เป็นต้น กฎหมายยังไม่อนุญาตให้ทำได้ และจะถือว่าไม่ได้เป็นการยื่นคำฟ้องที่ถูกต้องตามกฎหมาย ซึ่งมีผลให้ศาลไม่อาจรับคำฟ้องดังกล่าวไว้พิจารณาได้
3. ยื่นฟ้องทางโทรสาร
ผู้ประสงค์จะยื่นคำฟ้องทางโทรสารสามารถส่งคำฟ้องมาได้ที่หมายเลขโทรสารของศาลปกครองแห่งที่ประสงค์จะยื่นฟ้อง และจะต้องส่งคำฟ้องพร้อมเอกสารหลักฐานต่าง ๆ ให้เจ้าหน้าที่ของศาลในครั้งแรกที่จะกระทำได้ โดยจะถือว่าวันที่ปรากฏในหลักฐานการรับโทรสารของสำนักงานศาลปกครองเป็นวันที่ยื่นคำฟ้องต่อศาลปกครอง
หมายเลขโทรสารที่ใช้ในการยื่นคำฟ้อง คำให้การ คำคัดค้านคำให้การ คำให้การเพิ่มเติม คำร้อง คำเสนอ คำวินิจฉัย คำร้อง คำขอ พยานหลักฐาน หรือเอกสารอื่น ๆ ที่เกี่ยวกับศาลปกครองอย่างถูกต้อง
4. ยื่นฟ้องทางอิเล็กทรอนิกส์
โดยยื่นคำฟ้องทางระบบงานคดีปกครองอิเล็กทรอนิกส์ https://elitigation.admincourt.go.th

การยื่นฟ้องคดีต่อศาลปกครอง ผู้ฟ้องคดีจะต้องแนบเอกสารและพยานหลักฐานมาพร้อมกับคำฟ้องด้วย ได้แก่
1. สำเนาบัตรประจำตัวประชาชนหรือบัตรที่ทางราชการออกให้พร้อมรับรองสำเนาถูกต้อง(กรณีส่งคำฟ้องทางไปรษณีย์ลงทะเบียนหรือทางโทรสาร)
2. พยานหลักฐานที่เกี่ยวข้องกับการฟ้องคดี ในกรณีที่ไม่สามารถแนบพยานหลักฐานดังกล่าวมาได้เพราะเอกสารอยู่ในความครอบครองของหน่วยงานทางปกครอง เจ้าหน้าที่ของรัฐ หรือบุคคลอื่น หรือเพราะเหตุอื่นใดให้ระบุเหตุที่ไม่อาจแนบพยานหลักฐานมาได้ไว้ในคำฟ้องด้วย
3. สำเนาคำฟ้องและสำเนาพยานหลักฐานตามจำนวนของผู้ถูกฟ้องคดี โดยต้องรับรองสำเนาถูกต้องให้ครบถ้วนด้วย
4. หากผู้ฟ้องคดีประสงค์จะมอบอำนาจให้บุคคลอื่นฟ้องคดีหรือดำเนินคดีแทน ต้องมีหนังสือมอบอำนาจพร้อมปิดอากรแสตมป์ 10 บาท ในกรณีมอบอำนาจให้กระทำการครั้งเดียว หรือปิดอากรแสตมป์ 30 บาท ในกรณีมอบอำนาจให้กระทำการหลายครั้งหรือให้ดำเนินการทั้งคดี
5. หากผู้ฟ้องคดีเป็นผู้เสมือนไร้ความสามารถ ต้องมีหนังสือแสดงความยินยอมให้ฟ้องคดีมาด้วย","สามารถยื่นฟ้องศาลปกครองได้กี่วิธี;ถ้าจะไปยื่นคำฟ้องด้วยตัวเอง ต้องไปที่ศาลไหน;เราต้องไปยื่นคำฟ้องที่ศาลปกครองที่อยู่ใกล้บ้านได้ไหม;การส่งคำฟ้องทางไปรษณีย์ใช้ไปรษณีย์เอกชนได้ไหม;ถ้าส่งคำฟ้องทาง EMS ถือว่ายื่นในวันไหน;จะรู้ได้ยังไงว่าศาลได้รับคำฟ้องที่เราส่งทางไปรษณีย์แล้วหรือยัง;ถ้าใช้บริการส่งเอกชนอย่าง Kerry หรือ Flash ศาลจะรับคำฟ้องไหม;ถ้าจะส่งคำฟ้องทางแฟกซ์ ต้องส่งไปที่เบอร์อะไร;ส่งแฟกซ์ต้องแนบเอกสารอะไรบ้าง;คำฟ้องที่ส่งทางแฟกซ์ จะถือว่ายื่นในวันไหน;ถ้าแฟกซ์ไม่ชัดเจน ศาลจะรับพิจารณาหรือให้ส่งใหม่;ศาลมีระบบให้ยื่นฟ้องออนไลน์ไหม;ยื่นฟ้องออนไลน์ต้องสมัครบัญชีก่อนหรือไม่;เว็บไซต์ที่ใช้ยื่นฟ้องคดีปกครองออนไลน์คืออะไร;ถ้าเราไม่มีคอมพิวเตอร์หรืออินเทอร์เน็ต จะยื่นออนไลน์ยังไง;ถ้ายื่นคำฟ้องผิดศาล จะเกิดอะไรขึ้น;สามารถยื่นฟ้องทางอิเล็กทรอนิกส์ได้ทุกคดีหรือไม่;ถ้ายื่นฟ้องหลายวิธีพร้อมกัน เช่น ออนไลน์กับไปรษณีย์ จะเกิดปัญหาไหม;
",คู่มือการดำเนินคดีปกครองสำหรับประชาชน,2022-12-01 00:00:00
,,,,,,การดำเนินคดีทางปกครอง,เขตอำนาจศาลปกครอง,เนื้อหา,"ศาลปกครองเปิดทำการแล้วทั้งสิ้น 16 แห่ง (สาลปกครองสูงสุด 1 แห่ง ศาลปกครองชั้นต้น 15 แห่ง) ได้แก่

ศาลปกครองสูงสุด
มีเขตอำนาจทั่วราชอาณาจักร
ตั้งอยู่ที่ อาคารศาลปกครอง ถนนแจ้งวัฒนะ แขวงทุ่งสองห้อง เขตหลักสี่ กรุงเทพมหานคร 10210 โทร. 0 2141 1111

ศาลปกครองกลาง
มีเขตอำนาจ ดังนี้ กรุงเทพมหานคร นครปฐม นนทบุรี ปทุมธานี สมุทรปราการ  สมุทรสาคร สระบุรี นครนายก
ตั้งอยู่ที่ อาคารศาลปกครอง ถนนแจ้งวัฒนะ แขวงทุ่งสองห้อง เขตหลักสี่ กรุงเทพมหานคร 10210 โทร. 0 2141 1111

ศาลปกครองเชียงใหม่
มีเขตอำนาจ ดังนี้ เชียงใหม่ เชียงราย แม่ฮ่องสอน ลำปาง พะเยา แพร่ น่าน ลำพูน
ตั้งอยู่ที่ 333 ถนนโชตนา ตำบลช้างเผือก อำเภอเมืองเชียงใหม่ จังหวัดเชียงใหม่ 50300 โทร. 0 5310 7999

ศาลปกครองสงขลา
มีเขตอำนาจ ดังนี้ สงขลา ตรัง พัทลุง สตูล
ตั้งอยู่ที่ 1111 หมู่ 2 ถนนสงขลา-เกาะยอ ตำบลพะวง อำเภอเมืองสงขลา จังหวัดสงขลา 90100 โทร. 0 7433 4945-8

ศาลปกครองนครราชสีมา
มีเขตอำนาจ ดังนี้ นครราชสีมา ชัยภูมิ บุรีรัมย์ สุรินทร์
ตั้งอยู่ที่ 345 หมู่ 6 ถนนมิตรภาพ-เลี่ยงเมือง ตำบลหนองกระทุ่ม อำเภอเมืองนครราชสีมา จังหวัดนครราชสีมา 30000 โทร. 0 4430 7300-2

ศาลปกครองขอนแก่น
มีเขตอำนาจ ดังนี้ ขอนแก่น มหาสารคาม กาฬสินธุ์ มุกดาหาร
ตั้งอยู่ที่ 333 หมู่ 2 ถนนเหล่านาดี ตำบลเมืองเก่า อำเภอเมืองขอนแก่น จังหวัดขอนแก่น 40000 โทร. 0 4325 8681-2

ศาลปกครองพิษณุโลก
มีเขตอำนาจ ดังนี้ พิษณุโลก กำแพงเพชร ตาก พิจิตร สุโขทัย อุตรดิตถ์
ตั้งอยู่ที่ 111 หมู่ 8 ถนนพิษณุโลก-นครสวรรค์ ตำบลท่าทอง อำเภอเมืองพิษณุโลก จังหวัดพิษณุโลก 65000 โทร. 0 5590 9550-9

ศาลปกครองระยอง
มีเขตอำนาจ ดังนี้ ระยอง จันทบุรี ฉะเชิงเทรา ชลบุรี ตราด ปราจีนบุรี สระแก้ว
ตั้งอยู่ที่ 777 ถนนสุขุมวิท ตำบลเนินพระ อำเภอเมืองระยอง จังหวัดระยอง 21150 โทร. 0 3869 4513-30

ศาลปกครองนครศรีธรรมราช
มีเขตอำนาจ ดังนี้ นครศรีธรรมราช สุราษฎร์ธานี ชุมพร
ตั้งอยู่ที่อาคาร ซี.พี.ทาวเวอร์ นครศรีธรรมราช (ที่ทำการชั่วคราว) เลขที่ 345 ถนนพัฒนาการคูขวาง ตำบลในเมือง อำเภอเมืองนครศรีธรรมราช จังหวัดนครศรีธรรมราช 80000 โทร. 0 7535 5130-5

ศาลปกครองอุดรธานี
มีเขตอำนาจ ดังนี้ อุดรธานี เลย หนองคาย หนองบัวลำภู สกลนคร นครพนม บึงกาฬ
ตั้งอยู่ที่ 999 หมู่ 7 ถนนมิตรภาพ อุดร-หนองคาย ตำบลบ้านขาว อำเภอเมืองอุดรธานี จังหวัด โทร. 0 4223 0664-6

ศาลปกครองอุบลราชธานี
มีเขตอำนาจ ดังนี้ อุบลราชธานี ยโสธร ร้อยเอ็ด ศรีสะเกษ อำนาจเจริญ
ตั้งอยู่ที่ 444 หมู่ 3 ถนนแจ้งสนิท ตำบลแจระแม อำเภอเมืองอุบลราชธานี จังหวัดอุบลราชธานี 34000  โทร. 0 4531 9600-4

ศาลปกครองเพชรบุรี
มีเขตอำนาจ ดังนี้ เพชรบุรี ราชบุรี สมุทรสงคราม ประจวบคีรีขันธ์
ตั้งอยู่ที่ 980/98 ถนนเพชรเกษม ตำบลชะอำ อำเภอชะอำ จังหวัดเพชรบุรี 76120 โทร. 0 3270 9400

ศาลปกครองนครสวรรค์
มีเขตอำนาจ ดังนี้ นครสวรรค์ เพชรบูรณ์ ลพบุรี ชัยนาท อุทัยธานี
ตั้งอยู่ที่ 9/9 หมู่ 7 ตำบลกลางแดด อำเภอเมืองนครสวรรค์ จังหวัดนครสวรรค์ 60000 โทร. 0 5621 9234

ศาลปกครองสุพรรณบุรี
มีเขตอำนาจ ดังนี้ สุพรรณบุรี กาญจนบุรี สิงห์บุรี อ่างทอง อยุธยา
ตั้งอยู่ที่ 333 หมู่ 6 ตำบลสนามชัย อำเภอเมืองสุพรรณบุรี จังหวัดสุพรรณบุรี 72000 โทร. 0 3543 2333

ศาลปกครองภูเก็ต
มีเขตอำนาจ ดังนี้ ภูเก็ต ระนอง พังงา กระบี่
ตั้งอยู่ที่ 33/3 หมู่ 5 ตำบลไม้ขาว อำเภอถลาง จังหวัดภูเก็ต 83110 โทร. 0 7639 7400

ศาลปกครองยะลา
มีเขตอำนาจ ดังนี้ ยะลา ปัตตานี นราธิวาส
ตั้งอยู่ที่ 199 หมู่ 1 ตำบลท่าสาป อำเภอเมืองยะลา จังหวัดยะลา 95000  โทร. 0 7336 2462, 0 7322 0700",ศาลปกครองมีกี่แห่ง;ศาลปกครองสูงสุดอยู่ที่ไหน;ศาลปกครองกลางกับศาลปกครองสูงสุดต่างกันยังไง;คนอยู่กรุงเทพฯ ต้องยื่นเรื่องที่ศาลปกครองไหน;ถ้าอยู่เชียงใหม่จะไปฟ้องศาลปกครองที่ไหน;ศาลปกครองเชียงใหม่ดูแลจังหวัดไหนบ้าง;คนอยู่ภาคใต้ เช่น สงขลา จะไปติดต่อศาลปกครองที่ไหน;ถ้าอยู่โคราช ควรไปศาลปกครองที่จังหวัดอะไร;ศาลปกครองขอนแก่นดูแลพื้นที่ไหนบ้าง;ศาลปกครองพิษณุโลกดูแลจังหวัดอะไรบ้าง;ถ้าอยู่ชลบุรี จะติดต่อศาลปกครองระยองได้ไหม;จังหวัดนครศรีธรรมราชมีศาลปกครองหรือเปล่า;คนอยู่สกลนคร ยื่นเรื่องที่ศาลปกครองอุดรธานีได้ไหม;ถ้าอยู่ร้อยเอ็ด จะต้องติดต่อศาลปกครองอุบลราชธานีหรือไม่;ถ้าอยู่ราชบุรี ต้องยื่นคำฟ้องที่ศาลปกครองจังหวัดไหน;ศาลปกครองนครสวรรค์รับดูแลพื้นที่อะไรบ้าง;ศาลปกครองสุพรรณบุรีรับคดีของจังหวัดไหนบ้าง;คนอยู่ภูเก็ตจะไปยื่นเรื่องที่ศาลปกครองที่ไหน;ถ้าอยู่ยะลา มีศาลปกครองใกล้บ้านไหม;จะหาข้อมูลติดต่อแต่ละศาลปกครองได้จากที่ไหน,คู่มือการดำเนินคดีปกครองสำหรับประชาชน,2022-12-01 00:00:00
,,,,,,กระบวนการพิจารณาคดีปกครอง,4.1 ตุลาการศาลปกครอง,เนื้อหา,"การพิจารณาพิพากษาคดีปกครองจะทำโดย องค์คณะพิจารณาพิพากษา โดยองค์คณะของศาลปกครองชั้นต้นจะประกอบด้วยตุลาการศาลปกครองชั้นต้นอย่างน้อย 3 คน ส่วนองค์คณะของศาลปกครองสูงสุดจะประกอบด้วยตุลาการศาลปกครองสูงสุดอย่างน้อย 5 คน องค์คณะแต่ละองค์คณะจะมีตุลาการหัวหน้าองค์คณะ 1 คน โดยการดำเนินคดีปกครอง ตุลาการหัวหน้าองค์คณะจะแต่งตั้ง ตุลาการเจ้าของสำนวน ซึ่งคัดเลือกจากตุลาการคนหนึ่งในองค์คณะของตน ส่วนการแต่งตั้ง ตุลาการผู้แถลงคดี ซึ่งเป็นตุลาการที่ไม่ใช่ตุลาการในองค์คณะที่พิจารณาพิพากษาคดีนั้น ประธานศาลปกครองสูงสุด หรืออธิบดีศาลปกครองชั้นต้น จะเป็นผู้แต่งตั้ง แล้วแต่กรณี

ตุลาการเจ้าของสำนวนจะดำเนินการรวบรวมข้อเท็จจริงจากคำฟ้อง คำชี้แจงของคู่กรณี และรวบรวมพยานหลักฐานที่เกี่ยวข้องเพื่อจัดทำสรุปข้อเท็จจริงและความเห็นนำเสนอ ต่อองค์คณะก่อนวันนั่งพิจารณาคดี ในขณะที่ตุลาการผู้แถลงคดีจะทำหน้าที่สรุปข้อเท็จจริง ข้อกฎหมายและเสนอความเห็นของตนในการวินิจฉัยคดีนั้นๆ ที่เรียกว่า คำแถลงการณ์ ต่อองค์คณะเพื่อประกอบการพิจารณาคดี ซึ่งถือเป็นการถ่วงดุลตุลาการใช้อำนาจระหว่างตุลาการด้วยกันในระบบวิธีพิจารณาคดีปกครอง ซึ่งจะทำให้องค์คณะใช้อำนาจตัดสินคดีอย่างรอบคอบและถูกต้องมากยิ่งขึ้น โดยเฉพาะอย่างยิ่ง ในกรณีที่องค์คณะไม่เห็นด้วยกับคำแถลงการณ์ ก็จะต้องแสดงให้เห็นถึงเหตุผลที่หนักแน่นและน่าเชื่อถือมากกว่าวิธีการถ่วงดุลนี้จะเป็นหลักประกันความเป็นธรรมในการพิจารณาทางยุติธรรมทางปกครองได้ดียิ่งขึ้น

อย่างไรก็ตาม คำแถลงการณ์ของตุลาการผู้แถลงคดีถือเป็นความเห็นโดยอิสระ ไม่ผูกพันองค์คณะในการจัดทำคำพิพากษา หรือคำตัดสินชี้ขาดในคดี คำตัดสินขององค์คณะเท่านั้นที่จะถือว่าเป็นคำพิพากษาหรือคำสั่ง
",,คู่มือการดำเนินคดีปกครองสำหรับประชาชน,2022-12-01 00:00:00
,,,,,,กระบวนการพิจารณาคดีปกครอง,4.2 วิธีการแสวงหาข้อเท็จจริงในคดีปกครองใช้เอกสารเป็นหลัก ,เนื้อหา,"วิธีพิจารณาคดีในศาลปกครองใช้ระบบไต่สวน ซึ่งเป็นระบบที่ศาลมีบทบาทสำคัญในการแสวงหาข้อเท็จจริงและพยานหลักฐาน โดยศาลอาจแสวงหาข้อเท็จจริงเพิ่มเติมด้วยการนัดไต่สวนคู่กรณี หรือเรียกพยานบุคคล พยานเอกสาร พยานผู้เชี่ยวชาญ รวมทั้งการออกไปตรวจสถานที่เพื่อให้ได้ข้อเท็จจริงและพยานหลักฐานที่จำเป็นต่อการพิจารณาพิพากษาคดีอย่างครบถ้วน

การพิจารณาคดีโดยใช้ระบบไต่สวนทำให้เอกชนซึ่งส่วนใหญ่ไม่มีข้อมูลและพยานหลักฐานในความครอบครอง และไม่มีความรู้ในข้อกฎหมาย สามารถดำเนินคดีได้อย่างเท่าเทียมกับคู่กรณีที่เป็นหน่วยงานทางปกครองหรือเจ้าหน้าที่ของรัฐ ซึ่งถือเป็นหลักประกันความยุติธรรมที่คู่กรณีจะได้รับจากการดำเนินคดีในศาลปกครอง

วิธีพิจารณาคดีปกครองจะใช้หลักการฟังความสองฝ่าย กล่าวคือ ศาลปกครองจะเปิดโอกาสให้คู่กรณีชี้แจง แสดงหลักฐานประกอบข้ออ้างของตนและโต้แย้งคัดค้านการนำเสนอหรือการกล่าวอ้างตลอดจนแก้ข้อกล่าวหาของอีกฝ่ายหนึ่งเสมอ โดยผ่านการทำคำฟ้อง คำให้การ คำคัดค้านคำให้การ และคำให้การเพิ่มเติม ซึ่งจะต้องจัดทำเป็นลายลักษณ์อักษร

คำให้การ
เมื่อศาลปกครองมีคำสั่งรับคำฟ้องของผู้ฟ้องคดีแล้วจะส่งสำเนาคำฟ้องและสำเนาพยานหลักฐานให้ผู้ถูกฟ้องคดีทำคำให้การมายื่นต่อศาลภายใน 30 วัน นับแต่วันที่ได้รับสำเนาคำฟ้อง หรือภายในระยะเวลาที่ศาลกำหนด โดยผู้ถูกฟ้องคดีอาจยอมรับหรือโต้แย้งคำฟ้องของผู้ฟ้องคดีที่เห็นว่าไม่ถูกต้องตรงกับข้อเท็จจริงด้วยการชี้แจงและแสดงเหตุผลของตน โดยศาลจะกำหนดประเด็นที่ผู้ถูกฟ้องคดีต้องให้คำกรหรือให้ส่งพยานหลักฐานที่เกี่ยวข้อง หรือเป็นประโยชน์ต่อการพิจารณาคดีด้วยก็ได้ แต่ถ้าผู้ถูกฟ้องคดีไม่ทำคำให้การหรือส่งพยานหลักฐานยื่นต่อศาลภายในเวลาที่กำหนด จะถือว่าผู้ถูกฟ้องคดียอมรับข้อเท็จจริงตามที่ผู้ฟ้องคดีกล่าวอ้าง ซึ่งศาลจะพิจารณาคดีต่อไปตามที่เห็นว่าเป็นการยุติธรรม

คำคัดค้านคำให้การ
หลังจากผู้ถูกฟ้องคดีส่งคำให้การแล้ว ศาลจะส่งสำเนาคำให้การพร้อมสำเนาพยานหลักฐานไปให้ผู้ฟ้องคดีเพื่อให้ทำคำคัดค้านคำให้การ โดยศาลจะกำหนดประเด็นที่ต้องชี้แจงหรือให้จัดส่งพยานหลักฐานเพิ่มเติมด้วยก็ได้ ผู้ฟ้องคดีจะต้องส่งคำคัดค้านคำให้การหรือพยานหลักฐานยื่นต่อศาลภายใน 30 วัน นับแต่วันที่ได้รับสำเนาคำให้การ หรือภายในระยะเวลาที่ศาลกำหนด แต่ถ้าผู้ฟ้องคดีไม่มีประเด็นจะคัดค้านเพิ่มเติมและไม่ต้องการที่จะทำคำคัดค้านคำให้การ ผู้ฟ้องคดีต้องทำหนังสือแจ้งให้ศาลทราบภายใน 30 วัน หรือภายในเวลาที่ศาลกำหนด ว่าไม่มีประสงค์จะทำคำคัดค้านคำให้การและขอให้ศาลดำเนินคดีต่อไป เพราะถ้าผู้ฟ้องคดีไม่แจ้งให้ศาลทราบ ศาลอาจจะสั่งงดพยานคดีออกจากสารบบความ

คำให้การเพิ่มเติม
เมื่อผู้ฟ้องคดียื่นคำคัดค้านคำให้การต่อศาลแล้ว ศาลจะส่งสำเนาคำคัดค้านคำให้การให้ผู้ถูกฟ้องคดีเพื่อทำคำให้การเพิ่มเติมยื่นต่อศาลภายใน 15 วัน นับแต่วันที่ได้รับสำเนาคำคัดค้านคำให้การ หรือภายในเวลาที่ศาลกำหนด และเมื่อศาลได้รับคำให้การเพิ่มเติมแล้ว ศาลจะส่งสำเนาคำให้การเพิ่มเติมนั้นให้แก่ผู้ฟ้องคดีทราบต่อไป

การยื่นเอกสารหรือพยานหลักฐานใดๆ ต่อศาล คู่กรณีจะยื่นด้วยตนเองหรือส่งทางไปรษณีย์ลงทะเบียนก็ได้ โดยจะถือว่าวันที่ส่งเอกสารหรือพยานหลักฐานแก่เจ้าพนักงานไปรษณีย์เป็นวันที่ยื่นเอกสารหรือพยานหลักฐานนั้นต่อศาล

หากคู่กรณีต้องการให้อื่นยื่นเอกสารหรือพยานหลักฐานใดๆ ต่อศาลแทนตน คู่กรณีต้องทำหนังสือมอบฉันทะแนบมาพร้อมด้วย

ในกรณียื่นเอกสารหรือพยานหลักฐานทางโทรสารหรือทางระบบอิเล็กทรอนิกส์ (e-filing) ในวันและเวลาทำการ จะถือว่าวันนั้นเป็นวันที่ยื่นเอกสารหรือพยานหลักฐาน อย่างไรก็ตาม หากยื่นเอกสารหรือพยานหลักฐานในวันหยุดหรือเวลานอกทำการ จะถือว่าวันทำการแรกที่ศาลปกครองเปิดทำการปกติเป็นวันที่ยื่นเอกสารหรือพยานหลักฐานนั้น

คู่กรณีมีสิทธิตรวจดูพยานหลักฐานที่แต่ละฝ่ายได้ยื่นไว้ในสำานวน เว้นแต่มีบทกฎหมายคุ้มครองว่าไม่ต้องเปิดเผยหรือศาลเห็นว่าไม่ควรเปิดเผยเพื่อไม่ให้การดำเนินงานของรัฐเสียหาย การฟ้องคดีต่อศาลปกครองจึงสามารถมั่นใจได้ว่าระบบพิจารณาคดีของศาลปกครองซึ่งใช้ระบบไต่สวนจะให้ความเป็นธรรมแก่คู่กรณีทั้งสองฝ่ายอย่างเท่าเทียมกัน",,คู่มือการดำเนินคดีปกครองสำหรับประชาชน,2022-12-01 00:00:00
,,,,,,กระบวนการพิจารณาคดีปกครอง,4.3 การขอวิธีการชั่วคราวก่อนการพิพากษา,เนื้อหา,"ในระหว่างที่ศาลปกครองยังไม่พิพากษาคดี คู่กรณีสามารถขอให้ศาลสั่งให้กำหนดวิธีการชั่วคราวก่อนการพิจารณาคดี เพื่อบรรเทาความเดือดร้อนหรือเสียหายของตนซึ่งยังคงมีอยู่และอาจจะมากขึ้นหรือยากแก่การแก้ไขเยียวยาในภายหลัง

วิธีการชั่วคราวก่อนการพิจารณามีด้วยกัน 2 กรณี คือ การขอทุเลาการบังคับตามกฎหรือคำสั่งทางปกครอง และการบรรเทาทุกข์ชั่วคราว

1 การขอทุเลาการบังคับตามกฎหรือคำสั่งทางปกครอง
หมายถึง การขอให้ชะลอหรือระงับการบังคับตามผลของกฎหรือคำสั่งทางปกครองไว้เป็นการชั่วคราวในกรณีที่มีการฟ้องคดีต่อศาลเพื่อขอให้เพิกถอนกฎหรือคำสั่งทางปกครอง เนื่องจากการฟ้องคดีต่อศาลปกครองไม่ได้เป็นการทุเลาการบังคับตามกฎหรือคำสั่งทางปกครองโดยอัตโนมัติ

ดังนั้น ในระหว่างพิจารณาคดี ผู้ฟ้องคดียังคงถูกบังคับตามกฎหรือคำสั่งทางปกครองนั้นอยู่ทำให้ผู้ฟ้องคดีเดือดร้อนหรือเสียหาย ในกรณีเช่นนี้ ผู้ฟ้องคดีสามารถขอมาในคำฟ้องหรืออาจยื่นคำขอในเวลาต่อมา ก่อนศาลจะพิพากษาหรือมีคำสั่งชี้ขาดคดี เพื่อให้ศาลมีคำสั่งทุเลาการบังคับตามผลของกฎหรือคำสั่งทางปกครองไว้เป็นการชั่วคราวก่อน อย่างไรก็ดี ผู้ฟ้องคดีจะต้องแสดงเหตุผลในคำขอให้ชัดเจนว่าต้องการจะขอทุเลาการบังคับตามกฎหรือคำสั่งทางปกครองใด และหากกฎหรือคำสั่งทางปกครองนั้นยังคงมีผลบังคับต่อไปจะทำให้เกิดความเสียหายที่ยากต่อการเยียวยาแก้ไขอย่างไร

ตัวอย่างเช่น
นายแพทย์ธันวา ได้รับคำสั่งพักใช้ใบอนุญาตประกอบวิชาชีพ นายแพทย์ธันวาเห็นว่าตนได้รับความเดือดร้อนเสียหาย จึงนำคดีมาฟ้องต่อศาลปกครอง แต่ในระหว่างที่ศาลพิจารณาคดีอยู่นั้น ผลของคำสั่งพักใช้ใบอนุญาตยังมีผลทำให้นายแพทย์ธันวาไม่สามารถประกอบอาชีพได้ นายแพทย์ธันวาจึงยื่นคำขอต่อศาลเพื่อให้มีคำสั่งให้ทุเลาการบังคับตามคำสั่งพักใช้ใบอนุญาตนั้นไว้ก่อน กรณีนี้ หากศาลเห็นว่าคำสั่งพักใช้ใบอนุญาตน่าจะไม่ชอบด้วยกฎหมาย และหากให้คำสั่งดังกล่าวมีผลบังคับต่อไปจะทำให้นายแพทย์ธันวาได้รับความเดือดร้อนเสียหายจนยากแก่การเยียวยาแก้ไขในภายหลัง ทั้งการบังคับตามคำสั่งดังกล่าวไม่เป็นปัญหา หรืออุปสรรคในการบริหารราชการ ศาลอาจมีคำสั่งให้ทุเลาการบังคับตามคำสั่งพักใช้ใบอนุญาตนั้นตามที่ศาลเห็นสมควรก็ได้ ซึ่งจะทำให้นายแพทย์ธันวาสามารถประกอบอาชีพได้ในระหว่างที่รอผลการพิจารณาของศาลปกครอง

นอกจากนี้ ในกรณีที่ผู้ฟ้องคดีไม่ได้มีคำขอทุเลาการบังคับตามกฎ หรือคำสั่งทางปกครองซึ่งเป็นเหตุให้นาคดียื่นฟ้องต่อศาลปกครอง แต่ศาลเห็นว่ามีเหตุสมควรที่จะทุเลาการบังคับตามกฎหรือคำสั่งทางปกครองนั้น ศาลปกครองมีอำนาจสั่งทุเลาการบังคับตามกฎหรือคำสั่งทางปกครอง โดยจะไต่สวนก่อนหรือไม่ก็ได้

2 การบรรเทาทุกข์ชั่วคราว
หมายถึง การขอให้ศาลมีคำสั่งกำหนดมาตรการหรือวิธีการคุ้มครองอย่างใดอย่างหนึ่ง เพื่อบรรเทาทุกข์ชั่วคราวก่อนการพิจารณา หรือกำหนดวิธีการเพื่อคุ้มครองประโยชน์ของผู้อยู่ในระหว่างการพิจารณา หรือเพื่อบังคับตามคำพิพากษา ผู้ฟ้องคดีหรือคู่กรณีจะยื่นคำขอได้ก็ต่อเมื่อเป็นกรณีที่มีการฟ้องคดีต่อศาลปกครองด้วยเหตุอื่นที่นอกเหนือไปจากการฟ้องคดีเพื่อลบให้เพิกถอนกฎหรือคำสั่งทางปกครอง โดยสามารถยื่นคำขอได้ในกรณีเหล่านี้ ดังนี้

2.1 กรณีการขอบรรเทาทุกข์ชั่วคราว
โดยผู้ฟ้องคดีจะต้องยื่นคำร้องให้ศาลมีคำสั่งกำหนดมาตรการหรือวิธีการคุ้มครองใดๆ เพื่อบรรเทาความเดือดร้อนหรือเสียหายของตนก่อนการพิจารณา โดยจะยื่นมาพร้อมคำฟ้องหรือยื่นในเวลาก็ได้ก่อนศาลมีคำพิพากษาหรือคำสั่งชี้ขาดคดี

ตัวอย่างเช่น
นายพีท ได้รับความเดือดร้อนจากกลิ่นเหม็นของขยะจำนวนมากที่บริษัท อ. อ่าง ซึ่งรับจ้างเก็บและขนขยะให้กับเทศบาลนคร ช.ช้าง นำมาพักทิ้งไว้ในที่ดินซึ่งเป็นพื้นที่ว่างอันเป็นที่สาธารณประโยชน์ใกล้กับบ้านของนายพีท นายพีทจึงร้องเรียนไปยังเทศบาลแต่ไม่ได้รับการแก้ไขแต่อย่างใด นายพีทจึงนำคดียื่นฟ้องต่อศาลปกครอง ขอให้ศาลสั่งห้ามไม่ให้เทศบาลนคร ช.ช้าง อนุญาตบริษัท อ. อ่าง นำขยะมาพักทิ้งในพื้นที่ดินดังกล่าวและขอให้มีคำสั่งบรรเทาทุกข์ชั่วคราวโดยขอให้ศาลมีคำสั่งให้เทศบาลนคร ช.ช้าง ระงับการขนขยะมาทิ้งในที่ดินบริเวณดังกล่าวไว้เป็นการชั่วคราวจนกว่าศาลจะมีคำพิพากษา ซึ่งหากศาลปกครองเห็นว่ามีเหตุผลสมควรและเพียงพอ ศาลจะมีคำสั่งกำหนดมาตรการเพื่อบรรเทาทุกข์ชั่วคราวก่อนการพิจารณา ให้ระงับการขนขยะมาทิ้งในที่ดินดังกล่าว

2.2 กรณีขอให้คุ้มครองประโยชน์
เป็นกรณีที่ผู้ยื่นคำขออาจเป็นผู้ฟ้องคดี ผู้ถูกฟ้องคดี หรือผู้ร้องสอดก็ได้ โดยจะยื่นคำขอในเวลาใดก็ได้ก่อนศาลมีคำพิพากษาหรือคำสั่งชี้ขาดคดี กรณีขอให้คุ้มครองประโยชน์นี้มีวัตถุประสงค์เพื่อให้ศาลมีคำสั่งกำหนดวิธีการคุ้มครองประโยชน์ของผู้อยู่ หรือเพื่อประโยชน์ในการบังคับตามคำพิพากษาเมื่อคดีสิ้นสุด

ตัวอย่างเช่น
หน่วยงาน ก. อนุญาตให้เอกชนสร้างสะพานลอยคนเดินข้ามเหนือทางสาธารณะ พาดผ่านเหนือซอยที่นางชบ๊วยและชาวบ้านอยู่อาศัย โดยไม่ได้จัดให้มีการรับฟังความคิดเห็นจากผู้มีประโยชน์เกี่ยวข้องก่อนการพิจารณาอนุญาต ซึ่งการสร้างสะพานดังกล่าวจะทำให้นางชบ๊วยและชาวบ้านบริเวณนั้นได้รับความเดือดร้อนเสียหาย นางชบ๊วยและชาวบ้านจึงยื่นฟ้องคดีต่อศาลปกครองพร้อมกับยื่นคำขอให้ศาลมีคำสั่งให้ระงับการก่อสร้างและระงับการใช้สะพานลอยคนเดินข้ามไว้เป็นการชั่วคราว ซึ่งหากศาลเห็นว่ามีเหตุจำเป็นเพียงพอ ศาลจะมีคำสั่งกำหนดมาตรการเพื่อบรรเทาทุกข์ชั่วคราวก่อนการพิจารณา ให้ระงับการก่อสร้างและการใช้สะพานลอยไว้ก่อน

กรณีที่ศาลปกครองชั้นต้นรับพิจารณาคำขอและมีคำสั่งให้กำหนดมาตรการหรือวิธีการชั่วคราวก่อนการพิจารณา ผู้มีส่วนได้เสีย (ผู้ถูกฟ้องคดี หรือบุคคลภายนอกผู้ได้รับความเดือดร้อนหรือเสียหาย หรืออาจจะเดือดร้อนหรือเสียหายโดยมีอาจหลีกเลี่ยงได้จากผลของคำสั่งที่ศาลกำหนดมาตรการเพื่อบรรเทาทุกข์ชั่วคราวก่อนการพิจารณา) มีสิทธิอุทธรณ์คำสั่งดังกล่าวต่อศาลปกครองสูงสุดภายในกำหนด 30 วัน นับแต่วันที่ผู้นั้นได้รับแจ้งหรือทราบคำสั่งศาล

อย่างไรก็ตาม ในกรณีที่ศาลปกครองมีคำสั่งไม่รับหรือยกคำขอของผู้ฟ้องคดีหรือคู่กรณี คำสั่งดังกล่าวถือเป็นที่สุด ผู้ฟ้องคดีหรือคู่กรณีไม่สามารถยื่นอุทธรณ์ได้อีก",,คู่มือการดำเนินคดีปกครองสำหรับประชาชน,2022-12-01 00:00:00
,,,,,,กระบวนการพิจารณาคดีปกครอง,4.4 การนั่งพิจารณาคดี,เนื้อหา,"ในคดีหนึ่ง ๆ ของศาลปกครองจะต้องมีการนั่งพิจารณาคดีอย่างน้อยหนึ่งครั้ง เพื่อเปิดโอกาสให้คู่กรณีมีมาแถลงด้วยวาจาต่อหน้าองค์คณะพิจารณาพิพากษา โดยศาลจะแจ้งกำหนดวันนั่งพิจารณาคดีครั้งแรกพร้อมทั้งส่งสรุปข้อเท็จจริงของตุลาการเจ้าของสำนวนให้คู่กรณีทราบล่วงหน้าไม่น้อยกว่า 7 วัน และหากคู่กรณีประสงค์จะยื่นคำแถลงเป็นหนังสือ รวมทั้งพยานหลักฐานประกอบคำแถลงดังกล่าว คู่กรณีต้องยื่นต่อศาลก่อนวันนั่งพิจารณาคดี หรืออย่างช้าที่สุดในระหว่างการนั่งพิจารณาคดี

คำแถลงเป็นหนังสือของคู่กรณีจะยกข้อเท็จจริงที่ไม่เคยยกขึ้นมาอ้างไว้ไม่ได้ เว้นแต่จะแสดงข้อเท็จจริงที่เป็นประเด็นสำคัญในคดีที่คู่กรณีสามารถพิสูจน์ได้ว่ามีเหตุจำเป็นที่ทำให้ไม่อาจเสนอ ต่อศาลได้ก่อนหน้านั้น แต่ศาลจะรับฟังและนำข้อเท็จจริงดังกล่าวไปใช้ในการพิจารณาคดีได้ก็ต่อเมื่อได้เปิดโอกาสให้คู่กรณีอีกฝ่ายหนึ่งแสดงพยานหลักฐานเพื่อยืนยันหรือหักล้างแล้วเท่านั้น

ในวันนั่งพิจารณาคดีครั้งแรก ศาลจะสรุปข้อเท็จจริงและประเด็นของคดี แล้วจะให้คู่กรณีแถลงด้วยวาจาประกอบคำแถลงเป็นหนังสือที่ได้ยื่นไว้ก็ได้ จากนั้นตุลาการผู้แถลงคดีจะเสนอคำแถลงการณ์ซึ่งเป็นความเห็นของตนต่อองค์คณะ จากนั้นองค์คณะจะปรึกษากันเพื่อพิพากษาหรือมีคำสั่งในคดีนั้น ๆ โดยศาลจะมีคำสั่งหรือคำพิพากษาในวันนั้นหรือวันอื่นก็ได้",,คู่มือการดำเนินคดีปกครองสำหรับประชาชน,2022-12-01 00:00:00
,,,,,,กระบวนการพิจารณาคดีปกครอง,4.5 การพิพากษาคดี ,เนื้อหา,"เมื่อศาลปกครองได้ทำคำพิพากษาหรือคำสั่งชี้ขาดคดีเสร็จแล้ว ศาลจะแจ้งให้คู่กรณีทราบกำหนดวันอ่านคำพิพากษาหรือคำสั่งชี้ขาดคดี โดยวันที่ศาลอ่านคำพิพากษาหรือคำสั่งชี้ขาดคดีถือว่าเป็นวันที่ศาลปกครองมีคำพิพากษาหรือคำสั่งชี้ขาดคดีนั้น แต่ถ้าคู่กรณีไม่มาฟังคำพิพากษาหรือคำสั่งชี้ขาดคดี ศาลก็จะงดการอ่านแล้วบันทึกไว้ วันที่ศาลบันทึกก็ถือเป็นวันที่ศาลได้มีคำพิพากษาหรือคำสั่งชี้ขาดคดีนั้นแล้ว ซึ่งประชาชนที่สนใจสามารถขอตรวจดูหรือขอสำเนาคำพิพากษาหรือคำสั่งชี้ขาดคดีนั้นได้ โดยสำนักงานศาลปกครองจะแเผยแพร่คำพิพากษาหรือคำสั่งชี้ขาดคดีของศาลปกครองรวมถึงความคิดเห็นของตุลาการผู้แถลงคดีปกครองต่อสาธารณะ

อย่างไรก็ตาม หากคู่กรณีไม่พอใจคำพิพากษาหรือคำสั่งของศาลปกครองชั้นต้นสามารถอุทธรณ์ต่อศาลปกครองสูงสุดได้ โดยยื่นคำอุทธรณ์เป็นหนังสือต่อศาลปกครองชั้นต้นที่มีคำพิพากษาหรือคำสั่งนั้นภายใน 30 วัน นับแต่วันที่ศาลมีคำพิพากษาหรือคำสั่ง โดยยื่นด้วยตนเองต่อเจ้าหน้าที่ของศาลปกครองชั้นต้นดังกล่าว หรือส่งคำอุทธรณ์ทางไปรษณีย์ลงทะเบียนจ่าหน้าซองถึงสำนักงานศาลปกครองชั้นต้นที่มีคำพิพากษาหรือคำสั่ง แต่หากคู่กรณีไม่ยื่นอุทธรณ์ภายในกำหนดเวลาดังกล่าว คดีจะถึงที่สุดไม่สามารถอุทธรณ์ต่อศาลปกครองสูงสุดหรือฟ้องเป็นคดีใหม่ได้ และคู่กรณีต้องปฏิบัติตามคำพิพากษาหรือคำสั่งของศาลปกครองชั้นต้น

มาตรา 75 ตามพระราชบัญญัติจัดตั้งศาลปกครองและวิธีพิจารณาคดีปกครอง พ.ศ. 2542

มาตรา 75 ในกรณีที่ศาลปกครองได้มีคำพิพากษาหรือคำสั่งชี้ขาดคดีปกครองเสร็จเด็ดขาดแล้ว คู่กรณีหรือบุคคลภายนอกผู้มีส่วนได้เสียหรืออาจถูกกระทบจากผลแห่งคดีนั้นอาจมีคำขอให้ศาลปกครองพิจารณาพิพากษาคดีหรือมีคำสั่งชี้ขาดคดีปกครองนั้นใหม่ได้ในกรณี ดังต่อไปนี้

(1) ศาลปกครองฟังข้อเท็จจริงผิดพลาดหรือมีพยานหลักฐานใหม่อันอาจทำให้ข้อเท็จจริงที่ฟังเป็นยุติแล้วนั้นเปลี่ยนแปลงไปในสาระสำคัญ
(2) คู่กรณีที่แท้จริงหรือบุคคลภายนอกนั้นมิได้เข้ามาในการดำเนินกระบวนพิจารณาคดีหรือได้เข้ามาแล้วแต่ถูกตัดโอกาสโดยไม่เป็นธรรมในการมีส่วนร่วมในการดำเนินกระบวนพิจารณา
(3) มีข้อความร้องสำคัญในกระบวนพิจารณาพิพากษาที่ทำให้ผลของคดีไม่มีความยุติธรรม
(4) คำพิพากษาหรือคำสั่งนั้นได้ทำขึ้นโดยอาศัยข้อเท็จจริงหรือข้อกฎหมายใด และต่อมาข้อเท็จจริงหรือข้อกฎหมายนั้นเปลี่ยนแปลงไปในสาระสำคัญซึ่งทำให้ผลแห่งคำพิพากษาหรือคำสั่งตัดสินตามกฎหมายที่ใช้บังคับอยู่ในขณะนั้น

การยื่นคำขอตามวรรคหนึ่ง ให้ระบุทำได้เฉพาะเมื่อคู่กรณีหรือบุคคลภายนอกไม่ทราบเหตุนั้นในการพิจารณาคดีครั้งที่ผ่านมา โดยมิใช่ความผิดของผู้นั้น

การยื่นคำขอให้พิจารณาพิพากษาคดีหรือมีคำสั่งใหม่ ต้องกระทำภายในกำหนดหกสิบวันนับแต่วันที่ผู้นั้นได้รู้หรือควรรู้ถึงเหตุซึ่งอาจขอให้พิจารณาพิพากษาหรือมีคำสั่งใหม่ได้ แต่ไม่เกินห้าปีนับแต่ศาลปกครองได้มีคำพิพากษาหรือคำสั่งชี้ขาด

",,คู่มือการดำเนินคดีปกครองสำหรับประชาชน,2022-12-01 00:00:00
,,,,,,กระบวนการพิจารณาคดีปกครอง,4.6 การอุทธรณ์คำพิพากษา,เนื้อหา,"หากคู่กรณีไม่พอใจคำพิพากษาหรือคำสั่งของศาลปกครองชั้นต้นสามารถอุทธรณ์ต่อศาลปกครองสูงสุด โดยยื่นคำอุทธรณ์เป็นหนังสือต่อศาลปกครองชั้นต้นที่มีคำพิพากษาหรือคำสั่งนั้นภายใน 30 วัน นับแต่วันที่ศาลมีคำพิพากษาหรือคำสั่ง โดยยื่นด้วยตนเองต่อเจ้าหน้าที่ของศาลปกครองชั้นต้นดังกล่าว หรือส่งคำอุทธรณ์ทางไปรษณีย์ลงทะเบียนจ่าหน้าซองถึงสำนักงานศาลปกครองชั้นต้นที่มีคำพิพากษาหรือคำสั่งนั้น โดยจะต้องระบุรายละเอียด ดังนี้
(1) ชื่อผู้อุทธรณ์
(2) ผู้ถูกอุทธรณ์
(3) ข้อคัดค้านคำพิพากษาหรือคำสั่งของศาลปกครองชั้นต้น
(4) คำขอของผู้อุทธรณ์
(5) ลายมือชื่อผู้อุทธรณ์

ข้อเท็จจริงหรือข้อกฎหมายที่จะยกขึ้นอ้างในการยื่นอุทธรณ์จะต้องเป็นข้อเท็จจริงหรือข้อกฎหมายที่ได้ยกขึ้นว่ากันมาแล้วโดยชอบในศาลปกครองชั้นต้น อย่างไรก็ตาม ถ้าปัญหาข้อใดเป็นปัญหาอันเกี่ยวด้วยความสงบเรียบร้อยของประชาชน หรือปัญหาเกี่ยวกับประโยชน์สาธารณะ ผู้อุทธรณ์จะยกปัญหาข้อนั้นขึ้นกล่าวในคำอุทธรณ์หรือในชั้นอุทธรณ์ก็ได้

หากคู่กรณีไม่ยื่นอุทธรณ์ภายใน 30 วัน นับแต่วันที่ศาลมีคำพิพากษาหรือคำสั่ง คดีจะถึงที่สุดไม่สามารถอุทธรณ์ต่อศาลปกครองสูงสุดหรือฟ้องเป็นคดีใหม่ได้ และคู่กรณีต้องปฏิบัติตามคำพิพากษาหรือคำสั่งของศาลปกครองชั้นต้น แต่ในกรณียื่นอุทธรณ์แล้วและศาลปกครองสูงสุดมีคำพิพากษาหรือมีคำสั่งชี้ขาดอุทธรณ์นั้น คดีก็จะถึงที่สุดเช่นกันและไม่สามารถอุทธรณ์ได้อีก

กรณีที่ศาลปกครองชั้นต้นมีคำสั่งไม่รับคำอุทธรณ์ที่ได้ยื่นไว้ ผู้อุทธรณ์สามารถยื่นคำร้องอุทธรณ์คำสั่งไม่รับอุทธรณ์นั้นต่อศาลปกครองสูงสุดได้ภายใน 30 วัน นับแต่วันที่ได้รับแจ้งคำสั่งของศาลปกครองชั้นต้น โดยยื่นอุทธรณ์ต่อศาลปกครองชั้นต้นที่มีคำสั่งดังกล่าว

อย่างไรก็ตาม คู่กรณีหรือบุคคลภายนอกที่มีส่วนได้เสียหรืออาจถูกกระทบจากผลแห่งคดีนั้น สามารถยื่นคำขอให้พิจารณาพิพากษาคดีหรือมีคำสั่งใหม่ได้ แต่ต้องยื่นคำขอภายใน 90 วัน นับแต่วันที่รู้หรือควรรู้ถึงเหตุซึ่งอาจขอให้พิจารณาพิพากษาหรือมีคำสั่งใหม่ แต่ไม่เกิน 5 ปีนับแต่วันที่ศาลปกครองได้มีคำพิพากษาหรือมีคำสั่งชี้ขาด และการยื่นคำขอให้พิจารณาคดีใหม่จะทำได้เฉพาะเมื่อคู่กรณีหรือบุคคลภายนอกไม่ทราบเหตุนั้นในการพิจารณาคดีครั้งที่แล้วมาโดยมิใช่ความผิดของผู้นั้น โดยมีเงื่อนไขดังนี้

(1) ศาลปกครองฟังข้อเท็จจริงผิดพลาดหรือมีพยานหลักฐานใหม่ อันอาจทำให้ข้อเท็จจริงที่ฟังเป็นที่ยุติแล้วนั้นเปลี่ยนแปลงไปในสาระสำคัญ
(2) คู่กรณีที่แท้จริงหรือบุคคลภายนอกนั้นมิได้เข้ามาในการดำเนินกระบวนพิจารณาคดี หรือได้เข้ามาแล้วแต่ถูกตัดโอกาสโดยไม่เป็นธรรมในการมีส่วนร่วมในการดำเนินกระบวนพิจารณา
(3) มีข้อความร้องสำคัญในกระบวนพิจารณาพิพากษาที่ทำให้ผลของคดีไม่มีความยุติธรรม
(4) คำพิพากษาหรือคำสั่งนั้นได้ทำขึ้นโดยอาศัยข้อเท็จจริงหรือข้อกฎหมายใดและต่อมาข้อเท็จจริงหรือข้อกฎหมายนั้นเปลี่ยนแปลงไปในสาระสำคัญ ซึ่งทำให้ผลแห่งคำพิพากษาหรือคำสั่งขัดกับกฎหมายที่ใช้บังคับอยู่ในขณะนั้น",,คู่มือการดำเนินคดีปกครองสำหรับประชาชน,2022-12-01 00:00:00
,,,,,,กระบวนการพิจารณาคดีปกครอง,4.6 การอุทธรณ์คำพิพากษา,เนื้อหา,"มาตรา 73 ตามพระราชบัญญัติจัดตั้งศาลปกครองและวิธีพิจารณาคดีปกครอง พ.ศ. 2542
มาตรา 73 การคัดค้านคำพิพากษาหรือคำสั่งของศาลปกครองชั้นต้นนั้น ให้ยื่นอุทธรณ์ต่อศาลปกครองชั้นต้นที่มีคำพิพากษาหรือคำสั่งภายในกำหนดสามสิบวันนับแต่วันที่ได้มีคำพิพากษาหรือคำสั่ง ถ้ามิได้ยื่นอุทธรณ์ตามกำหนดเวลาดังกล่าว ให้ถือว่าคดีนั้นเป็นอันถึงที่สุด

คำพิพากษาหรือคำสั่งตามวรรคหนึ่งให้หมายความรวมถึงคำสั่งเกี่ยวกับการละเมิดอำนาจศาลหรือคำสั่งอื่นใดที่ทำให้คดีเสร็จเด็ดขาด

ในกรณีที่ศาลปกครองสูงสุดเห็นว่าคำอุทธรณ์ไม่มีข้อเท็จจริงหรือข้อกฎหมายที่ไม่เป็นสาระอันควรได้รับการวินิจฉัย ศาลปกครองสูงสุดจะสั่งไม่รับอุทธรณ์นั้นไว้พิจารณาก็ได้

คำพิพากษาหรือคำสั่งของศาลปกครองสูงสุดให้เป็นที่สุด",,คู่มือการดำเนินคดีปกครองสำหรับประชาชน,2022-12-01 00:00:00
,,,,,,กระบวนการพิจารณาคดีปกครอง,4.6 การอุทธรณ์คำพิพากษา,เนื้อหา,"ระเบียบของที่ประชุมใหญ่ตุลาการในศาลปกครองสูงสุด ว่าด้วยวิธีพิจารณาคดีปกครอง พ.ศ. 2543
ข้อ 104 เมื่อได้รับคำอุทธรณ์จากพนักงานเจ้าหน้าที่ของศาล ให้อธิบดีศาลปกครองชั้นต้นส่งคำอุทธรณ์นั้นให้องค์คณะดำเนินการต่อไป

ให้ตุลาการหัวหน้าคณะ แต่งตั้งตุลาการในองค์คณะคนหนึ่งเป็นตุลาการเจ้าของสำนวน แล้วให้ตุลาการเจ้าของสำนวนตรวจคำอุทธรณ์ ถ้าเห็นว่าเป็นคำอุทธรณ์ที่สมบูรณ์ครบถ้วน ก็ให้ดำเนินการต่อไปตามข้อ 106
ถ้าเห็นว่าคำอุทธรณ์นั้นไม่สมบูรณ์ครบถ้วน ซึ่งผู้อุทธรณ์อาจแก้ไขได้ หรือผู้อุทธรณ์ชำระค่าธรรมเนียมศาลไม่ครบถ้วน ให้ตุลาการเจ้าของสำนวนมีคำสั่งให้ผู้อุทธรณ์แก้ไข หรือชำระค่าธรรมเนียมศาลให้ครบถ้วนภายในระยะเวลาที่กำหนด
ถ้าไม่มีการแก้ไขหรือชำระค่าธรรมเนียมศาลให้ครบถ้วนภายในระยะเวลาที่กำหนด หรือข้อที่ไม่สมบูรณ์ครบถ้วนนั้นเป็นกรณีที่ไม่อาจแก้ไขให้ถูกต้องได้หรือเป็นคำอุทธรณ์ที่ต้องห้ามตามกฎหมายหรือยื่นโดยฝ่าฝืนระเบียบนี้ ให้ตุลาการเจ้าของสำนวนเสนอองค์คณะสั่งไม่รับอุทธรณ์ดังกล่าว

ข้อ 106 ในกรณีที่ตุลาการเจ้าของสำนวนในศาลปกครองชั้นต้นเห็นว่าคำอุทธรณ์นั้นเป็นคำอุทธรณ์ที่สมบูรณ์ครบถ้วน ให้เสนอองค์คณะมีคำสั่งรับอุทธรณ์ แล้วเสนออธิบดีศาลปกครองชั้นต้นเพื่อส่งคำอุทธรณ์นั้นให้ศาลปกครองสูงสุดพิจารณาต่อไป",,คู่มือการดำเนินคดีปกครองสำหรับประชาชน,2022-12-01 00:00:00
,,,,,,กระบวนการพิจารณาคดีปกครอง,4.6 การอุทธรณ์คำพิพากษา,เนื้อหา,"ในการพิพากษาคดีในชั้นอุทธรณ์นั้น ศาลปกครองสูงสุดมีอำนาจพิพากษาหรือมีคำสั่ง ดังต่อไปนี้
ไม่รับอุทธรณ์ หากเห็นว่าคำอุทธรณ์นั้นไม่สมบูรณ์ครบถ้วน และเป็นกรณีที่ไม่อาจแก้ไขให้ถูกต้องได้ หรือเป็นคำอุทธรณ์ที่ต้องห้ามตามกฎหมายหรือยื่นผิดระเบียบของที่ประชุมใหญ่ตุลาการในศาลปกครองสูงสุดว่าด้วยวิธีพิจารณาคดีปกครอง

ยืนตามคำพิพากษาหรือคำสั่งของศาลปกครองชั้นต้น หากเห็นว่าคำพิพากษาหรือคำสั่งของศาลปกครองชั้นต้นถูกต้อง ไม่ว่าจะด้วยเหตุเดียวกันหรือเหตุอื่น

กลับคำพิพากษาหรือคำสั่งของศาลปกครองชั้นต้น หากเห็นว่าคำพิพากษาหรือคำสั่งของศาลปกครองชั้นต้นไม่ถูกต้อง

แก้คำพิพากษาหรือคำสั่งศาลปกครองชั้นต้น หากเห็นว่าคำพิพากษาหรือคำสั่งของศาลปกครองชั้นต้นถูกบางส่วนและผิดบางส่วน โดยจะพิพากษาหรือมีคำสั่งยืนบางส่วนกลับบางส่วน และพิพากษาหรือมีคำสั่งใหม่ในส่วนที่กลับนั้น

อำนาจในการพิจารณาอุทธรณ์คำพิพากษาหรือคำสั่งของศาลปกครองชั้นต้น โดยศาลปกครองสูงสุดให้รวมถึง
(1) เมื่อคดีปรากฏเหตุที่มิได้ปฏิบัติตามบทบัญญัติแห่งกฎหมายหรือระเบียบนี้ในส่วนที่ว่าด้วยการทำคำพิพากษาและคำสั่ง และศาลปกครองสูงสุดเห็นว่า มีเหตุอันสมควรให้อำนาจสั่งยกคำพิพากษาหรือคำสั่งของศาลปกครองชั้นต้นนั้น แล้วส่งสำนวนคดีนั้นไปยังศาลปกครองชั้นต้น เพื่อให้พิพากษาหรือมีคำสั่งใหม่ในกรณีเช่นนี้
ศาลปกครองชั้นต้นอาจประกอบด้วยตุลาการศาลปกครองอื่นนอกจากที่ได้พิพากษาหรือมีคำสั่งมาแล้ว และคำพิพากษาหรือคำสั่งใหม่นี้อาจวินิจฉัยซึ่งขาดคดีเป็นอย่างอื่นนอกจากคำพิพากษาหรือคำสั่งที่ถูกยกได้

(2) เมื่อคดีปรากฏเหตุที่มิได้ปฏิบัติตามบทบัญญัติแห่งกฎหมายหรือระเบียบนี้ในส่วนที่ว่าด้วยการแสดงหาข้อเท็จจริง หรือมีเหตุที่ศาลได้ปฏิเสธการไต่สวนพยานตามที่ผู้อุทธรณ์มีคำขอ และศาลปกครองสูงสุดเห็นว่ามีเหตุอันสมควร ให้อำนาจสั่งยกคำพิพากษาหรือคำสั่งของศาลปกครองชั้นต้นนั้น แล้วกำหนดให้ศาลปกครองชั้นต้นซึ่งประกอบด้วยตุลาการศาลปกครององค์คณะเดิมหรือตุลาการศาลปกครองอื่น
หรือศาลปกครองชั้นต้นอื่นดำเนินการพิจารณาคดีนั้นใหม่ทั้งหมดหรือบางส่วน และพิพากษาหรือมีคำสั่งใหม่

(3) เมื่อคดีปรากฏเหตุว่าข้อเท็จจริงที่ศาลปกครองชั้นต้นฟังมาไม่พอแก่การวินิจฉัยชี้ขาดคดี และศาลปกครองสูงสุดเห็นว่ามีเหตุอันสมควรให้อำนาจสั่งยกคำพิพากษาหรือคำสั่งของศาลปกครองชั้นต้นนั้น
แล้วกำหนดให้ศาลปกครองชั้นต้นซึ่งประกอบด้วยตุลาการศาลปกครององค์คณะเดิมหรือตุลาการศาลปกครองอื่นพิจารณาคดีนั้นใหม่ทั้งหมดหรือบางส่วน โดยดำเนินการตามคำชี้ขาดของศาลปกครองสูงสุด แล้วพิพากษาหรือมีคำสั่งไปตามรูปคดี

ในคดีทั้งปวงที่ศาลปกครองชั้นต้นได้พิพากษาหรือมีคำสั่งใหม่ตามข้อนี้ ให้อุทธรณ์คำพิพากษาหรือคำสั่งใหม่เช่นว่านั้นได้ (ข้อ 112 ของระเบียบของที่ประชุมใหญ่ตุลาการในศาลปกครองสูงสุดว่าด้วยวิธีพิจารณาคดีปกครอง พ.ศ. 2543)",,คู่มือการดำเนินคดีปกครองสำหรับประชาชน,2022-12-01 00:00:00
,,,,,,กระบวนการพิจารณาคดีปกครอง,4.7 การบังคับคดีปกครอง,เนื้อหา,"ในการพิพากษาคดี ศาลปกครองมีอำนาจกำหนดคำบังคับอย่างหนึ่งอย่างใด ดังต่อไปนี้
(1) สั่งให้เพิกถอนกฎหรือคำสั่งหรือสั่งห้ามการกระทำทั้งหมดหรือบางส่วน ในกรณีที่มีการฟ้องว่าหน่วยงานทางปกครองหรือเจ้าหน้าที่ของรัฐกระทำการโดยไม่ชอบด้วยกฎหมายตามมาตรา 9 วรรคหนึ่ง (1)
(2) สั่งให้หัวหน้าหน่วยงานทางปกครองหรือเจ้าหน้าที่ของรัฐที่เกี่ยวข้องปฏิบัติตามหน้าที่ภายในเวลาที่ศาลปกครองกำหนด ในกรณีที่มีการฟ้องว่าหน่วยงานทางปกครอง หรือเจ้าหน้าที่ของรัฐละเลยต่อหน้าที่หรือปฏิบัติหน้าที่ล่าช้าเกินสมควร
(3) สั่งให้ใช้เงินหรือให้ส่งมอบทรัพย์สินหรือให้กระทำการหรืองดเว้นกระทำการ โดยจะกำหนดระยะเวลาและเงื่อนไขอื่นๆ ได้ด้วยก็ได้ ในกรณีที่มีการฟ้องเกี่ยวกับการกระทำละเมิดหรือความรับผิดของหน่วยงานทางปกครองหรือเจ้าหน้าที่ของรัฐหรือการฟ้องเกี่ยวกับสัญญาทางปกครอง
(4) สั่งให้อุปถัมภ์สิทธิหรือหน้าที่ของบุคคลที่เกี่ยวข้อง ในกรณีที่มีการฟ้องให้ศาลมีคำพิพากษาแสดงความเป็นอยู่ของสิทธิหรือหน้าที่นั้น
(5) สั่งให้บุคคลกระทำหรือละเว้นกระทำอย่างหนึ่งอย่างใดเพื่อให้เป็นไปตามกฎหมาย

ในการมีคำบังคับตามวรรคหนึ่ง (1) ศาลปกครองมีอำนาจกำหนดว่าจะให้มีผลย้อนหลังหรือไม่ย้อนหลังหรือมีผลไปในอนาคตถึงขณะใดขณะหนึ่งได้ หรือจะกำหนดให้มีเงื่อนไขอย่างใดก็ได้ ทั้งนี้ ตามความเป็นธรรมแห่งกรณี

ในกรณีที่ศาลปกครองมีคำพิพากษาถึงที่สุดให้เพิกถอนกฎให้มีการประกาศผลแห่งคำพิพากษาดังกล่าวในราชกิจจานุเบกษา และให้การประกาศดังกล่าวมีผลเป็นการเพิกถอนกฎนั้น (มาตรา 72 ตามพระราชบัญญัติจัดตั้งศาลปกครองและวิธีพิจารณาคดีปกครอง พ.ศ. 2542)

1 การบังคับคดีปกครองกรณีคดีถึงที่สุด

เมื่อศาลปกครองมีคำพิพากษาถึงที่สุดแล้วและมีคำบังคับให้ต้องปฏิบัติ จะมีการดำเนินการบังคับคดีปกครองตามลักษณะของคำบังคับที่กำหนดไว้ซึ่งแบ่งออกเป็น 2 กลุ่ม ได้แก่

1.1 การบังคับคดีโดยไม่ต้องออกหมายบังคับคดี

เป็นกรณีที่สำนักบังคับคดีปกครองหรือหน่วยบังคับคดีปกครองในสำนักงานศาลปกครองภูมิภาค จะดำเนินการให้เป็นไปตามคำบังคับหรือตามอำนาจหน้าที่ โดยคู่กรณีในคดีไม่ว่าจะเป็นฝ่ายชนะคดีหรือแพ้คดีก็ตามไม่ต้องยื่นคำร้องขอแต่อย่างใด ขณะเดียวกันคู่กรณีมีหน้าที่ให้ความร่วมมือโดยชี้แจง ให้ข้อมูล/ข้อเท็จจริง ติดตาม ตรวจสอบ ยืนยัน รวมทั้งรายงานผลการปฏิบัติตามคำบังคับ เพื่อให้การดำเนินการดังกล่าวสัมฤทธิผลโดยเร็ว อันได้แก่การบังคับคดีในเรื่องต่อไปนี้

1) ศาลมีคำบังคับให้เพิกถอนกฎ เพิกถอนคำสั่ง สั่งห้ามกระทำการทั้งหมดหรือบางส่วนตามมาตรา 72 วรรคหนึ่ง (1)
2) ศาลมีคำบังคับให้หัวหน้าหน่วยงานทางปกครอง หรือเจ้าหน้าที่ของรัฐที่เกี่ยวข้องปฏิบัติตามหน้าที่ภายในเวลาที่ศาลกำหนดตามมาตรา 72 วรรคหนึ่ง (2)
3) ศาลมีคำบังคับให้นหน่วยงานทางปกครองใช้เงิน หรือให้ส่งมอบทรัพย์สิน หรือให้กระทำการหรืองดเว้นกระทำการตามมาตรา 72 วรรคหนึ่ง (3)
4) ศาลมีคำบังคับให้หน่วยงานทางปกครอง หรือเจ้าหน้าที่ของรัฐถือปฏิบัติต่อสิทธิหรือหน้าที่ของบุคคลที่เกี่ยวข้องตามมาตรา 72 วรรคหนึ่ง (4)

1.2 การบังคับคดีโดยการออกหมายบังคับคดี ตั้งเจ้าพนักงานบังคับคดี

เป็นการบังคับคดีที่มีลักษณะเช่นเดียวกับการบังคับคดีแพ่งตามประมวลกฎหมายวิธีพิจารณาความแพ่ง ซึ่งเจ้าหนี้ตามคำพิพากษาจะต้องยื่นคำร้องต่อศาลขอให้มีการออกหมายบังคับคดีตั้งเจ้าพนักงานบังคับคดี และยื่นคำร้องต่อเจ้าพนักงานบังคับคดี เพื่อดำเนินการยึดทรัพย์สิน หรืออายัดสิทธิเรียกร้อง หรือบังคับคดีโดยวิธีอื่นตามที่กฎหมายกำหนด ได้แก่ การบังคับคดีในเรื่องต่อไปนี้

1) ศาลมีคำบังคับให้ลูกหนี้ตามคำพิพากษาใช้เงิน หรือให้ส่งคืนหรือส่งมอบทรัพย์เฉพาะสิ่ง หรือให้กระทำการหรืองดเว้นกระทำการโดยเกี่ยวกับอสังหาริมทรัพย์ ที่อยู่อาศัย หรือทรัพย์ที่ครอบครอง (ขับไล่) ให้กระทำการหรืองดเว้นกระทำการ โดยให้ลูกหนี้ตามคำพิพากษารื้อถอนสิ่งปลูกสร้าง ไม้ยืนต้น ไม้ล้มลุกหรือธัญชาติ หรือขนย้ายทรัพย์สินออกไปจากอสังหาริมทรัพย์ ที่อยู่อาศัย หรือทรัพย์ที่ครอบครอง (รื้อถอน)ตามมาตรา 72 วรรคหนึ่ง (3)
2) ศาลมีคำบังคับให้บุคคลกระทำหรือละเว้นกระทำอย่างหนึ่งอย่างใดเพื่อให้เป็นไปตามกฎหมายตามมาตรา 72 วรรคหนึ่ง (5)


2 การบังคับคดีปกครองโดยไม่ต้องรอให้คดีถึงที่สุด
เมื่อศาลปกครองชั้นต้นมีคำพิพากษาและมีคำบังคับให้ต้องปฏิบัติ หากคู่กรณีฝ่ายหนึ่งฝ่ายใดหรือทั้งสองฝ่ายอุทธรณ์คำพิพากษาของศาลปกครองชั้นต้นนั้นจะมีผลทำให้คดียังไม่ถึงที่สุด มิอาจดำเนินการบังคับคดีได้ต้องรอให้คดีถึงที่สุดเสียก่อน แต่อย่างไรก็ดี กฎหมายจัดตั้งศาลปกครองฯ ได้ให้สิทธิแก่คู่กรณีฝ่ายชนะคดีในศาลปกครองชั้นต้นอาจยื่นคำขอต่อศาลปกครองชั้นต้นหรือศาลปกครองสูงสุดให้มีการปฏิบัติตามคำบังคับของศาลปกครองชั้นต้นได้โดยไม่ต้องรอจนกว่าคดีจะถึงที่สุด ในกรณีต่อไปนี้

2.1 คดีที่ศาลปกครองชั้นต้นมีคำบังคับห้ามการกระทำทั้งหมดหรือบางส่วนตามมาตรา 72 วรรคหนึ่ง (1)

2.2 คดีที่ศาลปกครองชั้นต้นมีคำบังคับให้หัวหน้าหน่วยงานทางปกครองหรือเจ้าหน้าที่ของรัฐที่เกี่ยวข้องปฏิบัติหน้าที่ภายในเวลาที่ศาลปกครองชั้นต้นกำหนดตามมาตรา 72 วรรคหนึ่ง (2)

2.3 คดีที่ศาลปกครองชั้นต้นมีคำบังคับตามมาตรา 72 วรรคหนึ่ง (3) (4) (5) และคู่กรณีที่ต้องปฏิบัติตามคำบังคับดังกล่าวมิได้อุทธรณ์คำพิพากษา

ทั้งนี้ ให้จัดทำคำขอพร้อมทั้งชี้แจงเหตุผลอันสมควรที่ขอให้มีการปฏิบัติตามคำบังคับไว้ในคำขอนั้นด้วย และยื่นคำขอภายในหกสิบวันนับแต่วันที่พ้นกำหนดระยะเวลายื่นอุทธรณ์

เมื่อศาลปกครองสูงสุดมีคำสั่งให้บังคับคดีก่อนคดีถึงที่สุดได้ ศาลปกครองชั้นต้นที่มีคำพิพากษาและคำบังคับนั้นจะเป็นศาลที่ดำเนินการบังคับคดีต่อไป โดยกระบวนการบังคับคดีปกครองดังกล่าวจะดำเนินการตามลักษณะของคำบังคับที่กำหนดไว้ เช่นเดียวกับคดีที่ถึงที่สุดแล้ว
",,คู่มือการดำเนินคดีปกครองสำหรับประชาชน,2022-12-01 00:00:00
,,,,,,กระบวนการพิจารณาคดีปกครอง,4.8 การไกล่เกลี่ยข้อพิพาทในศาลปกครอง,เนื้อหา,"นอกจากการยื่นฟ้องคดีต่อศาลปกครองเพื่อให้ศาลพิจารณาพิพากษาคดีให้แล้ว คู่กรณีสามารถเลือกใช้ “วิธีการไกล่เกลี่ยข้อพิพาทในศาลปกครอง” เป็นอีกทางเลือกหนึ่งในการระงับข้อพิพาท โดยสามารถดำเนินการได้ในคดีประเภทต่าง ๆ ได้แก่

- คดีพิพาทเกี่ยวกับการที่หน่วยงานทางปกครองหรือเจ้าหน้าที่ของรัฐละเลยต่อหน้าที่ตามที่กฎหมายกำหนดให้ต้องปฏิบัติหรือปฏิบัติหน้าที่ล่าช้าเกินสมควร

- คดีพิพาทเกี่ยวกับการกระทำละเมิดหรือความรับผิดอย่างอื่นของหน่วยงานทางปกครองหรือเจ้าหน้าที่ของรัฐ

- คดีพิพาทเกี่ยวกับสัญญาทางปกครอง และ

- คดีพิพาทอื่นตามที่กำหนดในระเบียบของที่ประชุมใหญ่ตุลาการในศาลปกครองสูงสุด

อย่างไรก็ดีตาม มาตรา 66 มีข้อพิพาทบางลักษณะที่กฎหมายห้ามมิให้ใช้วิธีการไกล่เกลี่ยข้อพิพาทในศาลปกครอง ได้แก่

- ข้อพิพาทที่เป็นการฝ่าฝืนหรืออ้างห้ามชัดแจ้งโดยกฎหมาย

- ข้อพิพาทที่เกี่ยวกับความสงบเรียบร้อยหรือศีลธรรมอันดีของประชาชน

- ข้อพิพาทที่มีผลกระทบต่อสถานะของบุคคลหรือมีผลกระทบในทางเสียหายต่อประโยชน์สาธารณะ

- ข้อพิพาทที่มีผลกระทบร้ายแรงต่อการบังคับใช้กฎหมาย

- ข้อพิพาทที่อยู่นอกเหนือสิทธิ อำนาจหน้าที่ หรือความสามารถของคู่กรณี

- ข้อพิพาทที่เกี่ยวกับคำวินิจฉัยของคณะกรรมการวินิจฉัยข้อพิพาท

- ข้อพิพาทที่เกี่ยวกับคำวินิจฉัยของคณะกรรมการวินิจฉัยข้อพิพาทที่กฎหมายกำหนดให้ฟ้องคดีต่อศาลปกครองสูงสุด

- ข้อพิพาทที่มีลักษณะอื่นตามที่กำหนดในระเบียบของที่ประชุมใหญ่ตุลาการในศาลปกครองสูงสุด

คู่กรณีที่ต้องการไกล่เกลี่ยข้อพิพาทสามารถยื่นคำขอต่อศาลได้ นับตั้งแต่มีการฟ้องคดีต่อศาลปกครองจนถึงวันสิ้นสุดการแสวงหาข้อเท็จจริง โดยส่งคำขอมาทางไปรษณีย์ลงทะเบียน ทางโทรสาร หรือมายื่นด้วยตนเองที่ศาลปกครองก็ได้เช่นกัน สำหรับคู่กรณีที่ใช้วิธีพิจารณาคดีทางระบบงานคดีปกครองอิเล็กทรอนิกส์สามารถยื่นคำขอผ่านทางระบบงานคดีปกครองอิเล็กทรอนิกส์ โดยเมื่อเข้าสู่ระบบแล้วคลิกเลือกศาลปกครองที่มีคดีพิพาท และต้องการยื่นคำขอไกล่เกลี่ยข้อพิพาท จากนั้น คลิกเลือกที่ ยื่นคำร้อง/คำขอ และเลือก ยื่นคำขออื่นๆ และกรอกรายละเอียดตามขั้นตอนในระบบงาน

การไกล่เกลี่ยข้อพิพาทจะดำเนินการอย่างเรียบง่าย รวดเร็ว และถูกต้องตามกฎหมาย ด้วยความสมัครใจของคู่กรณีทั้งสองฝ่าย และโดยศาลเห็นสมควร ซึ่งจะดำเนินการภายในระยะเวลาไม่เกิน 90 วัน นับแต่วนั้ไกล่เกลี่ยข้อพิพาทครั้งแรก และเมื่อการไกล่เกลี่ยข้อพิพาทสำเร็จ ผลของการไกล่เกลี่ยข้อพิพาทจะมีผลบังคับได้จริงตามกฎหมาย โดยคู่กรณีที่เข้าร่วมในการไกล่เกลี่ยข้อพิพาทจะร่วมกันทำนบันทึกข้อตกลงหรือสัญญาประนีประนอมยอมความ และศาลปกครองจะมีคำพิพากษาให้เป็นไปตามนั้น สำหรับกรณีที่การไกล่เกลี่ยข้อพิพาทสำเร็จบางส่วน ศาลจะนำบันทึกข้อตกลงนั้นมารวมพิพากษาไปพร้อมกับการมีคำพิพากษาในประเด็นที่ยังพิพาทกัน

คำพิพากษาตามยอม โดยหลักไม่อาจอุทธรณ์ได้ เว้นแต่มีเหตุตามที่กฎหมายกำหนด

คำพิพากษาตามยอม คือ คำพิพากษาที่จัดทำขึ้นโดยคู่กรณีทั้งสองฝ่ายตกลงยินยอมตามข้อตกลงในชั้นไกล่เกลี่ยข้อพิพาท โดยข้อตกลงนั้นไม่ขัดต่อหลักความชอบด้วยกฎหมาย

",,คู่มือการดำเนินคดีปกครองสำหรับประชาชน,2022-12-01 00:00:00
,,,,,,ระบบงานคดีปกครองอิเล็กทรอนิกส์,5.1 การยื่นคำฟ้องทางอิเล็กทรอนิกส์,เนื้อหา,"ผู้ประสงค์จะยื่นคำฟ้องทางระบบงานคดีปกครองอิเล็กทรอนิกส์สามารถเข้าสู่ระบบได้ทาง https://elitiqation.admincourt.go.th หรือเข้าทาง เว็บไซต์ศาลปกครอง www.admincourt.go.th คลิกที่ ยื่นฟ้องคดีปกครองออนไลน์ โดยจะต้องลงทะเบียนในการใช้งานครั้งแรก โดยเมื่อเข้าสู่หน้าจอแล้วให้คลิกที่ปุ่ม เข้าสู่ระบบ 

จากนั้น เมื่อผู้ใช้งานอ่านข้อกำหนดการใช้งานระบบงานคดีปกครองอิเล็กทรอนิกส์เข้าใจแล้ว คลิกที่ช่องยอมรับข้อกำหนดการใช้งานระบบและคลิกที่ปุ่ม ถัดไป

กรอกรายละเอียดซึ่งเป็นข้อมูลส่วนบุคคล โดยจะต้องกรอกข้อมูลในช่องที่มีเครื่องหมายดอกจันให้ครบถ้วน ควรระบุ อีเมล (e-Mail) ให้ถูกต้องและเป็นอีเมลที่ใช้งานเป็นประจำ เนื่องจากศาลจะติดต่อผู้ใช้งานผ่านทางอีเมลนี้ เมื่อกรอกข้อมูลครบถ้วนแล้วให้คลิกที่ปุ่ม ถัดไป

กรอก username และ password แล้วคลิกปุ่ม ถัดไป

ตรวจสอบความถูกต้องอีกครั้ง ถ้าต้องการแก้ไขข้อมูลคลิกที่ปุ่ม ก่อนหน้า แต่ถ้าไม่มีแก้ไขคลิกปุ่ม ลงทะเบียน ระบบจะส่ง OTP ทางอีเมลที่ได้แจ้งไว้ตอนกรอกข้อมูลเพื่อลงทะเบียน เมื่อกรอก OTP เสร็จแล้วให้คลิกที่ปุ่ม ตกลง ระบบจะแจ้งยืนยันการลงทะเบียนทางอีเมลของผู้ใช้งาน ซึ่งจะถือว่าผู้ใช้งานได้ลงทะเบียนเสร็จเรียบร้อยแล้ว และสามารถเข้าสู่ระบบเพื่อยื่นฟ้องคดีปกครองได้ทันที

ขั้นตอนการยื่นคำฟ้องทางระบบงานคดีปกครองอิเล็กทรอนิกส์

เมื่อเข้าสู่หน้าจอ https://elitiqation.admincourt.go.th
แล้วคลิกที่ปุ่ม เข้าสู่ระบบ จากนั้นกรอก Username และ Password และกรอก Captcha คลิกที่ปุ่ม เข้าสู่ระบบ จะปรากฏหน้าจอตามภาพ

คลิกเลือก ศาลปกครองชั้นต้น ยกเว้น เป็นคดีที่ต้องฟ้องกับศาลปกครองสูงสุดโดยตรง ให้คลิกเลือก ศาลปกครองสูงสุด คลิกเลือก ยื่นคำฟ้อง > ยื่นคำฟ้องใหม่

คลิกเลือกว่าต้องการฟ้องในฐานะอะไร ถ้าฟ้องคดีเองให้คลิกเลือกผู้ฟ้องคดีเอง จากนั้นหน้าจอจะปรากฏหน้าที่เป็นร่างคำฟ้องซึ่งมีข้อมูลของผู้ฟ้องคดีที่เคยกรอกไว้ตอนลงทะเบียน จากนั้นให้กรอกข้อมูลของผู้ถูกฟ้องคดี กรณีที่มีผู้ถูกฟ้องคดีหลายคนให้คลิกที่ปุ่ม เพิ่มผู้ถูกฟ้องคดี ที่อยู่ทางด้านขวามือ

ระบุรายละเอียดการกระทำและข้อเท็จจริงที่เกิดขึ้นซึ่งเป็นเหตุให้ต้องมาฟ้องคดีต่อศาลปกครอง และคำขอว่าต้องการให้ศาลมีคำพิพากษาหรือสั่งอย่างไร

กรณีที่ผู้ใช้งานได้จัดเตรียมร่างคำฟ้องไว้แล้ว สามารถอัปโหลด (upload) ไฟล์คำฟ้องได้เลย โดยไม่ต้องกรอกรายละเอียดการกระทำที่เป็นเหตุแห่งการฟ้องคดีและคำขอของผู้ฟ้องคดี และหากมีเอกสารหลักฐานประกอบคำฟ้องก็สามารถอัปโหลดไปได้พร้อมกัน โดยต้องอัปโหลดในรูปแบบ PDF/A หรือ JPEG และรูปแบบ WORD (ผู้ใช้งานต้องอัปโหลดให้ครบทั้ง 2 รูปแบบ) ขนาดไฟล์รวมกันทั้งหมดต้องไม่เกิน 30 เมกกะไบท์ (MB)

หากเป็นคดีที่ฟ้องขอให้ศาลมีคำพิพากษาให้ผู้ถูกฟ้องคดีชดใช้เงินหรือส่งมอบทรัพย์สิน ผู้ฟ้องคดีต้องชำระค่าธรรมเนียมศาล โดยคลิกเลือก เป็นคดีมีทุนทรัพย์ ซึ่งต้องชำระค่าธรรมเนียมศาล พร้อมทั้งกรอกจำนวนทุนทรัพย์ที่ต้องการให้ชดใช้ ระบบจะคำนวณค่าธรรมเนียมศาลให้อัตโนมัติ แต่หากต้องการขอยกเว้นค่าธรรมเนียมศาล ให้คลิกเลือก เป็นคดีมีทุนทรัพย์ แต่ขอยกเว้นค่าธรรมเนียมศาล หากเป็นคดีที่ไม่ได้ฟ้องเพื่อขอให้ผู้ถูกฟ้องคดีชดใช้เงินหรือส่งมอบทรัพย์สิน ให้คลิกเลือก เป็นคดีไม่มีทุนทรัพย์ ไม่ต้องชำระค่าธรรมเนียมศาล เสร็จเรียบร้อยแล้ว คลิกที่ปุ่ม ถัดไป

เมื่อ ตรวจสอบร่างคำฟ้องแล้ว หากมีข้อแก้ไข คลิกที่ปุ่ม ก่อนหน้า
แต่หากไม่มีข้อแก้ไข คลิกที่ ส่งคำฟ้อง จากนั้นจะได้รับรหัสอ้างอิงผ่านทางอีเมลเพื่อใช้เป็นหลักฐานการยื่นคำฟ้องและติดตามคำฟ้องในระหว่างที่ยังไม่มีการออกหมายเลขคดีดำ

คดีที่ต้องชำระค่าธรรมเนียมศาล สามารถเลือกที่ปุ่ม ชำระเงินค่าธรรมเนียมศาล ซึ่งอยู่ทางด้านขวามือเพื่อเลือกวิธีการชำระเงิน",,คู่มือการดำเนินคดีปกครองสำหรับประชาชน,2022-12-01 00:00:00
,,,,,,ระบบงานคดีปกครองอิเล็กทรอนิกส์,5.2 การชำระค่าธรรมเนียมศาลทางอิเล็กทรอนิกส์,เนื้อหา,"กรณีที่ผู้ฟ้องคดีประสงค์จะชำระค่าธรรมเนียมศาลหลังส่งคำฟ้องเรียบร้อยแล้ว คลิกที่ปุ่ม ชำระค่าธรรมเนียมศาล และเลือกวิธีการชำระเงินแล้ว จะปรากฏหน้าจอตามภาพ

คลิกเลือกวิธีที่ต้องการชำระค่าธรรมเนียมศาลโดยจะมีการชำระเงิน 2 วิธี คือ
- ชำระเงินทางอิเล็กทรอนิกส์ หรือ e-Payment ซึ่งมีทั้งหมด 3 ช่องทาง ได้แก่ การชำระผ่านบัตรเครดิตหรือบัตรเดบิต หักบัญชีธนาคาร และชำระผ่านทางอินเทอร์เน็ตแบงก์กิ้ง
- ชำระโดยนำใบแจ้งการชำระเงินไปชำระด้วยวิธีการอื่น หรือ Bill payment ได้แก่ การชำระด้วยเงินสด เช็ค แคชเชียร์เช็ค ตั๋วแลกเงิน ดราฟต์ บัตรเครดิต บัตรเดบิต หรือชำระผ่าน ATM
ให้เลือกชำระเงินทางอิเล็กทรอนิกส์ และเลือกช่องทางที่ผู้ฟ้องคดีประสงค์จะดำเนินการชำระเงิน

เมื่อคลิกเลือกวิธีชำระค่าธรรมเนียมศาลเรียบร้อยแล้ว ตรวจสอบความถูกต้องแล้วคลิก ชำระเงิน
ตรวจสอบข้อมูลอีกครั้ง แล้วคลิก ไปหน้าชำระค่าธรรมเนียม แล้วทำตามขั้นตอนการชำระเงินที่แนะนำไว้ในระบบ
กรณีที่ผู้ฟ้องคดีชำระค่าธรรมเนียมศาลในภายหลัง เมื่อเข้าสู่ระบบงานคดีปกครองอิเล็กทรอนิกส์แล้ว ให้เลือกศาลที่ผู้ฟ้องคดียื่นคำฟ้องไว้ และต้องการชำระค่าธรรมเนียมศาล
เลือกการดำเนินการเกี่ยวกับค่าธรรมเนียมศาล > ชำระค่าธรรมเนียมศาล
กรอกรหัสอ้างอิง หรือหมายเลขคดีดำ
หากมีคดีที่ยื่นฟ้องต่อศาลปกครองหลายคดี สามารถคลิกเลือกที่ปุ่ม คดีของท่าน ซึ่งอยู่มุมขวาบนก็ได้เช่นกัน
กรอกค่าธรรมเนียมศาลที่ต้องการชำระ หรือกรอกจำนวนทุนทรัพย์เพื่อให้ระบบคำนวณค่าธรรมเนียมศาลให้
จากนั้น เลือกวิธีชำระเงิน และทำตามขั้นตอนที่ระบบแนะนำ",,คู่มือการดำเนินคดีปกครองสำหรับประชาชน,2022-12-01 00:00:00
,,,,,,ระบบงานคดีปกครองอิเล็กทรอนิกส์,5.3 การขอวิธีการชั่วคราวก่อนการพิจารณาทางอิเล็กทรอนิกส์,เนื้อหา,"กรณีที่ผู้ฟ้องคดีต้องการขอวิธีการชั่วคราวก่อนการพิพากษา และไม่ได้เขียนคำขอมาในคำฟ้อง หรือคู่กรณียื่นคำขอในภายหลังจากที่มีการยื่นฟ้องคดีแล้วผ่านทางระบบงานคดีปกครองอิเล็กทรอนิกส์ โดยหลังจากลงทะเบียนและเข้าสู่ระบบเรียบร้อยแล้ว จะปรากฏรายละเอียดตามภาพ

คลิกเลือก ยื่นคำร้อง/คำขอ และเลือก ขอวิธีการชั่วคราว
คลิกเลือก ศาลปกครอง และกรอก หมายเลขคดีดำ และคลิกเลือก ฐานะของผู้ยื่นคำขอวิธีการชั่วคราว และคลิกปุ่ม ถัดไป
กรอกรายละเอียดคำขอที่ต้องการให้ศาลกำหนดวิธีการชั่วคราวก่อนการพิพากษา
ตรวจสอบรายละเอียดของร่างคำขอวิธีการชั่วคราว หากถูกต้องคลิก ยื่นคำขอวิธีการชั่วคราว แต่หากต้องการแก้ไขคลิก ก่อนหน้า เมื่อยื่นคำขอเสร็จเรียบร้อยแล้วระบบจะแจ้งยืนยันคำตอบรับผ่านทางอีเมลที่ได้ลงทะเบียนไว้",,คู่มือการดำเนินคดีปกครองสำหรับประชาชน,2022-12-01 00:00:00
,,,,,,ระบบงานคดีปกครองอิเล็กทรอนิกส์,5.4 การยื่นคำคู่ความทางอิเล็กทรอนิกส์,เนื้อหา,"ในกรณีที่ผู้ฟ้องคดียื่นคำฟ้องทางระบบงานคดีปกครองอิเล็กทรอนิกส์ สำนักงานศาลปกครองจะมีหนังสือสอบถามความประสงค์ของผู้ถูกฟ้องคดีว่าประสงค์จะยื่นคำให้การทางระบบงานคดีปกครองอิเล็กทรอนิกส์เช่นกันหรือไม่ หากประสงค์จะใช้งานให้ผู้ถูกฟ้องคดีลงทะเบียนและเข้าสู่ระบบงาน เลือกว่าจะยื่นคำให้การของศาลปกครองชั้นต้น หรือศาลปกครองสูงสุด จากนั้นจะปรากฏหน้าจอตามภาพ

คลิกเลือก ยื่นคำตอบรับการใช้ระบบงานคดีปกครองอิเล็กทรอนิกส์
คลิกเลือกศาลปกครองและกรอกหมายเลขคดีดำตามรายละเอียดในหนังสือสอบถามความประสงค์ และเลือกฐานะของผู้ตอบรับ คลิกเลือกปุ่ม ถัดไป
ตรวจสอบรายละเอียดของร่างคำตอบรับ หากถูกต้องคลิก ยื่นคำตอบรับ แต่หากต้องการแก้ไขคลิก ก่อนหน้า จากนั้น ระบบจะแจ้งยืนยันคำตอบรับผ่านทางอีเมลที่ได้ลงทะเบียนไว้
หากต้องการยื่นคำให้การ ให้คลิกเลือกปุ่ม หน้าหลัก ซึ่งอยู่ทางขวามือ
คลิกเลือก ยื่นคำให้การ และเลือก คำให้การ
เลือกศาลปกครองที่ต้องการยื่นคำให้การ กรอกหมายเลขคดีดำ และฐานะของผู้ยื่นคำให้การ คลิกปุ่ม ถัดไป และกรอกคำให้การ
กรณีที่ผู้ถูกฟ้องคดีเตรียมคำให้การไว้แล้ว สามารถอัปโหลด (upload) ไฟล์คำให้การได้เลย โดยไม่ต้องกรอกรายละเอียดคำให้การ และหากมีเอกสารหลักฐานประกอบก็สามารถอัปโหลดไปได้พร้อมกัน โดยต้องอัปโหลดในรูปแบบ PDF/A หรือ JPEG และรูปแบบ WORD (ผู้ใช้งานต้องอัปโหลดให้ครบทั้ง 2 รูปแบบ) ขนาดไฟล์รวมกันทั้งหมดต้องไม่เกิน 30 เมกะไบท์ (MB)
ตรวจสอบร่างคำให้การ หากถูกต้องแล้วคลิกเลือก ยื่นคำให้การ หากต้องการแก้ไขคลิกเลือก ก่อนหน้า เมื่อยื่นคำให้การแล้ว ระบบจะส่งข้อความแจ้งให้ผู้ถูกฟ้องคดีทราบทางอีเมลที่ได้ลงทะเบียนไว้
กรณียื่นคำคัดค้านคำให้การทางระบบงานคดีปกครองอิเล็กทรอนิกส์ เมื่อเข้าสู่ระบบแล้ว เลือกศาลปกครองที่ต้องการยื่นคำคัดค้านคำให้การ จากนั้นจะปรากฏหน้าจอตามภาพ
คลิกเลือก ยื่นคำคัดค้านคำให้การ แล้วคลิกเลือก คำคัดค้านคำให้การ
กรอกคำคัดค้านคำให้การ หรือหากเตรียมคำคัดค้านคำให้การและเอกสารหลักฐานไว้แล้วก็สามารถอัปโหลดไฟล์ไปพร้อมกันได้
ตรวจสอบร่างคำคัดค้านคำให้การ หากถูกต้องแล้วคลิกเลือก ยื่นคำคัดค้านคำให้การ หากต้องการแก้ไขคลิกเลือก ก่อนหน้า เมื่อยื่นคำคัดค้านคำให้การแล้ว ระบบจะส่งข้อความแจ้งให้ผู้ฟ้องคดีทราบทางอีเมลที่ได้ลงทะเบียนไว้
กรณียื่นคำให้การเพิ่มเติมทางระบบงานคดีปกครองอิเล็กทรอนิกส์ เมื่อเข้าสู่ระบบแล้ว เลือกศาลปกครองที่ต้องการยื่นคำให้การเพิ่มเติม จากนั้นจะปรากฏหน้าจอตามภาพ
คลิกเลือก ยื่นคำให้การเพิ่มเติม และเลือก คำให้การเพิ่มเติม
เลือก ศาลปกครอง และกรอก หมายเลขคดีดำ และเลือก ฐานะของผู้ยื่นคำให้การเพิ่มเติม
กรอกคำให้การเพิ่มเติม หรือหากเตรียมคำให้การเพิ่มเติมและเอกสารหลักฐานไว้แล้วก็สามารถอัปโหลดไฟล์ไปพร้อมกันได้
ตรวจสอบร่างคำให้การเพิ่มเติม หากถูกต้องแล้วคลิกเลือก ยื่นคำให้การเพิ่มเติม หากต้องการแก้ไขคลิกเลือก ก่อนหน้า เมื่อยื่นคำให้การเพิ่มเติมแล้ว ระบบจะส่งข้อความแจ้งให้ผู้ถูกฟ้องคดีทราบทางอีเมลที่ได้ลงทะเบียนไว้",,คู่มือการดำเนินคดีปกครองสำหรับประชาชน,2022-12-01 00:00:00
,,,,,,ระบบงานคดีปกครองอิเล็กทรอนิกส์,5.5 ห้องพิจารณาคดีอิเล็กทรอนิกส์ ,เนื้อหา,"นอกจากระบบงานคดีปกครองทางอิเล็กทรอนิกส์ที่อำนวยความสะดวกและลดภาระค่าใช้จ่ายให้ผู้ฟ้องคดีและผู้ถูกฟ้องคดีในการยื่นเอกสารแล้ว คู่กรณีสามารถขอให้ศาลใช้วิธีการทางอิเล็กทรอนิกส์ในการไต่สวน การนั่งพิจารณาคดี หรือ การฟังคำสั่ง/คำพิพากษา ผ่านระบบการประชุมทางไกลผ่านจอภาพ (Video Conferencing System) โดยสามารถขอให้ศาลกำหนดสถานที่ที่คู่กรณีสะดวก และให้ถือว่าเป็นการพิจารณาคดีต่อหน้าศาล โดยในห้องนั่งพิจารณาคดีอิเล็กทรอนิกส์ผู้เข้ารับฟังการพิจารณาคดีทั้งหมดสามารถเห็นเอกสารพยานหลักฐานที่ใช้ประกอบในการพิจารณาคดีและการไต่สวนผ่านอุปกรณ์การแสดงผล เช่น โปรเจคเตอร์ (Projector) คอมพิวเตอร์ (Computer) เป็นต้น นอกจากนี้ ภายในห้องพิจารณาคดียังมีการติดตั้งระบบบันทึกภาพและเสียงระหว่างการพิจารณาคดีและการไต่สวนซึ่งสามารถเรียกดูไฟล์วีดิทัศน์และเสียงที่บันทึกในภายหลังได้

คู่กรณีที่ไม่ได้ใช้วิธีพิจารณาคดีด้วยวิธีการทางอิเล็กทรอนิกส์มาตั้งแต่เริ่มต้นแต่ประสงค์จะขอให้ศาลนั่งพิจารณาคดีครั้งแรกผ่านทางระบบการประชุมทางไกลสามารถขอได้โดยจะต้องยื่นคำขอส่วนหน้าไม่น้อยกว่า 7 วันก่อนจะมีการพิจารณาคดี โดยเข้าระบบงานคดีปกครองอิเล็กทรอนิกส์ และคลิกเลือก ยื่นคำขอพิจารณาคดีโดยวิธีการทางอิเล็กทรอนิกส์หรือระบบการประชุมทางจอภาพ จากนั้นกรอกรายละเอียดในร่างคำขอ พร้อมระบุสถานที่ที่จะให้เชื่อมโยงสัญญาณ เมื่อยื่นคำขอเรียบร้อยแล้ว ระบบจะแจ้งยืนยันคำขอนั้นผ่านทางอีเมลที่ได้ให้ไว้ตอนลงทะเบียน",,คู่มือการดำเนินคดีปกครองสำหรับประชาชน,2022-12-01 00:00:00
,,,,,,ระบบปรึกษาคดีปกครองออนไลน์,ระบบปรึกษาคดีปกครองออนไลน์,เนื้อหา,นอกจากการเดินทางมาปรึกษาคดีที่ศาลปกครอง หรือทางโทรศัพท์สายด่วนศาลปกครอง 1355 แล้ว ประชาชนสามารถปรึกษาคดีออนไลน์ผ่านทางโปรแกรมไลน์ (LINE application) โดยสามารถปรึกษาคดีปกครองในรูปแบบการโทรด้วยเสียง (Voice call) หรือรูปแบบวิดีโอคอล (Video call) โดยจองคิวผ่านทางเว็บไซต์ศาลปกครอง www.admincourt.go.th คลิกที่แบนเนอร์ ปรึกษาคดีปกครองออนไลน์ จากนั้น คลิกเลือกวันและเวลาที่ต้องการจองคิวจากหน้าจอปฏิทินของระบบ แล้วกรอกรายละเอียดข้อมูลสำหรับการติดต่อเบื้องต้น เช่น ชื่อผู้ขอคำปรึกษา หมายเลขโทรศัพท์ อีเมล Line ID วิธีการปรึกษาคดี (การโทรด้วยเสียงหรือการวิดีโอคอล) เป็นต้น หลังจากกรอกข้อมูลเรียบร้อยแล้ว ระบบจะให้บันทึกภาพผลการจองคิวที่ปรากฏทางหน้าจอ ในกรณีที่ผู้ใช้งานกรอกอีเมลไว้ระบบจะส่งผลการจองคิวไปยังอีเมลที่ให้ไว้เมื่อถึงกำหนดนัดหมายผู้ขอรับบริการสามารถโทรศัพท์ผ่านโปรแกรม Line มายังระบบที่เตรียมไว้ที่ห้องให้คำปรึกษาแนะนำซึ่งจะมีเจ้าหน้าที่รอให้บริการตามคิว อย่างไรก็ตามผู้ขอรับบริการสามารถยกเลิกการจองคิวได้หากพบว่าไม่สะดวกในวันเวลาที่ได้จองคิวไว้,,คู่มือการดำเนินคดีปกครองสำหรับประชาชน,2022-12-01 00:00:00
,,,,,,แอปพลิเคชันศาลปกครอง,แอปพลิเคชันศาลปกครอง,เนื้อหา,"แอปพลิเคชันศาลปกครอง (Admincourt mobile app) จัดทำขึ้นเพื่อให้บริการประชาชนและคู่กรณี ที่ต้องการติดตามข้อมูลข่าวสารต่าง ๆ อาทิ ข่าวประชาสัมพันธ์ ข่าวการรับสมัครงาน ข่าวการจัดซื้อจัดจ้างบัญชีของศาลปกครอง รวมทั้งยังสามารถสืบค้นคำสั่ง/คำพิพากษาของศาลปกครองสูงสุด และขอคัดและรับรองสำเนาคำสั่ง/คำพิพากษาศาลปกครองได้ทั้งในรูปแบบเอกสารอิเล็กทรอนิกส์หรือรูปแบบเอกสารกระดาษ โดยผู้ใช้บริการสามารถเลือกขอรับสำเนาเอกสารด้วยตนเองได้ที่ศูนย์บริการประชาชน หรือจะเลือกรับเป็นไฟล์อิเล็กทรอนิกส์ผ่านทางอีเมลที่ได้ลงทะเบียนไว้ก็ได้ นอกจากนี้ สมาชิกของแอปพลิเคชันศาลปกครอง ยังสามารถสร้างบัญชีส่วนตัวเพื่อต้นทึกตารางนัดหมายคดีที่สนใจไว้ โดยจะมีการแจ้งเตือนล่วงหน้าก่อนถึงกำหนดนัดดังกล่าว

อีกบริการหนึ่งของแอปพลิเคชันศาลปกครอง คือการเลือกดูที่อยู่และแผนที่ของศาลปกครองแต่ละแห่งเพื่อเรียกใช้ระบบการนำทางบนโทรศัพท์เคลื่อนที่ไปยังศาลปกครองแห่งที่ต้องการได้อีกด้วย อีกทั้งยังมีบริการสำรองที่จอดรถล่วงหน้า (Parking reservation) สำหรับคู่กรณีที่มีนัดหมายกับศาลปกครอง หรือผู้ที่มีนัดหมายมารับเอกสารที่ขอคัด/รับรองสำเนาไว้ที่ศูนย์บริการประชาชน",,คู่มือการดำเนินคดีปกครองสำหรับประชาชน,2022-12-01 00:00:00
,,,,,,ถาม-ตอบ คดีปกครอง,อำนาจศาลปกครอง,ถาม-ตอบ,"แอปพลิเคชันธนาคารไม่แจ้งเตือนรายการเคลื่อนไหวทางบัญชีผ่านโทรศัพท์มือถือ ผู้ฟ้องคดีจะนำคดีมาฟ้องต่อศาลปกครองได้หรือไม่?

ถาม: นายรวยมหาศาลได้เปิดบัญชีเงินฝากสะสมทรัพย์กับธนาคาร A และสมัครใช้ SMS แจ้งเตือนรายการเคลื่อนไหวทางบัญชีผ่านโทรศัพท์มือถือ แต่ระหว่างวันที่ 10 - 14 มิถุนายน 2558 มีบุคคลอื่นถอนเงินสดจากบัญชีซ้ำๆ ผ่านเครื่อง ATM จำนวน 26 ครั้ง โดยนายรวยมหาศาลไม่ได้รับข้อความ SMS แจ้งเตือนผ่านโทรศัพท์มือถือ จึงนำคดีมาฟ้องต่อศาลปกครอง

ศาลปกครองมีอำนาจรับคำฟ้องนี้ไว้พิจารณาได้หรือไม่?

ตอบ: ธนาคาร A เป็นนิติบุคคลตามกฎหมายว่าด้วยบริษัทมหาชนจำกัด โดยประกอบธุรกิจธนาคารพาณิชย์ที่ให้บริการทางการเงินครบวงจร กรณีจึงมิใช่การดำเนินกิจการทางปกครองและไม่ใช่หน่วยงานทางปกครอง อีกทั้งคดีพิพาทดังกล่าวเป็นเรื่องสัญญาระหว่างมหาวิทยาลัยและธนาคารเกี่ยวกับการดำเนินธุรกิจของธนาคาร คู่สัญญาทั้งสองฝ่ายจึงมีสถานะที่เท่าเทียมกัน สิทธิและหน้าที่ระหว่างคู่สัญญาจึงต้องเป็นไปตามข้อตกลงการเปิดบัญชีเงินฝาก และการให้บริการข้อความแจ้งเตือนซึ่งเป็นสัญญาทางแพ่ง มิใช่สัญญาทางปกครอง จึงไม่อยู่ในอำนาจพิจารณาพิพากษาของศาลปกครอง ศาลปกครองจึงไม่อาจรับคำฟ้องนี้ไว้พิจารณาได้

คำสั่งศาลปกครองสูงสุดที่ 85/2562",,คู่มือการดำเนินคดีปกครองสำหรับประชาชน,2022-12-01 00:00:00
,,,,,,ถาม-ตอบ คดีปกครอง,อำนาจศาลปกครอง,ถาม-ตอบ,"กรณีหากถูกผู้บังคับบัญชาปลดออกจากราชการอยู่ในอำนาจพิจารณาพิพากษาของศาลปกครองหรือไม่?

ถาม: จ่าสิบเอก เข้มขัน ถูกผู้บัญชาการกองพล อาศัยอำนาจตามข้อบังคับกระทรวงกลาโหม ว่าด้วยการบรรจุ ปลด ย้าย เลื่อนและลดตำแหน่งข้าราชการกลาโหม พ.ศ. 2502 และข้อ 1.10 ของคำสั่งกองทัพบก ลงวันที่ 10 มิถุนายน 2508 เรื่อง การหมุนเวียนกำลังพล โดยสั่งปลดออกจากราชการทหาร เนื่องจากกระทำผิดฐานประพฤติชั่วอย่างร้ายแรง โดยมีพฤติกรรมยุ่งเกี่ยวกับยาเสพติด จ่าสิบเอก เข้มขัน อุทธรณ์คำสั่งดังกล่าว แต่ยังไม่ได้รับทราบผลการพิจารณาอุทธรณ์ จึงนำคดีมาฟ้องต่อศาลปกครอง

กรณีนี้ศาลปกครองสามารถรับคำฟ้องไว้พิจารณาได้หรือไม่?

ตอบ: การที่ผู้บัญชาการกองพลออกคำสั่งลงโทษปลดจ่าสิบเอกเข้มขัน ซึ่งเป็นข้าราชการทหาร ออกจากราชการเป็นการดำเนินการเกี่ยวกับวินัยทหารตามมาตรา 15 แห่ง พ.ร.บ. ระเบียบข้าราชการทหาร พ.ศ. 2521 ประกอบกับมาตรา 7 แห่ง พ.ร.บ. ว่าด้วยวินัยทหาร พุทธศักราช 2476 จึงเป็นคดีที่ไม่อยู่ในอำนาจศาลปกครอง ศาลปกครองจึงไม่อาจรับคำฟ้องนี้ไว้พิจารณาได้

คำสั่งศาลปกครองสูงสุดที่ คบ.223/2563",,คู่มือการดำเนินคดีปกครองสำหรับประชาชน,2022-12-01 00:00:00
,,,,,,ถาม-ตอบ คดีปกครอง,อำนาจศาลปกครอง,ถาม-ตอบ,"การฟ้องเรียกค่าเสียหายจากการที่เจ้าหน้าที่ของรัฐตัดต้นไม้ในที่ดินของวัดอยู่ในอำนาจพิจารณาพิพากษาของศาลปกครองหรือไม่?

ถาม: วัดแห่งหนึ่งถูกข้าราชการครูโรงเรียนของวัด 5 รายตัดต้นมะพร้าว และต้นมะพร้าวในที่ดินของวัดโดยไม่ขออนุญาต แล้วนำไม้ยางพาราไปขาย รวมทั้งขุดดินในที่ดินของวัดนำออกขาย ไม่นำดินมาปรับถมบริเวณหน้าวัดตามที่ทางวัดร้องขอ ทางวัดจึงนำคดีมาฟ้องต่อศาลปกครอง

หากวัดจะนำคดีมาฟ้องต่อศาลปกครองขอให้ชดใช้ค่าเสียหาย กรณีนี้ศาลปกครองสามารถรับคำฟ้องนี้ไว้พิจารณาได้หรือไม่?

ตอบ: ข้อพิจารณาในกรณีนี้มิใช่ข้อพิจารณาที่เกิดจากการกระทำละเมิดต่อวัตถุอันเกิดจากการใช้อำนาจตามกฎหมาย หรือจากกฎคำสั่งทางปกครอง หรือคำสั่งอื่น อันจะอยู่ในอำนาจพิจารณาพิพากษาของศาลปกครอง ศาลปกครองจึงไม่อาจรับคำฟ้องนี้ไว้พิจารณาได้

คำสั่งศาลปกครองสูงสุดที่ คพ.113/2563",,คู่มือการดำเนินคดีปกครองสำหรับประชาชน,2022-12-01 00:00:00
,,,,,,ถาม-ตอบ คดีปกครอง,อำนาจศาลปกครอง,ถาม-ตอบ,"การฟ้องเรียกค่าเสียหายจากการกล่าวความเท็จในหนังสือชี้แจงต่อราชการอยู่ในอำนาจพิจารณาพิพากษาของศาลปกครองหรือไม่?

ถาม: วัดแห่งหนึ่งถูกข้าราชการครูในโรงเรียนของวัด 5 รายร่วมกันใส่ความ ใส่ร้ายดูหมิ่น ในหนังสือที่ชี้แจงต่ออำเภอว่าโรงเรียนของวัดได้รับที่ดินมาจากพระครู ป. เจ้าอาวาสรูปที่สอง แต่ทางวัดได้ร่วมมือกับชาวบ้านขับไล่เจ้าอาวาสรูปที่สอง และก้าวก่ายการบริหารงานของโรงเรียน รวมทั้งทะเลาะกับครูในโรงเรียนเรื่องตัดไม้ยางพาราในบริเวณที่ดินของโรงเรียน ทำให้คนทั่วไปเสื่อมศรัทธาต่อวัด ทางวัดจึงนำคดีมาฟ้องต่อศาลปกครอง

หากวัดจะนำคดีมาฟ้องต่อศาลปกครอง ขอให้เรียกค่าเสียหาย กรณีนี้ศาลปกครองสามารถรับคำฟ้องนี้ไว้พิจารณาได้หรือไม่?

ตอบ: กรณีที่อ้างว่าชาวบ้านทั้ง 5 ราย กล่าวความเท็จในหนังสือชี้แจงข้อเท็จจริงต่อนายอำเภอนั้น การกระทำดังกล่าวมีลักษณะเป็นการกระทำผิดทางอาญา จึงไม่ใช่การกระทำละเมิดของเจ้าหน้าที่ของรัฐ อันเกิดจากการใช้อำนาจตามกฎหมาย หรือจากกฎ คำสั่งทางปกครอง หรือคำสั่งอื่น ที่อยู่ในอำนาจพิจารณาพิพากษาของศาลปกครอง ศาลปกครองจึงไม่อาจรับคำฟ้องนี้ไว้พิจารณาได้

คำสั่งศาลปกครองสูงสุดที่ คพ.113/2563",,คู่มือการดำเนินคดีปกครองสำหรับประชาชน,2022-12-01 00:00:00
,,,,,,ถาม-ตอบ คดีปกครอง,อำนาจศาลปกครอง,ถาม-ตอบ,"การฟ้องเรียกค่าเสียหายกรณีพนักงานของเทศบาลขับรถของเทศบาลไปชนคนตายอยู่ในอำนาจพิจารณาพิพากษาของศาลปกครองหรือไม่?

ถาม: นายปรระดับเป็นพนักงานของเทศบาลซึ่งไม่มีใบอนุญาตขับรถยนต์ ได้ขับรถบรรทุกเฉพาะกิจ (ขยะแห้ง) ไปเฉี่ยวชนกับรถจักรยานยนต์ที่มีนายโชคเป็นผู้ขับขี่ โดยมีนางชมภรรยานั่งซ้อนท้ายมาด้วย โดยเสียชีวิตทั้งคู่

มารดาของผู้เสียชีวิตจะยื่นฟ้องเทศบาลในฐานะหน่วยงานต้นสังกัดต่อศาลปกครองเพื่อขอให้ชดใช้ค่าสินไหมทดแทนได้หรือไม่?

ตอบ: เมื่อพิจารณาตามมาตรา 9 วรรคหนึ่ง (3) แห่งพระราชบัญญัติจัดตั้งศาลปกครองฯ จะเห็นได้ว่าศาลปกครองมีอำนาจพิจารณาพิพากษาคดีพิพาทเกี่ยวกับการกระทำละเมิดที่เกิดจากการใช้อำนาจตามกฎหมายของเจ้าหน้าที่ของรัฐในเรื่องการออกกฎหรือจากการออกคำสั่งทางปกครอง หรือจากการละเลยต่อหน้าที่ตามที่กฎหมายกำหนดให้ต้องปฏิบัติหรือปฏิบัติหน้าที่ล่าช้าเกินสมควร ซึ่งไม่รวมถึงการกระทำละเมิดที่เกิดจากการปฏิบัติหน้าที่ธรรมดาทั่วไปของเจ้าหน้าที่ของรัฐ เมื่อคดีนี้เป็นการฟ้องเรียกค่าสินไหมทดแทนอันเกิดจากการกระทำละเมิดของเจ้าหน้าที่
ของรัฐที่ปฏิบัติหน้าที่ธรรมดาทั่วไป มิได้เกิดจากการใช้อำนาจตามกฎหมายของเจ้าหน้าที่ ศาลปกครองจึงไม่อาจรับคำฟ้องนี้ไว้พิจารณาได้ แต่มารดาของผู้เสียชีวิตสามารถยื่นฟ้องคดีต่อศาลยุติธรรมได้ภายในระยะเวลาที่กฎหมายกำหนด

คำสั่งศาลปกครองสูงสุดที่ คพ.14/2563",,คู่มือการดำเนินคดีปกครองสำหรับประชาชน,2022-12-01 00:00:00
,,,,,,ถาม-ตอบ คดีปกครอง,อำนาจศาลปกครอง,ถาม-ตอบ,"การฟ้องเรียกค่าเสียหายจากการที่หน่วยงานทางปกครองนำข้อมูลอันเป็นเท็จเข้าสู่ระบบคอมพิวเตอร์อยู่ในอำนาจพิจารณาพิพากษาของศาลปกครองหรือไม่?

ถาม: นายกุ้งได้ขอลาออกจากการเป็นอาจารย์และคณะกรรมการบริหารหลักสูตรสาขาการบัญชีมหาวิทยาลัยให้ลาออก จากนั้นนายกุ้งได้ตรวจสอบพบว่ามีการนำข้อมูลรายงานการประชุมของคณะกรรมการบริหารฯ เกี่ยวกับการลาออกเข้าสู่ระบบคอมพิวเตอร์ของมหาวิทยาลัยและมีการเผยแพร่ต่อสาธารณะ โดยมีการกล่าวหาว่านายกุ้งได้ลาออกกะทันหันเป็นเหตุให้การจัดการเรียนการสอนเสียหาย ซึ่งเป็นเท็จ การกระทำดังกล่าวจึงเป็นการหมิ่นประมาทนายกุ้ง

หากนายกุ้งจะนำคดีมาฟ้องต่อศาลปกครอง ศาลปกครองมีอำนาจรับคำฟ้องไว้พิจารณาได้หรือไม่?

ตอบ: การกระทำดังกล่าวเป็นการปฏิบัติหน้าที่ที่ไม่ได้เกิดจากการใช้อำนาจทางปกครอง หากการกระทำดังกล่าวก่อให้เกิดความเสียหายต่อนายกุ้งแล้ว ย่อมเป็นเพียงการกระทำอันเป็นการหมิ่นประมาณนายกุ้ง ซึ่งอาจมีความผิดในทางอาญาและต้องรับผิดในทางแพ่ง คดีนี้จึงไม่อยู่ในอำนาจพิจารณาพิพากษาของศาลปกครอง ตามมาตรา 9 วรรคหนึ่ง แห่งพระราชบัญญัติจัดตั้งศาลปกครองฯ

คำสั่งศาลปกครองสูงสุดที่ คธ.235/2562",,คู่มือการดำเนินคดีปกครองสำหรับประชาชน,2022-12-01 00:00:00
,,,,,,ถาม-ตอบ คดีปกครอง,อำนาจศาลปกครอง,ถาม-ตอบ,"การฟ้องเพิกถอนคำสั่งยึดทรัพย์สินตามพระราชบัญญัติมาตรการในการปราบปรามผู้กระทำความผิดเกี่ยวกับยาเสพติด พ.ศ. 2534 อยู่ในอำนาจพิจารณาพิพากษาของศาลปกครองหรือไม่?

ถาม: เลขาธิการคณะกรรมการป้องกันและปราบปรามยาเสพติดได้มีคำสั่งให้ตรวจสอบทรัพย์สินของนายใหญ่ ซึ่งเป็นผู้มีทรัพย์สินเกี่ยวข้องกับผู้ต้องหาในคดีใช้จ้างวานให้ผู้อื่นมีไว้ในครอบครองยาเสพติดให้โทษเพื่อจำหน่ายโดยผิดกฎหมาย หลังจากนั้นคณะกรรมการตรวจสอบทรัพย์สินได้มีคำสั่งให้อายัดที่ดินของนายใหญ่ไว้ชั่วคราว หากนายใหญ่ไม่ดำเนินการฟ้องต่อศาลปกครองขอให้เพิกถอนคำสั่งและให้คืนทรัพย์สินแก่ นายใหญ่

ศาลปกครองจะมีอำนาจรับคำฟ้องนี้ไว้พิจารณาหรือไม่?

ตอบ: การดำเนินการดังกล่าวเป็นการใช้อำนาจในการดำเนินกระบวนการยุติธรรมทางอาญาในความผิดเกี่ยวกับยาเสพติดตามพระราชบัญญัติมาตรการในการปราบปรามผู้กระทำความผิดเกี่ยวกับยาเสพติด พ.ศ. 2534 ซึ่งเป็นกฎหมายที่กำหนดหลักเกณฑ์และวิธีการในการนำผู้กระทำผิดทางอาญาในความผิดเกี่ยวกับยาเสพติดมาลงโทษไว้เป็นการเฉพาะ นอกเหนือจากที่ประกอบกฎหมายวิธีพิจารณาความอาญาซึ่งเป็นกฎหมายทั่วไปกำหนด ซึ่งอยู่ในอำนาจพิจารณาพิพากษาของศาลยุติธรรม ดังนั้น กรณีนี้จึงมิใช่คดีปกครองที่ศาลปกครองจะมีอำนาจพิจารณาพิพากษาได้

คำสั่งศาลปกครองสูงสุดที่ คส.6/2563",,คู่มือการดำเนินคดีปกครองสำหรับประชาชน,2022-12-01 00:00:00
,,,,,,ถาม-ตอบ คดีปกครอง,อำนาจศาลปกครอง,ถาม-ตอบ,"การฟ้องเรียกค่าเสียหายจากการปฏิบัติหน้าที่ของแพทย์ในการตรวจรักษาโรคอยู่ในอำนาจพิจารณาพิพากษาของศาลปกครองหรือไม่?

ถาม: นายอมตะเข้ารักษาตัวที่โรงพยาบาล A แพทย์วินิจฉัยว่าป่วยด้วยอาการต่อมลูกหมากโตและทำการรักษาโดยให้ยานำกลับมาทานที่บ้าน แต่ไม่ได้สั่งตัวไปเอกซเรย์หรือตรวจด้วยเครื่องมือทางการแพทย์ที่ทันสมัย และมีการเปลี่ยนตัวแพทย์ผู้รักษาตลอดระยะเวลาที่เข้ารับการรักษา ซึ่งเป็นระยะเวลา 6-7 ปี จนกระทั่งปี 2561 แพทย์ผู้รักษาคนปัจจุบันได้ส่งตัวนายอมตะไปตรวจร่างกายที่โรงพยาบาล B และส่งผลตรวจให้แพทย์ของโรงพยาบาล A วินิจฉัย ปรากฏว่านายอมตะเป็นโรคมะเร็งต่อมลูกหมาก ทำให้ต้องมีค่าใช้จ่ายในการรักษาเพิ่มเติมขึ้นอีก 270,000 บาท

หากนายอมตะจะนำคดีมาฟ้องต่อศาลปกครองขอให้ชดใช้ค่าเสียหาย ศาลปกครองมีอำนาจรับคำฟ้องนี้ไว้พิจารณาได้หรือไม่?

ตอบ: แม้ความเสียหายของนายอมตะเกิดจากการกระทำของแพทย์ของโรงพยาบาล A ซึ่งเป็นโรงพยาบาลของรัฐ แต่การปฏิบัติหน้าที่ของแพทย์ในการตรวจรักษาโรคเป็นเพียงการปฏิบัติหน้าที่ปกติทั่วไป มิใช่การกระทำที่เกิดจากการใช้อำนาจตามกฎหมาย หรือจากกฎ คำสั่งทางปกครอง หรือคำสั่งอื่น หรือจากการละเลยต่อหน้าที่ตามที่กฎหมายกำหนดให้ต้องปฏิบัติ หรือปฏิบัติหน้าที่ดังกล่าวซ้ำเกินสมควร คดีดังกล่าวจึงไม่อยู่ในอำนาจพิจารณาพิพากษาของศาลปกครอง แต่เป็นคดีพิพาทที่อยู่ในอำนาจพิจารณาพิพากษาของศาลยุติธรรม

คำสั่งศาลปกครองสูงสุดที่ คพ.55/2563",,คู่มือการดำเนินคดีปกครองสำหรับประชาชน,2022-12-01 00:00:00
,,,,,,ถาม-ตอบ คดีปกครอง,อำนาจศาลปกครอง,ถาม-ตอบ,"สัญญาเช่าที่ขายของในตลาดเทศบาลอยู่ในอำนาจพิจารณาพิพากษาของศาลปกครองหรือไม่?

ถาม: นางแอมได้ทำสัญญาเช่าที่ขายของในตลาดเทศบาลกับสำนักงานเทศบาล โดยสัญญาจะสิ้นสุดลงวันที่ 30 กันยายน 2561 นางแอมได้ทำพินัยกรรมยกสิทธิการเช่าดังกล่าวให้นางจุ๋ม เมื่อนางแอมได้เสียชีวิตลง นางจุ๋มจึงยื่นขอต่อสัญญาเช่าและขอโอนสิทธิการเช่าให้แก่ตน แต่ทางเจ้าหน้าที่ของเทศบาลแจ้งว่าสิทธิการเช่าสิ้นสุดลงเมื่อเจ้าของสิทธิการเช่าเดิมเสียชีวิต และเมื่อตอนที่ครบกำหนดการเช่านั้นนางแอมก็ยังมีชีวิตอยู่ แต่ไม่ได้ติดต่อเทศบาลเพื่อเช่าพื้นที่ขายของต่อ จึงถือว่าสัญญาได้ระงับแล้ว

กรณีนี้หากนางจุ๋มจะฟ้องเทศบาลเกี่ยวกับสัญญาเช่าดังกล่าวสามารถฟ้องต่อศาลปกครองได้หรือไม่?

ตอบ : แม้สัญญาเช่าดังกล่าวจะมีคู่สัญญาฝ่ายหนึ่งเป็นหน่วยงานทางปกครอง แต่เนื้อหาของสัญญาไม่ได้มีลักษณะเป็นสัญญาทางปกครอง แต่สัญญาดังกล่าวมีลักษณะเป็นสัญญาที่คู่สัญญา (ผู้เช่า) มุ่งผูกพันตนกับเทศบาลด้วยใจสมัครบนพื้นฐานแห่งความเสมอภาค อันเป็นสัญญาทางแพ่ง และการที่เทศบาลปฏิเสธการต่อสัญญาดังกล่าวจึงมิข้อได้แย้งเกิดขึ้นเกี่ยวกับสิทธิหรือหน้าที่ของบุคคลตามสัญญาในกฎหมายแพ่ง ซึ่งนางนุจสามารถยื่นฟ้องคดีของตนต่อศาลยุติธรรมที่มีเขตอำนาจได้ ศาลปกครองไม่มีอำนาจพิจารณาพิพากษาหรือมีคำสั่งในเรื่องดังกล่าว

คำสั่งศาลปกครองสูงสุดที่ 28/2563",,คู่มือการดำเนินคดีปกครองสำหรับประชาชน,2022-12-01 00:00:00
,,,,,,ถาม-ตอบ คดีปกครอง,เงื่อนไขในการฟ้องคดีปกครอง,ถาม-ตอบ,"ผู้ที่ถูกสอบวินัยอย่างไม่ร้ายแรงเป็นผู้เดือดร้อนเสียหายที่จะมีสิทธิฟ้องเพิกถอนคำสั่งแต่งตั้งคณะกรรมการสอบสวนวินัยอย่างไม่ร้ายแรงต่อศาลปกครองหรือไม่?

ถาม: นายกเทศมนตรีตำบลมีคำสั่งแต่งตั้งคณะกรรมการสอบสวนวินัยอย่างไม่ร้ายแรงโดยไม่ชอบด้วยกฎหมาย กรณีนายวิจิตรมีความขัดแย้งกับอดีตนายกเทศมนตรีตำบล หากนายวิจิตรจะมาฟ้องคดีต่อศาลปกครองเพื่อขอให้ศาลเพิกถอนคำสั่งดังกล่าว

นายวิจิตรจะเป็นผู้มีสิทธิฟ้องคดีต่อศาลปกครองหรือไม่?

ตอบ : คำสั่งแต่งตั้งคณะกรรมการสอบสวนวินัยอย่างไม่ร้ายแรงดังกล่าวเป็นเพียงขั้นตอนภายในของเจ้าหน้าที่อื่นเป็นการพิจารณาทางปกครองตามมาตรา 5 แห่งพระราชบัญญัติวิธีปฏิบัติราชการทางปกครอง พ.ศ. 2539 นายวิจิตรวังไม่ใช่ผู้ที่จะมีสิทธิฟ้องคดีขอให้เพิกถอนคำสั่งแต่งตั้งคณะกรรมการสอบสวนวินัยอย่างไม่ร้ายแรงตามมาตรา 42 วรรคหนึ่ง แห่งพระราชบัญญัติจัดตั้งศาลปกครองและวิธีพิจารณาคดีปกครอง พ.ศ. 2542 ศาลปกครองไม่อาจรับคำฟ้องนี้ไว้พิจารณาได้

คำสั่งศาลปกครองสูงสุดที่ คบ.266/2562",,คู่มือการดำเนินคดีปกครองสำหรับประชาชน,2022-12-01 00:00:00
,,,,,,ถาม-ตอบ คดีปกครอง,เงื่อนไขในการฟ้องคดีปกครอง,ถาม-ตอบ,"ที่ดินที่จะถูกเวนคืนอยู่ในระหว่างขั้นตอนการดำเนินการสำรวจออกแบบรายละเอียดและศึกษาผลกระทบสิ่งแวดล้อม เจ้าของที่ดินหรือผู้จัดการมรดกของเจ้าของที่ดินเป็นผู้เดือดร้อนเสียหายที่จะมีสิทธิฟ้องคดีต่อศาลปกครองหรือไม่?

ถาม: นางปัดเป็นผู้จัดการมรดกของนายปอง ซึ่งเป็นเจ้าของที่ดิน 3 แปลง อันเป็นที่ตั้งของสุสานประจำตระกูล ต่อมากรมทางหลวงได้สำรวจและออกแบบทางหลวงพิเศษระหว่างเมืองโดยกำหนดแนวเส้นผ่านเส้นศูนย์กลางของโฉนดที่ดินทั้ง 3 แปลง นางปัดได้มีหนังสือขอให้พิจารณาย้ายจุดดำเนินโครงการดังกล่าว แต่กรมทางหลวงชี้แจงว่ามีความจำเป็นต้องใช้แนวเส้นทางตามผลการศึกษาของโครงการ

นางปัดในฐานะผู้จัดการมรดกของนายปองจะถือว่าเป็นผู้เดือดร้อนเสียหายที่จะมีสิทธินำคดีมาฟ้องต่อศาลปกครองได้หรือไม่?

ตอบ : ขณะฟ้องคดีนั้นโครงการทางหลวงพิเศษดังกล่าวยังอยู่ในระหว่างขั้นตอนการดำเนินการสำรวจออกแบบรายละเอียดและศึกษาผลกระทบสิ่งแวดล้อม รวมทั้งรับฟังความคิดเห็นของประชาชน จึงเป็นเพียงขั้นตอนการเตรียมการและการดำเนินการของเจ้าหน้าที่ในการที่จะออกกฎ คือ พระราชกฤษฎีกากำหนดเขตที่ดินในบริเวณที่ที่จะเวนคืนเพื่อสร้างทางหลวงพิเศษดังกล่าว เมื่อยังไม่มีการตราพระราชกฤษฎีกาดังกล่าวเพื่อทำการเวนคืนที่ดินของนายปอง นางปิต์ซึ่งเป็นผู้จัดการมรดกของนายปองจึงยังมิใช่ผู้ได้รับความเดือดร้อนเสียหายหรืออาจจะเดือดร้อนเสียหาย เนื่องจากการกระทำของกรมทางหลวงที่จะมีสิทธิฟ้องคดีนี้ต่อศาลปกครอง

คำสั่งศาลปกครองสูงสุดที่ คพ.131/2562",,คู่มือการดำเนินคดีปกครองสำหรับประชาชน,2022-12-01 00:00:00
,,,,,,ถาม-ตอบ คดีปกครอง,เงื่อนไขในการฟ้องคดีปกครอง,ถาม-ตอบ,"ผู้ฟ้องคดีอาศัยอยู่ต่างอำเภอกับอาคารที่พิพาทมีความประสงค์จะฟ้องเพิกถอนใบอนุญาตก่อสร้างอาคารที่พิพาท ผู้ฟ้องคดีเป็นผู้เดือดร้อนเสียหายที่จะมีสิทธิฟ้องคดีต่อศาลปกครองหรือไม่?

ถาม: นายกเทศมนตรีเมืองได้ออกใบอนุญาตให้นายกิจต่อสร้างอาคารพาณิชย์เป็นโรงแปรรูปสุกร แต่ปรากฏว่านายกิจใช้อาคารดังกล่าวเป็นโรงฆ่าสัตว์ นายเรืองซึ่งทำกิจการโรงฆ่าสัตว์อยู่ต่างอำเภอหนึ่งเห็นว่าการออกใบอนุญาตและให้ใช้อาคารโดยผิดประเภทดังกล่าวเป็นการกระทำโดยไม่ชอบด้วยกฎหมาย นายเรืองจึงนำคดีมาฟ้องต่อศาลปกครอง

นายเรืองเป็นผู้เดือดร้อนเสียหายที่จะมีสิทธินำคดีมาฟ้องต่อศาลปกครองได้หรือไม่?

ตอบ : เมื่อที่พักอาศัยและสถานที่ตั้งโรงฆ่าสัตว์ของนายเรืองอยู่คนละอำเภอกับอาคารพิพาท และไม่ปรากฏว่านายเรืองได้รับผลกระทบต่อสุขภาพและอนามัย หรือการประกอบกิจการของนายกิจ ก่อให้เกิดผลกระทบต่อสิ่งแวดล้อมที่อยู่ในบริเวณใกล้เคียงอย่างไร ส่วนกรณีที่อาจทำให้รายได้ของนายเรืองลดลงนั้นมิได้เป็นผลโดยตรงจากการที่อนุญาตให้ก่อสร้างอาคาร ดังนั้นนายเรืองจึงมิใช่ผู้ที่ได้รับความเดือดร้อนหรือเสียหายหรืออาจจะเดือดร้อนหรือเสียหายโดยมีอาจหลักเลี่ยงได้ที่จะมีสิทธิฟ้องคดีต่อศาลปกครอง ศาลปกครองจึงไม่อาจรับคำฟ้องนี้ไว้พิจารณาได้

คำสั่งศาลปกครองสูงสุดที่ 400/2563",,คู่มือการดำเนินคดีปกครองสำหรับประชาชน,2022-12-01 00:00:00
,,,,,,ถาม-ตอบ คดีปกครอง,เงื่อนไขในการฟ้องคดีปกครอง,ถาม-ตอบ,"การฟ้องเรียกค่าเสียหายจากหน่วยงานทางปกครองเมื่อพ้น 1 ปี นับแต่วันที่รู้ถึงเหตุแห่งการกระทำละเมิด ศาลปกครองจะรับคำฟ้องไว้พิจารณาพิพากษาได้หรือไม่?

ถาม: เวลาดี 2 ของวันที่ 27 กรกฎาคม 2553 ขณะที่นายแกร็บขับรถยนต์ไปถึงถนนทางหลวงจังหวัดปราจีนบุรี ได้มีถึงไม้ประดู่หักขวางถนน จึงขับรถหลบกิ่งไม้จนชนกับต้นไม้ประดู่ข้างทาง เป็นเหตุให้ได้รับอันตรายสาหัส กระดูกต้นคอหัก 3 ท่อน ทุพพลภาพ อัมพาต เคลื่อนไหวร่างกายไม่ได้ตลอดชีวิต จนถึงปัจจุบันเป็นเวลากว่า 9 ปีเศษ นายแกร็บนำคดีมาฟ้องกรมทางหลวงต่อศาลปกครอง เมื่อวันที่ 22 มกราคม 2563

ศาลปกครองสามารถรับคำฟ้องนี้ไว้พิจารณาได้หรือไม่?

ตอบ: คดีนี้เป็นคดีพิพาทเกี่ยวกับการกระทำละเมิดของหน่วยงานทางปกครองหรือเจ้าหน้าที่ของรัฐ อันเกิดจากการละเลยต่อหน้าที่ไม่ติดตั้งเครื่องหมายเตือนเพื่อป้องกันอันตรายแก่ผู้ใช้ทาง ซึ่งจะต้องยื่นฟ้องภายในหนึ่งปีนับแต่วันที่รู้หรือควรรู้ถึงเหตุแห่งการฟ้องคดีแต่ไม่เกินสิบปีนับแต่วันที่มีเหตุแห่งการฟ้องคดี เมื่อเหตุละเมิดเกิดขึ้นในวันที่ 27 กรกฎาคม 2553 กรณีนี้จึงถือว่าวันที่ดังกล่าวเป็นวันที่นายแกร็บรู้หรือควรรู้ถึงเหตุแห่งการฟ้องคดีนี้แล้ว นายแกร็บจึงต้องนำคำคดีมาฟ้องต่อศาลภายในวันที่ 27 กรกฎาคม 2554 การที่นายแกร็บนำคำคดีมาฟ้องต่อศาลปกครองเมื่อวันที่ 22 มกราคม 2563 จึงเป็นการยื่นฟ้องคดีเมื่อพ้นกำหนดระยะเวลาการฟ้องคดี ศาลปกครองจึงไม่อาจรับคำฟ้องนี้ไว้พิจารณาได้ตามมาตรา 51 แห่งพระราชบัญญัติตั้งศาลปกครองและวิธีพิจารณาคดีปกครอง พ.ศ. 2542

คำสั่งศาลปกครองสูงสุดที่ คพ.119/2563",,คู่มือการดำเนินคดีปกครองสำหรับประชาชน,2022-12-01 00:00:00
,,,,,,ถาม-ตอบ คดีปกครอง,เงื่อนไขในการฟ้องคดีปกครอง,ถาม-ตอบ,"หน่วยงานทางปกครองผู้ว่าจ้างตามสัญญาจ้างก่อสร้างอาคาร ฟ้องคดีต่อศาลปกครองเมื่อพ้นระยะเวลา 5 ปี นับจากการยกเลิกสัญญาจ้างมีผล ศาลปกครองจะรับคำฟ้องไว้พิจารณาพิพากษาได้หรือไม่?

ถาม: เทศบาลตำบลทำสัญญาจ้างบริษัท ธันวา จำกัด ให้ก่อสร้างอาคาร แต่บริษัทฯ ดำเนินการไม่แล้วเสร็จตามสัญญา โดยส่งมอบงานเพียง 3 งวด เทศบาลตำบลจึงมีประกาศยกเลิกสัญญาจ้าง มีผลตั้งแต่วันที่ 12 พฤศจิกายน 2557 เป็นต้นไป และแจ้งบอกเลิกสัญญา รวมทั้งแจ้งให้บริษัทฯ ชำระค่าปรับและค่าเสียหาย แต่บริษัทฯ ก็ยังเพิกเฉย เทศบาลตำบลจึงนำเรื่องมาฟ้องต่อศาลปกครอง ในวันที่ 21 เมษายน 2563

ศาลปกครองสามารถรับคำฟ้องนี้ไว้พิจารณาได้หรือไม่?

ตอบ: กรณีดังกล่าวถือเป็นคดีพิพาทเกี่ยวกับสัญญาทางปกครอง ซึ่งอยู่ในอำนาจพิจารณาพิพากษาของศาลปกครอง เมื่อบริษัทฯ ทำงานล่าช้าเกินกำหนด เทศบาลตำบลจึงมีประกาศยกเลิกสัญญาจ้าง โดยให้มีผลตั้งแต่วันที่ 12 พฤศจิกายน 2557 เป็นต้นไป ดังนั้น เทศบาลตำบลจึงอาจใช้สิทธิเรียกร้องตามสัญญาได้ตั้งแต่วันดังกล่าวเป็นต้นไป และถือว่าเทศบาลตำบลรู้หรือควรรู้ถึงเหตุแห่งการฟ้องคดีในวันดังกล่าว ดังนั้น การที่เทศบาลตำบลยื่นฟ้องในวันที่ 21 เมษายน 2563 จึงเป็นการยื่นฟ้องคดีเมื่อพ้นกำหนดระยะเวลาห้าปี นับแต่วันที่รู้หรือควรรู้ถึงเหตุแห่งการฟ้องคดี ศาลปกครองจึงไม่อาจรับคำฟ้องนี้ไว้พิจารณาได้

คำสั่งศาลปกครองสูงสุดที่ 504/2563",,คู่มือการดำเนินคดีปกครองสำหรับประชาชน,2022-12-01 00:00:00
,,,,,,ถาม-ตอบ คดีปกครอง,เงื่อนไขในการฟ้องคดีปกครอง,ถาม-ตอบ,"ศาลปกครองสูงสุดมีคำสั่งไม่รับคำฟ้องไว้พิจารณา ผู้ฟ้องคดีนำคดีมาฟ้องประเด็นเดิมและไม่คำขอเหมือนเดิม แต่เปลี่ยนตัวผู้ถูกฟ้องคดีจากสถานีตำรวจมาเป็นพนักงานสอบสวนที่สังกัดสถานีตำรวจแห่งนั้น ศาลปกครองจะรับคำฟ้องไว้พิจารณาได้หรือไม่?

ถาม : เดิม “นายเขียว” เคยฟ้องสถานีตำรวจภูธรเมืองนนทบุรี ต่อศาลปกครอง ขอให้ลงโทษร้อยตำรวจโทเอก และให้ร้อยตำรวจโทเอกชดใช้ค่าสินไหมทดแทน และให้ปฏิบัติหน้าที่ ภายในระยะเวลาอันรวดเร็ว ซึ่งศาลปกครองสูงสุดได้มีคำสั่งไม่รับคำฟ้องไว้พิจารณา เนื่องจากมีคำขอใช้อำนาจศาลปกครอง ต่อมา นายเขียวยื่นฟ้องร้อยตำรวจโทเอก ต่อศาลปกครองว่าไม่นำตัวผู้กระทำผิดมาลงโทษตามกฎหมาย โดยมีคำขอเช่นเดียวกันคดีก่อน

ศาลปกครองจะรับคำฟ้องนี้ไว้พิจารณาได้หรือไม่

ตอบ: แม้ว่านายเขียวจะเปลี่ยนตัวผู้ถูกฟ้องคดีก็ตามแต่คำขอ ท้ายคำฟ้องในคดีดังกล่าวเป็นคำขอเดียวกัน และเนื่องจาก ผู้ถูกฟ้องคดีเป็นพนักงานสอบสวนในสังกัดสถานีตำรวจภูธร เมืองนนทบุรี กรณีจึงถือว่าเป็นผู้ถูกฟ้องคดีรายเดียวกัน ดังนั้น การยื่นคำฟ้องคดีนี้จึงเป็นการฟ้องซ้ำ ซึ่งต้องห้ามตามข้อ 97 ของระเบียบของที่ประชุมใหญ่ตุลาการในศาลปกครองสูงสุด ว่าด้วยวิธีพิจารณาคดีปกครอง พ.ศ. 2543 ศาลปกครอง จึงไม่อาจรับคำฟ้องของนายเขียวไว้พิจารณาได้

คำสั่งศาลปกครองสูงสุดที่ คส.96/2563",,คู่มือการดำเนินคดีปกครองสำหรับประชาชน,2022-12-01 00:00:00
,,,,,,ถาม-ตอบ คดีปกครอง,เงื่อนไขในการฟ้องคดีปกครอง,ถาม-ตอบ,"คดีที่ยื่นฟ้องต่อศาลปกครองแล้ว และคดียังอยู่ระหว่าง การยื่นอุทธรณ์ ผู้ฟ้องคดีจะนำคดีมาฟ้องในเรื่องเดียวกัน ต่อศาลปกครองได้หรือไม่?

ถาม: นายแดงได้เคยยื่นฟ้องคดีต่อศาลปกครองกลางว่าได้รับ ความเดือดร้อนเสียหายจากกรณีคำสั่งให้ทำทัณฑ์บนและกรณี เกี่ยวกับคำสั่งไม่ผ่านการประเมินการรับเงินค่าตอบแทนพิเศษ จึงขอให้ศาลสั่งให้สำนักงานอัยการสูงสุดชดใช้ค่าเสียหายพร้อม ดอกเบี้ย ศาลปกครองกลางมีคำสั่งไม่รับคำฟ้องในข้อหาดังกล่าว ไว้พิจารณา เนื่องจากยื่นฟ้องคดีเมื่อพ้นกำหนดระยะเวลาการ ฟ้องคดี โดยคดีอยู่ระหว่างระยะเวลาการยื่นอุทธรณ์ และนายแดง ก็ได้นำเรื่องเดิมมายื่นฟ้องคดีอีกครั้งโดยมีคำขอเช่นเดิม

กรณีเช่นนี้ศาลปกครอง จะสามารถรับคำฟ้องนี้ไว้พิจารณาได้หรือไม่?

ตอบ: การที่นายแดงยื่นฟ้องสำนักงานอัยการสูงสุดเป็นข้อหาเดียวกัน กับคดีที่ได้ยื่นฟ้องไว้ก่อน ซึ่งศาลปกครองชั้นต้นมีคำสั่งไม่รับคำฟ้อง ครั้งแรกไว้พิจารณา โดยสำนักงานศาลปกครองได้แจ้งคำสั่งศาล ให้ทราบแล้ว ตามหนังสือลงวันที่ 9 พฤศจิกายน 2560 และ คดียังอยู่ระหว่างระยะเวลาการยื่นอุทธรณ์ โดยยังไม่ถึงที่สุด การที่นายแดงยื่นฟ้องข้อหานี้อีกในวันที่ 2 ธันวาคม 2560 ซึ่งอยู่ในระยะเวลาการยื่นอุทธรณ์คดีแรก อันถือว่าคดีแรกยังอยู่ ในระหว่างการพิจารณา จึงเป็นกรณีที่นายแดงยื่นคำฟ้องเรื่อง เดียวกันนั้นต่อศาลเดียวกัน ซึ่งต้องห้ามมิให้ นำคดีมา ยื่นฟ้องอีก ศาลจึงไม่อาจรับคำฟ้องครั้งที่สองของนายแดงไว้พิจารณาได้

คำสั่งศาลปกครองสูงสุดที่ คบ.226/2562",,คู่มือการดำเนินคดีปกครองสำหรับประชาชน,2022-12-01 00:00:00
