วันและเวลา ที่ให้คำปรึกษาแนะนำ,วิธีขอรับคำปรึกษา,สถานะของผู้ขอคำปรึกษา,อาชีพ,ภูมิลำเนา (จังหวัดอื่นโปรดระบุช่องอื่นๆ),ประเภทของคดีที่ให้คำปรึกษา,คดีตามมาตรา,ประเด็นที่ขอคำปรึกษา (เลือกได้หลายช่อง),ข้อเท็จจริง/ประเด็นที่ขอคำปรึกษาแนะนำ ,ผลการให้คำปรึกษาแนะนำ
2025-01-01 09:24:00,โทรศัพท์สายด่วน 1355,บุคคลทั่วไป,ไม่ระบุ,ไม่ทราบ / ไม่แจ้ง,,,ความรู้ทั่วไปเกี่ยวกับศาลปกครอง/คดีปกครอง,     ผู้ขอคำปรึกษาพบเห็นพระสงฆ์บุกรุกป่า จึงได้มีหนังสือร้องเรียนถึงกรมทรัพยากรและสิ่งแวดล้อม บัดนี้ระยะเวลาผ่านไป 90 วันแล้วแต่ยังไม่ดำเนินการไล่ออกจากป่า,    แนะนำว่า หากท่านเห็นว่าอำนาจในการดูแลป่าไม้เป็นหน้าที่ของกระทรวงทรัพยากรธรรมชาติและสิ่งแวดล้อม แต่ละเลยเพิกเฉย จึงเป็นคดีพิพาทเกี่ยวกับการละเลยหน้าที่ตามที่กกหมายกำหนดให้ต้องปฎิบัติตามมาตรา ๙ วรรคหนึ่ง (๒) แห่ง พ.ร.บ. จัดตั้งศาลปกครองฯ คำขอให้ปฏิบัติหน้าที่ ศาลปกครองมีอำนาจกำหนดคำบังคับได้ จึงแนะนำให้ฟ้องต่อศาลปกครอง
2025-01-02 09:50:00,โทรศัพท์สายด่วน 1355,ผู้ถูกฟ้องคดี,ข้าราชการ/ลูกจ้าง ในหน่วยงานของรัฐ,กรุงเทพมหานคร,,,กระบวนวิธีพิจารณาคดีปกครอง/แสวงหาข้อเท็จจริง,ขอสอบถามว่าจะขอขยายเวลายื่นคำให้การอีกครั้งเป็นครั้งที่ 3 ได้หรือไม่,"   แนะนำว่าระเบียบของที่ประชุมใหญ่ตุลาการในศาลปกครองสูงสุดว่าด้วยวิธีพิจารณาคดีปกครอง 
พ.ศ. ๒๕๔๓ ข้อ ๖	ระยะเวลาตามที่กำหนดไว้ในระเบียบนี้หรือตามที่ศาลกำหนด เมื่อศาลเห็นสมควรหรือเมื่อคู่กรณีมีคำขอ ศาลมีอำนาจย่นหรือขยายได้ตามความจำเป็นเพื่อประโยชน์แห่งความยุติธรรม
    ดังนั้น ให้ท่านแสดงเหตุจำเป็นที่ไม่อาจทำคำให้การได้ภายในกำหนดระยะเวลที่ศาลอนุญาตให้มาแล้วถึงสองครั้ง ต่อศาล ซึ่งศาลจะพิจารณาว่าจะอนุญาตให้ขยายหรือไม่ อย่างไร"
2025-01-02 10:58:00,โทรศัพท์สายด่วน 1355,ไม่ระบุ,ไม่ระบุ,จังหวัดมหาสารคาม,,,เป็นคดีที่อยู่ในอำนาจของศาลปกครองหรือไม่,   ที่ดินถูกเวณคืน แต่ได้รับค่าทดแทนไม่เป็นธรรม ได้อุทธรณ์ แล้ว แต่ยังไม่พอใจ เห็นว่าน้อยกว่าราคาตลาด จึงมาปรึกษาจะฟ้องต่อศาลปกครองได้หรือไม่,"   แนะนำว่า พระราชบัญญัติจัดตั้งศาลปกครองและวิธีพิจารณาคดีปกครอง พ.ศ. ๒๕๔๒ 
มาตรา ๙  ศาลปกครองมีอำนาจพิจารณาพิพากษาหรือมีคำสั่งในเรื่องดังต่อไปนี้
(๓)	คดีพิพาทเกี่ยวกับการกระทำละเมิดหรือความรับผิดอย่างอื่นของหน่วยงานทางปกครองหรือเจ้าหน้าที่ของรัฐอันเกิดจากการใช้อำนาจตามกฎหมาย หรือจากกฎ คำสั่งทางปกครอง หรือคำสั่งอื่น 
หรือจากการละเลยต่อหน้าที่ตามที่กฎหมายกำหนดให้ต้องปฏิบัติหรือปฏิบัติหน้าที่ดังกล่าวล่าช้าเกินสมควร 	
    ดังนั้น  กรณีไม่ได้รับความเป็นธรรมจากการกำหนดราคาที่ดินที่ถูกเวนคืนและท่านได้อุทธรณ์และทราบผลแล้ว ท่านฟ้องคดีต่อศาลปกครองได้ภายใน 1 ปีนับแต่วันรับแจ้งอุทธรณ์ "
2025-01-02 09:35:00,โทรศัพท์สายด่วน 1355,บุคคลทั่วไป,ไม่ระบุ,ไม่ทราบ / ไม่แจ้ง,ไม่ระบุประเภทคดี,มาตรา 9 วรรค 1 (1) คดีพิพาทเกี่ยวกับการที่หน่วยงานทางปกครองหรือเจ้าหน้าที่ของรัฐ กระทำการโดยไม่ชอบด้วยกฎหมาย,"ความรู้ทั่วไปเกี่ยวกับศาลปกครอง/คดีปกครอง, การจัดทำคำฟ้องหรือคำร้อง และขั้นตอนที่เกี่ยวข้อง",ผู้ขอคำปรึกษาสอบถามว่า กรณีประสงค์จะขอให้ศาลลงตรวจสอบพื้นที่ที่พิพาท จะต้องดำเนินการอย่างไร,ได้ให้คำแนะนำว่า กรณีที่ผู้ขอคำปรึกษามีความประสงค์จะขอให้ศาลลงตรวจสอบพื้นที่ีที่พิพาท ให้จัดทำเป็นคำขอยื่นต่อศาล พร้อมแสดงเหตุผลความจำเป็นที่จะขอให้ศาลลงตรวจสอบพื้นที่พิพาท โดยใช้แบบฟอร์มคำร้อง/คำขอ ทั่วไป (ค.2) ซึ่งศาลหรือบุคคลที่ได้รับมอบหมายจากศาลมีอำนาจไปตรวจสอบสถานที่ บุคคล หรือสิ่งอื่นใดเพื่อประกอบการพิจารณาได้ โดยศาลจะแจ้งวัน เวลา และสถานที่ที่จะไปตรวจสอบให้คู่กรณีทราบล่วงหน้าเพื่อเปิดโอกาสให้คู่กรณีคัดค้านหรือชี้แจงข้อเท็จจริงได้ ทั้งนี้ คู่กรณีจะไปร่วมในการตรวจสอบดังกล่าวหรือไม่ก็ได้ ตามข้อ 56 แห่งระเบียบของที่ประชุมใหญ่ตุลาการในศาลปกครองสูงสุด ว่าด้วยวิธีพิจารณาคดีปกครอง พ.ศ. 2543
2025-01-02 13:30:00,โทรศัพท์สายด่วน 1355,ผู้ฟ้องคดี,ไม่ระบุ,ไม่ทราบ / ไม่แจ้ง,การพัสดุและสัญญาของฝ่ายปกครอง,มาตรา 9 วรรค 1 (4) คดีพิพาทเกี่ยวกับสัญญาทางปกครอง,"ความรู้ทั่วไปเกี่ยวกับศาลปกครอง/คดีปกครอง, การจัดทำคำฟ้องหรือคำร้อง และขั้นตอนที่เกี่ยวข้อง, การอุทธรณ์คำพิพากษา/คำสั่งต่อศาลปกครองสูงสุด",ได้รับหนังสือแจ้งคำสั่งศาล ลงวันที่ 23 ธันวาคม 2567 โดยศาลมีคำสั่งยกคำขอยกเว้นค่าธรรมเนียมศาลของผู้ฟ้องคดี จะต้องดำเนินการอย่างไร,ได้ให้คำแนะนำว่า กรณีที่ศาลมีคำสั่งให้ยกคำขอการยกเว้นค่าธรรมเนียมศาล ผู้ยื่นคำขอมีสิทธิดำเนินการอย่างใดอย่างหนึ่งดังต่อไปนี้ (1) ยื่นคำร้องขอให้พิจารณาคำขอนั้นใหม่ เพื่ออนุญาตให้นำพยานหลักฐานมาแสดงเพิ่มเติมว่าไม่มีทรัพย์สินเพียงพอที่จะเสียค่าธรรมเนียมศาล หรือโดยสถานะของผู้ขอ ถ้าไม่ได้รับยกเว้นค่าธรรมเนียมศาลจะได้รับความเดือดร้อนเกินสมควร หรือ (2) อุทธรณ์คำสั่งนั้นต่อศาลปกครองสูงสุด โดยยื่นคำร้องอุทธรณ์คำสั่งต่อศาลปกครองชั้นต้นที่มีคำสั่งนั้น ในกรณีที่คู่กรณีใช้สิทธิตาม (1) หรือ (2) อย่างใดอย่างหนึ่งแล้ว จะใช้สิทธิอีกประการหนึ่งมิได้ ทั้งนี้ การยื่นคำร้องขอตาม (1) หรือยื่นอุทธรณ์ตาม (2) ให้ยื่นต่อศาลปกครองกลางภายในสิบห้าวันนับแต่วันที่ได้รับแจ้งคำสั่งศาล โดยจะไปยื่นที่ศาลหรือส่งทางไปรษณีย์ลงทะเบียนก็ได้ ตามข้อ 41/4 แห่งระเบียบของที่ประชุมใหญ่ตุลาการในศาลปกครองสูงสุด ว่าด้วยวิธีพิจารณาคดีปกครอง พ.ศ. 2543
2025-01-02 15:05:00,โทรศัพท์สายด่วน 1355,ผู้ฟ้องคดี,ไม่ระบุ,ไม่ทราบ / ไม่แจ้ง,ไม่ระบุประเภทคดี,อื่นๆ,"ความรู้ทั่วไปเกี่ยวกับศาลปกครอง/คดีปกครอง, กระบวนวิธีพิจารณาคดีปกครอง/แสวงหาข้อเท็จจริง",ผู้ขอคำปรึกษาสอบถามว่า กรณีที่ผู้ถูกฟ้องคดีจัดทำคำให้การเพิ่มเติมยื่นต่อศาล และศาลได้ส่งสำเนาให้ผู้ฟ้องคดีทราบแล้ว หากผู้ฟ้องคดีประสงค์จะทำคำแถลงต่อศาล สามารถทำได้เลยหรือไม่ หรือจะต้องรอให้ศาลมีคำสั่งให้ทำคำแถลงก่อน,ได้ให้คำแนะนำว่า กรณีที่ผู้ฟ้องคดีประสงค์จะทำคำแถลงต่อศาล สามารถจัดทำคำแถลงยื่นต่อศาลได้ก่อนวันสิ้นสุดการแสวงหาข้อเท็จจริง ซึ่งบรรดาคำฟ้องเพิ่มเติม คำให้การ คำคัดค้านคำให้การ คำให้การเพิ่มเติม รวมทั้งพยานหลักฐานอื่น ๆ ที่ยื่นต่อศาลหลังวันสิ้นสุดการแสวงหาข้อเท็จจริง ศาลจะไม่รับไว้เป็นส่วนหนึ่งของสำนวนคดี ตามข้อ 62 แห่งระเบียบของที่ประชุมใหญ่ตุลาการในศาลปกครองสูงสุด ว่าด้วยวิธีพิจารณาคดีปกครอง พ.ศ. 2543 
2025-01-03 08:45:00,โทรศัพท์สายด่วน 1355,บุคคลทั่วไป,ไม่ระบุ,ไม่ทราบ / ไม่แจ้ง,ไม่ระบุประเภทคดี,อื่นๆ,"ความรู้ทั่วไปเกี่ยวกับศาลปกครอง/คดีปกครอง, การอุทธรณ์คำพิพากษา/คำสั่งต่อศาลปกครองสูงสุด",ผู้ขอคำปรึกษาสอบถามว่า การอุทธรณ์คำพิพากษาของศาลปกครองชั้นต้นมีระยะเวลาเท่าใด สามารถขอขยายได้หรือไม่ และมีแบบฟอร์มคำอุทธรณ์หรือไม่,"ได้ให้คำแนะนำว่า กรณีที่ผู้ขอคำปรึกษามีความประสงค์จะคัดค้านคำพิพากษาของศาลปกครองชั้นต้น ให้ยื่นอุทธรณ์ต่อศาลปกครองชั้นต้นที่มีคำพิพากษาภายในกำหนดสามสิบวันนับแต่วันที่ได้มีคำพิพากษา ถ้ามิได้ยื่นอุทธรณ์ตามกำหนดเวลาดังกล่าวให้ถือว่าคดีนั้นเป็นอันถึงที่สุด ตามมาตรา 73 วรรคหนึ่ง แห่งพระราชบัญญัติจัดตั้งศาลปกครองและวิธีพิจารณาคดีปกครอง พ.ศ. 2542 ทั้งนี้ ระยะเวลาดังกล่าวเป็นระยะเวลาที่กำหนดไว้ในพระราชบัญญัติจัดตั้งศาลปกครองและวิธีพิจารณาคดีปกครอง พ.ศ. 2542 ซึ่งไม่อาจขอขยายระยะเวลาได้ และผู้ขอคำปรึกษาสามารถดาวน์โหลดแบบฟอร์มคำอุทธรณ์ได้จากเว็บไซต์ของศาลปกครอง โดยคำอุทธรณ์ให้ทำเป็นหนังสือและต้องระบุ (1) ชื่อผู้อุทธรณ์และคู่กรณีในอุทธรณ์ (2) ข้อคัดค้านคำพิพากษาหรือคำสั่งของศาลปกครองชั้นต้น (3) คำขอของผู้อุทธรณ์ (4) ลายมือชื่อผู้อุทธรณ์
ซึ่งข้อเท็จจริงหรือข้อกฎหมายที่จะยกขึ้นอ้างในการยื่นคำอุทธรณ์นั้นจะต้องกล่าวไว้โดยชัดแจ้งในคำอุทธรณ์ และต้องเป็นข้อที่ได้ยกขึ้นว่ากันมาแล้วโดยชอบในศาลปกครองชั้นต้น ตามข้อ 101 แห่งระเบียบของที่ประชุมใหญ่ตุลาการในศาลปกครองสูงสุด ว่าด้วยวิธีพิจารณาคดีปกครอง พ.ศ. 2543"
2025-01-03 09:42:00,โทรศัพท์สายด่วน 1355,ผู้ถูกฟ้องคดี,ไม่ระบุ,ไม่ทราบ / ไม่แจ้ง,การพัสดุและสัญญาของฝ่ายปกครอง,มาตรา 9 วรรค 1 (4) คดีพิพาทเกี่ยวกับสัญญาทางปกครอง,"ความรู้ทั่วไปเกี่ยวกับศาลปกครอง/คดีปกครอง, การจัดทำคำฟ้องหรือคำร้อง และขั้นตอนที่เกี่ยวข้อง, กระบวนวิธีพิจารณาคดีปกครอง/แสวงหาข้อเท็จจริง",ได้รับคำสั่งเรียกให้ทำคำให้การของศาลปกครองกลาง ฉบับลงวันที่ 6 ธันวาคม 2567โดยศาลให้ทำคำให้การแก้คำฟ้องพร้อมพยานหลักฐาน จำนวน 2 ชุด ต่อศาลภายใน 30 วัน นับแต่วันที่ได้รับคำสั่ง จะต้องดำเนินการอย่างไรบ้าง,"ได้ให้คำแนะนำว่า เมื่อผู้ถูกฟ้องคดีได้รับคำสั่งให้ทำคำให้การ ให้ผู้ถูกฟ้องคดียื่นคำให้การโดยชัดแจ้งแสดงการปฏิเสธหรือยอมรับข้อหาที่ปรากฏในคำฟ้องและคำขอท้ายฟ้อง และเหตุแห่งการนั้น พร้อมส่งพยานหลักฐานตามจำนวนและภายในระยะเวลาที่ศาลกำหนด ซึ่งผู้ถูกฟ้องคดีจะฟ้องแย้งมาในคำให้การก็ได้ ในกรณีที่ผู้ถูกฟ้องคดีมิได้จัดทำคำให้การพร้อมทั้งพยานหลักฐานยื่นต่อศาลภายในระยะเวลาที่กำหนด ให้ถือว่าผู้ถูกฟ้องคดียอมรับข้อเท็จจริงตามข้อหาของผู้ฟ้องคดี และให้ศาลพิจารณาพิพากษาต่อไปตามที่เห็นเป็นการยุติธรรม ตามข้อ 43 ข้อ 44 ประกอบข้อ 46 แห่งระเบียบของที่ประชุมใหญ่ตุลาการในศาลปกครองสูงสุด ว่าด้วยวิธีพิจารณาคดีปกครอง พ.ศ. 2543 
ทั้งนี้ หากผู้ถูกฟ้องคดีไม่สามารถยื่นคำให้การได้ทันตามระยะเวลาที่ศาลกำหนด ให้ยื่นขอขยายระเวลาการทำคำให้การต่อศาลได้ โดยผู้ถูกฟ้องคดีสามารถดาวน์โหลดแบบฟอร์มคำให้การได้จากเว็บไซต์ของศาลปกครอง และสามารถยื่นคำให้การด้วยตนเองที่ศาลปกครอง ส่งทางไปรษณีย์ลงทะเบียน หรือยื่นทางระบบอิเล็กทรอนิกส์ ซึ่งการดำเนินคดีปกครองผู้ถูกฟ้องคดีสามารถดำเนินการได้ด้วยตนเองโดยไม่จำเป็นต้องใช้ทนายความก็ได้
"
2025-01-03 12:59:00,มาด้วยตนเอง (ห้องปรึกษา 1-3),บุคคลทั่วไป,ข้าราชการ/ลูกจ้าง ในหน่วยงานของรัฐ,กรุงเทพมหานคร,การบริหารงานบุคคล/และวินัย,มาตรา 9 วรรค 1 (1) คดีพิพาทเกี่ยวกับการที่หน่วยงานทางปกครองหรือเจ้าหน้าที่ของรัฐ กระทำการโดยไม่ชอบด้วยกฎหมาย,"ความรู้ทั่วไปเกี่ยวกับศาลปกครอง/คดีปกครอง, ขั้นตอนแก้ไขความเสียหายก่อนฟ้องคดี",ผู้ขอคำปรึกษาสอบถามว่า ได้รับคำสั่งแต่งตั้งโยกย้ายไม่เป็นธรรม โดยได้ยื่นอุทธรณ์ต่อผู้ออกคำสั่งแล้ว สามารถนำเรื่องมาฟ้องคดีต่อศาลปกครองได้เลยหรือไม่,ได้ให้คำแนะนำว่า กรณีที่หน่วยงานทางปกครองมีคำสั่งแต่งตั้งโยกย้ายผู้ขอคำปรึกษา ซึ่งผู้ขอคำปรึกษาเห็นว่าคำสั่งโยกย้ายอันเป็นคำสั่งทางปกครอง ตามมาตรา 5 แห่งพระราชบัญญัติวิธีปฏิบัติราชการทางปกครอง พ.ศ. 2539 ดังกล่าวไม่เป็นธรรม  ผู้ขอคำปรึกษาจะต้องตรวจสอบว่าเรื่องดังกล่าวมีกฎหมายเฉพาะกำหนดเรื่องการอุทธรณ์คำสั่งทางปกครองไว้หรือไม่อย่างไร ทั้งนี้ หากมีกฎหมายเฉพาะกำหนดไว้อย่างไรแล้วผู้ขอคำปรึกษาจะต้องปฏิบัติตามกฎหมายเฉพาะนั้น แต่หากไม่มีกฎหมายเฉพาะกำหนดไว้ ผู้ขอคำปรึกษาจะต้องปฏิบัติตามพระราชบัญญัติวิธีปฏิบัติราชการทางปกครอง พ.ศ. 2539 โดยจะต้องยื่นอุทธรณ์คำสั่งนั้นต่อเจ้าหน้าที่ผู้ทำคำสั่งทางปกครอง ภายใน 15 วัน นับแต่วันที่ได้รับแจ้งคำสั่งดังกล่าว ตามมาตรา 44 แห่งพระราชบัญญัติฉบับเดียวกัน ซึ่งกรณีดังกล่าวผู้ขอคำปรึกษาได้อุทธรณ์คำสั่งต่อเจ้าหน้าที่ผู้ทำคำสั่งทางปกครองแล้ว ผู้ขอคำปรึกษาจะต้องรอผลการพิจารณาอุทธรณ์ก่อน หากผู้มีอำนาจพิจารณาอุทธรณ์ไม่แจ้งผลการพิจารณาตามระยะเวลาที่กำหนดไว้ในมาตรา 45 แห่งพระราชบัญญัติวิธีปฏิบัติราชการทางปกครอง พ.ศ. 2539 หรือได้รับแต่ผู้ขอคำปรึกษาไม่เห็นด้วยกับผลการพิจารณาดังกล่าว และเห็นว่าตนเป็นผู้ได้รับความเดือดร้อนหรือเสียหายที่มีสิทธิฟ้องคดีต่อศาลปกครอง ตามมาตรา 42 แห่งพระราชบัญญัติจัดตั้งศาลปกครองและวิธีพิจารณาคดีปกครอง พ.ศ. 2542 จากการที่หน่วยงานทางปกครองหรือเจ้าหน้าที่ของรัฐกระทำการโดยไม่ชอบด้วยกฎหมายในการออกคำสั่งทางปกครอง ผู้คำปรึกษาจะต้องยื่นฟ้องคดีต่อศาลปกครองภายใน 90 วัน นับแต่วันที่รู้หรือควรรู้ถึงเหตุแห่งการฟ้องคดี ตามมาตรา 9 วรรคหนึ่ง (1) ประกอบมาตรา 49 แห่งพระราชบัญญัติฉบับเดียวกัน
2025-01-03 13:13:00,มาด้วยตนเอง (ห้องปรึกษา 1-3),ผู้ฟ้องคดี,ไม่ระบุ,ไม่ทราบ / ไม่แจ้ง,การละเลยต่อหน้าที่หรือปฏิบัติหน้าที่ล่าช้าเกินสมควร,มาตรา 9 วรรค 1 (2) คดีพิพาทเกี่ยวกับการที่หน่วยงานทางปกครองหรือเจ้าหน้าที่ของรัฐ ละเลยต่อหน้าที่ตามที่กฎหมายกำหนด,"ความรู้ทั่วไปเกี่ยวกับศาลปกครอง/คดีปกครอง, การจัดทำคำฟ้องหรือคำร้อง และขั้นตอนที่เกี่ยวข้อง, กระบวนวิธีพิจารณาคดีปกครอง/แสวงหาข้อเท็จจริง",ผู้ขอคำปรึกษาเป็นผู้รับมอบอำนาจจากผู้ฟ้องคดี ได้รับคำสั่งเรียกให้ทำคำคัดค้านคำให้การ โดยศาลรับคำให้การของผู้ร้องสอดทั้งสามเฉพาะในส่วนของข้อ 1 ข้อ 2 และข้อ 4  ไว้พิจารณา หมายความว่าอย่างไร,ได้ให้คำแนะนำว่า กรณีที่ศาลรับคำให้การของผู้ร้องสอดทั้งสามเฉพาะในส่วนของข้อ 1 ข้อ 2 และข้อ 4  ไว้พิจารณา หมายความว่า ศาลไม่รับคำให้การของผู้ร้องสอดทั้งสามในส่วนของข้อ 3 ไว้พิจารณา จึงให้ผู้ฟ้องคดีทำคำค้านคำให้การของผู้ร้องสอดทั้งสามเฉพาะประเด็นในข้อ 1 ข้อ 2 และข้อ 4 เท่านั้น โดยผู้ฟ้องคดีจะต้องทำคำคัดค้านหรือยอมรับคำให้การหรือพยานหลักฐานที่ผู้ร้องสอดทั้งสามยื่นต่อศาล พร้อมพยานหลักฐานตามจำนวนและภายในระยะเวลาที่ศาลกำหนด ถ้าผู้ฟ้องคดีไม่ประสงค์จะทำคำคัดค้านคำให้การ แต่ประสงค์จะให้ศาลพิจารณาพิพากษาคดีต่อไปให้ผู้ฟ้องคดีแจ้งเป็นหนังสือให้ศาลทราบภายในกำหนดระยะเวลาดังกล่าว มิเช่นนั้น ศาลจะสั่งจำหน่ายคดีออกจากสารบบความก็ได้ ตามข้อ 47 แห่งระเบียบของที่ประชุมใหญ่ตุลาการในศาลปกครองสูงสุด ว่าด้วยวิธีพิจารณาคดีปกครอง พ.ศ. 2543 ซึ่งคำคัดค้านคำให้การของผู้ฟ้องคดีให้มีได้เฉพาะในประเด็นที่ได้ยกขึ้นกล่าวในคำฟ้อง คำให้การ หรือที่ศาลกำหนด ถ้าผู้ฟ้องคดีทำคำคัดค้านคำให้การโดยมีประเด็นหรือคำขอเพิ่มขึ้นใหม่ต่างจากคำฟ้อง คำให้การ หรือที่ศาลกำหนด ให้ศาลสั่งไม่รับประเด็นหรือคำขอใหม่นั้นไว้พิจารณา 
2025-01-06 10:30:00,โทรศัพท์สายด่วน 1355,บุคคลทั่วไป,ไม่ระบุ,จังหวัดลพบุรี,,,ความรู้ทั่วไปเกี่ยวกับศาลปกครอง/คดีปกครอง,  สอบถามเรื่องเขตอำนาจศาล ว่าจะฟ้องศาลปกครองที่ใหน  กล่าวคือมีข้อพิพาทกับหน่วยงานราชการที่จังหวัดชัยภูมิ  แต่ผู้ขอปรึกษามีภูมิลำเนาที่จังหวัดลพบุรี ดังนั้นจะต้องฟ้องต่อศาลปกครองใด,"   แนะนำว่า พระราชบัญญัติจัดตั้งศาลปกครองและวิธีพิจารณาคดีปกครอง พ.ศ. ๒๕๔๒ มาตรา ๔๗  การฟ้องคดีที่อยู่ในเขตอำนาจของศาลปกครองชั้นต้น ให้ยื่นฟ้องต่อศาลปกครองชั้นต้นที่ผู้ฟ้องคดีมีภูมิลำเนาหรือที่มูลคดีเกิดขึ้นในเขตศาลปกครองชั้นต้นนั้น 
    เมื่อเหตุกิดที่จังหวัดชัยภูมิ อยู่ในอำนาจของศาลปกครองนครราชสีมา และผู้ขอรับคำปรึกษามีภูมิลำเนาที่จังหวัดลพบุรี  อยู่ในอำนาจขงศาลปกครองนครสวรรค์ จึงเป็นสิทธิที่จะเลือกว่าจะฟ้องที่ศาลปกครองใดศาลปกครองหนึ่ง"
2025-01-02 15:16:00,โทรศัพท์สายด่วน 1355,ผู้ฟ้องคดี,ไม่ระบุ,ไม่ทราบ / ไม่แจ้ง,ไม่ระบุประเภทคดี,อื่นๆ,"ความรู้ทั่วไปเกี่ยวกับศาลปกครอง/คดีปกครอง, การจัดทำคำฟ้องหรือคำร้อง และขั้นตอนที่เกี่ยวข้อง, กระบวนวิธีพิจารณาคดีปกครอง/แสวงหาข้อเท็จจริง",ผู้ขอคำปรึกษาสอบถามว่า กรณีที่ได้รับคำสั่งเรียกให้ทำคำคัดค้านคำให้การ จะต้องดำเนินการอย่างไรบ้าง,ได้ให้คำแนะนำว่า กรณีที่ศาลส่งสำเนาคำให้การพร้อมทั้งสำเนาพยานหลักฐานของผู้ถูกฟ้องคดีไปยังผู้ฟ้องคดีเพื่อให้ผู้ฟ้องคดีคัดค้านหรือยอมรับคำให้การหรือพยานหลักฐานที่ผู้ถูกฟ้องคดียื่นต่อศาล ถ้าผู้ฟ้องคดีประสงค์จะคัดค้านคำให้การ ให้ทำคำคัดค้านคำให้การยื่นต่อศาลพร้อมสำเนาตามจำนวนและระยะเวลาที่ศาลกำหนด ถ้าผู้ฟ้องคดีไม่ประสงค์จะทำคำคัดค้านคำให้การ แต่ประสงค์จะให้ศาลพิจารณาพิพากษาคดีต่อไปให้ผู้ฟ้องคดีแจ้งเป็นหนังสือให้ศาลทราบภายในกำหนดระยะเวลาดังกล่าว มิเช่นนั้น ศาลจะสั่งจำหน่ายคดีออกจากสารบบความก็ได้ ตามข้อ 47 แห่งระเบียบของที่ประชุมใหญ่ตุลาการในศาลปกครองสูงสุด ว่าด้วยวิธีพิจารณาคดีปกครอง พ.ศ. 2543 ซึ่งคำคัดค้านคำให้การของผู้ฟ้องคดีให้มีได้เฉพาะในประเด็นที่ได้ยกขึ้นกล่าวในคำฟ้อง คำให้การ หรือที่ศาลกำหนด ถ้าผู้ฟ้องคดีทำคำคัดค้านคำให้การโดยมีประเด็นหรือคำขอเพิ่มขึ้นใหม่ต่างจากคำฟ้อง คำให้การ หรือที่ศาลกำหนด ให้ศาลสั่งไม่รับประเด็นหรือคำขอใหม่นั้นไว้พิจารณา ตามข้อ 48 แห่งระเบียบฉบับเดียวกัน
2025-01-06 11:54:00,โทรศัพท์สายด่วน 1355,บุคคลทั่วไป,ทนายความ,ไม่ทราบ / ไม่แจ้ง,,,ความรู้ทั่วไปเกี่ยวกับศาลปกครอง/คดีปกครอง,การฟ้องเพิกถอนคำวินิจฉัยของอนุญาโตตุลาการต้องเสียค่าธรรมเนียมศาลหรือไม่,"   แนะนำว่า พระราชบัญญัติ จัดตั้งศาลปกครองและวิธีพิจารณาคดีปกครอง พ.ศ. ๒๕๔๒ มาตรา ๙  บัญญัติว่า ศาลปกครองมีอำนาจพิจารณาพิพากษาหรือมีคำสั่งในเรื่องดังต่อไปนี้ ...(๖) คดีพิพาทเกี่ยวกับเรื่องที่มีกฎหมายกำหนดให้อยู่ในเขตอำนาจศาลปกครอง มาตรา ๔๕ วรรคสี่บัญญัติว่า การฟ้องคดีไม่ต้องเสียค่าธรรมเนียมศาล เว้นแต่การฟ้องคดีขอให้สั่งให้ใช้เงินหรือส่งมอบทรัพย์สินอันสืบเนื่องจากคดีตามมาตรา ๙ วรรคหนึ่ง (๓) หรือ (๔) ให้เสียค่าธรรมเนียมศาลตามทุนทรัพย์ในอัตราตามที่ระบุไว้ในตาราง ๑ ท้ายประมวลกฎหมายวิธีพิจารณาความแพ่ง สำหรับคดีที่มีคำขอให้ปลดเปลื้องทุกข์อันอาจคำนวณเป็นราคาเงินได้ 
   ดังนั้น การฟ้องเพิกถอนคำวินิจฉัยชี้ขาดของอนุญาโตตุลาการ จึงเป็นคดีที่ พ.ร.บ. อนุญาโตตุลาการฯ กำหนดให้ฟ้องต่อศาลปกครองจึงเป็นคดีพิพาทตามมาตรา ๙ วรรคหนึ่ง(๖) ซึ่งไม่ต้องเสียค่าธรรม
เนียมศาล
"
2025-01-06 13:30:00,โทรศัพท์สายด่วน 1355,ผู้ฟ้องคดี,ไม่ระบุ,ไม่ทราบ / ไม่แจ้ง,,,การอุทธรณ์คำพิพากษา/คำสั่งต่อศาลปกครองสูงสุด,"ศาลมีคำพิพากษา (ยกฟ้อง)
จึงมาสอบถามการอุทธรณ์คำพิพากษา",    แนะนำว่าคำพิพากษาของศาลปกครองชั้นต้น ให้อุทธรณ์ต่อศาลปกครองสูงสุด คำอุทธรณ์ให้ยื่นต่อศาลปกครองชั้นต้นภายใน ๓๐ วันนับแต่วันที่อ่านคำพิพากษา คำอุทธรณ์ให้ทำเป็นหนังสือระบุ (๑) ชื่อผู้อุทธรณ์และคู่กรณีในอุทธรณ์	(๒) ข้อคัดค้านคำพิพากษาของศาลปกครองชั้นต้น (๓) คำขอของผู้อุทธรณ์	(๔) ลายมือชื่อผู้อุทธรณ์   ทั้งนี้ ตาม ข้อ ๑๐๐ ข้อ ๑๐๑ และข้อ ๑๐๒ ระเบียบของที่ประชุมใหญ่ตุลาการในศาลปกครองสูงสุด ว่าด้วยวิธีพิจารณาคดีปกครอง พ.ศ. ๒๕๔๓ คำอุทธรณ์คำพิพากษาไม่อาจขยายระยะเวลาได้
2025-01-06 14:38:00,โทรศัพท์สายด่วน 1355,ผู้ถูกฟ้องคดี,ข้าราชการ/ลูกจ้าง ในหน่วยงานของรัฐ,ไม่ทราบ / ไม่แจ้ง,,,กระบวนวิธีพิจารณาคดีปกครอง/แสวงหาข้อเท็จจริง," ศาลมีคำสั่งให้ทำคำให้การแก้คำฟ้องพร้อมด้วยพยานหลักฐาน 1 ชุด และจัดส่งสำเนาคำให้การและสำเนาพยานหลักฐานอีก 1 ชุด รวม 2 ชุด ยื่นต่อศาลภายใน 30 วัน นับแต่วันทราบคำสั่งศาล
       จึงสอบถามการจัดทำคำให้การ",        แนะนำว่า  ให้ผู้ถูกฟ้องคดียื่นคำให้การโดยชัดแจ้งแสดงการปฏิเสธหรือยอมรับข้อหาที่ปรากฏในคำฟ้องและคำขอท้ายฟ้อง และเหตุแห่งการนั้น พร้อมส่งพยานหลักฐานตามที่ตุลาการเจ้าของสำนวนกำหนดโดยจัดทำสำเนาคำให้การและสำเนาพยานหลักฐานดังกล่าวที่รับรองถูกต้องตามจำนวนที่ตุลาการเจ้าของสำนวนกำหนดยื่นมาพร้อมกับคำให้การด้วย ทั้งนี้ ภายในสามสิบวัน นับแต่วันที่ได้รับสำเนาคำฟ้อง หรือภายในระยะเวลาที่ศาลกำหนด ทั้งนี้ ตาม ข้อ ๔๓ ของระเบียบของที่ประชุมใหญ่ตุลาการในศาลปกครองสูงสุดว่าด้วยวิธีพิจารณาคดีปกครอง พ.ศ. ๒๕๔๓ อย่างไรก็ตาม หากไม่อาจทำคำให้การได้ภายในระยะเวลาที่ศาลกำหนด ก็มีสิทธิที่จะยื่นคำร้องขอขยายระยะเวลาต่อศาลได้
2025-01-06 10:04:00,โทรศัพท์สายด่วน 1355,ผู้ถูกฟ้องคดี,ไม่ระบุ,ไม่ทราบ / ไม่แจ้ง,การละเลยต่อหน้าที่หรือปฏิบัติหน้าที่ล่าช้าเกินสมควร,มาตรา 9 วรรค 1 (2) คดีพิพาทเกี่ยวกับการที่หน่วยงานทางปกครองหรือเจ้าหน้าที่ของรัฐ ละเลยต่อหน้าที่ตามที่กฎหมายกำหนด,"ความรู้ทั่วไปเกี่ยวกับศาลปกครอง/คดีปกครอง, กระบวนวิธีพิจารณาคดีปกครอง/แสวงหาข้อเท็จจริง",ได้ยื่นคำให้การเพิ่มเติมต่อศาลตั้งแต่ปี 2566 จึงขอสอบถามระยะเวลาการแสวงหาข้อเท็จจริงของศาล และการสรุปสำนวนคดีของศาล,"ได้ให้คำแนะนำว่า การแสวงหาข้อเท็จจริงของศาล และการสรุปสำนวนคดีของศาล ไม่มีกฎหมายกำหนดระยะเวลาการดำเนินการดังกล่าวไว้แต่อย่างใด อย่างไรก็ตาม หากศาลเห็นว่าคดีดังกล่าวมีข้อเท็จจริงเพียงพอที่ศาลจะพิจารณาพิพากษาหรือมีคำสั่งชี้ขาดคดีได้แล้ว โดยไม่มีกรณีที่จะต้องแสวงหาข้อเท็จจริงเพิ่มเติม ศาลจะมีคำสั่งกำหนดวันหนึ่งวันใดเป็นวันสิ้นสุดการแสวงหาข้อเท็จจริง	โดยจะแจ้งให้คู่กรณีทราบกำหนดวันสิ้นสุดการแสวงหาข้อเท็จจริงล่วงหน้าไม่น้อยกว่าสิบวัน หากผู้ขอคำปรึกษามีข้อเท็จจริงที่จะแถลงต่อศาลเพื่มเติม ก็สามารถจัดทำคำแถลงยื่นต่อศาลก่อนวันสิ้นสุดการแสวงหาข้อเท็จจริงดังกล่าวได้ ซึ่งบรรดาคำฟ้องเพิ่มเติม คำให้การ คำคัดค้านคำให้การ คำให้การเพิ่มเติม รวมทั้งพยานหลักฐานอื่น ๆ ที่ยื่นต่อศาลหลังวันสิ้นสุดการแสวงหาข้อเท็จจริง ไม่ให้ศาลรับไว้เป็นส่วนหนึ่งของสำนวนคดี ตามข้อ 62 แห่งระเบียบของที่ประชุมใหญ่ตุลาการในศาลปกครองสูงสุด ว่าด้วยวิธีพิจารณาคดีปกครอง พ.ศ. 2543 
"
2025-01-06 16:18:00,โทรศัพท์สายด่วน 1355,ผู้ฟ้องคดี,ไม่ระบุ,ไม่ทราบ / ไม่แจ้ง,,,กระบวนวิธีพิจารณาคดีปกครอง/แสวงหาข้อเท็จจริง,       ศาลมีคำสั่งให้ทำคำคัดค้านคำให้การพร้อมด้วยพยานหลักฐาน 1 ชุด และจัดส่งสำเนาคำคัดค้านคำให้การและสำเนาพยานหลักฐานอีก 1 ชุด รวม 2 ชุด ยื่นต่อศาลภายใน 30 วัน นับแต่วันทราบคำสั่งศาล (ปิดหมาย) จึงสอบถามว่าถ้าไม่ประสงค์จะทำคำคัดค้านคำให้การแต่ประสงค์จะให้ศาลพิจารณาคดีต่อไป จะต้องทำอย่างไร,"       แนะนำว่า โดยที่ระเบียบของที่ประชุมใหญ่ตุลาการในศาลปกครองสูงสุดว่าด้วยวิธีพิจารณาคดีปกครอง พ.ศ. ๒๕๔๓ ข้อ ๔๗ กำหนดว่า เมื่อผู้ถูกฟ้องคดียื่นคำให้การแล้ว ให้ศาลส่งสำเนาคำให้การพร้อมทั้งสำเนาพยานหลักฐานไปยังผู้ฟ้องคดีเพื่อให้ผู้ฟ้องคดีคัดค้านหรือยอมรับคำให้การหรือพยานหลักฐานที่ผู้ถูกฟ้องคดียื่นต่อศาล ในการนี้ ตุลาการเจ้าของสำนวนจะกำหนดประเด็นที่ผู้ฟ้องคดีต้องชี้แจง หรือให้จัดส่งพยานหลักฐานใด ๆ ก็ได้
	ถ้าผู้ฟ้องคดีประสงค์จะคัดค้านคำให้การ ให้ทำคำคัดค้านคำให้การยื่นต่อศาลพร้อมสำเนาหนึ่งชุดหรือตามจำนวนที่ศาลกำหนด ทั้งนี้ ภายในสามสิบวันนับแต่วันที่ได้รับสำเนาคำให้การ หรือภายใน
ระยะเวลาที่ศาลกำหนด
	ถ้าผู้ฟ้องคดีไม่ประสงค์จะทำคำคัดค้านคำให้การ แต่ประสงค์จะให้ศาลพิจารณาพิพากษาคดีต่อไปให้ผู้ฟ้องคดีแจ้งเป็นหนังสือให้ศาลทราบภายในกำหนดระยะเวลาตามวรรคสอง
	ถ้าผู้ฟ้องคดีไม่ดำเนินการตามวรรคสองหรือวรรคสาม ศาลจะสั่งจำหน่ายคดีออกจากสารบบความก็ได้
       ดังนั้น ให้ผู้ขอปรึกษานคดีทำคำแถลงเป็นหนังสือแจ้งต่อศาลว่า ไม่ประสงค์จะทำคำคัดค้านคำให้การ แต่ประสงค์จะให้ศาลพิจารณาพิพากษาคดีต่อไปภายในระยะเวลาที่ศาลกำหนดให้ทำคำคัดค้านคำให้การ
  "
2025-01-06 11:57:00,มาด้วยตนเอง (ห้องปรึกษา 1-3),ทนายความ,ทนายความ,ไม่ทราบ / ไม่แจ้ง,,มาตรา 9 วรรค 1 (1) คดีพิพาทเกี่ยวกับการที่หน่วยงานทางปกครองหรือเจ้าหน้าที่ของรัฐ กระทำการโดยไม่ชอบด้วยกฎหมาย,"ความรู้ทั่วไปเกี่ยวกับศาลปกครอง/คดีปกครอง, การจัดทำคำฟ้องหรือคำร้อง และขั้นตอนที่เกี่ยวข้อง",ผู้ขอคำปรึกษาสอบถามเกี่ยวกับการจัดทำคำฟ้อง และคำขอเกี่ยวกับวิธีการชั่วคราวก่อนการพิพากษา,"ได้ให้คำแนะนำว่า การจัดทำคำฟ้องนั้นสามารถดาวน์โหลดแบบฟอร์มคำฟ้องได้จากเว็บไซต์ของศาลปกครอง ซึ่งอาจเขียนคำฟ้องเองด้วยลายมือหรือจะใช้วิธีการพิมพ์ก็ได้ โดยคำฟ้องให้ใช้ถ้อยคำสุภาพและต้องมีรายการครบถ้วนตามมาตรา 45 แห่งพระราชบัญญัติจัดตั้งศาลปกครองและวิธีพิจารณาคดีปกครอง พ.ศ. 2542 ดังนี้ (1) ชื่อและที่อยู่ของผู้ฟ้องคดี (2) ชื่อหน่วยงานทางปกครองหรือเจ้าหน้าที่ของรัฐที่เกี่ยวข้องอันเป็นเหตุแห่งการฟ้องคดี (3) การกระทำทั้งหลายที่เป็นเหตุแห่งการฟ้องคดี พร้อมทั้งข้อเท็จจริงหรือพฤติการณ์ตามสมควรเกี่ยวกับการกระทำดังกล่าว (4) คำขอของผู้ฟ้องคดี และ (5) ลายมือชื่อของผู้ฟ้องคดี และหากผู้ฟ้องคดีประสงค์จะให้บุคคลอื่นเป็นผู้ดำเนินคดีแทน จะต้องจัดทำใบมอบอำนาจพร้อมแนบสำเนาบัตรประจำตัวของผู้มอบอำนาจและผู้รับมอบอำนาจพร้อมปิดอากรแสตมป์มาด้วย โดยต้องจัดทำสำเนาคำฟ้องและสำเนาพยานหลักฐานที่รับรองสำเนาถูกต้องตามจำนวนของผู้ถูกฟ้องคดี ตามข้อ 33 แห่งระเบียบของที่ประชุมใหญ่ตุลาการในศาลปกครองสูงสุด ว่าด้วยวิธีพิจารณาคดีปกครอง พ.ศ. 2543 ซึ่งผู้ขอคำปรึกษาสามารถเลือกยื่นคำฟ้องได้ 3 ช่องทาง คือ (1) ยื่นด้วยตนเองต่อศาลปกครอง (2) ส่งทางไปรษณีย์ลงทะเบียนตอบรับ หรือ (3) ยื่นทางระบบอิเล็กทรอนิกส์ ตามมาตรา 46 แห่งพระราชบัญญัติฉบับเดียวกัน
สำหรับกรณีที่ผู้ขอคำปรึกษาประสงค์จะขอวิธีการชั่วคราวก่อนการพิพากษา ให้ยื่นคำขอพร้อมแสดงเหตุผลความจำเป็นต่อศาล โดยใช้แบบฟอร์มคำร้อง/คำขอทั่วไป (ค.2) "
2025-01-07 09:37:00,โทรศัพท์สายด่วน 1355,ผู้ฟ้องคดี,ไม่ระบุ,ไม่ทราบ / ไม่แจ้ง,การกระทำละเมิดและความรับผิดอย่างอื่น,มาตรา 9 วรรค 1 (3) คดีพิพาทเกี่ยวกับการกระทำละเมิดหรือความรับผิดอย่างอื่น,"ความรู้ทั่วไปเกี่ยวกับศาลปกครอง/คดีปกครอง, กระบวนวิธีพิจารณาคดีปกครอง/แสวงหาข้อเท็จจริง",ผู้ขอคำปรึกษาเป็นผู้รับมอบอำนาจจากผู้ฟ้องคดีในคดี สอบถามว่า ศาลได้ส่งสำเนาคำให้การเพิ่มเติมของผู้ถูกฟ้องคดีมาเพื่อทราบแล้ว และผู้ฟ้องคดีได้ส่งคำชี้แจงต่อศาลแล้ว กระบวนการพิจารณาของศาลในขั้นตอนต่อไปเป็นอย่างไร,ได้ให้คำแนะนำว่า กรณีที่ศาลเห็นว่าศาลได้ข้อเท็จจริงจากคำฟ้อง คำชี้แจงของคู่กรณี รวมทั้งข้อเท็จจริงอื่นที่ศาลได้มา เพียงพอที่ศาลจะพิจารณาพิพากษาหรือมีคำสั่งชี้ขาดคดีได้แล้ว โดยไม่มีกรณีที่จะต้องแสวงหาข้อเท็จจริงเพิ่มเติมอีก ศาลจะมีคำสั่งกำหนดให้วันหนึ่งวันใดเป็นวันสิ้นสุดการแสวงหาข้อเท็จจริงในคดีนั้น โดยจะแจ้งให้คู่กรณีทราบล่วงหน้าไม่น้อยกว่าสิบวัน ทั้งนี้ หากคู่กรณีมีข้อเท็จจริงใดที่จะชี้แจงต่อศาลเพิ่มเติม ก็สามารถจัดทำคำแถลงยื่นต่อศาลก่อนวันสิ้นสุดการแสวงหาข้อเท็จจริงได้ ซึ่งข้อเท็จจริงหรือพยานหลักฐานใดที่ยื่นต่อศาลหลังวันสิ้นสุดการแสวงหาข้อเท็จจริง ไม่ให้ศาลรับไว้เป็นส่วนหนึ่งของสำนวนคดี ตามข้อ 62 แห่งระเบียบของที่ประชุมใหญ่ตุลาการในศาลปกครองสูงสุด ว่าด้วยวิธีพิจารณาคดีปกครอง พ.ศ. 2543 หลังจากนั้นศาลจะจัดให้มีการนั่งพิจารณาคดีอย่างน้อยหนึ่งครั้ง เพื่อให้คู่กรณีมีโอกาสมาแถลงด้วยวาจาต่อหน้าศาล ซึ่งศาลจะแจ้งกำหนดวันนั่งพิจารณาคดีครั้งแรกให้คู่กรณีทราบล่วงหน้าไม่น้อยกว่าเจ็ดวัน ซึ่งคู่กรณีสามารถยื่นคำแถลงเป็นหนังสือต่อศาลได้ก่อนวันนั่งพิจารณาคดีหรืออย่างช้าที่สุดในระหว่างการนั่งพิจารณาคดี และคำแถลงดังกล่าวจะยกข้อเท็จจริงที่ไม่เคยยกขึ้นอ้างไว้แล้วไม่ได้ เว้นแต่เป็นข้อเท็จจริงที่เป็นประเด็นสำคัญในคดีซึ่งคู่กรณีผู้ยื่นสามารถพิสูจน์ได้ว่ามีเหตุจำเป็นหรือพฤติการณ์พิเศษที่ทำให้ไม่อาจเสนอต่อศาลได้ก่อนหน้านั้น โดยในวันนั่งพิจารณาคดี คู่กรณีจะไม่มาศาลก็ได้ ตามข้อ 83 ประกอบข้อ 84 แห่งระเบียบของที่ประชุมใหญ่ตุลาการในศาลปกครองสูงสุด ว่าด้วยวิธีพิจารณาคดีปกครอง พ.ศ. 2543 หลังจากนั้นศาลจะได้นัดฟังคำพิพากษาของศาลในคดีดังกล่าวต่อไป
2025-01-07 11:07:00,มาด้วยตนเอง (ห้องปรึกษา 1-3),บุคคลทั่วไป,ไม่ระบุ,ไม่ทราบ / ไม่แจ้ง,ที่ดิน,มาตรา 9 วรรค 1 (1) คดีพิพาทเกี่ยวกับการที่หน่วยงานทางปกครองหรือเจ้าหน้าที่ของรัฐ กระทำการโดยไม่ชอบด้วยกฎหมาย,"ความรู้ทั่วไปเกี่ยวกับศาลปกครอง/คดีปกครอง, การจัดทำคำฟ้องหรือคำร้อง และขั้นตอนที่เกี่ยวข้อง",ผู้ขอคำปรึกษาสอบถามว่า กรณีที่ไม่เห็นด้วยกับการที่เทศบาลมีหนังสือให้ชำระค่าปรับและเงินเพิ่มการเสียภาษีที่ดินล่าช้า โดยผู้ขอคำปรึกษาได้มีหนังสือร้องเรียนไปที่ศูนย์ดำรงธรรมแล้ว ซึ่งเทศบาลได้มีหนังสือชี้แจงกลับมาโดยยังคงให้ชำระเงินดังกล่าวอยู่ ผู้ขอคำปรึกษาเห็นว่าเรื่องดังกล่าวไม่ใช่ความผิดของตน จะสามารถดำเนินการอย่างไรได้บ้าง,กรณีที่ผู้ขอคำปรึกษาไม่เห็นด้วยกับหนังสือของเทศบาลที่แจ้งให้ผู้ขอคำปรึกษาชำระค่าปรับและเงินเพิ่มการเสียภาษีที่ดินล่าช้า ซึ่งผู้ขอคำปรึกษาไม่ได้รับหนังสือแจ้งดังกล่าวและได้มีการติดตามเรื่องมาโดยตลอด แต่ทางเทศบาลไม่ได้แจ้งเรื่องให้ตนทราบ จึงเห็นว่าเรื่องดังกล่าวไม่ใช่ความผิดของตน จึงได้ให้คำแนะนำว่า หากผู้ขอคำปรึกษาได้รับความเดือดร้อนเสียหายจากการที่เทศบาลมีหนังสือแจ้งให้ชำระค่าปรับและเงินเพิ่มการเสียภาษีที่ดินล่าช้า และมีความประสงค์จะฟ้องเทศบาลต่อศาลปกครองโดยขอให้เทศบาลยกเว้นค่าปรับและเงินเพิ่มดังกล่าวนั้น ผู้ขอคำปรึกษาสามารถฟ้องคดีต่อศาลปกครองเองได้โดยไม่จำเป็นต้องใช้ทนายความ โดยสามารถดาวน์โหลดแบบฟอร์มคำฟ้องได้จากเว็บไซต์ของศาลปกครอง ซึ่งอาจเขียนคำฟ้องเองด้วยลายมือหรือจะใช้วิธีการพิมพ์ก็ได้ โดยคำฟ้องให้ใช้ถ้อยคำสุภาพและต้องมีรายการครบถ้วนตามมาตรา 45 แห่งพระราชบัญญัติจัดตั้งศาลปกครองและวิธีพิจารณาคดีปกครอง พ.ศ. 2542 ดังนี้ (1) ชื่อและที่อยู่ของผู้ฟ้องคดี (2) ชื่อหน่วยงานทางปกครองหรือเจ้าหน้าที่ของรัฐที่เกี่ยวข้องอันเป็นเหตุแห่งการฟ้องคดี (3) การกระทำทั้งหลายที่เป็นเหตุแห่งการฟ้องคดี พร้อมทั้งข้อเท็จจริงหรือพฤติการณ์ตามสมควรเกี่ยวกับการกระทำดังกล่าว (4) คำขอของผู้ฟ้องคดี และ (5) ลายมือชื่อของผู้ฟ้องคดี โดยต้องจัดทำสำเนาคำฟ้องและสำเนาพยานหลักฐานที่รับรองสำเนาถูกต้องตามจำนวนของผู้ถูกฟ้องคดี ตามข้อ 33 แห่งระเบียบของที่ประชุมใหญ่ตุลาการในศาลปกครองสูงสุด ว่าด้วยวิธีพิจารณาคดีปกครอง พ.ศ. 2543 ซึ่งผู้ขอคำปรึกษาสามารถเลือกยื่นคำฟ้องได้ 3 ช่องทาง คือ (1) ยื่นด้วยตนเองที่ศาลปกครอง (2) ส่งทางไปรษณีย์ลงทะเบียน หรือ (3) ยื่นทางระบบอิเล็กทรอนิกส์ ตามมาตรา 46 แห่งพระราชบัญญัติฉบับเดียวกัน 
2025-01-07 13:38:00,โทรศัพท์สายด่วน 1355,บุคคลทั่วไป,ธุรกิจส่วนตัว/ค้าขาย/รับจ้าง,ไม่ทราบ / ไม่แจ้ง,การพัสดุและสัญญาของฝ่ายปกครอง,มาตรา 9 วรรค 1 (4) คดีพิพาทเกี่ยวกับสัญญาทางปกครอง,"ความรู้ทั่วไปเกี่ยวกับศาลปกครอง/คดีปกครอง, การจัดทำคำฟ้องหรือคำร้อง และขั้นตอนที่เกี่ยวข้อง",ผู้ขอคำปรึกษาสอบถามว่า กรณีที่เข้าทำสัญญากับหน่วยงานทางปกครอง แล้วหน่วยงานทางปกครองบริหารสัญญาไม่ดี ทำให้ผู้ขอคำปรึกษาต้องเสียค่าปรับจากการดำเนินการตามสัญญาดังกล่าว ซึ่งผู้ขอคำปรึกษาเห็นว่าไม่ได้เป็นฝ่ายผิดสัญญา มีความประสงค์จะฟ้องหน่วยงานทางปกครอง จะต้องดำเนินการอย่างไร,กรณีที่ผู้ขอคำปรึกษาไม่เห็นด้วยกับการที่หน่วยงานทางปกครองแจ้งให้ผู้ขอคำปรึกษาชำระค่าปรับจากการส่งมอบงานตามสัญญาจ้างล่าช้า ซึ่งผู้ขอคำปรึกษาเห็นว่าตนไม่ได้เป็นฝ่ายผิดสัญญา และมีความประสงค์จะฟ้องหน่วยงานทางปกครองดังกล่าว จึงให้คำแนะนำว่า ผู้ขอคำปรึกษาสามารถฟ้องคดีต่อศาลปกครองเองได้โดยไม่จำเป็นต้องใช้ทนายความ โดยสามารถดาวน์โหลดแบบฟอร์มคำฟ้องได้จากเว็บไซต์ของศาลปกครอง ซึ่งอาจเขียนคำฟ้องเองด้วยลายมือหรือจะใช้วิธีการพิมพ์ก็ได้ โดยคำฟ้องให้ใช้ถ้อยคำสุภาพและต้องมีรายการครบถ้วนตามมาตรา 45 แห่งพระราชบัญญัติจัดตั้งศาลปกครองและวิธีพิจารณาคดีปกครอง พ.ศ. 2542 ดังนี้ (1) ชื่อและที่อยู่ของผู้ฟ้องคดี (2) ชื่อหน่วยงานทางปกครองหรือเจ้าหน้าที่ของรัฐที่เกี่ยวข้องอันเป็นเหตุแห่งการฟ้องคดี (3) การกระทำทั้งหลายที่เป็นเหตุแห่งการฟ้องคดี พร้อมทั้งข้อเท็จจริงหรือพฤติการณ์ตามสมควรเกี่ยวกับการกระทำดังกล่าว (4) คำขอของผู้ฟ้องคดี และ (5) ลายมือชื่อของผู้ฟ้องคดี โดยต้องจัดทำสำเนาคำฟ้องและสำเนาพยานหลักฐานที่รับรองสำเนาถูกต้องตามจำนวนของผู้ถูกฟ้องคดี ตามข้อ 33 แห่งระเบียบของที่ประชุมใหญ่ตุลาการในศาลปกครองสูงสุด ว่าด้วยวิธีพิจารณาคดีปกครอง พ.ศ. 2543 ซึ่งผู้ขอคำปรึกษาสามารถเลือกยื่นคำฟ้องได้ 3 ช่องทาง คือ (1) ยื่นด้วยตนเองที่ศาลปกครอง (2) ส่งทางไปรษณีย์ลงทะเบียน หรือ (3) ยื่นทางระบบอิเล็กทรอนิกส์ ตามมาตรา 46 แห่งพระราชบัญญัติฉบับเดียวกัน 
2025-01-08 11:11:00,มาด้วยตนเอง (ห้องปรึกษา 1-3),บุคคลทั่วไป,ไม่ระบุ,ไม่ทราบ / ไม่แจ้ง,ไม่ระบุประเภทคดี,มาตรา 9 วรรค 1 (1) คดีพิพาทเกี่ยวกับการที่หน่วยงานทางปกครองหรือเจ้าหน้าที่ของรัฐ กระทำการโดยไม่ชอบด้วยกฎหมาย,"ความรู้ทั่วไปเกี่ยวกับศาลปกครอง/คดีปกครอง, การจัดทำคำฟ้องหรือคำร้อง และขั้นตอนที่เกี่ยวข้อง",ผู้ขอคำปรึกษาสอบถามว่า กรณีที่หน่วยงานทางปกครองออกคำสั่งให้ผู้ขอคำปรึกษาชดใช้ค่าเสียหาย ซึ่งผู้ขอคำปรึกษาได้ยื่นอุทธรณ์คำสั่งต่อผู้ออกคำสั่งดังกล่าวแล้ว จะสามารถนำเรื่องมาฟ้องคดีต่อศาลปกครองได้เลยหรือไม่,ได้ให้คำแนะนำว่า กรณีที่หน่วยงานทางปกครองมีคำสั่งให้ผู้ขอคำปรึกษาชดใช้ค่าเสียหาย ซึ่งผู้ขอคำปรึกษาได้เห็นด้วยกับคำสั่งดังกล่าว และได้ยื่นอุทธรณ์คำสั่งนั้นต่อเจ้าหน้าที่ผู้ทำคำสั่งทางปกครองแล้ว กรณีดังกล่าวผู้ขอคำปรึกษาจะต้องรอผลการพิจารณาอุทธรณ์ก่อน หากผู้มีอำนาจพิจารณาอุทธรณ์ไม่แจ้งผลการพิจารณาตามระยะเวลาที่กำหนดไว้ในมาตรา 45 แห่งพระราชบัญญัติวิธีปฏิบัติราชการทางปกครอง พ.ศ. 2539 หรือได้รับแต่ผู้ขอคำปรึกษาไม่เห็นด้วยกับผลการพิจารณาดังกล่าว และเห็นว่าตนเป็นผู้ได้รับความเดือดร้อนหรือเสียหายที่มีสิทธิฟ้องคดีต่อศาลปกครอง ตามมาตรา 42 แห่งพระราชบัญญัติจัดตั้งศาลปกครองและวิธีพิจารณาคดีปกครอง พ.ศ. 2542 จากการที่หน่วยงานทางปกครองหรือเจ้าหน้าที่ของรัฐกระทำการโดยไม่ชอบด้วยกฎหมายในการออกคำสั่งทางปกครอง ผู้คำปรึกษาจะต้องยื่นฟ้องคดีต่อศาลปกครองภายใน 90 วัน นับแต่วันที่รู้หรือควรรู้ถึงเหตุแห่งการฟ้องคดี ตามมาตรา 9 วรรคหนึ่ง (1) ประกอบมาตรา 49 แห่งพระราชบัญญัติฉบับเดียวกัน
2025-01-08 09:53:00,โทรศัพท์สายด่วน 1355,ผู้ฟ้องคดี,ไม่ระบุ,ไม่ทราบ / ไม่แจ้ง,ไม่ระบุประเภทคดี,อื่นๆ,"ความรู้ทั่วไปเกี่ยวกับศาลปกครอง/คดีปกครอง, กระบวนวิธีพิจารณาคดีปกครอง/แสวงหาข้อเท็จจริง",ผู้ขอคำปรึกษาเป็นฝ่ายผู้ฟ้องคดี สอบถามว่า ถ้าหากฝ่ายผู้ถูกฟ้องคดีทำคำฟ้องแย้งเข้ามาในชั้นทำคำให้การเพิ่มเติม จะสามารถทำได้หรือไม่,"ได้ให้คำแนะนำว่า ข้อ 44 วรรคหนึ่ง แห่งระเบียบของที่ประชุมใหญ่ตุลาการในศาลปกครองสูงสุด ว่าด้วยวิธีพิจารณาคดีปกครอง พ.ศ. 2543 กำหนดว่า ""ผู้ถูกฟ้องคดีจะฟ้องแย้งมาในคำให้การก็ได้ คำฟ้องแย้งนั้นให้ถือเสมือนเป็นคำฟ้องใหม่"" โดยไม่มีกฎหมายกำหนดให้ผู้ถูกฟ้องคดีสามารถฟ้องแย้งเข้ามาในคำให้การเพิ่มเติมได้ อย่างไรก็ตาม หากฝ่ายผู้ถูกฟ้องคดีทำคำฟ้องแย้งเข้ามาในชั้นทำคำให้การเพิ่มเติม และศาลพิจารณาแล้วเห็นว่าไม่สามารถทำได้เนื่องจากขัดกับหลักกฎหมาย ศาลก็มีอำนาจสั่งไม่รับคำฟ้องแย้งนั้นไว้พิจารณาได้"
2025-01-08 10:18:00,โทรศัพท์สายด่วน 1355,ผู้ถูกฟ้องคดี,ข้าราชการ/ลูกจ้าง ในหน่วยงานของรัฐ,ไม่ทราบ / ไม่แจ้ง,ไม่ระบุประเภทคดี,มาตรา 9 วรรค 1 (1) คดีพิพาทเกี่ยวกับการที่หน่วยงานทางปกครองหรือเจ้าหน้าที่ของรัฐ กระทำการโดยไม่ชอบด้วยกฎหมาย,"ความรู้ทั่วไปเกี่ยวกับศาลปกครอง/คดีปกครอง, การจัดทำคำฟ้องหรือคำร้อง และขั้นตอนที่เกี่ยวข้อง, กระบวนวิธีพิจารณาคดีปกครอง/แสวงหาข้อเท็จจริง",ผู้ขอคำปรึกษาเป็นฝ่ายผู้ถูกฟ้องคดีที่ 2 ได้รับหมายแจ้งคำสั่งศาลให้ทำคำชี้แจงยื่นต่อศาลภายใน 15 วัน จึงขอสอบถามว่าจะสามารถขอขยายระยะเวลาทำคำชี้แจงได้หรือไม่ และการทำคำชี้แจงต้องใช้แบบฟอร์มใด,ได้ตรวจสอบข้อมูลในระบบแล้วพบว่า เนื่องจากคดีนี้ศาลเห็นว่าข้อเท็จจริงที่ปรากฏยังไม่เพียงพอที่ศาลจะมีคำสั่งเกี่ยวกับคำฟ้อง และคำขอเกี่ยวกับวิธีการคุ้มครองชั่วคราวก่อนการพิพากษาได้ศาลจึงให้ผู้ถูกฟ้องคดีที่ 2 ทำคำชี้แจงตามประเด็นที่ศาลกำหนดและแสดงเอกสารหลักฐานให้ชัดแจ้ง ภายใน 15 วัน นับแต่วันที่ได้รับหมาย ทั้งนี้ หากผู้ถูกฟ้องคดีที่ 2 ไม่อาจจัดทำคำชี้แจงได้ทันตามระยะเวลาที่ศาลกำหนด ก็ให้ยื่นขอขยายระยะเวลาการทำคำชี้แจงต่อศาล ซึ่งระยะเวลาดังกล่าวเป็นระยะเวลาที่ศาลกำหนด เมื่อคู่กรณีมีคำขอ ศาลมีอำนาจย่นหรือขยายระยะเวลาได้ตามความจำเป็นเพื่อประโยชน์แห่งความยุติธรรม ตามข้อ 6 แห่งระเบียบของที่ประชุมใหญ่ตุลาการในศาลปกครองสูงสุด ว่าด้วยวิธีพิจารณาคดีปกครอง พ.ศ. 2543 สำหรับแบบฟอร์มการทำคำชี้แจง และแบบฟอร์มคำขอขยายระยะเวลาการทำคำชี้แจงนั้น ให้ใช้แบบฟอร์มคำร้อง/คำขอทั่วไป (ค.2) เช่นเดียวกัน โดยให้ระบุว่าเป็นคำชี้แจง หรือคำขอขยายระยะเวลาการทำคำชี้แจง ให้ชัดเจนแล้วแต่กรณี
2025-01-08 10:50:00,โทรศัพท์สายด่วน 1355,ผู้ถูกฟ้องคดี,ไม่ระบุ,ไม่ทราบ / ไม่แจ้ง,ไม่ระบุประเภทคดี,อื่นๆ,"ความรู้ทั่วไปเกี่ยวกับศาลปกครอง/คดีปกครอง, การจัดทำคำฟ้องหรือคำร้อง และขั้นตอนที่เกี่ยวข้อง, กระบวนวิธีพิจารณาคดีปกครอง/แสวงหาข้อเท็จจริง",ผู้ขอคำปรึกษาเป็นฝ่ายผู้ถูกฟ้องคดีได้รับคำสั่งเรียกให้ทำคำให้การ จึงขอสอบถามว่าสามารถขอขยายระยะเวลาการทำคำให้การได้หรือไม่ และสามารถส่งคำให้การทางไปรษณีย์ไห้หรือไม่,ได้ให้คำแนะนำว่า กรณีที่ผู้ถูกฟ้องคดีได้รับคำสั่งเรียกให้ทำคำให้การ ให้ผู้ถูกฟ้องคดียื่นคำให้การโดยชัดแจ้งแสดงการปฏิเสธหรือยอมรับข้อหาที่ปรากฏในคำฟ้องและคำขอท้ายฟ้อง และเหตุแห่งการนั้น พร้อมส่งพยานหลักฐานตามจำนวนและภายในระยะเวลาที่ศาลกำหนด ตามข้อ 43 แห่งระเบียบของที่ประชุมใหญ่ตุลาการในศาลปกครองสูงสุด ว่าด้วยวิธีพิจารณาคดีปกครอง พ.ศ. 2543 หากผู้ถูกฟ้องคดีที่ไม่อาจจัดทำคำให้การได้ทันตามระยะเวลาที่ศาลกำหนด ก็ให้ยื่นขอขยายระยะเวลาการทำคำให้การต่อศาล ซึ่งระยะเวลาดังกล่าวเป็นระยะเวลาตามที่กำหนดไว้ในระเบียบ เมื่อคู่กรณีมีคำขอ ศาลมีอำนาจย่นหรือขยายระยะเวลาได้ตามความจำเป็นเพื่อประโยชน์แห่งความยุติธรรม ตามข้อ 6 แห่งระเบียบฉบับเดียวกัน โดยผู้ถูกฟ้องคดีสามารถส่งคำให้การทางไปรษณีย์ลงทะเบียน หรือจะยื่นคำให้การด้วยตนเองที่ศาลก็ได้ หากผู้ถูกฟ้องคดีไม่ได้มายื่นคำให้การด้วยตนเองจะต้องจัดทำใบมอบฉันทะให้ดำเนินการยื่นคำให้การ พร้อมแนบสำเนาบัตรประจำตัวของผู้มอบฉันทะและผู้รับมอบฉันทะมาให้ครบถ้วนด้วย
2025-01-08 11:34:00,โทรศัพท์สายด่วน 1355,บุคคลทั่วไป,ธุรกิจส่วนตัว/ค้าขาย/รับจ้าง,ไม่ทราบ / ไม่แจ้ง,อื่นๆ,อื่นๆ,เป็นคดีที่อยู่ในอำนาจของศาลปกครองหรือไม่,ผู้ขอคำปรึกษาสอบถามว่า กรณีที่ผู้ขอคำปรึกษาได้ทำสัญญาเช่าร้านค้าเพื่อขายอาหารให้กับนักศึกษาในมหาวิทยาลัย แต่มหาวิทยาลัยปล่อยให้มีบุคคลอื่นเข้ามาใช้พื้นที่ของร้านค้าโดยไม่ได้รับอนุญาต ทำให้ผู้ขอคำปรึกษาได้รับความเดือดร้อน จะสามารถดำเนินการอย่างไรได้บ้าง,ได้ให้คำแนะนำว่า ศาลปกครองมีอำนาจพิจารณาพิพากษาหรือมีคำสั่งในเรื่องที่กำหนดไว้ในมาตรา 9 วรรคหนึ่ง แห่งพระราชบัญญัติจัดตั้งศาลปกครองและวิธีพิจารณาคดีปกครอง พ.ศ. 2542 ดังต่อไปนี้ (1) คดีพิพาทเกี่ยวกับการที่หน่วยงานทางปกครองหรือเจ้าหน้าที่ของรัฐกระทำการโดยไม่ชอบด้วยกฎหมายไม่ว่าจะเป็นการออกกฎ คำสั่งหรือการกระทำอื่นใดเนื่องจากกระทำโดยไม่มีอำนาจหรือนอกเหนืออำนาจหน้าที่หรือไม่ถูกต้องตามกฎหมาย หรือโดยไม่ถูกต้องตามรูปแบบขั้นตอน หรือวิธีการอันเป็นสาระสำคัญที่กำหนดไว้สำหรับการกระทำนั้น หรือโดยไม่สุจริต หรือมีลักษณะเป็นการเลือกปฏิบัติที่ไม่เป็นธรรม หรือมีลักษณะเป็นการสร้างขั้นตอนโดยไม่จำเป็นหรือสร้างภาระให้เกิดกับประชาชนเกินสมควร หรือเป็นการใช้ดุลพินิจโดยมิชอบ (2) คดีพิพาทเกี่ยวกับการที่หน่วยงานทางปกครองหรือเจ้าหน้าที่ของรัฐละเลยต่อหน้าที่ตามที่กฎหมายกำหนดให้ต้องปฏิบัติ หรือปฏิบัติหน้าที่ดังกล่าวล่าช้าเกินสมควร  (3) คดีพิพาทเกี่ยวกับการกระทำละเมิดหรือความรับผิดอย่างอื่นของหน่วยงานทางปกครองหรือเจ้าหน้าที่ของรัฐอันเกิดจากการใช้อำนาจตามกฎหมาย หรือจากกฎ คำสั่งทางปกครอง หรือคำสั่งอื่น หรือจากการละเลยต่อหน้าที่ตามที่กฎหมายกำหนดให้ต้องปฏิบัติหรือปฏิบัติหน้าที่ดังกล่าวล่าช้าเกินสมควร (4) คดีพิพาทเกี่ยวกับสัญญาทางปกครอง (5) คดีที่มีกฎหมายกำหนดให้หน่วยงานทางปกครองหรือเจ้าหน้าที่ของรัฐฟ้องคดีต่อศาลเพื่อบังคับให้บุคคลต้องกระทำหรือละเว้นกระทำอย่างหนึ่งอย่างใด และ (6) คดีพิพาทเกี่ยวกับเรื่องที่มีกฎหมายกำหนดให้อยู่ในเขตอำนาจศาลปกครอง ซึ่งกรณีดังกล่าวแม้ว่าคู่สัญญาฝ่ายหนึ่งจะเป็นหน่วยงานทางปกครองก็ตาม แต่สัญญาดังกล่าวมิได้มีลักษณะเป็นสัญญาสัมปทาน สัญญาที่ให้จัดทําบริการสาธารณะ หรือจัดให้มีสิ่งสาธารณูปโภค หรือแสวงประโยชน์จากทรัพยากรธรรมชาติ หรือเป็นสัญญาที่มีข้อกําหนดในสัญญาซึ่งมีลักษณะพิเศษที่แสดงถึงเอกสิทธิ์ของรัฐ ตามความหมายของสัญญาทางปกครองตามมาตรา 3 แห่งพระราชบัญญัติจัดตั้งศาลปกครองและวิธีพิจารณาคดีปกครอง พ.ศ. 2542 แต่อย่างใด กรณีจึงไม่อยู่ในอำนาจพิจารณาพิพากษาของศาลปกครองตามมาตรา 9 วรรคหนึ่ง แห่งพระราชบัญญัติฉบับเดียวกัน
2025-01-09 09:00:00,มาด้วยตนเอง (ห้องปรึกษา 1-3),บุคคลทั่วไป,ธุรกิจส่วนตัว/ค้าขาย/รับจ้าง,จังหวัดพิจิตร,,,เป็นคดีที่อยู่ในอำนาจของศาลปกครองหรือไม่,      ผู้ขอรับคำปรึกษา ถูกฟ้องคดีแพ่ง ถูกยึดที่ดินซึ่งติดจำนองที่ ธนาคาร ธ.ก.ส. ขายทอดตลาดโดยติดจำนอง แต่ภายหลังจากขายทอดตลาดที่ดินไปแล้ว ธ.ก.ส. มาทวงหนี้กับผู้ขอปรึกษาอีก จึงบงมาปรึกษาว่าเหตุใดยังมาทวงหนี้อีกทั้งที่ได้ขายที่ดินโดยติดจำนองไปแล้ว,"    แนะนำว่า ผู้ขอคำปรึกษาหลุดพ้นจากหนี้จำนองกับธ.ก.ส.เฉพาะที่ดินแปลงที่ขายทอดตลาดเท่านั้น ในส่วนหนี้ตามสัญญาฉบับอื่น โดยมีที่ดินแปลงอื่นเป็นหลักทรัพย์จดจำนองไม่อาจหลุดพ้นได้ เพราะผู้ซื้อทรัพย์จากการขายทอดตลาดโดยติดจำนองมีหน้าที่ต้องชำระหนี้จำนองที่ดินแปลงที่ซื้อจากการขายทอดตลาดเท่านั้น
   อย่างไรก็ตาม หากท่านเห็นว่าการทอดตลาดไม่ชอบไม่เป็นธรรม การขายทอดตลาดเป็นการดำเนินการตามกระบวนการยุติธรรมทางแพ่ง มิได้เป็นการใช้อำนาจทางปกครอง ดังนั้นเรื่องนี้จึงไม่ใช่คดีปกครองอันเนื่องมาจากการใช้อำนาจทางปกครองตามกฎหมายหรือเนื่องมาจากการดำเนินกิจการทางปกครองที่อยู่ในอำนาจพิจารณาพิพากษาของศาลปกครอง ตามมาตรา ๑๙๗ วรรคหนึ่ง ของรัฐธรรมนูญแห่งราชอาณาจักรไทย ประกอบกับมาตรา ๙ วรรคหนึ่ง แห่งพระราชบัญญัติจัดตั้งศาลปกครองและวิธีพิจารณาคดีปกครอง พ.ศ. ๒๕๔๒ 
"
2025-01-09 09:21:00,โทรศัพท์สายด่วน 1355,บุคคลทั่วไป,ทนายความ,ไม่ทราบ / ไม่แจ้ง,,,ความรู้ทั่วไปเกี่ยวกับศาลปกครอง/คดีปกครอง,"สอบถามเรื่องเขตอำนาจศาล ว่าจะฟ้องศาลปกครองที่ใหน  
","  แนะนำว่า พระราชบัญญัติจัดตั้งศาลปกครองและวิธีพิจารณาคดีปกครอง พ.ศ. ๒๕๔๒ มาตรา ๔๗  การฟ้องคดีที่อยู่ในเขตอำนาจของศาลปกครองชั้นต้น ให้ยื่นฟ้องต่อศาลปกครองชั้นต้นที่ผู้ฟ้องคดีมีภูมิลำเนาหรือที่มูลคดีเกิดขึ้นในเขตศาลปกครองชั้นต้นนั้น 
    กล่าวคือ เจตนาเพื่อให้ความสะดวกกับผู้ฟ้องคดี จึงให้สิทธิที่จะเลือกฟ้องศาลปกครองได้ศาลใดศาลหนึ่ง"
2025-01-08 14:09:00,มาด้วยตนเอง (ห้องปรึกษา 1-3),ผู้ฟ้องคดี,ธุรกิจส่วนตัว/ค้าขาย/รับจ้าง,ไม่ทราบ / ไม่แจ้ง,การพัสดุและสัญญาของฝ่ายปกครอง,มาตรา 9 วรรค 1 (4) คดีพิพาทเกี่ยวกับสัญญาทางปกครอง,"ความรู้ทั่วไปเกี่ยวกับศาลปกครอง/คดีปกครอง, การจัดทำคำฟ้องหรือคำร้อง และขั้นตอนที่เกี่ยวข้อง",ผู้ขอคำปรึกษาเป็นฝ่ายผู้ฟ้องคดีซึ่งศาลปกครองกลางได้มีคำพิพากษาให้ผู้ถูกฟ้องคดีชดใช้ค่าเสียหายให้แก่ผู้ฟ้องคดี คดีถึงที่สุดแล้วโดยไม่มีการอุทธรณ์ต่อศาลปกครองสูงสุด แต่ผู้ถูกฟ้องคดีไม่ยอมจ่ายเงินให้แก่ผู้ฟ้องคดี และมีความประสงค์จะขอคัดสำเนาเอกสารในคดี จะต้องดำเนินการอย่างไร,ได้ให้คำแนะนำว่า กรณีนี้เมื่อคดีถึงที่สุดแล้ว การดำเนินการให้เป็นไปตามคำพิพากษาของศาลจะอยู่ในอำนาจหน้าที่ของสำนักบังคับคดี จึงแนะนำให้ผู้ขอคำปรึกษาประสานติดต่อกับสำนักบังคับคดีต่อไป รวมทั้งให้ผู้ขอคำปรึกษายื่นคำร้องขอให้ศาลปกครองบังคับหน่วยงานทางปกครองให้ปฏิบัติตามคำพิพากษาในคดีดังกล่าวควบคู่ไปด้วย สำหรับกรณีที่ผู้ขอคำปรึกษามีความประสงค์จะขอตรวจดูเอกสารและคัดสำเนาเอกสารในสำนวนคดีนั้น ผู้ขอคำปรึกษามีสิทธิขอตรวจดูเอกสารและขอคัดสำเนาเอกสารในสำนวนคดีได้ ตามข้อ 17 ข้อ 18 ประกอบข้อ 20 แห่งระเบียบของที่ประชุมใหญ่ตุลาการในศาลปกครองสูงสุด ว่าด้วยวิธีพิจารณาคดีปกครอง พ.ศ. 2543 โดยใช้แบบฟอร์มคำร้อง/คำขอทั่วไป (ค.2) 
2025-01-08 15:38:00,โทรศัพท์สายด่วน 1355,ผู้ฟ้องคดี,ไม่ระบุ,ไม่ทราบ / ไม่แจ้ง,ไม่ระบุประเภทคดี,อื่นๆ,"ความรู้ทั่วไปเกี่ยวกับศาลปกครอง/คดีปกครอง, การอุทธรณ์คำพิพากษา/คำสั่งต่อศาลปกครองสูงสุด",ผู้ขอคำปรึกษาสอบถามว่า การอุทธรณ์คำพิพากษาของศาลปกครองชั้นต้นมีระยะเวลาเท่าใด ขอขยายระยะเวลาได้หรือไม่ ต้องยื่นต่อศาลใด และสามารถส่งทางไปรษณีย์ได้หรือไม่,ได้ให้คำแนะนำว่า การคัดค้านคำพิพากษาของศาลปกครองชั้นต้นให้ยื่นอุทธรณ์ภายในกำหนดสามสิบวันนับแต่วันที่ได้มีคำพิพากษา และเนื่องจากระยะเวลาดังกล่าวเป็นระยะเวลาที่กำหนดไว้ในมาตรา 73 แห่งพระราชบัญญัติจัดตั้งศาลปกครองและวิธีพิจารณาคดีปกครอง พ.ศ. 2542 จึงไม่อาจขอขยายระยะเวลาดังกล่าวได้ โดยคำอุทธรณ์ให้ยื่นต่อศาลปกครองชั้นต้นที่มีคำพิพากษา และผู้อุทธรณ์สามารถส่งคำอุทธรณ์ทางไปรษณีย์ลงทะเบียนได้ โดยให้ถือว่าวันที่ส่งคำอุทธรณ์แก่เจ้าพนักงานไปรษณีย์เป็นวันที่ยื่นอุทธรณ์ต่อศาลปกครอง
2025-01-08 13:55:00,โทรศัพท์สายด่วน 1355,ผู้ถูกฟ้องคดี,ธุรกิจส่วนตัว/ค้าขาย/รับจ้าง,ไม่ทราบ / ไม่แจ้ง,การพัสดุและสัญญาของฝ่ายปกครอง,มาตรา 9 วรรค 1 (4) คดีพิพาทเกี่ยวกับสัญญาทางปกครอง,"ความรู้ทั่วไปเกี่ยวกับศาลปกครอง/คดีปกครอง, กระบวนวิธีพิจารณาคดีปกครอง/แสวงหาข้อเท็จจริง",ผู้ขอคำปรึกษาเป็นฝ่ายผู้ถูกฟ้องคดี ได้รับหมายแจ้งคำสั่งศาล โดยศาลส่งคำแถลงของผู้ถูกฟ้องคดี ฉบับลงวันที่ 24 ธันวาคม 2567 คืน และให้ส่งตามวิธีการที่กฎหมายกำหนดให้ถูกต้อง ภายในวันที่ 10 มกราคม 2568 หมายความว่าอย่างไร และจะต้องดำเนินการอย่างไร,ได้ให้คำแนะนำว่า เนื่องจากผู้ถูกฟ้องคดีได้ทำคำแถลง ฉบับลงวันที่ 24 ธันวาคม 2567 โดยไม่รับรองสำเนาเอกสารทุกหน้า และได้ส่งเอกสารต่อศาลทางบริษัทไปรษณีย์เอกชน จึงเป็นการยื่นเอกสารหรือพยานหลักฐานต่อศาลที่ไม่เป็นไปตามข้อ 13 วรรคหนึ่ง แห่งระเบียบของที่ประชุมใหญ่ตุลาการในศาลปกครองสูงสุด ว่าด้วยวิธีพิจารณาคดีปกครอง พ.ศ. 2543 ศาลจึงได้มีหมายแจ้งคำสั่งศาล ฉบับลงวันที่ 7 มกราคม 2568 โดยให้ผู้ถูกฟ้องคดีจัดทำสำเนาเอกสารที่รับรองความถูกต้องให้ครบถ้วน และหากประสงค์จะยื่นคำแถลงต่อศาลให้ผู้ถูกฟ้องคดียื่นด้วยตนเองหรือมอบฉันทะให้ผู้อื่นยื่นต่อศาลหรือต่อพนักงานเจ้าหน้าที่ของศาล หรือส่งทางไปรษณีย์ไทยแบบลงทะเบียนไปยังศาลปกครอง ภายในวันที่ 10 มกราคม 2568
2025-01-09 09:19:00,โทรศัพท์สายด่วน 1355,ผู้ฟ้องคดี,ไม่ระบุ,ไม่ทราบ / ไม่แจ้ง,การเวนคืนอสังหาริมทรัพย์,มาตรา 9 วรรค 1 (3) คดีพิพาทเกี่ยวกับการกระทำละเมิดหรือความรับผิดอย่างอื่น,"ความรู้ทั่วไปเกี่ยวกับศาลปกครอง/คดีปกครอง, การอุทธรณ์คำพิพากษา/คำสั่งต่อศาลปกครองสูงสุด",ศาลปกครองกลางได้มีคำพิพากษา เมื่อวันที่ 19 ธันวาคม 2567 หากมีความประสงค์จะอุทธรณ์คำพิพากษา สามารถขอขยายระยะเวลาการอุทธรณ์ต่อศาลได้หรือไม่,ได้ให้คำแนะนำว่า การคัดค้านคำพิพากษาของศาลปกครองชั้นต้นให้ยื่นอุทธรณ์ภายในกำหนดสามสิบวันนับแต่วันที่ได้มีคำพิพากษา และเนื่องจากระยะเวลาดังกล่าวเป็นระยะเวลาที่กำหนดไว้ในมาตรา 73 แห่งพระราชบัญญัติจัดตั้งศาลปกครองและวิธีพิจารณาคดีปกครอง พ.ศ. 2542 จึงไม่อาจขอขยายระยะเวลาดังกล่าวได้ โดยคำอุทธรณ์ให้ยื่นต่อศาลปกครองชั้นต้นที่มีคำพิพากษา และผู้อุทธรณ์สามารถยื่นคำอุทธรณ์ด้วยตนเองหรือมอบฉันทะให้ผู้อื่นยื่นต่อศาลหรือต่อพนักงานเจ้าหน้าที่ของศาล หรือจะส่งคำอุทธรณ์ทางไปรษณีย์ลงทะเบียนก็ได้ โดยให้ถือว่าวันที่ส่งคำอุทธรณ์แก่เจ้าพนักงานไปรษณีย์เป็นวันที่ยื่นอุทธรณ์ต่อศาลปกครอง ตามข้อ 13 แห่งระเบียบของที่ประชุมใหญ่ตุลาการในศาลปกครองสูงสุด ว่าด้วยวิธีพิจารณาคดีปกครอง พ.ศ. 2543  
2025-01-09 09:58:00,มาด้วยตนเอง (ห้องปรึกษา 1-3),ทนายความ,ทนายความ,ไม่ทราบ / ไม่แจ้ง,การพัสดุและสัญญาของฝ่ายปกครอง,มาตรา 9 วรรค 1 (4) คดีพิพาทเกี่ยวกับสัญญาทางปกครอง,"ความรู้ทั่วไปเกี่ยวกับศาลปกครอง/คดีปกครอง, การจัดทำคำฟ้องหรือคำร้อง และขั้นตอนที่เกี่ยวข้อง, กระบวนวิธีพิจารณาคดีปกครอง/แสวงหาข้อเท็จจริง",ผู้ขอคำปรึกษาเป็นทนายความมีความประสงค์จะฟ้องหน่วยงานทางปกครองกรณีเกี่ยวกับสัญญาทางปกครอง จึงขอสอบถามเกี่ยวกับกระบวนการขั้นตอนการพิจารณาคดีของศาลปกครอง,ได้ให้คำแนะนำว่า กระบวนการขั้นตอนการพิจารณาคดีของศาลปกครองนั้น จะเริ่มต้นเมื่อผู้ฟ้องคดีได้ยื่นคำฟ้องต่อศาล หากศาลเห็นว่าคำฟ้องดังกล่าวเป็นคำฟ้องที่สมบูรณ์ครบถ้วน ให้มีคำสั่งรับคำฟ้องและมีคำสั่งให้ผู้ถูกฟ้องคดีทำคำให้การ ตามข้อ 42 แห่งระเบียบของที่ประชุมใหญ่ตุลาการในศาลปกครองสูงสุด ว่าด้วยวิธีพิจารณาคดีปกครอง พ.ศ. 2543 เมื่อผู้ถูกฟ้องคดียื่นคำให้การต่อศาลแล้ว ศาลจะส่งสำเนาคำให้การพร้อมทั้งสำเนาพยานหลักฐานไปยังผู้ฟ้องคดีเพื่อให้ผู้ฟ้องคดีคัดค้านหรือยอมรับคำให้การหรือพยานหลักฐานที่ผู้ถูกฟ้องคดียื่นต่อศาล ถ้าผู้ฟ้องคดีประสงค์จะคัดค้านคำให้การ ให้ทำคำคัดค้านคำให้การยื่นต่อศาลพร้อมสำเนาตามจำนวนและระยะเวลาที่ศาลกำหนด ถ้าผู้ฟ้องคดีไม่ประสงค์จะทำคำคัดค้านคำให้การ แต่ประสงค์จะให้ศาลพิจารณาพิพากษาคดีต่อไปให้ผู้ฟ้องคดีแจ้งเป็นหนังสือให้ศาลทราบภายในกำหนดระยะเวลาดังกล่าว มิเช่นนั้น ศาลจะสั่งจำหน่ายคดีออกจากสารบบความก็ได้ ตามข้อ 47 แห่งระเบียบฉบับเดียวกัน ซึ่งคำคัดค้านคำให้การของผู้ฟ้องคดีให้มีได้เฉพาะในประเด็นที่ได้ยกขึ้นกล่าวในคำฟ้อง คำให้การ หรือที่ศาลกำหนด ถ้าผู้ฟ้องคดีทำคำคัดค้านคำให้การโดยมีประเด็นหรือคำขอเพิ่มขึ้นใหม่ต่างจากคำฟ้อง คำให้การ หรือที่ศาลกำหนด ให้ศาลสั่งไม่รับประเด็นหรือคำขอใหม่นั้นไว้พิจารณา และศาลจะส่งสำเนาคำคัดค้านคำให้การของผู้ฟ้องคดีให้ผู้ถูกฟ้องคดีเพื่อทำคำให้การเพิ่มเติมต่อศาลภายในระยะเวลาที่ศาลกำหนด เมื่อศาลได้รับคำให้การเพิ่มเติมจากผู้ถูกฟ้องคดีแล้ว ศาลจะส่งสำเนาคำให้การเพิ่มเติมนั้นให้แก่ผู้ฟ้องคดี ตามข้อ 48 ประกอบข้อ 49 แห่งระเบียบฉบับเดียวกัน ทั้งนี้ หากศาลเห็นว่าคดีมีข้อเท็จจริงเพียงพอที่ศาลจะพิจารณาพิพากษาหรือมีคำสั่งชี้ขาดคดีโดยไม่มีกรณีที่จะต้องแสวงหาข้อเท็จจริงเพิ่มเติม ศาลจะมีคำสั่งกำหนดวันหนึ่งวันใดเป็นวันสิ้นสุดการแสวงหาข้อเท็จจริงในคดีนั้น โดยจะแจ้งให้คู่กรณีทราบกำหนดวันสิ้นสุดการแสวงหาข้อเท็จจริงล่วงหน้าไม่น้อยกว่าสิบวัน หากคู่กรณีมีข้อเท็จจริงที่จะแถลงต่อศาลเพิ่มเติม ก็สามารถจัดทำคำแถลงยื่นต่อศาลก่อนวันสิ้นสุดการแสวงหาข้อเท็จจริงดังกล่าวได้ ซึ่งบรรดาคำฟ้องเพิ่มเติม คำให้การ คำคัดค้านคำให้การ คำให้การเพิ่มเติม รวมทั้งพยานหลักฐานอื่น ๆ ที่ยื่นต่อศาลหลังวันสิ้นสุดการแสวงหาข้อเท็จจริง ไม่ให้ศาลรับไว้เป็นส่วนหนึ่งของสำนวนคดี ตามข้อ 62 แห่งระเบียบฉบับเดียวกัน หลังจากนั้นศาลจะจัดให้มีการนั่งพิจารณาคดีอย่างน้อยหนึ่งครั้ง เพื่อให้คู่กรณีมีโอกาสมาแถลงด้วยวาจาต่อหน้าศาล ซึ่งศาลจะแจ้งกำหนดวันนั่งพิจารณาคดีครั้งแรกให้คู่กรณีทราบล่วงหน้าไม่น้อยกว่าเจ็ดวัน ซึ่งคู่กรณีสามารถยื่นคำแถลงเป็นหนังสือต่อศาลได้ก่อนวันนั่งพิจารณาคดีหรืออย่างช้าที่สุดในระหว่างการนั่งพิจารณาคดี และคำแถลงดังกล่าวจะยกข้อเท็จจริงที่ไม่เคยยกขึ้นอ้างไว้แล้วไม่ได้ เว้นแต่เป็นข้อเท็จจริงที่เป็นประเด็นสำคัญในคดีซึ่งคู่กรณีผู้ยื่นสามารถพิสูจน์ได้ว่ามีเหตุจำเป็นหรือพฤติการณ์พิเศษที่ทำให้ไม่อาจเสนอต่อศาลได้ก่อนหน้านั้น โดยในวันนั่งพิจารณาคดีครั้งแรก คู่กรณีจะไม่มาศาลก็ได้ ตามข้อ 83 ประกอบข้อ 84 แห่งระเบียบของที่ประชุมใหญ่ตุลาการในศาลปกครองสูงสุด ว่าด้วยวิธีพิจารณาคดีปกครอง พ.ศ. 2543 หลังจากนั้นศาลจะได้นัดฟังคำพิพากษาของศาลในคดีดังกล่าวต่อไป
2024-09-23 08:53:00,โทรศัพท์สายด่วน 1355,ผู้ฟ้องคดี,ไม่ระบุ,ไม่ทราบ / ไม่แจ้ง,,,การอุทธรณ์คำพิพากษา/คำสั่งต่อศาลปกครองสูงสุด,ผู้ขอคำปรึกษาเป็นผู้ยื่นฟ้องคดีต่อศาลปกครองกลาง  คดีนี้ ศาลได้มีคำสั่งไม่รับคำฟ้องไว้พิจารณา จึงขอสอบถามเกี่ยวกับการโต้แย้งคำสั่งศาลไม่รับฟ้องต่อศาลปกครองสูงสุด,ข้อ 49/1 แห่งระเบียบของที่ประชุมใหญ่ฯว่าด้วยวิธีพิจารณาคดีปกครองฯกำหนด คำสั่งของศาลปกครองชั้นต้นที่ไม่รับคำฟ้องไว้พิจารณา คำสั่งจำหน่ายคดีออกจากสารบบความโดยไม่มีการวินิจฉัยชี้ขาดคดี คำสั่งลงโทษฐานละเมิดอำนาจศาลตามมาตรา ๖๔ หรือคำสั่งอื่นใดซึ่งไม่ต้องห้ามอุทธรณ์ระหว่างพิจารณาตามข้อ 100 วรรคสอง ผู้มีส่วนได้เสียมีสิทธิยื่นคำร้องอุทธรณ์คำสั่งดังกล่าวต่อศาลปกครองสูงสุดภายในกำหนดระยะเวลาสามสิบวันนับแต่วันที่ได้รับแจ้งคำสั่งของศาลปกครองชั้นต้นนั้น ดังนั้น หากผู้ฟ้องคดีไม่เห็นด้วยกับคำสั่งไม่รับคำฟ้องไว้พิจารณา ผู้ฟ้องคดีจะต้องยื่นอุทธรณ์คำสั่งไม่รับคำฟ้องไว้พิจารณาต่อศาลปกครองสูงสุดโดยผ่านศาลปกครองชั้นต้นภายใน 30 วันนับแต่วันที่ได้รับคำสั่ง โต้แย้งประเด็นที่ศาลปกครองชั้นต้นมีคำสั่งไม่รับคำฟ้องเพื่อขอให้ศาลปกครองสูงสุดกลับคำสั่งของศาลปกครองชั้นต้นและรับคำฟ้องของผู้ฟ้องคดีไว้พิจารณา
2025-09-23 09:53:00,โทรศัพท์สายด่วน 1355,บุคคลทั่วไป,ไม่ระบุ,ไม่ทราบ / ไม่แจ้ง,,มาตรา 9 วรรค 1 (1) คดีพิพาทเกี่ยวกับการที่หน่วยงานทางปกครองหรือเจ้าหน้าที่ของรัฐ กระทำการโดยไม่ชอบด้วยกฎหมาย,การร้องสอด,ผู้ขอคำปรึกษาเป็นข้าราชการสังกัดกรมศุลกากรได้รับความเดือดร้อนเสียหายจากการที่อธิบดีกรมศุลกากรมีคำสั่งให้ผู้ขอคำปรึกษาชดใช้เงิน เนื่องจากการที่ผู้ขอคำปรึกษากระทำละเมิดจากดำเนินการคืนภาษีผิดผลาดเป็นเหตุให้ราชการเสียหาย และปลัดกระทรวงการการคลังมีผลการพิจารณาอุทธรณ์ยื่นตามคำสั่งของอธิบดี กรณีคำสั่งให้ชดใช้เงินจากการกระทำละเมิดดังกล่าวมีต้องรับผิดชดใช้เงินหลายคน และมีผู้ยื่นฟ้องคดีต่อศาลปกครองบางส่วนแล้ว ผู้ขอคำปรึกษาขอสอบถามว่า ในกรณีประสงค์ฟ้องเพิกถอนคำสั่งให้ชดใช้ค่าเสียหายจากการคืนภาษีผิด จะร้องสอดหรือจะฟ้องรวมผู้ฟ้องคดีที่เคยยื่นได้หรือไม่,การร้องสอด คือ การที่บุคคลซึ่งมิได้เป็นคู่กรณีในศาลปกครองมาแต่แรก ได้เข้ามาเป็นคู่กรณีภายหลังจากที่มีคดีอยู่ในศาลปกครองแล้ว ทั้งนี้ การขอเข้ามาในคดีตามมาตรา ๙ แห่งพระราชบัญญัติจัดตั้งศาลปกครองและวิธีพิจารณาคดีปกครอง พ.ศ. ๒๕๔๒ จะต้องขอก่อนศาลปกครองชั้นต้นมีคำพิพากษาหรือคำสั่งชี้ขาดคดี ซึ่งจะทำในคดีที่อุทธรณ์คำพิพากษาหรือคำสั่งสู้คดีของศาลปกครองชั้นต้นไม่ได้ ส่วนการร้องสอดโดยการขอเข้ามาในคดีตามมาตรา ๑๑ แห่งพระราชบัญญัติจัดตั้งศาลปกครองและวิธีพิจารณาคดีปกครอง พ.ศ. ๒๕๔๒ สามารถฟ้องต่อศาลปกครองสูงสุดโดยตรงได้ก่อนศาลปกครองสูงสุดมีคำพิพากษาหรือมีคำสั่งชี้ขาดคดี อนึ่ง การอนุญาตให้ร้องสอดเข้ามาในคดีเป็นดุลพินิจของศาลที่จะอนุญาตหรือไม่และการร้องสอดเข้ามาในคดีเป็นสิทธิของบุคคลภายนอก เพราะหากบุคคลภายนอกไม่ร้องสอดเข้ามาในคดีอาจเสียประโยชน์ของตนเมื่อศาลปกครองมีคำพิพากษา ดังนั้น ผู้ขอคำปรึกษาจึงมีสิทธิยื่นคำขอร้องสอดเข้ามาเป็นหนังสือโดอธิยานว่าผู้ขอคำปรึกษาเป็นผู้เดือดร้อนเสียหายผู้ถูกฟ้องคดีของศาลปกครองกลางคดีหมายเลขดำที่ …../….. จากการกระทำดังกล่าว ผู้ฟ้องคดีเห็นว่าการออกคำสั่งให้ผู้ร้องสอดไม่ชอบด้วยกฎหมายเนื่องจากอะไร จึงขอร้องสอดเข้ามาเป็นคู่ความในคดีเพื่อประโยชน์แห่งความยุติธรรม
2025-09-23 10:10:00,โทรศัพท์สายด่วน 1355,บุคคลทั่วไป,ไม่ระบุ,ไม่ทราบ / ไม่แจ้ง,การกระทำละเมิดและความรับผิดอย่างอื่น,มาตรา 9 วรรค 1 (3) คดีพิพาทเกี่ยวกับการกระทำละเมิดหรือความรับผิดอย่างอื่น,"ความรู้ทั่วไปเกี่ยวกับศาลปกครอง/คดีปกครอง, การจัดทำคำฟ้องหรือคำร้อง และขั้นตอนที่เกี่ยวข้อง",ผู้ขอคำปรึกษาได้รับความเดือดร้อนเสียหายจากการที่แขวงทางหลวง กรมทางหลวงปล่อยให้มีคนลักฝาท่อ จนเป็นเหตุให้ประสบอุบัติเหตุตกท่อระบายน้ำ ต้องเข้ารักษาพยาบาลและขาดงาน จึงสอบถามการฟ้องเรียกค่าเสียหายจากการที่ไม่ปิดท่อระบายน้ำของแขวงทางหลวง, พระราชกฤษฎีกาแบ่งส่วนราชการกรมทางหลวง กระทรวงคมนาคม พ.ศ. 2545 ข้อ 12 กำหนดว่า แขวงทางหลวงมีอำนาจหน้าที่ (3) ในการบำรุงรักษาและความปลอดภัยทางหลวงฯ   เมื่อปรากฏว่า แขวงทางหลวงไม่ดำเนินการดูแลรักษาท่อระบายน้ำท่วมออกจากไหล่ทางจน เป็นเหตุให้ผู้ขอคำปรึกษาประสบอุบัติเหตุจนต้องเข้ารักษาพยาบาลที่โรงพยาบาลและขาดงาน จึงมีความประสงค์ฟ้องเรียกค่าเสียหายจากการละเมิดดังกล่าวนั้นเป็นคดีพิพาทเกี่ยวกับคดีพิพาทเกี่ยวกับการกระทำละเมิดหรือความรับผิดอย่างอื่นของหนวยงานทางปกครองหรือเจ้าหน้าที่ของรัฐอันเกิดจากการใช้อํานาจตามกฎหมาย หรือจากกฎ คำสั่งทางปกครองตามมาตรา ๙ วรรคหนึ่ง (๓) แห่งพ.ร.บ.จัดตั้งศาลปกครองฯ  ผู้ขอคำปรึกษาจะต้องใช้สิทธิยื่นฟ้องภายในหนึ่งปีนับแต่วันที่รู้หรือควรรู้ถึงเหตุแห่งการฟ้องคดี แต่ไม่เกินสิบปีนับแต่วันที่มีเหตุแห่งการฟ้องคดีตามมาตรา ๕๑ แห่งพ.ร.บ.จัดตั้งศาลปกครองฯ  การจัดทำคำฟ้องเป็นไปตามมาตรา ๔๕ แห่งพ.ร.บ.จัดตั้งศาลปกครองฯ  โดยกำหนดให้กรมทางหลวงเป็นผู้ต้องรับผิดจากการกระทำละเมิดของเจ้าหน้าที่ตามพ.ร.บความรับผิดทางละเมิดของเจ้าหน้าที่ เป็นผู้ถูกฟ้องคดี บรรยายข้อเท็จจริงว่าผุ้ฟ้องคดีเดือดร้อนเสียหายจนเป็นเหตุให้ผู้ถูกฟ้องคดีต้องชดใช้ค่าเสียหายเป็นจำนวนเงินเท่าใด คำฟ้องขอให้ชดใช้เงินทั้งสิ้นจำนวน … บาท ซึ่งการฟ้องคดีนี้มีค่าธรรมเนียมศาลในอัตราร้อยละ ๒ ของจำนวนทุนทรัพย์ในคดี
2024-09-23 11:00:00,มาด้วยตนเอง (ห้องปรึกษา 1-3),บุคคลทั่วไป,ไม่ระบุ,สมุทรปราการ,การพัสดุและสัญญาของฝ่ายปกครอง,มาตรา 9 วรรค 1 (3) คดีพิพาทเกี่ยวกับการกระทำละเมิดหรือความรับผิดอย่างอื่น,"ความรู้ทั่วไปเกี่ยวกับศาลปกครอง/คดีปกครอง, การจัดทำคำฟ้องหรือคำร้อง และขั้นตอนที่เกี่ยวข้อง",ผู้ขอคำปรึกษาเป็นผู้ได้รับความเดือดร้อนเสียหายจากการที่เมื่อวันที 14 พย 64 เวลา 17.10 สำนักงานตำรวจแห่งชาติได้นำกำลังตำรวจควบคุมฝูงชนเข้าควบคุมพื้นที่บริเวณสถาบันนิติเวชวิทยา โรงพยาบาลตำรวจจนทำให้ผู้ขอคำปรึกษาถูกยิงด้วยกระสุนยางได้รับบาดเจ็บต้องเข้ารักษาพยาบาล ผู้ขอคำปรึกษาได้มีหนังสือติดตามทวงถามกับสำนักงานตำรวจแห่งชาติซึ่งเป็นหน่วยงานต้นสังกัดแต่ไม่ได้มีการแจ้งกลับ จึงมีความประสงค์ฟ้องคดีต่อศาลปกครองเพื่อเรียกค่าเสียหายจากการเข้าควบคุมพื้นที่ดังกล่าวที่ไม่ชอบด้วยกฎหมาย,การใช้อำนาจในการควบคุมฝูงชนที่ชุมนุมนั้นเป็นไปตามพระราชบัญญัติการชุมนุมสาธารณะ พ.ศ. ๒๕๕๘  กรณีที่เห็นว่า สำนักงานตำรวจแห่งชาติได้นำกำลังตำรวจควบคุมฝูงชนเข้าควบคุมพื้นว่าไม่เป็นไปตามหลักเกณฑ์จนเป็นเหตุทำให้ผู้ขอคำปรึกษาบาดเจ็บจนเข้าโรงพยาบาล และมีความประสงค์ฟ้องเรียกค่าเสียหายนั้นเป็นคดีพิพาทเกี่ยวกับการกระทำละเมิดของเจ้าหน้าที่อันเกิดจากการใช้อำนาจตามกฎหมายตามมาตรา 9 วรรคหนึ่งแห่งพรบจัดตั้งศาลปกครองฯ ผู้ขอคำปรึกษาจะต้องฟ้องภายใน 1 ปีนับแต่วันที่รู้ถึงเหตุแห่งการฟ้องคดี แต่ไม่เกิน 10 ปีนับแต่วันที่เหตุเกิดขึ้นตามาตรา 51 แห่งพรบจัดตั้งศาลปกครองฯ  กผู้ขอคำปรึกษจะต้องจัดทำคำฟ้องตามมาตรา 45 แห่งพรบัดตั้งศาลปกครองฯ โดยกำหนดให้สำนักง่นตำรวจแห่งชาติซึ่งเป็นหน่วยงานต้นสังกัดเป็นผู้ถูกฟ้องคดี บรรยายข้อเท็จริงว่า การควบคุมหรือเข้าควบคุมพื้นไม่ชอบด้วยกฎหมายอย่างไร และกำหนดคำขอท้ายคำฟ้องขอให้ศาลสั่งให้ผู้ถูกฟ้องคดีชดใช้เงินเป็นเงินทั้งสิ้นกี่บาท ซึ่งเป็นคำขอที่ศาลสามารถออกคำบังคับได้ตามมาตรา 72 วรรคหนึ่ง (3)แห่งพรบจัดตั้งศาลปกครองฯ ซึ่งคดีน้จะต้องเสียค่าธรรมเนียมศาลในอัตราร้อยละ 2  ของจำนวนทุนทรัพย์ในคดี
2024-09-23 13:55:00,โทรศัพท์สายด่วน 1355,ผู้ฟ้องคดี,ไม่ระบุ,ไม่ทราบ / ไม่แจ้ง,การสาธารณสุข,มาตรา 9 วรรค 1 (3) คดีพิพาทเกี่ยวกับการกระทำละเมิดหรือความรับผิดอย่างอื่น,ขั้นตอนหลังศาลปกครองชั้นต้นมีคำพิพากษา,ผู้ขอคำปรึกษาเป็นผู้ฟ้องคดีต่อศาลปกครองเพื่อขอให้ศาลมีคำพิพากษาให้สำนักงานหลักประกันสุขภาพแห่งชาติจ่ายเงินช่วยเหลือเบื้องต้นตามประกาศคณะกรรมการฯ คดีนี้ ศาลได้มีคำพิพากษาให้สปสช.จ่ายเงินช่วยเหลือเบื้องต้นเพิ่มขึ้นตามคำฟ้องของผู้ฟ้องคดี จึงสอบถามขั้นตอนการพิจารณาหลังจากชนะคดีฟ้องให้จ่ายเงินชดเชยของ สปสช.,มาตรา 70 วรรหนึ่งแห่งพระราชบัญญัติจัดตั้งศาลปกครองฯ ได้กำหนดให้ คำพิพากษาของศาลปกครองชั้น้ตนต้องต้องปฏิบัติตาคำบังคับเมื่อพ้นระยะเวลาพิจารณาอุทธรณ์ แต่ถ้ามีการอุทธรณ์ต่อศาลปกครองสูงสุดจะต้องรอให้ศาลปกครองสูงสุดมีคำพิพากษา ดังนั้น จึงต้องรอว่า สปสช.จะยื่นอุทธรณ์คำพิพากษาของศาลปกครองชั้นต้นภายใน 30 วันนับแต่วันที่มีคำพิพากหรือไม่ หากไม่ยื่นอุทธรณ์ภายในกำหนดเวลาดังกล่าวเท่ากับคดีถึงที่สุด สปสชจะต้องจ่ายเงินตามระยะเวลาที่กำหนดไว้ในคำบังคับ 
2024-09-25 09:58:00,โทรศัพท์สายด่วน 1355,ผู้ถูกฟ้องคดี,ข้าราชการ/ลูกจ้าง ในหน่วยงานของรัฐ,นครศรีธรรมราช,,,การอุทธรณ์คำพิพากษา/คำสั่งต่อศาลปกครองสูงสุด,ผู้ขอคำปรึกษาเป็นนิติกรประจำนักงานอัยการจังหวัดนครศรีธรรมราชซึ่งเป็นผู้รับมอบอำนาจของผู้ถูกฟ้องคดีในการดำเนินคดีปกครองในศาลปกครองนครศรีธรรมราช คดีนี้ ศาลปกครองมีคำพิพากษายกฟ้อง ผู้ฟ้องคดีอุทธรณ์ ศาลปกครองสูงสุดรับอุทธรณ์ และมีสั่งให้ผู้รับมแบอำนาจของผู้ถูกฟ้องคดีทำคำแก้อุทธรณ์ จึงขอสอบถามเกี่ยวกับการแก้อุทธรณ์ในศาลปกครองสูงสุดว่าสามารถขยายระยะเวลาในการทำคำแก้อุทธได้หรือไม่,ระยะเวลาในการทำคำแก้อุทธรณ์นั้นอยู่ใระเบียบที่ประชุมใหญ่ตุลาการในศาลปกครองสูงสุดว่าด้วยวิธีพิจารณาคดีปกครองฯ  และเนื่องจากข้อ 6 ของระเบียบนี้ให้อำนาจศาลในการขยายระยะเวลาเพื่อแระโยชน์แห่งความยุติธรรม ดังนั้น ผู้ถูกฟ้องมีสิทธิยื่นคำขอเป็นหนังสือขยายระยะเวลาทำคำแก้อุทต่อศาลปกครองสูงสุดออกไป ..วันนับแต่วันครบกำหนดเดิม 
2024-09-25 13:09:00,มาด้วยตนเอง (ห้องปรึกษา 1-3),บุคคลทั่วไป,ข้าราชการ/ลูกจ้าง ในหน่วยงานของรัฐ,ไม่ทราบ / ไม่แจ้ง,ที่ดิน,มาตรา 9 วรรค 1 (1) คดีพิพาทเกี่ยวกับการที่หน่วยงานทางปกครองหรือเจ้าหน้าที่ของรัฐ กระทำการโดยไม่ชอบด้วยกฎหมาย,การจัดทำคำฟ้องหรือคำร้อง และขั้นตอนที่เกี่ยวข้อง,"ผู้ขอคำปรึกษาเป็นอ.ผู้บรรยายมจร. สอบถามเกี่ยวกับการแก้ไขกำหนดตัวผู้ถูกฟ้องคดีคดีเพิกถอนการลงทะเบียนที่ดินที่ราชพัสดุ กรมธนารักษ์ กระทรวงการคลัง
",กรณีฟ้องเพิกถอนคำสั่งการลงทะเบียนที่ราชพัสดุนั้นเป็นคดีพิพาทเกี่ยวกับการที่เจ้าหน้าที่ของรัฐออกคำสั่งโดยไม่ชอบด้วยกฎหมายตามมาตรา 9 วรรคหนึ่งแห่งพรบจัดตั้งศาลปกครองฯ  การกำหนดตัวผู้ถูกฟ้องดีในคดีนี้จะกำหนดจากตำแหน่งที่มีอำนาจหน้าที่ในการลงทะเบียนที่ราชพัสดุซึ่งได้แก่อธิบดีกรมธนารักษ์โดยธนารักษ์จังหวัด ดังนั้นคดีนี้จึงต้องกำหนด อธิบดีกรมธนารักษ์และธนารักษ์จังหวัดเป็นผู้ถูกฟ้องคดี
2024-09-25 13:39:00,โทรศัพท์สายด่วน 1355,ผู้ฟ้องคดี,ธุรกิจส่วนตัว/ค้าขาย/รับจ้าง,ไม่ทราบ / ไม่แจ้ง,การคมนาคม,มาตรา 9 วรรค 1 (3) คดีพิพาทเกี่ยวกับการกระทำละเมิดหรือความรับผิดอย่างอื่น,กระบวนวิธีพิจารณาคดีปกครอง/แสวงหาข้อเท็จจริง, ผู้ขอคำปรึเป็นผู้ฟ้องคดีต่อศาลปกครองกลาง คดีนี้อยู่ในระหว่างการแสวงหาข้อเท็จจริง  ผู้ฟ้องคดีต้องการให้ศาลเรียกบริษัทมิชลินมาชี้แจงข้อเท็จจริงเกี่ยวกับยางรถยนต์ของผู้ฟ้องคดีเพื่อให้ศาลเห็นว่า คำสั่งเปรียบเทียบปรับยางที่ไม่มีระบุมาตรฐานนั้นไม่ชอบด้วยกฎหมาย,มาตรา ๖๑  วรรคหนึ่งแห่งพรบจัดตั้งศาลปกครองฯบัญญัติว่า ให้ตุลาการศาลปกครองคนหนึ่งคนใดซึ่งได้รับมอบหมายจากองค์คณะมีอำนาจ ดังต่อไปนี้… (๔) มีคำสั่งเรียกให้บุคคลที่เกี่ยวข้องกับคดีมาให้ถ้อยคำ หรือให้ส่งพยานหลักฐานมาประกอบการพิจารณา ดังนั้นเป็นสิทธิของผู้ฟ้องคดีที่จะยื่นคำขอให้ศาลมีคำสั่งให้ บริษัทมิชลินมาชี้แจงข้อเท็จจริงเกี่ยวกับยางรถยนต์ของผู้ฟ้องคดีเพื่อปรกอบการพิจารณาคดี
2025-01-13 09:37:00,โทรศัพท์สายด่วน 1355,บุคคลทั่วไป,ทนายความ,ไม่ทราบ / ไม่แจ้ง,,,ความรู้ทั่วไปเกี่ยวกับศาลปกครอง/คดีปกครอง,ปรึกษาการจัดทำหนังสือมอบอำนาจให้ฟ้องคดีต่อศาลปกครอง,"  แนะนำ  โดยที่พระราชบัญญัติ จัดตั้งศาลปกครองและวิธีพิจารณาคดีปกครอง พ.ศ. ๒๕๔๒ มาตรา ๔๕ วรรคท้าย บัญญัติว่า ในการดำเนินกระบวนพิจารณา คู่กรณีจะดำเนินการทั้งปวงด้วยตนเองหรือจะมอบอำนาจให้ทนายความหรือบุคคลอื่น ซึ่งมีคุณสมบัติตามระเบียบของที่ประชุมใหญ่ตุลาการในศาลปกครองสูงสุดกำหนดเพื่อฟ้องคดีหรือดำเนินการแทนได้
     การจัดทำนหนังสือมอบอำนาจต้องลงชื่อของผู้มอบและผู้รับมอบพร้อมแนบสำเนาบัตรประจำตัวประชาชน เนื้อความที่ให้อำนาจระบุอำนาจที่จะมอบให้ผู้รับมอบอำนาจดำเนินการแทนเรื่องอะไรบ้างให้ระบุมาให้ครบถ้วน หากมอบอำนาจให้ดำเนินกระบวนพิจารณาจนกว่าคดีจะถึงที่สุด ต้องติดอากรแสตมป์ ๓๐ บาท หากให้กระทำการแทนเพียงเรื่องเดียวติดอากรฯ ๓๐ บาท ทั้งนี้ ในเวปไซต์ศาลปกครองมีแบบใบมอบอำนาจ พร้อมตัวอย่างการเขียนหนังสือมอบอำนาจ ท่านสามารถเข้าไปดูแบบและดูตัวอย่างได้ "
2024-09-26 08:34:00,โทรศัพท์สายด่วน 1355,บุคคลทั่วไป,ไม่ระบุ,ไม่ทราบ / ไม่แจ้ง,,,ขอความเห็นทางกฎหมาย,ผู้ขอคำปรึกษาเป็นผู้ฟ้องคดีต่อศาลปกครองกลาง  คดีนี้ศาลได้มีคำพิพากษาถึงที่สุดให้พิพากษาตามคำฟ้องของผู้ฟ้องคดี  จึงขอสอบถามเกี่ยวกับการคืนค่าธรรมเนียมศาลว่า สามารถขอคืนค่าธรรมเนียมศาลได้หรือไม่ เนื่องจากไม่ได้ระบุคำขอท้ายคำฟ้องให้คืนค่าธรรมเนียมศาล,มาตรา ๗๒/๑ แห่งพ.ร.บ.จัดตั้งศาลปกครองฯ บัญญัติว่า ในการพิพากษาคดี ให้ศาลปกครองมีคำสั่งคืนค่าธรรมเนียมศาลทั้งหมดหรือแต่บางส่วนตามส่วนของการชนะคดี ดังนั้น แม้ผู้ฟ้องคดีจะไม่ได้มีคำขอให้คืนค่าธรรมเนียมศาล ศาลก็มีอำนาจคืนค่าธรรมเนียมศาลตามอัตราส่วนแห่งการชนะคดีได้ ผู้ฟ้องคดีจะต้องมาทำคำขอคืนค่าธรรมเนียมศาลยื่นต่อศาลตามแบบพิมพ์ที่กำหนดไว้ในเว็ปไซต์ศาลปกครอง
2024-09-26 09:23:00,มาด้วยตนเอง (ห้องปรึกษา 1-3),บุคคลทั่วไป,ไม่ระบุ,ไม่ทราบ / ไม่แจ้ง,ที่ดิน,มาตรา 9 วรรค 1 (1) คดีพิพาทเกี่ยวกับการที่หน่วยงานทางปกครองหรือเจ้าหน้าที่ของรัฐ กระทำการโดยไม่ชอบด้วยกฎหมาย,ความรู้ทั่วไปเกี่ยวกับศาลปกครอง/คดีปกครอง,ผู้ขอคำปรึกษาได้รับความเดือดร้อนเสียหายจากการที่เจ้าพนักงานที่ดินจะมีคำสั่งเพิกถอนโฉนดที่ดินบางส่วนของผู้ขอคำปรึกษา เนื่องจากเห็นว่าที่ดินบางส่วนของผู้ขอคำปรึกษาอยู่ในเขตป่าสงวน ขอสอบถามว่า คดีนี้สามารถฟ้องคดีต่อศาลปกครองได้หรือไม่อย่างไร,การที่เจ้าพนักงานที่ดินจะมีคำสั่งเพิกถอนโฉนดที่ดินบางส่วนของผู้ขอคำปรึกษา เนื่องจากเห็นว่าที่ดินบางส่วนของผู้ขอคำปรึกษาอยู่ในเขตป่าสงวนเป็นการที่ใช้อำนาจของเจ้าพนักงานที่ดินตามประมวลกฎหมายที่ดินนั้นมีลักษณะเป็นคำสั่งทางปกครองตามพ.ร.บ.วิธีปฏิบัติราชการทางปกครอง  หากมีการออกคำสั่งดังกล่าวแล้ว ผู้ขอคำปรึกษาเห็นคำสั่งไม่ชอบด้วยกฎหมายและมีความประสงค์ฟ้องเพิกถอนคำสั่งดังกล่าวนั้นเป็นคดีพิพาทเกี่ยวกับการที่เจ้าหน้าที่ของรัฐออกคำสั่งโดยไม่ชอบด้วยกฎหมายตามมาตรา 9 วรรคหนึ่ง (1) แห่งพ.ร.บ.จัดตั้งศาลปกครองฯ  ทั้งนี้ คดีพิพาทดังกล่าวนั้น ผูุ้ขอคำปรึกษาซึ่งเป็นผู้รับคำสั่งเพิกถอนโฉนดที่ดินบางส่วนจะต้องดำเนินการแก้ไขความเดือดร้อนเสียหายตามขั้นตอนหรือวิธีการที่กฎหมายกำหนดไว้โดยการยื่นอุทธรณ์ตามขั้นตอนและวิธ๊การที่กำหนดไว้ในพ.ร.บ.วิธีปฏิบัติราชการทางปกครองฯ หากได้รับแจ้งผลการพิจารณาอุทธรณ์หรือไม่มีการแจ้งผลการพิจารณาอุทธรณ์ภายในกหนดระยะเวลาตามมาตรา 45 แห่งพ.ร.บ.วิธีปฏิบัติราชการทางปกครอง ถือว่าผู้ขอคำปรึกษาเป็นผู้มีสิทธฺฟ้องคดีต่อศาลปกครองตามมาตรา 42 วรรคสองแห่งพ.ร.บ.ดังกล่าว ผู้ขอคำปรึกษาจะต้องยื่นฟ้องคดีต่อศาลปกครองภายใน 90 วันนับแต่วันที่รู้หรือควรรู้ถึงเหตุแห่งการฟ้องคดีตามมาตรา 49 แห่งพ.ร.บ.ฉบับเดียวกัน
2025-01-02 10:58:00,โทรศัพท์สายด่วน 1355,บุคคลทั่วไป,ไม่ระบุ,ไม่ทราบ / ไม่แจ้ง,,,เป็นคดีที่อยู่ในอำนาจของศาลปกครองหรือไม่,ปรึกษาว่า ที่ดินของผู้ขอคำปรึกษาถูกเวนคืนสร้างรถไฟฟ้า แต่ผู้ขอคำปรึกษาไม่พอใจค่าทดแทนและได้อุทธรณ์ต่อรัฐมนตรีแล้ว ได้รับแจ้งผลการพิจารณาอุทธรณ์แล้วแต่ไม่มีการเพิ่มค่าทดแทนให้,    แนะนำว่า การโต้แย้งไม่พอใจค่าทดแทนจากการเวนคืน เป็นคดีพิพาทอยู่ในอำนาจของศาลปกครอง ตามมาตรา ๙ วรรคหนึ่ง (๔) แห่ง พ.ร.บ. จัดตั้งศาลปกครองฯ ต้องฟ้องภายใน ๑ ปีนับแต่วันที่ได้รับแจ้งผลการพิจารณาอุทธรณ์ 
2025-01-02 12:10:00,โทรศัพท์สายด่วน 1355,ผู้ฟ้องคดี,ไม่ระบุ,ไม่ทราบ / ไม่แจ้ง,,,ความรู้ทั่วไปเกี่ยวกับศาลปกครอง/คดีปกครอง,สอบถามว่าเหตุใดชื่อตุลาการในหมายแจ้งคำสั่งศาลไม่ใช่คนเดิม ซึ่งลงนามในหมายศาลฉบับก่อน,   แนะนำว่า ตำแหน่งตุลาการมีการโยกย้ายตามวาระ คดีของท่านตุลาการเจ้าของสำนวนท่านเดิมได้มีการโยกย้ายตามวาระ จึงมีตุลากการนายอื่นมารับผิดชอบคดีนี้แทน
2024-09-26 14:59:00,โทรศัพท์สายด่วน 1355,บุคคลทั่วไป,ไม่ระบุ,ไม่ทราบ / ไม่แจ้ง,การสาธารณสุข,,เป็นคดีที่อยู่ในอำนาจของศาลปกครองหรือไม่,ผู้ขอคำปรึกษาได้รับความเดือดร้อนเสียหายจากการที่เข้ารับรักษาพยาบาลกับทางโรงพยาบาลมหาราช  แต่ปรากฏว่า แพทย์ที่ทำการรักษาวินิจฉัยผิดผลาดจนเป็นเหตุให้ต้องทำการเข้ารักษาผ่าตัดใหม่อีกครั้งหนึ่งกับโรงพยาบาลอื่น จึงขอสอบถามว่าจะฟ้องคดีต่อศาลปกครองเพื่อขอให้โรงพยาบาลชดใช้ค่าเสียหายได้หรือไม่,มาตรา ๔๒  วรรคหนึ่ง แห่งพ.ร.บ.จัดตั้งศาลปกครองฯบัญญัติว่า ผู้ใดได้รับความเดือดร้อนหรือเสียหาย หรืออาจจะเดือดร้อนหรือเสียหายโดยมิอาจหลีกเลี่ยงได้อันเนื่องจากการกระทำหรือการงดเว้นการกระทำของหน่วยงานทางปกครองหรือเจ้าหน้าที่ของรัฐหรือมีข้อโต้แย้งเกี่ยวกับสัญญาทางปกครอง หรือกรณีอื่นใดที่อยู่ในเขตอำนาจศาลปกครองตามมาตรา ๙ และการแก้ไขหรือบรรเทาความเดือดร้อนหรือความเสียหายหรือยุติข้อโต้แย้งนั้น ต้องมีคำบังคับตามที่กำหนดในมาตรา ๗๒ ผู้นั้นมีสิทธิฟ้องคดีต่อศาลปกครอง  แม้โรงพยาบาลมหาราชจะโรงพยาบาลในสังกัดสำนักปลัดกระทรวงสาธารณสุข กระทรวงสาธารณสุขก็ตาม แต่ เมื่อปรากฏว่า การรักษาพยาบาลไม่ได้มีลักษณะเป็นการใช้อำนาจทางปกครองตามกฎหมาย เป็นแต่เพียงการปฏิบัติหน้าที่ทั่วไปของแพทย์ผู้ทำการรักษา มิใช่การใช้อำนาจทางปกครองหรือดำเนินกิจกรรมทางปกครอง กรณีดังกล่าวจึงถือได้ว่า ผู้ขอคำปรึกษาไม่ได้รับความเดือดร้อนเสียหายจากการที่หน่วยงานทางปกครองหรือเจ้าหน้าที่ของรัฐอันเนื่องมาจากการกระทำละเมิดอันเกิดจากการใช้อาจตามกฎหมายตามมาตรา ๙ วรรคหนึ่งแห่งพ.ร.บ.จัดตั้งศาลปกครองแต่อย่างใด คดีนี้เป็นการกระทำละเมิดทางแพ่งที่อยู่ในอำนาจการพิจารณาพิพากษาคดีของศาลยุติธรรม 
2024-09-27 09:30:00,โทรศัพท์สายด่วน 1355,บุคคลทั่วไป,ไม่ระบุ,ไม่ทราบ / ไม่แจ้ง,,มาตรา 9 วรรค 1 (4) คดีพิพาทเกี่ยวกับสัญญาทางปกครอง,ขอความเห็นทางกฎหมาย,ผู้ขอคำปรึกษาเป็นคู่สัญญาทางปกครอง ขอสอบถามว่ากรณีมีความประสงค์จะใช้สิทธิบอกเลิกสัญญาจะต้องฟ้องคดีต่อศาลปกครอง,"1. สัญญาทางปกครองมีวัตถุประสงค์หลักในการจัดทําบริการสาธารณะ เพื่อให้การบริการสาธารณะสามารถดําเนินการได้อย่างต่อเนื่องและบรรลุตามวัตถุประสงค์ฝ่ายปกครองจึงต้องมีเอกสิทธิ์เหนือคู่สัญญา
ฝ่ายเอกชน คู่สัญญาฝ่ายเอกชนจึงไม่อาจบอกเลิกสัญญากับฝ่ายปกครองได้แต่จะต้องนําข้อพิพาท
ขึ้นสู่ศาลปกครองเพื่อให้มีคําพิพากษาหรือคําสั่งให้เลิกสัญญา ซึ่งมีความแตกต่างกับสัญญาทางแพ่งที่มี
ความเท่าเทียมกันของคู่สัญญา แม้ฝ่ายปกครองจะอยู่ในฐานะเป็นคู่สัญญา คู่สัญญาฝ่ายเอกชนก็มีสิทธิ
ที่จะบอกเลิกสัญญาและใช้สิทธิตามสัญญาได้ตามหลักของสัญญาต่างตอบแทนตามมาตรา 369 แห่ง
ประมวลกฎหมายแพ่งและพาณิชย์โดยไม่จําต้องนําข้อพิพาทขึ้นสู่ศาลเพื่อให้มีคําพิพากษาหรือคําสั่ง
ให้เลิกสัญญา
2. ศาลปกครองสูงสุดได้วินิจฉัยวางหลักเกี่ยวกับการเลิกสัญญาทางปกครอง โดยคู่สัญญาฝ่ายเอกชนไม่อาจจะบอกเลิกสัญญาได้แต่หากมีข้อโต้แย้งสิทธิเกี่ยวกับสัญญาทางปกครองจะต้องฟ้องคดีต่อศาลปกครอง เพื่อขอให้ศาลมีคําพิพากษาหรือมีคําสั่งเลิกสัญญาได้โดยคดีนี้ผู้ฟ้องคดีซึ่งเป็นคู่สัญญาฝ่ายเอกชนมีข้อโต้แย้งในสัญญาทางปกครองเนื่องจากคู่สัญญาฝ่ายปกครองไม่สามารถส่งมอบพื้นที่ก่อสร้างในสภาพพร้อมที่จะทํางานตามสัญญาให้ผู้ฟ้องคดีเข้าดําเนินการก่อสร้างตามสัญญาได้และได้แจ้งขอเลิกสัญญา พร้อมทั้งขอให้คืนหนังสือค้ําประกันสัญญา แต่ผู้ถูกฟ้องคดีไม่ประสงค์จะเลิกสัญญาและให้ผู้ฟ้องคดีเข้าดําเนินการก่อสร้างโดยใช้สถานที่เดิม ผู้ฟ้องคดี จึงฟ้องคดีต่อศาลปกครอง โดยมีความประสงค์หรือคําขอให้ศาลเยียวยาความเดือดร้อนหรือเสียหาย4 ประการ คือ (1) ให้ผู้ถูกฟ้องคดีคืนหนังสือค้ําประกันสัญญา (2) ชดใช้ค่าเสียหาย (3) ชําระค่าใช้จ่ายในการดําเนินการก่อสร้าง (4) ชําระค่าฤชาธรรมเนียมและค่าทนายความ โดยมิได้มีคําขอให้เลิกสัญญาแต่อย่างใด  (บทความ เอกชนจะบอกเลิกสัญญาทางปกครอง ...ต้องฟ้องศาลให้เลิกสัญญา ?)"
2024-09-27 10:04:00,โทรศัพท์สายด่วน 1355,บุคคลทั่วไป,ไม่ระบุ,ไม่ทราบ / ไม่แจ้ง,,,กระบวนวิธีพิจารณาคดีปกครอง/แสวงหาข้อเท็จจริง,ผู้ขอคำปรึกษาเป็นผู้ฟ้องคดีต่อศาลปกครองกลาง คดีนี้ศาลปกครองได้มีคำสั่งให้ทำคำคัดค้านคำให้การยื่นต่อศาลภายในระยะเวลาที่กำหนด ขอสอบถามเกี่ยวกับการยื่นคำคัดค้านคำให้การ, ข้อ 47 วรรคหนึ่งของระเบียบที่ประชุมใหญ่ฯว่าด้วยวิธีพิจารณาคดีปกครองฯกำหนดว่า เมื่อผู้ถูกฟ้องคดียื่นคำให้การแล้ว ให้ศาลส่งสำเนาคำให้การพร้อมทั้งสำเนาพยานหลักฐานไปยังผู้ฟ้องคดีเพื่อให้ผู้ฟ้องคดีคัดค้านหรือยอมรับคำให้การหรือพยานหลักฐานที่ผู้ถูกฟ้องคดียื่นต่อศาล ในการนี้ ตุลาการเจ้าของสำนวนจะกำหนดประเด็นที่ผู้ฟ้องคดีต้องชี้แจง หรือให้จัดส่งพยานหลักฐานใด ๆ ก็ได้ วรรคสองกำหนดว่า       ถ้าผู้ฟ้องคดีประสงค์จะคัดค้านคำให้การ ให้ทำคำคัดค้านคำให้การยื่นต่อศาลพร้อมสำเนาหนึ่งชุดหรือตามจำนวนที่ศาลกำหนด  ทั้งนี้ ภายในสามสิบวันนับแต่วันที่ได้รับสำเนาคำให้การ หรือภายในระยะเวลาที่ศาลกำหนด วรรคสามกำหนดว่า ถ้าผู้ฟ้องคดีไม่ประสงค์จะทำคำคัดค้านคำให้การ แต่ประสงค์จะให้ศาลพิจารณาพิพากษาคดีต่อไป ให้ผู้ฟ้องคดีแจ้งเป็นหนังสือให้ศาลทราบภายในกำหนดระยะเวลาตามวรรคสอง วรรคสี่กำหนดว่าถ้าผู้ฟ้องคดีไม่ดำเนินการตามวรรคสองหรือวรรคสาม ศาลจะสั่งจำหน่ายคดีออกจากสารบบความก็ได้  หากผู้ฟ้องคดีไม่เห็นด้วยกับคำให้การผู้ฟ้องคดียื่นคำคัดค้านคำให้การต่อศาลภายใน 30 วันนับแต่วันที่ได้รับแจ้งคำสั่งศาล  ถ้าหากไม่ยื่นคำคัดค้านคำให้การภายในกำหนดศาลจะสั่งจำหน่ายคดีออกจากสารบบคดีตามข้อ ๔๗ วรรคสี่ของระเบียบที่ประชุมใหญ่ฯ แต่จะต้องยื่นคำแถลงแจ้งศาลว่าไม่ประสงค์ทำคำคัดค้านคำให้การ และประสงค์ให้ดำเนินคดีต่อไป 
2025-01-10 14:01:00,โทรศัพท์สายด่วน 1355,บุคคลทั่วไป,ไม่ระบุ,ไม่ทราบ / ไม่แจ้ง,ไม่ระบุประเภทคดี,มาตรา 9 วรรค 1 (1) คดีพิพาทเกี่ยวกับการที่หน่วยงานทางปกครองหรือเจ้าหน้าที่ของรัฐ กระทำการโดยไม่ชอบด้วยกฎหมาย,"ความรู้ทั่วไปเกี่ยวกับศาลปกครอง/คดีปกครอง, การจัดทำคำฟ้องหรือคำร้อง และขั้นตอนที่เกี่ยวข้อง",ผู้ขอคำปรึกษาได้รับความเดือดร้อนเสียหายจากกรณีที่ถูกตัดสิทธิสอบเข้ารับข้าราชการตำรวจ ซึ่งได้มีหนังสืออุทธรณ์เรื่องดังกล่าวแล้ว และได้รับหนังสือแจ้งจากสำนักงานตำรวจแห่งชาติโดยยังคงตัดสิทธิของผู้ขอคำปรึกษาอยู่ พร้อมทั้งแจ้งว่าหากไม่เห็นด้วยกับผลการพิจารณาอุทธรณ์ก็ให้นำเรื่องมาฟ้องคดีต่อศาลปกครองภายในกำหนด 90 วัน จึงขอสอบถามเกี่ยวกับระยะเวลาการฟ้องคดี การจัดทำคำฟ้อง และวิธีการยื่นฟ้องคดีต่อศาลปกครอง,ได้ให้คำแนะนำว่า กรณีที่ผู้ขอคำปรึกษาได้รับความเดือดร้อนเสียหายจากการที่ถูกสำนักงานตำรวจแห่งชาติตัดสิทธิการสอบเข้ารับข้าราชการตำรวจ ซึ่งผู้ขอคำปรึกษาได้มีการอุทธรณ์เรื่องดังกล่าวและไม่เห็นด้วยกับผลการพิจารณาอุทธรณ์ของสำนักงานตำรวจแห่งชาติ จึงถือว่าผู้ขอคำปรึกษาได้ดำเนินการตามขั้นตอนและวิธีการสำหรับการแก้ไขความเดือดร้อนหรือเสียหายที่กำหนดไว้ในเรื่องนั้น อันเป็นผู้มีสิทธิฟ้องคดีต่อศาลปกครองตามมาตรา 42 แห่งพระราชบัญญัติจัดตั้งศาลปกครองและวิธีพิจารณาคดีปกครอง พ.ศ. 2542 โดยผู้ขอคำปรึกษาต้องยื่นฟ้องคดีภายในเก้าสิบวัน นับแต่วันที่รู้หรือควรรู้ถึงเหตุแห่งการฟ้องคดี ตามมาตรา 49 แห่งพระราชบัญญัติฉบับเดียวกัน สำหรับการจัดทำคำฟ้องนั้นสามารถดาวน์โหลดแบบฟอร์มคำฟ้องได้จากเว็บไซต์ของศาลปกครอง ซึ่งอาจเขียนคำฟ้องเองด้วยลายมือหรือจะใช้วิธีการพิมพ์ก็ได้ โดยคำฟ้องให้ใช้ถ้อยคำสุภาพและต้องมีรายการครบถ้วนตามมาตรา 45 แห่งพระราชบัญญัติจัดตั้งศาลปกครองและวิธีพิจารณาคดีปกครอง พ.ศ. 2542 ดังนี้ (1) ชื่อและที่อยู่ของผู้ฟ้องคดี (2) ชื่อหน่วยงานทางปกครองหรือเจ้าหน้าที่ของรัฐที่เกี่ยวข้องอันเป็นเหตุแห่งการฟ้องคดี (3) การกระทำทั้งหลายที่เป็นเหตุแห่งการฟ้องคดี พร้อมทั้งข้อเท็จจริงหรือพฤติการณ์ตามสมควรเกี่ยวกับการกระทำดังกล่าว (4) คำขอของผู้ฟ้องคดี และ (5) ลายมือชื่อของผู้ฟ้องคดี และหากผู้ฟ้องคดีประสงค์จะให้บุคคลอื่นเป็นผู้ดำเนินคดีแทน จะต้องจัดทำใบมอบอำนาจพร้อมแนบสำเนาบัตรประจำตัวของผู้มอบอำนาจและผู้รับมอบอำนาจพร้อมปิดอากรแสตมป์มาด้วย โดยต้องจัดทำสำเนาคำฟ้องและสำเนาพยานหลักฐานที่รับรองสำเนาถูกต้องตามจำนวนของผู้ถูกฟ้องคดี ตามข้อ 33 แห่งระเบียบของที่ประชุมใหญ่ตุลาการในศาลปกครองสูงสุด ว่าด้วยวิธีพิจารณาคดีปกครอง พ.ศ. 2543 ซึ่งผู้ขอคำปรึกษาสามารถเลือกยื่นคำฟ้องได้ 3 ช่องทาง คือ (1) ยื่นด้วยตนเองที่ศาลปกครอง (2) ส่งทางไปรษณีย์ลงทะเบียน หรือ (3) ยื่นทางระบบอิเล็กทรอนิกส์ โดยให้ยื่นฟ้องต่อศาลปกครองชั้นต้นที่ผู้ฟ้องคดีมีภูมิลำเนาหรือที่มูลคดีเกิดขึ้นก็ได้ ตามมาตรา 46 ประกอบมาตรา 47 วรรคหนึ่ง แห่งพระราชบัญญัติฉบับเดียวกัน 
2025-01-13 12:28:00,มาด้วยตนเอง (ห้องปรึกษา 1-3),บุคคลทั่วไป,ไม่ระบุ,,ที่ดิน,มาตรา 9 วรรค 1 (1) คดีพิพาทเกี่ยวกับการที่หน่วยงานทางปกครองหรือเจ้าหน้าที่ของรัฐ กระทำการโดยไม่ชอบด้วยกฎหมาย,"ความรู้ทั่วไปเกี่ยวกับศาลปกครอง/คดีปกครอง, การจัดทำคำฟ้องหรือคำร้อง และขั้นตอนที่เกี่ยวข้อง",ผู้ขอคำปรึกษาสอบถามว่า กรณีที่เห็นว่าเจ้าพนักงานที่ดินรังวัดที่ดินไม่ถูกต้อง โดยได้มีหนังสืออุทธรณ์เรื่องดังกล่าวแล้ว แต่เจ้าพนักงานที่ดินยังคงยืนยันตามความเห็นเดิม พร้อมทั้งแจ้งว่าหากไม่เห็นด้วยก็ให้นำเรื่องมาฟ้องคดีที่ศาลปกครองภายใน 90 วัน ผู้ขอคำปรึกษาจึงมีความประสงค์จะฟ้องเรื่องดังกล่าวต่อศาลปกครอง,ได้ให้คำแนะนำว่า กรณีที่ผู้ขอคำปรึกษาเห็นว่า เจ้าพนักงานที่ดินทำการรังวัดที่ดินไม่ถูกต้อง จะต้องฟ้องให้เจ้าพนักงานที่ดินเพิกถอนการรังวัดที่ดินที่ไม่ถูกต้องดังกล่าว ตามมาตรา 9 วรรคหนึ่ง (1) ประกอบมาตรา 72 วรรคหนึ่ง (1) แห่งพระราชบัญญัติจัดตั้งศาลปกครองและวิธีพิจารณาคดีปกครอง พ.ศ. 2542 โดยให้ยื่นฟ้องคดีต่อศาลปกครองชั้นต้นที่ผู้ฟ้องคดีมีภูมิลำเนาหรือที่มูลคดีเกิดขึ้นก็ได้ ตามมาตรา 47 วรรคหนึ่ง แห่งพระราชบัญญัติฉบับเดียวกัน ซึ่งกรณีดังกล่าวผู้ฟ้องคดีมีภูมิลำเนาและมูลคดีเกิดขึ้นที่จังหวัดลำพูน จึงอยู่ในเขตอำนาจของศาลปกครองเชียงใหม่ สำหรับการจัดทำคำฟ้องนั้นสามารถดาวน์โหลดแบบฟอร์มคำฟ้องได้จากเว็บไซต์ของศาลปกครอง ซึ่งอาจเขียนคำฟ้องเองด้วยลายมือหรือจะใช้วิธีการพิมพ์ก็ได้ โดยคำฟ้องให้ใช้ถ้อยคำสุภาพและต้องมีรายการครบถ้วนตามมาตรา 45 แห่งพระราชบัญญัติจัดตั้งศาลปกครองและวิธีพิจารณาคดีปกครอง พ.ศ. 2542 ดังนี้ (1) ชื่อและที่อยู่ของผู้ฟ้องคดี (2) ชื่อหน่วยงานทางปกครองหรือเจ้าหน้าที่ของรัฐที่เกี่ยวข้องอันเป็นเหตุแห่งการฟ้องคดี (3) การกระทำทั้งหลายที่เป็นเหตุแห่งการฟ้องคดี พร้อมทั้งข้อเท็จจริงหรือพฤติการณ์ตามสมควรเกี่ยวกับการกระทำดังกล่าว (4) คำขอของผู้ฟ้องคดี และ (5) ลายมือชื่อของผู้ฟ้องคดี และหากผู้ฟ้องคดีประสงค์จะให้บุคคลอื่นเป็นผู้ดำเนินคดีแทน จะต้องจัดทำใบมอบอำนาจพร้อมแนบสำเนาบัตรประจำตัวของผู้มอบอำนาจและผู้รับมอบอำนาจพร้อมปิดอากรแสตมป์มาด้วย โดยต้องจัดทำสำเนาคำฟ้องและสำเนาพยานหลักฐานที่รับรองสำเนาถูกต้องตามจำนวนของผู้ถูกฟ้องคดี ตามข้อ 33 แห่งระเบียบของที่ประชุมใหญ่ตุลาการในศาลปกครองสูงสุด ว่าด้วยวิธีพิจารณาคดีปกครอง พ.ศ. 2543 ซึ่งผู้ขอคำปรึกษาสามารถเลือกยื่นคำฟ้องได้ 3 ช่องทาง คือ (1) ยื่นด้วยตนเองต่อศาลปกครอง (2) ส่งทางไปรษณีย์ลงทะเบียน หรือ (3) ยื่นทางระบบอิเล็กทรอนิกส์ ตามมาตรา 46 แห่งพระราชบัญญัติฉบับเดียวกัน
2025-01-13 14:44:00,โทรศัพท์สายด่วน 1355,บุคคลทั่วไป,ไม่ระบุ,จังหวัดพังงา,การกระทำละเมิดและความรับผิดอย่างอื่น,มาตรา 9 วรรค 1 (3) คดีพิพาทเกี่ยวกับการกระทำละเมิดหรือความรับผิดอย่างอื่น,"ความรู้ทั่วไปเกี่ยวกับศาลปกครอง/คดีปกครอง, การจัดทำคำฟ้องหรือคำร้อง และขั้นตอนที่เกี่ยวข้อง",ผู้ขอคำปรึกษาสอบถามว่า กรณีที่ อบต. ทำการละเมิดโดยตัดทำลายต้นปาล์มในที่ดินของผู้ขอคำปรึกษาทำให้ได้รับความเสียหาย ซึ่งผู้ขอคำปรึกษาเห็นว่า อบต. กระทำการดังกล่าวโดยไม่ชอบด้วยกฎหมาย จะสามารถดำเนินการอย่างไรได้บ้าง,"ได้ให้คำแนะนำว่า กรณีที่ อบต. ทำการละเมิดโดยตัดทำลายต้นปาล์มในที่ดินของผู้ขอคำปรึกษาทำให้ได้รับความเสียหาย หากผู้ขอคำปรึกษาเห็นว่า อบต. กระทำการดังกล่าวโดยไม่ชอบด้วยกฎหมายและเห็นว่าเรื่องดังกล่าวเป็นคดีพิพาทเกี่ยวกับการกระทำละเมิดของหน่วยงานทางปกครอง ซึ่งศาลปกครองมีอำนาจพิจารณาพิพากษาคดี และมีอำนาจกำหนดคำบังคับให้ได้ ตามมาตรา 9 วรรคหนึ่ง (3) ประกอบมาตรา 72 (3) แห่งพระราชบัญญัติจัดตั้งศาลปกครองและวิธีพิจารณาคดีปกครอง พ.ศ. 2542 จะต้องยื่นฟ้องคดีต่อศาลปกครองภายในหนึ่งปี นับแต่วันที่รู้หรือควรรู้ถึงเหตุแห่งการฟ้องคดี แต่ไม่เกินสิบปีนับแต่วันที่มีเหตุแห่งการฟ้องคดี ตามมาตรา 51 แห่งพระราชบัญญัติฉบับเดียวกัน สำหรับการจัดทำคำฟ้องนั้นสามารถดาวน์โหลดแบบฟอร์มคำฟ้องได้จากเว็บไซต์ของศาลปกครอง ซึ่งอาจเขียนคำฟ้องเองด้วยลายมือหรือจะใช้วิธีการพิมพ์ก็ได้ โดยคำฟ้องให้ใช้ถ้อยคำสุภาพและต้องมีรายการครบถ้วนตามมาตรา 45 แห่งพระราชบัญญัติจัดตั้งศาลปกครองและวิธีพิจารณาคดีปกครอง พ.ศ. 2542 ดังนี้ (1) ชื่อและที่อยู่ของผู้ฟ้องคดี (2) ชื่อหน่วยงานทางปกครองหรือเจ้าหน้าที่ของรัฐที่เกี่ยวข้องอันเป็นเหตุแห่งการฟ้องคดี (3) การกระทำทั้งหลายที่เป็นเหตุแห่งการฟ้องคดี พร้อมทั้งข้อเท็จจริงหรือพฤติการณ์ตามสมควรเกี่ยวกับการกระทำดังกล่าว (4) คำขอของผู้ฟ้องคดี และ (5) ลายมือชื่อของผู้ฟ้องคดี และหากผู้ฟ้องคดีประสงค์จะให้บุคคลอื่นเป็นผู้ดำเนินคดีแทน จะต้องจัดทำใบมอบอำนาจพร้อมแนบสำเนาบัตรประจำตัวของผู้มอบอำนาจและผู้รับมอบอำนาจพร้อมปิดอากรแสตมป์มาด้วย โดยต้องจัดทำสำเนาคำฟ้องและสำเนาพยานหลักฐานที่รับรองสำเนาถูกต้องตามจำนวนของผู้ถูกฟ้องคดี ตามข้อ 33 แห่งระเบียบของที่ประชุมใหญ่ตุลาการในศาลปกครองสูงสุด ว่าด้วยวิธีพิจารณาคดีปกครอง พ.ศ. 2543 ซึ่งผู้ขอคำปรึกษาสามารถเลือกยื่นคำฟ้องได้ 3 ช่องทาง คือ (1) ยื่นด้วยตนเองที่ศาลปกครอง (2) ส่งทางไปรษณีย์ลงทะเบียน หรือ (3) ยื่นทางระบบอิเล็กทรอนิกส์ และให้ยื่นฟ้องต่อศาลปกครองชั้นต้นที่ผู้ฟ้องคดีมีภูมิลำเนาหรือที่มูลคดีเกิดขึ้นก็ได้ ตามมาตรา 46 ประกอบมาตรา 47 วรรคหนึ่ง แห่งพระราชบัญญัติฉบับเดียวกัน ซึ่งกรณีดังกล่าว ผู้ขอคำปรึกษามีภูมิลำเนาและเหตุเกิดที่จังหวัดพังงา คดีจึงอยู่ในเขตอำนาจของศาลปกครองภูเก็ต
ทั้งนี้หากเป็นการฟ้องให้ใช้เงินหรือส่งมอบทรัพย์สิน ให้เสียค่าธรรมเนียมศาลตามทุนทรัพย์ในอัตราตามที่ระบุไว้ในตาราง 1 ท้ายประมวลกฎหมายวิธีพิจารณาความแพ่ง โดยกรณีทุนทรัพย์ไม่เกิน 50 ล้านบาท ให้เสียค่าธรรมเนียมศาลร้อยละ 2 แต่ไม่เกิน 200,000 บาท ส่วนที่เกิน 50 ล้านบาทขึ้นไป ให้เสียค่าธรรมเนียมศาล ร้อยละ 0.1 ตามมาตรา 45 วรรคสี่ แห่งพระราชบัญญัติจัดตั้งศาลปกครองและวิธีพิจารณาคดีปกครอง พ.ศ. 2542 "
2024-09-27 13:15:00,มาด้วยตนเอง (ห้องปรึกษา 1-3),บุคคลทั่วไป,ไม่ระบุ,ไม่ทราบ / ไม่แจ้ง,,,การจัดทำคำฟ้องหรือคำร้อง และขั้นตอนที่เกี่ยวข้อง,ผู้ขอคำปรึกษามีความประสงค์ในการยื่นฟ้องคดีต่อศาลปกครองกลางเพื่อขอให้เพิกถอนมติที่ประชุมผู้ถือหุ้นนั้น สามารถเบิกเจ้าหน้าที่กรมพัฒนาธุรกิจการค้าเป็นคู่ความในทะเบียนได้หรือไม่,มาตรา ๔๒ วรรคหนึ่งแห่งพ.ร.บ.จัดตั้งศาลปกครองฯบัญญัติว่า ผู้ใดได้รับความเดือดร้อนหรือเสียหาย หรืออาจจะเดือดร้อนหรือเสียหายโดยมิอาจหลีกเลี่ยงได้อันเนื่องจากการกระทำหรือการงดเว้นการกระทำของหน่วยงานทางปกครองหรือเจ้าหน้าที่ของรัฐหรือมีข้อโต้แย้งเกี่ยวกับสัญญาทางปกครอง หรือกรณีอื่นใดที่อยู่ในเขตอำนาจศาลปกครองตามมาตรา ๙ และการแก้ไขหรือบรรเทาความเดือดร้อนหรือความเสียหายหรือยุติข้อโต้แย้งนั้น ต้องมีคำบังคับตามที่กำหนดในมาตรา ๗๒ ผู้นั้นมีสิทธิฟ้องคดีต่อศาลปกครอง กรณีพิพาทเกี่ยวกับการฟ้องเพิกถอนมติที่ประชุมผู้ถือหุ้นนั้นไม่ใช่การใช้อำนาจหน้าที่ของหน่วยงานทางปกครองหรือเจ้าหน้าที่ของรัฐ แต่เป็นคดีพิพาทเกี่ยวกับการโต้แย้งสิทธิที่อยู่ในอำนาจศาลยุติธรรม
2024-09-27 14:22:00,โทรศัพท์สายด่วน 1355,ไม่ระบุ,ไม่ระบุ,ไม่ทราบ / ไม่แจ้ง,,,ขอความเห็นทางกฎหมาย,ผู้ขอคำปรึกษามีภรรยาซึ่งได้รับความเดือดร้อนเสียหายจากการที่ภรรยาไม่ผ่านการสอบคัดเลือกเพื่อดำรงตำแหน่งผู้บริหาร เนื่องจากมีการทุจริตในการสอบ ผู้ขอคำปรึกษาได้ยื่นฟ้องคดีแทนภรรยาแต่ศาลมีคำสั่งไม่รับคำฟ้องไว้พิจารณา ขอสอบถามว่าจะฟ้องเรียกค่าเสียได้หรืือไม่,"1. มาตรา ๔๒ วรรคหนึ่งแห่งพ.ร.บ.จัดตั้งศาลปกครองฯ บัญญัติว่า ผู้ใดได้รับความเดือดร้อนหรือเสียหาย หรืออาจจะเดือดร้อนหรือเสียหายโดยมิอาจหลีกเลี่ยงได้อันเนื่องจากการกระทำหรือการงดเว้นการกระทำของหน่วยงานทางปกครองหรือเจ้าหน้าที่ของรัฐหรือมีข้อโต้แย้งเกี่ยวกับสัญญาทางปกครอง หรือกรณีอื่นใดที่อยู่ในเขตอำนาจศาลปกครองตามมาตรา ๙ และการแก้ไขหรือบรรเทาความเดือดร้อนหรือความเสียหายหรือยุติข้อโต้แย้งนั้น ต้องมีคำบังคับตามที่กำหนดในมาตรา ๗๒ ผู้นั้นมีสิทธิฟ้องคดีต่อศาลปกครอง ผู้ที่ได้รับความเดือดร้อนเสียหายจากการไม่ผ่านการสอบคัดเลือกเพื่อดำรงตำแหน่งผู้บริหาร  คือภรรยาของผู้ขอคำปรึกษาเป็นผู้ฟ้องคดี 
2. กรณีที่เห็นว่าการสอบคัดเลือกเพื่อดำรงตำแหน่งผู้บริหารไม่ชอบด้วยกฎหมายและมีความประสงค์ฟ้องเรียกค่าเสียหายนั้นเป็นคดีพิพาทเกี่ยวกับการกระทำละเมิดจากการที่เจ้าหน้าที่ของรัฐออกคำสั่งตามมาตรา 9 วรรคหนึ่ง (3) แห่งพ.ร.บ.จัดตั้งศาลปกครองฯ อย่างก็ตามการฟ้องคดีจากการกระทำละเมิดจากการออกคำสั่งจะต้องดำเนินการแก้ไขความเดือดร้อนเสียหายโดยการยื่นอุทธรณ์โต้แย้งคำสั่งทางปกครองตามพ.ร.บ.วิธีปฏิบัติราชการทางปกครองฯ หากได้รับแจ้งผลการพิจารณาอุทธรณ์หรือไม่ได้รับแจ้งภายในระยะเวลาที่กำหนดมาตรา 45 แห่งพ.ร.บ.วิธีปฏิบัติราชการทางปกครองฯ  จึงจะเป็นผู้มีสิทธิฟ้องคดี จึงจะต้องฟ้องภายใน 1 ปีนับแตวันที่รู้ถึงเหตุแห่งการฟ้องคดีตามมาตรา 51 แห่งพ.ร.บ.จัดตั้งศาลปกครองฯ "
2024-09-27 14:56:00,โทรศัพท์สายด่วน 1355,ไม่ระบุ,ไม่ระบุ,ไม่ทราบ / ไม่แจ้ง,,,การจัดทำคำฟ้องหรือคำร้อง และขั้นตอนที่เกี่ยวข้อง,ผู้ขอคำปรึกษาเป็นประกอบวิชาชีพยาบาลได้รับความเดือดร้อนเสียหายจากการที่โรงพยาบาลในสังกัดของรัฐมีคำสั่งแจ้งผลการประเมินให้ผู้ขอคำปรึกษาไม่มีสิทธิในการฉีดยาให้ผู้เข้ารับบริการทางการแพทย์ได้ จึงขอคำปรึกษาว่าจะใช้สิทธิคดีต่อศาลปกครองได้หรือไม่,กรณีที่เห็นว่าผู้บังคับบัญชาซึ่งเป็นบุคคลากรของโรงพยาบาลมีคำสั่งแจ้งผลการประเมินให้ผู้ขอคำปรึกษาไม่มีสิทธิในการฉีดยาให้ผู้เข้ารับบริการทางการแพทย์ซึ่งมีลักษณะเป็นการใช้อำนาจในฐานะเจ้าหน้าที่ตามระเบียบข้อบังคับที่กำหนดไว้ซึ่งมีลักษณะเป็นคำสั่งทางปกครองตามพ.ร.บ.วิธิปฏิบัติราชการทางปกครองฯ  การฟ้องเพื่อขอให้เพิกถอนคำสั่งทางปกครองจะต้องดำเนินการแก้ไขความเดือดร้อนเสียหายตามขั้นตอนวิธีการที่กฎหมายกำหนดไว้โดยการยื่นอุทธรณ์คำสั่งดังกล่าวต่อผู้ทำคำสั่ง หากได้รับแจ้งผลคำวินิจฉัยอุทธรณ์แล้วไม่เห็นด้วยหรือไม่ได้รับแจ้งผลการพิจารณาอุทธรณ์ภายใน 60 ตามมาตรา 45 แห่งพ.ร.บ.วิธีปฏิบัติราชการทางปกครองฯ  ผู้ขอคำปรึกษาซึ่งเป็นผู้มีสิทธิฟ้องคดีตามมาตรา 42 วรรคหนึ่งแห่งพ.ร.บ.จัดตั้งศาลปกครองฯ มีสิทธิฟ้องคดีต่อศาลปกกครองภายใน 90 วันนับแต่วันที่รู็หรือควรรู้ถึงเหตุแห่งการฟ้องคดีตามมาตรา 49 แห่งพ.ร.บ.จัดตั้งศาลปกครองฯ
2024-09-27 16:25:00,โทรศัพท์สายด่วน 1355,ผู้ฟ้องคดี,ไม่ระบุ,ไม่ทราบ / ไม่แจ้ง,,,การอุทธรณ์คำพิพากษา/คำสั่งต่อศาลปกครองสูงสุด,ผู้ขอคำปรึกษาเป็นผู้ฟ้องคดีต่อศาลปกครองกลางและได้ยื่นคำขอเกี่ยวกับวิธีการชั่วคราวก่อนการพิพากษา ศาลได้มีคำสั่งเกี่ยวกับวิธีการชั่วคราวก่อนการพิพากษายกคำขอของผู้ฟ้องคดีขอสอบถามว่า คำสั่งศาลดังกล่าวจะยื่นอุทธรณ์ได้ตามที่ระบุท้ายหนังสือแจ้งคำสั่งศาลว่า ผู้มีส่วนได้เสียสามารถยื่นอุทธรณ์คำสั่งศาลได้ภายใน 30 วันนับแต่วันที่รู้ถึงคำสั่ง,ข้อ ๗๓ วรรคหนึ่งแห่งระเบียบของที่ประชุมใหญ่ฯวิธีพิจารณาคดีปกครองฯกำหนดว่า คำสั่งทุเลาการบังคับตามกฎหรือคำสั่งทางปกครอง ให้ผู้มีส่วนได้เสียมีสิทธิอุทธรณ์ต่อศาลปกครองสูงสุดได้ภายในสามสิบวันนับแต่วันที่ผู้นั้นได้รับแจ้งหรือทราบคำสั่งศาล โดยผู้อุทธรณ์อาจมีคำขอให้ศาลปกครองสูงสุดมีคำสั่งระงับคำสั่งของศาลปกครองชั้นต้นที่สั่งทุเลาการบังคับตามกฎหรือคำสั่งทางปกครองไว้เป็นการชั่วคราวก่อนการวินิจฉัยอุทธรณ์ก็ได้  วรรคสองกำหนดว่า คำสั่งยกคำขอทุเลาการบังคับตามกฎหรือคำสั่งทางปกครองให้เป็นที่สุด ดังนั้น เมื่อปรากฎว่า คดีนี้ ศาลได้มีคำสั่งยกคำขอทุเลาการบังคับตามกฎหรือคำสั่งทางปกครองซึ่งให้ถือเป็นที่สุด จะอุทธรณ์ไม่ได้ แต่ถ้าศาลมีคำสั่งทุเลาการบังคับตามกฎหรือคำสั่งทางปกครอง ให้ผู้มีส่วนได้เสียมีสิทธิอุทธรณ์ต่อศาลปกครองสูงสุดได้ภายใน ๓๐ วันนับแต่วันที่ผู้นั้นได้รับแจ้งหรือทราบคำสั่งศาล
2024-09-30 11:30:00,มาด้วยตนเอง (ห้องปรึกษา 1-3),บุคคลทั่วไป,ธุรกิจส่วนตัว/ค้าขาย/รับจ้าง,ไม่ทราบ / ไม่แจ้ง,,มาตรา 9 วรรค 1 (4) คดีพิพาทเกี่ยวกับสัญญาทางปกครอง,"ความรู้ทั่วไปเกี่ยวกับศาลปกครอง/คดีปกครอง, การจัดทำคำฟ้องหรือคำร้อง และขั้นตอนที่เกี่ยวข้อง",ผู้ขอคำปรึกษาเป็นคู่สัญญาโครงการเดินโดยสารประจำทาง (รถตู้) เส้นทางจตุจักร-ปากเกร็ด ได้รับความเดือดร้อนเสียหายจากการที่ ขสมก ยกเลิกสัญญา ขอสอบถามว่าจะฟ้องคดีต่อศาลปกครองเพื่อยกเลิกการบอกเลิกสัญญาได้หรือไม่,สัญญาให้เข้าร่วมโครงการเดินโดยสารประจำทาง (รถตู้) เส้นทางจตุจักร-ปากเกร็ด มีลักษณะเป็นสัญญาให้บุคคลเข้าจัดทำบริการสาธารณะที่มีลักษณะเป็นสัญญาทางปกครองตามนิยามพ.ร.บ.จัดตั้งศาลปกครอง  กรณีที่เห็นว่า การใช้สิทธิบอกเลิกสัญญาไม่ถูกต้องนั้นเป็นคดีพิพาทเกี่ยวกับสัญญาทางปกครองตามมาตรา 9 วรรคหนึ่ง (4) แห่งพ.ร.บ.จัดตั้งศาลปกครอง  ผู้ขอคำปรึกษามีสิทธิยื่นฟ้องคดีต่อศาลปกครองภายใน 5 ปีนับแต่วันที่รู้หรือควรรู้ถึงเหตุแห่งการฟ้องคดีตามมาตรา 51 แห่งพ.ร.บ.จัดตั้งศษลปกครองฯ
2024-09-30 13:59:00,โทรศัพท์สายด่วน 1355,ผู้ฟ้องคดี,ไม่ระบุ,ไม่ทราบ / ไม่แจ้ง,,,การฟ้องคดีผ่านระบบอิเล็กทรอนิกส์ของศาลปกครอง,ผู้ขอคำปรึกษาเป็นผู้ฟ้องคดีต่อศาลปกครอง ขอสอบถามเกี่ยวกับการยื่นขอไกล่เกี่ยขอพิพาทนั้นจะต้องระบุข้อหาหรือไม่,ข้อ ๔ ของระเบียบของที่ประชุมใหญ่ฯว่าด้วยการไกล่เกลี่ยข้อพิพาทในคดีปกครอง พ.ศ. ๒๕๖๒ กำหนดว่า “ผู้ไกล่เกลี่ยข้อพิพาท” หมายความว่า ตุลาการศาลปกครองที่ผู้รับผิดชอบราชการศาลแต่งตั้งให้เป็นผู้ไกล่เกลี่ยข้อพิพาท  ข้อ ๑๘ ของระเบียบเดียวกันกำหนดให้ศาลอาจแต่งตั้งผู้ไกล่เกลี่ยข้อพิพาทคนหนึ่งหรือหลายคนให้ปฏิบัติหน้าที่ร่วมกันเป็นผู้ไกล่เกลี่ยข้อพิพาทในคดีนั้นได้ในการแต่งตั้งผู้ไกล่เกลี่ยข้อพิพาท ผู้ขอคำปรึกษาสามารถยื่นคำขอไกล่เกลี่ยข้อพิพาทในชั้นศาลสามารถยื่นต่อศาลได้อย่างเร็วที่สุดพร้อมกับคำฟ้อง  แต่ทั้งนี้ การไกล่เกลี่ยข้อพิพาทในศาลปกครองนั้นเป็นเรื่องของความสมัครใจของคู่กรณีทั้งสองฝ่าย หากอีกฝ่ายไม่ประสงค์ไกล่เกลี่ยคู่กรณีก็จะต้องกลับไปพิจารณาคดีดังเดิม หากคู่กรณีอีกฝ่ายยินยอมให้มีการไกล่เกลี่ย ศาลจะมีคำสั่งให้มีการไกล่เกลี่ยให้แล้วเสร็จภายใน ๙๐ วันนับแต่วันที่มีคำสั่ง การพิจารณาแสวงหาข้อเท็จจริงของตุลาการเจ้าของสำนวนยังคงดำเนินคดีต่อไป เนื่องจากตุลาการที่ทำหน้าที่ไกล่เกลี่ยข้อพิพาทเป็นคนละคนกับตุลาการเจ้าของสำนวน ในส่วนของการยื่นคำให้การนั้นผู้ถูกฟ้องคดีจะต้องยื่นคำให้การภายในระยะเวลาที่กำหนด ดังนั้น หากการฟ้องคดีต่อศาลปกครองมีหลายข้อหา การไกล่เกลี่ยข้อพิพาทจะต้องระบุว่าประสงค์จะไกล่เกลี่ยข้อพิพาทในข้อหาใด
2024-09-30 15:01:00,มาด้วยตนเอง (ห้องปรึกษา 1-3),ผู้ฟ้องคดี,ไม่ระบุ,ไม่ทราบ / ไม่แจ้ง,,มาตรา 9 วรรค 1 (1) คดีพิพาทเกี่ยวกับการที่หน่วยงานทางปกครองหรือเจ้าหน้าที่ของรัฐ กระทำการโดยไม่ชอบด้วยกฎหมาย,กระบวนวิธีพิจารณาคดีปกครอง/แสวงหาข้อเท็จจริง,ผู้ขอคำปรึกษามีความประสงค์จะร้องสอดเข้ามาเป็นคู่ความร่วมฝ่ายผู้ฟ้องคดีนั้นจะต้องทำอย่างไร,การร้องสอดโดยการขอเข้ามาในคดีตามมาตรา ๑๑ แห่งพระราชบัญญัติจัดตั้งศาลปกครองและวิธีพิจารณาคดีปกครอง พ.ศ. ๒๕๔๒ สามารถฟ้องต่อศาลปกครองสูงสุดโดยตรงได้ก่อนศาลปกครองสูงสุดมีคำพิพากษาหรือมีคำสั่งชี้ขาดคดี อนึ่ง การอนุญาตให้ร้องสอดเข้ามาในคดีเป็นดุลพินิจของศาลที่จะอนุญาตหรือไม่และการร้องสอดเข้ามาในคดีเป็นสิทธิของบุคคลภายนอก เพราะหากบุคคลภายนอกไม่ร้องสอดเข้ามาในคดีอาจเสียประโยชน์ของตนเมื่อศาลปกครองมีคำพิพากษา ดังนั้น ผู้ขอคำปรึกษาจึงมีสิทธิยื่นคำขอร้องสอดเข้ามาเป็นหนังสือโดอธิยานว่าผู้ขอคำปรึกษาเป็นผู้เดือดร้อนเสียหายผู้ถูกฟ้องคดีของศาลปกครองกลางคดีหมายเลขดำที่ …../….. จากการกระทำดังกล่าว ผู้ฟ้องคดีเห็นว่าการออกคำสั่งให้ผู้ร้องสอดไม่ชอบด้วยกฎหมายเนื่องจากอะไร จึงขอร้องสอดเข้ามาเป็นคู่ความในคดีเพื่อประโยชน์แห่งความยุติธรรม
2024-09-30 15:48:00,โทรศัพท์สายด่วน 1355,ไม่ระบุ,ไม่ระบุ,ไม่ทราบ / ไม่แจ้ง,,,การอุทธรณ์คำพิพากษา/คำสั่งต่อศาลปกครองสูงสุด,ขอสอบถามว่า ระยะเวลาอุทธรณ์คำพิพากษาสามารถขยายได้หรือไม่,การอุทธรณ์คำพิพากษาของศาลปกครองนั้นเป็นไปตามข้อ ๑๐๑ แห่งระเบียบของที่ประชุมใหญ่ฯว่าด้วยวิธีพิจารณาคดีปกครองฯกำหนดให้ คำอุทธรณ์ต้องมีดังต่อไปนี้ (๑) ชื่อผู้อุทธรณ์และคู่กรณีในอุทธรณ์ (๒) ข้อคัดค้านคำพิพากษาหรือคำสั่งของศาลปกครองชั้นต้นซึ่งต้องมีเนื้อหาเป็นการโต้แย้งการรับฟังข้อเท็จจริงและการวินิจฉัยกฎหมายซึ่งถือเป็นประเด็นข้อเท็จจริงหรือประเด็นข้อกฎหมายที่ได้โต้แย้งว่ากล่าวมาแล้วในศาลปกครองชั้นต้น (๓) คำขอของผู้อุทธรณ์ คือการขอให้กลับคำพิพากษาของศาลปกครองชั้นต้นและพิจารณาพิพากษาตามคำขอท้ายคำฟ้องของผู้ฟ้องคดี (๔) ลายมือชื่อผู้อุทธรณ์  การยื่นอุทธรณ์คำพิพากษาต้องยื่นต่อศาลปกครองชั้นต้นที่มีคำพิพากษาภายใน ๓๐ วันนับแต่วันที่มีคำพิพากษาตามมาตรา ๗๓ แห่งพ.ร.บ.จัดตั้งศาลปกครองฯ ซึ่งไม่สามารถขยายระยะเวลาอุทธรณ์คำพิพากษาได้ดังเช่นการขยายระยะเวลาในกระบวนการแสวงหาข้อเท็จจริงตามระเบียบที่ประชุมใหญ่ฯแต่อย่างใด  ศาลปกครองชั้นต้นตรวจอุทธรณ์และส่งไปให้ศาลปกครองสูงสุดรับไว้ในการพิจารณา
2024-10-01 08:46:00,โทรศัพท์สายด่วน 1355,ผู้ฟ้องคดี,ไม่ระบุ,ไม่ทราบ / ไม่แจ้ง,การคมนาคม,มาตรา 9 วรรค 1 (1) คดีพิพาทเกี่ยวกับการที่หน่วยงานทางปกครองหรือเจ้าหน้าที่ของรัฐ กระทำการโดยไม่ชอบด้วยกฎหมาย,วิธีการชั่วคราวก่อนการพิพากษา,ผู้ขอคำปรึกษาเป็นผู้ฟ้องคดีต่อศาลปกครองเพื่ิอขอให้ศาลปกครองมีคำพิพากษาเพิกถอนใบอนุญาตเลี้ยงหอยแครง ขอสอบถามเกี่ยวกับการขอคุ้มครองชั่วคราวให้ระงับการอนุญาตเลี้ยงหอยไว้,การจัดทำคำขอทุเลาการบังคับตามคำสั่งทางปกครองนั้นเป็นไปตามข้อ ๖๙ วรรคหนึ่งของระเบียบที่ประชุมใหญ่ฯว่าด้วยวิธีพิจารณาคดีปกครองฯ ซึ่งกำหนดว่า การฟ้องคดีต่อศาลปกครองเพื่อขอให้เพิกถอนกฎหรือคำสั่งทางปกครอง ไม่เป็นเหตุให้ทุเลาการบังคับตามกฎหรือคำสั่งทางปกครองนั้น เว้นแต่ศาลจะมีคำสั่งเป็นอย่างอื่น และข้อ ๗๒ วรรคสามของระเบียบเดียวกันกำหนดว่า ในกรณีที่ศาลเห็นว่ากฎหรือคำสั่งทางปกครองที่เป็นเหตุแห่งการฟ้องคดีนั้นน่าจะไม่ชอบด้วยกฎหมาย และการให้กฎหรือคำสั่งทางปกครองดังกล่าวมีผลใช้บังคับต่อไปจะทำให้เกิดความเสียหายอย่างร้ายแรงที่ยากแก่การเยียวยาแก้ไขในภายหลัง ทั้งการทุเลาการบังคับตามกฎหรือคำสั่งทางปกครองนั้นไม่เป็นอุปสรรคแก่การบริหารงานของรัฐหรือแก่บริการสาธารณะ ดังนั้น จึงแนะนำให้ทำคำขอทุเลาการบังคับตามคำสั่งทางปกครองไว้เป็นการชั่วคราวตามเงื่อนไขที่กำหนดระเบียบไ
2024-10-01 09:27:00,โทรศัพท์สายด่วน 1355,ไม่ระบุ,ไม่ระบุ,ไม่ทราบ / ไม่แจ้ง,การสาธารณสุข,มาตรา 9 วรรค 1 (3) คดีพิพาทเกี่ยวกับการกระทำละเมิดหรือความรับผิดอย่างอื่น,"ความรู้ทั่วไปเกี่ยวกับศาลปกครอง/คดีปกครอง, การจัดทำคำฟ้องหรือคำร้อง และขั้นตอนที่เกี่ยวข้อง",ขอคำปรึกษาได้รับความเดือดร้อนเสียหายจากการที่เข้ารับบริการทางการแพทย์ แต่มีการวินิจฉัยที่ผิดผลาด จนให้ทำให้สูญเสียดวงตา   ผู้ขอคำปรึกษาจึงยื่นคำร้องต่อสปสช.ให้จ่ายเงินช่วยเหลือเบื้องต้น สปสช.ได้มีมติจ่ายงินช่วยเหลือเบื้องต้น แต่ผู้ขอคำปรึกษาเห็นจำนวนเงินดังกล่าวไม่เป็นธรรม จึงยื่นอุทธรณ์การจ่ายเงินช่วยเหลือเบื้องต้นดังกล่าว เลขาธิการสปสช.ได้แจ้งผลการพิจารณาจ่ายเงินช่วยเหลือเบื้องต้น และแจ้งสิทธิฟ้องคดีต่อศาลปกครอง จึงขอคำปรึกษาคดีต่อศาลปกครอง,กรณีการจ่ายเงินช่วยเหลือเบื้องต้นจากการได้รับความเสียจากการใช้บริการทางการแพทย์เป็นไปตามข้อบังคับคณะกรรมการหลักประกันสุขภาพแห่งชาติ ว่าด้วยหลักเกณฑ์ วิธีการ และเงื่อนไข ในการจ่ายเงินช่วยเหลือเบื้องต้น กรณีผู้รับบริการได้รับความเสียหายจากการรักษาพยาบาล พ.ศ. ๒๕๕๕อาศัยอำนาจตามมาตรา ๔๑ แห่งพ.ร.บ.หลักประกันสุขภาพแห่งชาติฯบัญญัติว่า ให้คณะกรรมการกันเงินจำนวนไม่เกินร้อยละหนึ่งของเงินที่จะจ่ายให้หน่วยบริการไว้เป็นเงินช่วยเหลือเบื้องต้นให้แก่ผู้รับบริการ ในกรณีที่ผู้รับบริการได้รับความเสียหายที่เกิดขึ้นจากการรักษาพยาบาลของหน่วยบริการ โดยหาผู้กระทำผิดมิได้หรือหาผู้กระทำผิดได้ แต่ยังไม่ได้รับค่าเสียหายภายในระยะเวลาอันสมควร  ทั้งนี้ ตามหลักเกณฑ์ วิธีการ และเงื่อนไขที่คณะกรรมการกำหนด ทั้งนี้เป็นไปตามข้อบังคับคณะกรรมการหลักประกันสุขภาพแห่งชาติ ว่าด้วยหลักเกณฑ์ วิธีการ และเงื่อน ในการจ่ายเงินช่วยเหลือเบื้องต้นกรณีผู้รับบริการได้รับความเสียหายจากการรักษาพยาบาล หากผู้ขอคำปรึกษาเห็น คณะกรรมการหลักประกันสุขภาพแห่งชาติไม่ดำเนินการให้เป็นไปตามระยะเวลาที่กำหนดไว้ในข้อบังคับดังกล่าวและต้องการฟ้องขอให้ศาลจ่ายเงินช่วยเหลือเบื้องต้นเพิ่มขึ้น กรณีเป็นคดีพิพาทเกี่ยวกับความรับผิดอย่างอื่นของหน่วยงานทางปกครองหรือเจ้าหน้าที่ของรัฐตามมาตรา ๙ วรรคหนึ่ง (๓) แห่งพ.ร.บ.จัดตั้งศาลปกครองฯ  ผู้ขอคำปรึกษามีสิทธิยื่นฟ้องคดีต่อศาลปกครองภายใน ๑ปีนับแต่วันที่รู้หรือควรรู้ถึงเหตุแห่งการฟ้องคดี ตามมาตรา ๕๑ แห่งพ.ร.บ.จัดตั้งศาลปกครองฯ  การจัดทำคำฟ้องเป็นไปตามมาตรา ๔๕ แห่งพ.ร.บ.จัดตั้งศาลปกครองฯ โดยกำหนดให้สำนักงานหลักประกันสุขภาพแห่งชาติเป็นผู้ถูกฟ้องคดีและบรรยายว่าอาการเจ็บป่วยของผู้ฟ้องคดีนั้นเข้าข่ายที่จะมีสิทธิได้รับเงินส่วนต่างที่เพิ่มขึ้นอีกเป็นจำนวนเท่าใด ระบุคำขอท้ายคำฟ้อง ซึ่งการฟ้องให้ชดใช้เงินมีค่าธรรมเนียมศาลอัตราร้อยละ ๒ ของจำนวนทุนทรัพย์ในคดี
2024-10-01 09:40:00,มาด้วยตนเอง (ห้องปรึกษา 1-3),ผู้ถูกฟ้องคดี,ธุรกิจส่วนตัว/ค้าขาย/รับจ้าง,ไม่ทราบ / ไม่แจ้ง,ไม่ระบุประเภทคดี,มาตรา 9 วรรค 1 (4) คดีพิพาทเกี่ยวกับสัญญาทางปกครอง,กระบวนวิธีพิจารณาคดีปกครอง/แสวงหาข้อเท็จจริง,ศาลสั่งให้ทำคำให้การยื่นต่อศาล สอบถามเกี่ยวกับการจัดทำคำให้การ,ข้อ ๔๓ แห่งระเบียบที่ประชุมใหญ่ฯว่าด้วยวิธีพิจารณาคดีปกครองฯกำหนดว่า ให้ผู้ถูกฟ้องคดียื่นคำให้การโดยชัดแจ้งแสดงการปฏิเสธหรือยอมรับข้อหาที่ปรากฏในคำฟ้องและคำขอท้ายฟ้อง และเหตุแห่งการนั้น พร้อมส่งพยานหลักฐานตามที่ตุลาการเจ้าของสำนวนกำหนด โดยจัดทำสำเนาคำให้การและสำเนาพยานหลักฐานดังกล่าวที่รับรองถูกต้องหนึ่งชุดหรือตามจำนวนที่ตุลาการเจ้าของสำนวนกำหนดยื่นมาพร้อมกับคำให้การด้วย  ทั้งนี้ ภายในสามสิบวัน นับแต่วันที่ได้รับสำเนาคำฟ้อง หรือภายในระยะเวลาที่ศาลกำหนด  ดังนั้น ผู้ถูกฟ้องคดีจะต้องทำคำให้การโต้แย้งต่อศาล ซึ่งเป็นข้อเท็จจริงที่เกี่ยวกับการสัญญาพิพาทและการชำระหนี้ตามสัญญา หากผู้ถูกฟ้องคดีเห็นว่า จำนวนเงินที่เรียกร้องให้ชดค่าเสียหายไม่ถูกต้องก็ให้บรรยายมาในให้การ
2024-10-01 10:23:00,โทรศัพท์สายด่วน 1355,ผู้ฟ้องคดี,ไม่ระบุ,ไม่ทราบ / ไม่แจ้ง,ไม่ระบุประเภทคดี,มาตรา 9 วรรค 1 (1) คดีพิพาทเกี่ยวกับการที่หน่วยงานทางปกครองหรือเจ้าหน้าที่ของรัฐ กระทำการโดยไม่ชอบด้วยกฎหมาย,"ความรู้ทั่วไปเกี่ยวกับศาลปกครอง/คดีปกครอง, ขอความเห็นทางกฎหมาย",ศาลปกครองได้มีคำสั่งให้ทำคำคัดค้านภายใน 30 วันนับแต่วันที่ได้รับแจ้งคำสั่งศาล ขอสอบถามวิธีการนับระยะเวลาในการทำคำคัดค้านคำให้การ,พ.ร.บ.จัดตั้งศาลปกครองฯไม่มีกำหนดหลักเกณฑ์ในการนับระยะเวลาไว้เป็นการเฉพาะ จึงต้องนำหลักเกณฑ์การนับระยะเวลาตามป.พ.พ. ซึ่งเป็นกฎหมายทั่วไปในการนับระยะเวลามาใช้ในการพิจารณาคดีปกครองฯ  การนับระยะเวลาในกระบวนการพิจารณาคดีของพ.ร.บ.จัดตั้งศาลปกครองฯและระเบียบที่ประชุมใหญ่ฯว่าด้วยวิธีพิจารณาคดีปกครองฯนั้นไม่มีบทบัญญัติกำหนดไว้เป็นการเฉพาะ ศาลจึงนำหลักเกณฑ์การนับอายุความตามป.พ.พ. มาตรา ๑๙๓/๑๒ และมาตรา ๑๙๓/๑๓ ซึ่งเป็นหลักทั่วไปมาใช้กับการนับระยะเวลาด้วย กล่าวคือต้องอยู่ภายในบังคับของมาตรา ๑๙๓/๑ ถึงมาตรา ๑๙๓/๓ แห่งประมวลกฎหมาย ตัวอย่างเช่น การนับอายุความนั้นต้องเริ่มนับหนึ่งในวันรุ่งขึ้น ตามมาตรา ๑๙๓/๓ วรรคสองแห่งประมวลกฎหมายแพ่งและพาณิชย์และถ้าวันสุดท้ายแห่งการกำหนดระยะเวลาตรงกับวันหยุดทางการตามประกาศเป็นทางการหรือตามประเพณีก็ให้นับวันเริ่มทางการใหม่ต่อจากที่หยุดทำการนั้นเป็นวันสุดท้ายของระยะเวลาด้วย มาตรา ๑๙๓/๘ แห่งประมวลกฎหมายเดียวกันกำหนดหลักเกณฑ์ในการนับอายุความ ดังนั้น จึงต้องนับวันถัดไปจากวันที่ผู้ฟ้องคดีได้รับหมายแจ้งคำสั่งศาลเป็นวันแรกแห่งการนับระยะเวลา
2024-10-01 13:19:00,มาด้วยตนเอง (ห้องปรึกษา 1-3),บุคคลทั่วไป,ไม่ระบุ,ไม่ทราบ / ไม่แจ้ง,ที่ดิน,มาตรา 9 วรรค 1 (1) คดีพิพาทเกี่ยวกับการที่หน่วยงานทางปกครองหรือเจ้าหน้าที่ของรัฐ กระทำการโดยไม่ชอบด้วยกฎหมาย,"ความรู้ทั่วไปเกี่ยวกับศาลปกครอง/คดีปกครอง, ขอความเห็นทางกฎหมาย",ผู้ขอคำปรึกษาเป็นได้รับความเดือดร้อนเสียหายจากการที่ อธิบดีกรมที่ดิน เจ้าพนักงานที่ดินจังหวัดนครราชสีมา สาขาขามสะแกแสง	และผู้ว่าราชการจังหวัดนครราชสีมา ละเลยต่อหน้าที่ตามที่กฎหมายกำหนดให้ต้องปฏิบัติหรือปฏิบัติหน้าที่ดังกล่าวล่าช้าเกินสมควร กรณีผู้ถูกฟ้องคดีไม่ดำเนินการตั้งคณะกรรมการสอบสวนตามความในมาตรา 61 แห่งประมวลกฎหมายที่ดิน ทำให้ผู้ฟ้องคดีได้รับความเดือดร้อนหรือเสียหาย จึงขอคำปรึกษาเกี่ยวกับการฟ้องต่อศาลเพื่อขอให้ผู้ถูกฟ้องคดีดำเนินการตั้งคณะกรรมการสอบสวนตามความในมาตรา 61 แห่งประมวลกฎหมายที่ดิน ,กรณีที่เห็นว่า อธิบดีกรมที่ดิน เจ้าพนักงานที่ดินจังหวัดนครราชสีมา สาขาขามสะแกแสง	และผู้ว่าราชการจังหวัดนครราชสีมาไม่ดำเนินการตั้งคณะกรรมการสอบสวนตามความในมาตรา 61 แห่งประมวลกฎหมายที่ดินเป็นคดีพิพาทเกี่ยวกับการที่เจ้าหน้าที่ของรัฐละเลยการปฏิบัติหน้าที่ตามกฎหมายกำหนดให้ต้องปฏิบัติตามมาตรา 9 วรรคหนึ่ง (2) แห่งพ.ร.บ.จัดตั้งศาลปกครองฯ  ผู้ขอคำปรึกษาจะต้องใช้สิทธิฟ้องภายใน 90 วันนับแต่วันที่รู้หรือควรรู้ถึงเหตุแห่งการฟ้องคดี หรือนับแต่วันที่พ้นกำหนดเก้าสิบวันนับแต่วันที่ผู้ฟ้องคดีได้มีหนังสือร้องขอต่อหน่วยงานทางปกครองหรือเจ้าหน้าที่ของรัฐเพื่อให้ปฏิบัติหน้าที่ตามที่กฎหมายกำหนดและไม่ได้รับหนังสือชี้แจงจากหน่วยงานทางปกครอง หรือเจ้าหน้าที่ของรัฐหรือได้รับแต่เป็นคำชี้แจงที่ผู้ฟ้องคดีเห็นว่าไม่มีเหตุผล แล้วแต่กรณีตามมาตรา 49 แห่งพ.ร.บ.จัดตั้งศาลปกครองฯ
2025-01-13 13:54:00,โทรศัพท์สายด่วน 1355,ผู้ฟ้องคดี,ไม่ระบุ,ไม่ทราบ / ไม่แจ้ง,การพาณิยช์,มาตรา 9 วรรค 1 (1) คดีพิพาทเกี่ยวกับการที่หน่วยงานทางปกครองหรือเจ้าหน้าที่ของรัฐ กระทำการโดยไม่ชอบด้วยกฎหมาย,"ความรู้ทั่วไปเกี่ยวกับศาลปกครอง/คดีปกครอง, การขอคืนค่าธรรมเนียมศาล",ผู้ขอคำปรึกษาเป็นผู้รับมอบอำนาจจากผู้ฟ้องคดี ขอสอบถามเกี่ยวกับการขอคืนค่าธรรมเนียมศาล,ได้ให้คำแนะนำว่า คดีนี้ศาลปกครองกลางมีหนังสือแจ้งคำสั่งศาล ลงวันที่ 6 มกราคม 2568 โดยแจ้งว่าศาลได้มีคำสั่งอนุญาตให้ผู้ฟ้องคดีถอนคำฟ้องและให้จำหน่ายคดีออกจากสารบบความ เมื่อวันที่ 26 ธันวาคม 2567 แต่ไม่มีคำสั่งเกี่ยวกับการคืนค่าธรรมเนียมศาลให้แก่ผู้ฟ้องคดี จึงแนะนำให้ผู้ฟ้องคดียื่นคำร้องขอคืนค่าธรรมเนียมศาลในคดีดังกล่าว โดยใช้แบบฟอร์มคำร้อง/คำขอทั่วไป (ค.2)
2025-01-14 09:23:00,โทรศัพท์สายด่วน 1355,ไม่ระบุ,ไม่ระบุ,ไม่ทราบ / ไม่แจ้ง,ไม่ระบุประเภทคดี,อื่นๆ,"ความรู้ทั่วไปเกี่ยวกับศาลปกครอง/คดีปกครอง, กระบวนวิธีพิจารณาคดีปกครอง/แสวงหาข้อเท็จจริง",ผู้ขอคำปรึกษาสอบถามว่า กรณีที่ศาลปกครองกำหนดวันนั่งพิจารณาคดีครั้งแรกแล้ว สามารถยื่นชี้แจงข้อเท็จจริงเพิ่มเติมต่อศาลได้หรือไม่ และต้องใช้แบบฟอร์มใด,ได้ให้คำแนะนำว่า กรณีที่ผู้ขอคำปรึกษาได้รับหมายแจ้งกำหนดวันนั่งพิจารณาคดีครั้งแรกของศาล หากผู้ขอคำปรึกษาประสงค์จะยื่นคำแถลงเป็นหนังสือ ให้ยื่นต่อศาลก่อนวันนั่งพิจารณาคดีหรืออย่างช้าที่สุดในระหว่างการนั่งพิจารณาคดี ซึ่งคำแถลงดังกล่าวจะยกข้อเท็จจริงที่ไม่เคยยกขึ้นอ้างไว้แล้วไม่ได้ และต้องแสดงเหตุจำเป็นที่ทำให้ไม่อาจเสนอต่อศาลได้ก่อนหน้านั้น รวมทั้งผู้ขอคำปรึกษาอาจแถลงด้วยวาจาประกอบคำแถลงเป็นหนังสือที่ได้ยื่นต่อศาลได้ แต่คำแถลงต้องกระชับและอยู่ในประเด็น โดยไม่อาจยกข้อเท็จจริงหรือข้อกฎหมายอื่นนอกจากที่ปรากฏในคำแถลงเป็นหนังสือ ซึ่งในวันนั่งพิจารณาคดี คู่กรณีจะไม่มาศาลก็ได้ ทั้งนี้ตามข้อ 84 ประกอบข้อ 85 แห่งระเบียบของที่ประชุมใหญ่ตุลาการในศาลปกครองสูงสุด ว่าด้วยวิธีพิจารณาคดีปกครอง พ.ศ. 2543 สำหรับการยื่นคำแถลงนั้นให้ใช้แบบฟอร์มคำร้อง/คำขอทั่วไป (ค.2)
2025-01-14 09:37:00,โทรศัพท์สายด่วน 1355,ไม่ระบุ,ไม่ระบุ,ไม่ทราบ / ไม่แจ้ง,ไม่ระบุประเภทคดี,อื่นๆ,ความรู้ทั่วไปเกี่ยวกับศาลปกครอง/คดีปกครอง,ผู้ขอคำปรึกษาสอบถามว่า หากคดีอยู่ระหว่างการพิจารณาของศาล หากประสงค์จะถอนคำฟ้อง ศาลจะอนุญาตหรือไม่,ได้ให้คำแนะนำว่า การถอนคำฟ้องนั้นผู้ฟ้องคดีอาจถอนคำฟ้องในเวลาใด ๆ ก่อนศาลพิพากษาหรือมีคำสั่งชี้ขาดคดีได้ โดยให้จัดทำคำร้องขอถอนคำฟ้องพร้อมแสดงเหตุผลยื่นต่อศาล ซึ่งการถอนคำฟ้องจะถอนเฉพาะบางข้อหาหรือบางส่วนของข้อหาก็ได้ แต่หากเป็นคดีที่เกี่ยวกับการคุ้มครองประโยชน์สาธารณะ หรือประโยชน์แก่ส่วนรวม หรือการถอนฟ้องเกิดจากการสมยอมกันโดยไม่เหมาะสม ศาลจะมีคำสั่งไม่อนุญาตให้ถอนคำฟ้องก็ได้ ซึ่งคำสั่งไม่อนุญาตให้ถอนคำฟ้องให้เป็นที่สุด ไม่สามารถอุทธรณ์คำสั่งดังกล่าวได้ ทั้งนี้ ตามข้อ 82 แห่งระเบียบของที่ประชุมใหญ่ตุลาการในศาลปกครองสูงสุด ว่าด้วยวิธีพิจารณาคดีปกครอง พ.ศ. 2543
2025-01-14 09:45:00,โทรศัพท์สายด่วน 1355,บุคคลทั่วไป,ไม่ระบุ,ไม่ทราบ / ไม่แจ้ง,ไม่ระบุประเภทคดี,มาตรา 9 วรรค 1 (1) คดีพิพาทเกี่ยวกับการที่หน่วยงานทางปกครองหรือเจ้าหน้าที่ของรัฐ กระทำการโดยไม่ชอบด้วยกฎหมาย,"ความรู้ทั่วไปเกี่ยวกับศาลปกครอง/คดีปกครอง, การจัดทำคำฟ้องหรือคำร้อง และขั้นตอนที่เกี่ยวข้อง",ผู้ขอคำปรึกษาสอบถามว่า กรณีที่เห็นว่าเทศบาลออกประกาศโดยไม่ชอบด้วยกฎหมาย และประสงค์จะฟ้องขอให้ยกเลิกประกาศดังกล่าว จะมีวิธีการเขียนคำฟ้องและยื่นต่อศาลปกครองอย่างไร,ได้ให้คำแนะนำว่า กรณีที่เห็นว่าเทศบาลออกประกาศโดยไม่ชอบด้วยกฎหมาย และประสงค์จะฟ้องขอให้ยกเลิกประกาศดังกล่าวนั้น จะต้องยื่นฟ้องคดีต่อศาลปกครองเป็นคดีพิพาทเกี่ยวกับการที่หน่วยงานทางปกครองออกประกาศโดยไม่ชอบด้วยกฎหมาย โดยต้องขอให้ศาลสั่งให้เพิกถอนประกาศดังกล่าว ตามมาตรา 9 วรรคหนึ่ง (1) ประกอบมาตรา 72 วรรคหนึ่ง (1) แห่งพระราชบัญญัติจัดตั้งศาลปกครองและวิธีพิจารณาคดีปกครอง พ.ศ. 2542  โดยสามารถดาวน์โหลดแบบฟอร์มคำฟ้องได้จากเว็บไซต์ของศาลปกครอง ซึ่งผู้ขอคำปรึกษาสามารถเขียนคำฟ้องเองด้วยลายมือหรือจะใช้วิธีการพิมพ์ก็ได้ โดยไม่ต้องจ้างทนายความ ซึ่งคำฟ้องให้ใช้ถ้อยคำสุภาพและต้องมีรายการครบถ้วนตามมาตรา 45 แห่งพระราชบัญญัติฉบับเดียวกัน ดังนี้ (1) ชื่อและที่อยู่ของผู้ฟ้องคดี (2) ชื่อหน่วยงานทางปกครองหรือเจ้าหน้าที่ของรัฐที่เกี่ยวข้องอันเป็นเหตุแห่งการฟ้องคดี (3) การกระทำทั้งหลายที่เป็นเหตุแห่งการฟ้องคดี พร้อมทั้งข้อเท็จจริงหรือพฤติการณ์ตามสมควรเกี่ยวกับการกระทำดังกล่าว (4) คำขอของผู้ฟ้องคดี และ (5) ลายมือชื่อของผู้ฟ้องคดี และหากผู้ฟ้องคดีประสงค์จะให้บุคคลอื่นเป็นผู้ดำเนินคดีแทน จะต้องจัดทำใบมอบอำนาจพร้อมแนบสำเนาบัตรประจำตัวของผู้มอบอำนาจและผู้รับมอบอำนาจพร้อมปิดอากรแสตมป์มาด้วย โดยต้องจัดทำสำเนาคำฟ้องและสำเนาพยานหลักฐานที่รับรองสำเนาถูกต้องตามจำนวนของผู้ถูกฟ้องคดี ตามข้อ 33 แห่งระเบียบของที่ประชุมใหญ่ตุลาการในศาลปกครองสูงสุด ว่าด้วยวิธีพิจารณาคดีปกครอง พ.ศ. 2543 ซึ่งผู้ขอคำปรึกษาสามารถเลือกยื่นคำฟ้องได้ 3 ช่องทาง คือ (1) ยื่นด้วยตนเองที่ศาลปกครอง (2) ส่งทางไปรษณีย์ลงทะเบียน หรือ (3) ยื่นทางระบบอิเล็กทรอนิกส์ และให้ยื่นฟ้องต่อศาลปกครองชั้นต้นที่ผู้ฟ้องคดีมีภูมิลำเนาหรือที่มูลคดีเกิดขึ้นก็ได้ ตามมาตรา 46 ประกอบมาตรา 47 วรรคหนึ่ง แห่งพระราชบัญญัติฉบับเดียวกัน 
2025-01-14 11:30:00,มาด้วยตนเอง (ห้องปรึกษา 1-3),ผู้ฟ้องคดี,ไม่ระบุ,ไม่ทราบ / ไม่แจ้ง,ไม่ระบุประเภทคดี,มาตรา 9 วรรค 1 (2) คดีพิพาทเกี่ยวกับการที่หน่วยงานทางปกครองหรือเจ้าหน้าที่ของรัฐ ละเลยต่อหน้าที่ตามที่กฎหมายกำหนด,การอุทธรณ์คำพิพากษา/คำสั่งต่อศาลปกครองสูงสุด,ผู้ขอคำปรึกษาเป็นฝ่ายผู้ฟ้องคดี โดยศาลปกครองกลางมีคำพิพากษายกฟ้องเมื่อวันที่ 17 ธันวาคม 2567 ขอสอบถามว่าสามารถขอขยายระยะเวลาการยื่นอุทธรณ์คำพิพากษาได้หรือไม่,ได้ให้คำแนะนำว่า กรณีที่ศาลปกครองกลางมีคำพิพากษายกฟ้อง หากผู้ฟ้องคดีไม่เห็นด้วยและประสงค์จะการคัดค้านคำพิพากษาของศาลปกครองชั้นต้น ให้ยื่นอุทธรณ์ต่อศาลปกครองชั้นต้นที่มีคำพิพากษาภายในกำหนดสามสิบวันนับแต่วันที่ได้มีคำพิพากษาหรือคำสั่ง ถ้ามิได้ยื่นอุทธรณ์ตามกำหนดเวลาดังกล่าว ให้ถือว่าคดีนั้นเป็นอันถึงที่สุด ตามมาตรา 73 วรรคหนึ่ง แห่งพระราชบัญญัติจัดตั้งศาลปกครองและวิธีพิจารณาคดีปกครอง พ.ศ. 2542 และเนื่องจากระยะเวลาการอุทธรณ์คำพิพากษาเป็นระยะเวลาที่กำหนดไว้พระราชบัญญัติจัดตั้งศาลปกครองและวิธีพิจารณาคดีปกครอง พ.ศ. 2542 จึงไม่อาจขอขยายระยะเวลาดังกล่าวได้ โดยคำอุทธรณ์ให้ทำเป็นหนังสือและต้องระบุ (1) ชื่อผู้อุทธรณ์และคู่กรณีในอุทธรณ์ (2) ข้อคัดค้านคำพิพากษาหรือคำสั่งของศาลปกครองชั้นต้น (3) คำขอของผู้อุทธรณ์ (4) ลายมือชื่อผู้อุทธรณ์ ซึ่งข้อเท็จจริงหรือข้อกฎหมายที่จะยกขึ้นอ้างในการยื่นคำอุทธรณ์นั้นจะต้องกล่าวไว้โดยชัดแจ้งในคำอุทธรณ์ และต้องเป็นข้อที่ได้ยกขึ้นว่ากันมาแล้วโดยชอบในศาลปกครองชั้นต้น ตามข้อ 101 แห่งระเบียบของที่ประชุมใหญ่ตุลาการในศาลปกครองสูงสุด ว่าด้วยวิธีพิจารณาคดีปกครอง พ.ศ. 2543 ทั้งนี้ ผู้ฟ้องคดีอาจยื่นคำอุทธรณ์ด้วยตนเองที่ศาลปกครอง หรือส่งทางไปรษณีย์ลงทะเบียนก็ได้
2025-01-15 11:16:00,มาด้วยตนเอง (ห้องปรึกษา 1-3),ผู้ฟ้องคดี,ไม่ระบุ,ไม่ทราบ / ไม่แจ้ง,การกระทำละเมิดและความรับผิดอย่างอื่น,มาตรา 9 วรรค 1 (3) คดีพิพาทเกี่ยวกับการกระทำละเมิดหรือความรับผิดอย่างอื่น,"ความรู้ทั่วไปเกี่ยวกับศาลปกครอง/คดีปกครอง, การจัดทำคำฟ้องหรือคำร้อง และขั้นตอนที่เกี่ยวข้อง, กระบวนวิธีพิจารณาคดีปกครอง/แสวงหาข้อเท็จจริง",ผู้ขอคำปรึกษาเป็นฝ่ายผู้ฟ้องคดี ได้รับคำสั่งเรียกให้ทำคำคัดค้านคำให้การ จึงขอสอบถามเกี่ยวกับการจัดทำคำคัดค้านคำให้การดังกล่าว,ได้ให้คำแนะนำว่า กรณีที่ศาลส่งคำสั่งเรียกให้ผู้ฟ้องคดีทำคำคัดค้านคำให้การ โดยได้ส่งสำเนาคำให้การพร้อมทั้งสำเนาพยานหลักฐานของผู้ถูกฟ้องคดีไปยังผู้ฟ้องคดี เพื่อให้ผู้ฟ้องคดีคัดค้านหรือยอมรับคำให้การหรือพยานหลักฐานที่ผู้ถูกฟ้องคดียื่นต่อศาล ถ้าผู้ฟ้องคดีประสงค์จะคัดค้านคำให้การ ให้ทำคำคัดค้านคำให้การยื่นต่อศาลพร้อมสำเนาตามจำนวนและระยะเวลาที่ศาลกำหนด ถ้าผู้ฟ้องคดีไม่ประสงค์จะทำคำคัดค้านคำให้การ แต่ประสงค์จะให้ศาลพิจารณาพิพากษาคดีต่อไปให้ผู้ฟ้องคดีแจ้งเป็นหนังสือให้ศาลทราบภายในกำหนดระยะเวลาดังกล่าว มิเช่นนั้น ศาลจะสั่งจำหน่ายคดีออกจากสารบบความก็ได้ ตามข้อ 47 แห่งระเบียบของที่ประชุมใหญ่ตุลาการในศาลปกครองสูงสุด ว่าด้วยวิธีพิจารณาคดีปกครอง พ.ศ. 2543 ซึ่งคำคัดค้านคำให้การของผู้ฟ้องคดีให้มีได้เฉพาะในประเด็นที่ได้ยกขึ้นกล่าวในคำฟ้อง คำให้การ หรือที่ศาลกำหนด ถ้าผู้ฟ้องคดีทำคำคัดค้านคำให้การโดยมีประเด็นหรือคำขอเพิ่มขึ้นใหม่ต่างจากคำฟ้อง คำให้การ หรือที่ศาลกำหนด ให้ศาลสั่งไม่รับประเด็นหรือคำขอใหม่นั้นไว้พิจารณา ตามข้อ 48 แห่งระเบียบฉบับเดียวกัน
2025-01-15 14:52:00,โทรศัพท์สายด่วน 1355,ผู้ฟ้องคดี,ไม่ระบุ,ไม่ทราบ / ไม่แจ้ง,ไม่ระบุประเภทคดี,อื่นๆ,"ความรู้ทั่วไปเกี่ยวกับศาลปกครอง/คดีปกครอง, กระบวนวิธีพิจารณาคดีปกครอง/แสวงหาข้อเท็จจริง",ผู้ขอคำปรึกษาสอบถามว่า กรณีที่ศาลส่งสำเนาคำให้การเพิ่มเติมของผู้ถูกฟ้องคดีมาเพื่อทราบ หากผู้ขอคำปรึกษาซึ่งเป็นฝ่ายผู้ฟ้องคดีมีข้อเท็จจริงที่จะชี้แจงต่อศาลเพิ่มเติม สามารถทำได้หรือไม่ อย่างไร,ได้ให้คำแนะนำว่า กรณีที่ศาลส่งสำเนาคำให้การเพิ่มเติมของผู้ถูกฟ้องคดีให้ผู้ฟ้องคดีทราบ โดยไม่ได้กำหนดให้ผู้ฟ้องคดีต้องดำเนินการอะไรเพิ่มเติม จึงเป็นเพียงการส่งเอกสารคำคู่ความให้คู่กรณีทราบเท่านั้น อย่างไรก็ตามหากผู้ขอคำปรึกษามีข้อเท็จจริงที่จะชี้แจงต่อศาลเพิ่มเติม ก็สามารถจัดทำเป็นคำแถลงยื่นต่อศาลได้ก่อนวันสิ้นสุดการแสวงหาข้อเท็จจริงของศาล โดยศาลจะแจ้งให้คู่กรณีทราบกำหนดวันสิ้นสุดการแสวงหาข้อเท็จจริงล่วงหน้าไม่น้อยกว่าสิบวัน ซึ่งบรรดาคำฟ้องเพิ่มเติม คำให้การ คำคัดค้านคำให้การ คำให้การเพิ่มเติม รวมทั้งพยานหลักฐานอื่น ๆ ที่ยื่นต่อศาลหลังวันสิ้นสุดการแสวงหาข้อเท็จจริง ไม่ให้ศาลรับไว้เป็นส่วนหนึ่งของสำนวนคดี ตามข้อ 62 แห่งระเบียบของที่ประชุมใหญ่ตุลาการในศาลปกครองสูงสุด ว่าด้วยวิธีพิจารณาคดีปกครอง พ.ศ. 2543
2024-10-02 09:08:00,โทรศัพท์สายด่วน 1355,บุคคลทั่วไป,ไม่ระบุ,ไม่ทราบ / ไม่แจ้ง,,,"ขอความเห็นทางกฎหมาย, กระบวนวิธีพิจารณาคดีปกครอง/แสวงหาข้อเท็จจริง",ผู้ขอคำปรึกษาเป็นผู้ฟ้องคดีต่อศาลปกครอง ปัจจุบันอยู่ในระหว่างขั้นตอนการแสวงหาข้อเท็จจริง ขอสอบถามระยะเวลาในการทำคำให้การยื่นต่อศาล,ข้อ ๔๒ วรรคหนึ่งแห่งระเบียบของที่ประชุมใหญ่ฯว่าด้วยวิธีพิจารณาคดีปกครองฯ กำหนดว่า  เมื่อตุลาการเจ้าของสำนวนเห็นว่าคำฟ้องใดเป็นคำฟ้องที่สมบูรณ์ครบถ้วนให้มีคำสั่งรับคำฟ้องและมีคำสั่งให้ผู้ถูกฟ้องคดีทำคำให้การ โดยส่งสำเนาคำฟ้องและสำเนาพยานหลักฐานไปด้วย ในกรณีที่เห็นสมควร จะกำหนดประเด็นที่ผู้ถูกฟ้องคดีต้องให้การ หรือให้จัดส่งพยานหลักฐานที่เกี่ยวข้องหรือที่จะเป็นประโยชน์แก่การพิจารณาของศาลด้วยก็ได้ เว้นแต่เป็นกรณีที่กำหนดไว้ในข้อ ๖๑  ดังนั้นเมื่อศาลรับคำฟ้องแล้วจะเข้าสู้กระบวนกราแสวงหาข้อเท็จจริงที่ศาลจะยื่นคำให้การแก้คำฟ้อง เมื่อมีการคำให้การแล้ว ศาลจะส่งสำเนาคำให้การไปยังผู้ฟ้องคดีเพื่อทำคำคัดค้านคำให้การต่อศาล เมื่อได้รับคำคัดค้านคำให้การแล้ว ศาลจะส่งสำเนาคำคัดค้านคำให้การให้ผู้ฟ้องคดีเพื่อทำคำให้การเพิ่มเติมยื่นต่อศาล จากนั้นศาลจะส่งสำเนาคำให้การเพิ่มเติมให้กับผู้ฟ้องคดีเพื่อทราบ
2025-01-16 15:58:00,โทรศัพท์สายด่วน 1355,ผู้ฟ้องคดี,ไม่ระบุ,ไม่ทราบ / ไม่แจ้ง,ไม่ระบุประเภทคดี,อื่นๆ,"ความรู้ทั่วไปเกี่ยวกับศาลปกครอง/คดีปกครอง, กระบวนวิธีพิจารณาคดีปกครอง/แสวงหาข้อเท็จจริง",ผู้ขอคำปรึกษาเป็นฝ่ายผู้ฟ้องคดีสอบถามว่า กรณีที่ศาลส่งสำเนาคำให้การของผู้ถูกฟ้องคดีมาเพื่อทราบ โดยไม่ได้กำหนดให้ผู้ฟ้องคดีต้องดำเนินการอะไร หากผู้ฟ้องคดีมีความประสงค์จะทำคำคัดค้านคำให้การดังกล่าวได้หรือไม่,ได้ให้คำแนะนำว่า กรณีที่ศาลส่งสำเนาคำให้การของผู้ถูกฟ้องคดีให้ผู้ฟ้องคดีทราบ โดยไม่ได้กำหนดให้ผู้ฟ้องคดีต้องดำเนินการและไม่ได้กำหนดระยะเวลาไว้ จึงเป็นกรณีที่ศาลเห็นว่าสามารถจะวินิจฉัยชี้ขาดคดีดังกล่าวได้ โดยไม่ต้องดำเนินการแสวงหาข้อเท็จจริงอีก ตามข้อ 61 แห่งระเบียบของที่ประชุมใหญ่ตุลาการในศาลปกครองสูงสุด ว่าด้วยวิธีพิจารณาคดีปกครอง พ.ศ. 2543 อย่างไรก็ตาม กรณีดังกล่าวไม่เป็นการตัดสิทธิในการที่ผู้ฟ้องคดีจะทำคัดค้านคำให้การยื่นต่อศาล รวมทั้งหากผู้ฟ้องคดีมีข้อเท็จจริงที่จะชี้แจงต่อศาลเพิ่มเติม ก็อาจจัดทำคำแถลงยื่นต่อศาลได้ก่อนวันสิ้นสุดการแสวงหาข้อเท็จจริงของศาล ตามข้อ 62 วรรคสาม แห่งระเบียบฉบับเดียวกัน
2024-10-02 14:14:00,โทรศัพท์สายด่วน 1355,บุคคลทั่วไป,ธุรกิจส่วนตัว/ค้าขาย/รับจ้าง,ไม่ทราบ / ไม่แจ้ง,การสาธารณสุข,มาตรา 9 วรรค 1 (4) คดีพิพาทเกี่ยวกับสัญญาทางปกครอง,"ความรู้ทั่วไปเกี่ยวกับศาลปกครอง/คดีปกครอง, การจัดทำคำฟ้องหรือคำร้อง และขั้นตอนที่เกี่ยวข้อง","ผู้ขอคำปรึกษาเป็นคู่สัญญากับสำนักงานหลักประกันสุขภาพแห่งชาติ ""สปสช."" ในการให้บริการสาธารณสุขได้รับความเดือดร้อนเสียหายจากการที่สปสชหัก/ไม่จ่ายเงินค่าให้บริการที่ผู้ขอคำปรึกษามีสิทธิจะได้รับโดยไม่ถูกต้อง จึงขอคำปรึกษาในการยื่นฟ้องคดีต่อศาลปกครอง","กรณีที่ผู้ขอคำปรึกษาเข้าทำสัญญากับสำนักงานหลักประกันสุขภาพแห่งชาติ ""สปสช."" ในการให้บริการสาธารณสุขกับประชาชนนั้นมีลักษณะให้บุคคลเข้าจัดทำบริการสาธารณะมีลักษณะเป็นสัญญาทางปกครองตามนิยามที่กำหนดไว้ในพ.ร.บ.จัดตั้งศาลปกครองฯ  กรณีที่มีข้อพิพาทเกี่ยวกับการหัก/ไม่จ่ายเงินค่าให้บริการ และมีความประสงค์ฟ้องเรียกเงินจำนวนดังกล่าวนั้นเป็นคดีพิพาทเกี่ยวกับสัญญาทางปกครองตามมาตรา 9 วรรคหนึ่ง (4) แห่งพ.ร.บ.จัดตั้งศาลปกครองฯ  ผู้ขอคำปรึกษาจะต้องใช้สิทธิฟ้องคดีต่อศาลปกครองตามมาตรา 51 แห่งพ.ร.บ.จัดตั้งศาลปกครองฯ  การจัดทำคำฟ้องตามมาตรา 45 แห่งพ.ร.บ.จัดตั้งศาลปกครองฯ ผู็ฟ้องคดีจะต้องกำหนดสำนักงานหลักประกันสุขภาพแห่งชาติ ""สปสช.""ซึ่งเป็นคู่สัญญาเป็นผู้ถูกฟ้องคดี บรรยายข้อเท็จจริงที่เกิดขึ้นเพื่อโต้แย้งว่า การหักเงินหรือการจ่ายเงินไม่ถูกต้องตามสัญญาอย่าง และกำหนดคำขอท้ายคำฟ้องขอให้จ่าเงินที่ผู้ฟ้องคดีมีสิทธิตามสัญญาเป็นเงินจำนวนทั้งสิ้นกี่บาท ซึ่งเป็นคำขอที่ศาลสามารถออกคำบังคับได้ตามมาตรา 72 วรรคหนึ่ง (3) แห่งพ.ร.บ.จััดตั้งศาลปกครองฯ"
2024-10-02 14:40:00,โทรศัพท์สายด่วน 1355,บุคคลทั่วไป,ไม่ระบุ,ไม่ทราบ / ไม่แจ้ง,,,ยกเว้นค่าธรรมเนียมศาล,ขอสอบถามเกี่ยวกับการเว้นค่าธรรมเนียมศาล,การฟ้องคดีไม่ต้องเสียค่าธรรมเนียมศาล เว้นแต่การฟ้องคดีขอให้สั่งให้ใช้เงินหรือส่งมอบทรัพย์สินอันสืบเนื่องจากคดีตามมาตรา ๙ วรรคหนึ่ง (๓) หรือ (๔) ให้เสียค่าธรรมเนียมศาลตามทุนทรัพย์ในอัตราตามที่ระบุไว้ในตาราง ๑ ท้ายประมวลกฎหมายวิธีพิจารณาความตามมาตรา ๔๕ วรรคสี่แห่งพ.ร.บ.จัดตั้งศาลปกครองฯ  การชำระค่าธรรมเนียมศาลถือเป็นเงื่อนไขในการรับคำฟ้อง หากผู้ขอคำปรึกษายังไม่สามารถชำระค่าธรรมเนียมศาลได้ให้ยื่นคำขอผลัดส่งค่าธรรมเนียมศาล โดยชี้แจงเหตุผลความจำเป็นที่ไม่อาจชำระค่าธรรมเนียมศาลภายในระยะเวลาที่กำหนดได้ โดยขอผลัดส่งค่าธรรมเนียมศาลออกไปอีก..วันนับแต่วันครบกำหนดเดิม อย่างไรก็ดี หากไม่สามารถเสียค่าธรรมเนียมศาลได้ ให้ยื่นคำขอยกเว้นค่าธรรมเนียมศาล โดยอธิบายเหตุผลว่า ไม่มีทรัพย์สินเพียงพอที่จะเสียค่าธรรมเนียมศาลหรือโดยสถานะของผู้ขอถ้าไม่ได้รับยกเว้นค่าธรรมเนียมศาลจะได้รับความเดือดร้อนเกินสมควรก็ให้ศาลปกครองชั้นต้นอนุญาตให้คู่กรณีที่ยื่นคำขอดำเนินคดีโดยยกเว้นค่าธรรมเนียมศาลทั้งหมดหรือเฉพาะบางส่วน หากเห็นว่าไม่มีเหตุตามคำขอจริง ให้ศาลมีคำสั่งยกคำขอนั้นเสีย คำสั่งให้ยกเว้นค่าธรรมเนียมศาลทั้งหมดให้เป็นที่สุด  การยื่นเอกสารเช่น สมุดบัญชีเงินฝากธนาคาร บิลหรือเอกสารเรียกเก็บเงิน บัญชีซึ่งเป็นการบะรุรายได้และรายจ่ายของผู้ฟ้องคดีในแต่ละเดือน
2024-10-02 15:03:00,มาด้วยตนเอง (ห้องปรึกษา 1-3),บุคคลทั่วไป,ไม่ระบุ,ไม่ทราบ / ไม่แจ้ง,ไม่ระบุประเภทคดี,มาตรา 9 วรรค 1 (1) คดีพิพาทเกี่ยวกับการที่หน่วยงานทางปกครองหรือเจ้าหน้าที่ของรัฐ กระทำการโดยไม่ชอบด้วยกฎหมาย,กระบวนวิธีพิจารณาคดีปกครอง/แสวงหาข้อเท็จจริง,ผู้ขอคำปรึกษามีความประสงค์จะร้องสอดเข้ามาเป็นคู่ความร่วมฝ่ายผู้ฟ้องคดีนั้นจะต้องทำอย่างไร,การร้องสอดโดยการขอเข้ามาในคดีตามมาตรา ๑๑ แห่งพระราชบัญญัติจัดตั้งศาลปกครองและวิธีพิจารณาคดีปกครอง พ.ศ. ๒๕๔๒ สามารถฟ้องต่อศาลปกครองสูงสุดโดยตรงได้ก่อนศาลปกครองสูงสุดมีคำพิพากษาหรือมีคำสั่งชี้ขาดคดี อนึ่ง การอนุญาตให้ร้องสอดเข้ามาในคดีเป็นดุลพินิจของศาลที่จะอนุญาตหรือไม่และการร้องสอดเข้ามาในคดีเป็นสิทธิของบุคคลภายนอก เพราะหากบุคคลภายนอกไม่ร้องสอดเข้ามาในคดีอาจเสียประโยชน์ของตนเมื่อศาลปกครองมีคำพิพากษา ดังนั้น ผู้ขอคำปรึกษาจึงมีสิทธิยื่นคำขอร้องสอดเข้ามาเป็นหนังสือโดอธิยานว่าผู้ขอคำปรึกษาเป็นผู้เดือดร้อนเสียหายผู้ถูกฟ้องคดีของศาลปกครองกลางคดีหมายเลขดำที่ …../….. จากการกระทำดังกล่าว ผู้ฟ้องคดีเห็นว่าการออกคำสั่งให้ผู้ร้องสอดไม่ชอบด้วยกฎหมายเนื่องจากอะไร จึงขอร้องสอดเข้ามาเป็นคู่ความในคดีเพื่อประโยชน์แห่งความยุติธรรม
2024-10-03 08:45:00,โทรศัพท์สายด่วน 1355,บุคคลทั่วไป,ไม่ระบุ,ไม่ทราบ / ไม่แจ้ง,,,ขอความเห็นทางกฎหมาย,ผู้ฟ้องคดีมีความประสงค์ในการฟ้องคดีต่อศาลปกครองเป็นคดีพิพาทพาทเกี่ยวกับการที่เจ้าหน้าที่ของรัฐละลเยการปฏิบัติหน้าที่ตามที่กฎหมายกำหนดให้ต้องปฏิบัติ  ขอสอบถามว่า หน่วยงานทางปกครองหรือเจ้าหน้าที่ของรัฐจะฟ้องกลับผู้ฟ้องคดีหรือไม่,คดีปกครองเป็นคดีที่บุคคลได้รับความเดือดร้อนหรือเสียหาย หรืออาจจะเดือดร้อนหรือเสียหายโดยมิอาจหลีกเลี่ยงได้อันเนื่องจากการกระทำหรือการงดเว้นการกระทำของหน่วยงานทางปกครองหรือเจ้าหน้าที่ของรัฐหรือมีข้อโต้แย้งเกี่ยวกับสัญญาทางปกครอง หรือกรณีอื่นใดที่อยู่ในเขตอำนาจศาลปกครองตามมาตรา ๙ และการแก้ไขหรือบรรเทาความเดือดร้อนหรือความเสียหายหรือยุติข้อโต้แย้งนั้น ต้องมีคำบังคับตามที่กำหนดในมาตรา ๗๒ ผู้นั้นมีสิทธิฟ้องคดีต่อศาลปกครองและต้อเป็นคดีที่อยู่ในอำนาจการพิจารณาคดีของศาลปกครองตามมาตรา ๙ วรรคหนึ่งแห่งพ.ร.บ.จัดตั้งศาลปกครองฯ การฟ้องคดีต่อศาลปกครองเป็นการฟ้องขอให้ศาลปกครองตรวจสอบความชอบด้วยกฎหมายของการกระทำทางปกครอง ซึ่งกำหนดตัวหน่วยงานทางปกครองหรือตำแน่งเจ้าหน้าที่ของรัฐ และกำหนดปฏิบัติตามคำบังคับในคดี หรือศาลพิพากษายกฟ้อง ซึ่งแตกต่างจากคดีแพ่งเที่ฟ้องเจ้าหน้าที่ผู้ทำละเมิดหรือฟ้องคดีอาญากล่าวหาว่าบุคคลกระทำความผิดกฎหมายอาญาที่มุ่งประสงค์ฟ้องให้บุคคลต้องรับผิด ดังนั้น หน่วยงานทางปกครองหรือเจ้าหน้าที่ของรัฐจึงไม่อาจฟ้องกลับผู้ฟ้องคดีได้ 
2025-01-16 08:57:00,โทรศัพท์สายด่วน 1355,บุคคลทั่วไป,ไม่ระบุ,ไม่ทราบ / ไม่แจ้ง,ไม่ระบุประเภทคดี,อื่นๆ,ความรู้ทั่วไปเกี่ยวกับศาลปกครอง/คดีปกครอง,ผู้ขอคำปรึกษาสอบถามว่า กรณีที่มีการฟ้องร้องคดีกันแล้ว ซึ่งตนไม่ได้เป็นคู่กรณีในคดีนั้นด้วย แต่เห็นว่าเป็นผู้มีส่วนได้เสียในคดี จะสามารถดำเนินการอย่างไรได้บ้าง,ได้ให้คำแนะนำว่า กรณีที่ผู้ขอคำปรึกษาเห็นว่าตนเป็นผู้มีส่วนได้เสียตามกฎหมายในผลแห่งคดี แม้ว่าจะมิใช่คู่กรณีก็อาจเข้ามาเป็นคู่กรณีได้ด้วยการร้องสอด ตามข้อ 78 แห่งระเบียบของที่ประชุมใหญ่ตุลาการในศาลปกครองสูงสุด ว่าด้วยวิธีพิจารณาคดีปกครอง พ.ศ. 2543 ประกอบมาตรา 57 วรรคหนึ่ง (2) แห่งประมวลกฎหมายวิธีพิจารณาความแพ่ง ทั้งนี้ ให้ผู้ขอคำปรึกษายื่นคําร้องขอเข้ามาเป็นผู้ร้องสอดต่อศาลพร้อมแสดงเหตุผลประกอบ โดยยื่นต่อศาลก่อนที่ศาลจะมีคําพิพากษา 
2025-01-02 13:10:00,มาด้วยตนเอง (ห้องปรึกษา 1-3),ผู้ฟ้องคดี,ไม่ระบุ,,,,วิธีการชั่วคราวก่อนการพิพากษา,      ผุ้ขอคำปรึกษาได้ขอวิธีการชั่วคราวก่อนการพิพากษา   บรรเทาทุกข์ชั่วคราว ศาลมีคำสั่งยกคำขอ จึงมาปรึกษาจะอุทธรณ์คำสั่งยกคำขอ,"      แนะนำว่า  โดยที่ระเบียบของที่ประชุมใหญ่ตุลาการในศาลปกครองสูงสุดว่าด้วยวิธีพิจารณาคดีปกครอง พ.ศ. ๒๕๔๓ ข้อ ๗๖ วรรคสอง กำหนดว่า คำสั่งไม่รับหรือยกคำขอของผู้ฟ้องคดีหรือคู่กรณีให้เป็นที่สุด
      ดังนั้น เมื่อคำของเกี่ยวกับคุ้มครองชั่วคราวศาลมีคำสั่งยกคำขอจึงเป็นที่สุด อุทธรณ์ไม่ได้"
2025-01-17 09:30:00,โทรศัพท์สายด่วน 1355,บุคคลทั่วไป,ไม่ระบุ,ไม่ทราบ / ไม่แจ้ง,ไม่ระบุประเภทคดี,อื่นๆ,ความรู้ทั่วไปเกี่ยวกับศาลปกครอง/คดีปกครอง,ผู้ขอคำปรึกษาสอบถามว่า กรณีที่ศาลปกครองสูงสุดมีคำพิพากษาแล้ว จะสามารถขอให้ศาลพิจารณาคดีใหม่ได้หรือไม่,ได้ให้คำแนะนำว่า ในกรณีที่ศาลปกครองได้มีคำพิพากษาหรือคำสั่งชี้ขาดคดีปกครองเสร็จเด็ดขาดแล้ว คู่กรณีหรือบุคคลภายนอกผู้มีส่วนได้เสียหรืออาจถูกกระทบจากผลแห่งคดีนั้นอาจมีคำขอให้ศาลปกครองพิจารณาพิพากษาคดีหรือมีคำสั่งชี้ขาดคดีปกครองนั้นใหม่ได้ ตามมาตรา 75 แห่งพระราชบัญญัติจัดตั้งศาลปกครองและวิธีพิจารณาคดีปกครอง พ.ศ. 2542 ในกรณีดังต่อไปนี้ (1) ศาลปกครองฟังข้อเท็จจริงผิดพลาดหรือมีพยานหลักฐานใหม่ อันอาจทำให้ข้อเท็จจริงที่ฟังเป็นยุติแล้วนั้นเปลี่ยนแปลงไปในสาระสำคัญ  (2) คู่กรณีที่แท้จริงหรือบุคคลภายนอกนั้นมิได้เข้ามาในการดำเนินกระบวนพิจารณาคดีหรือได้เข้ามาแล้วแต่ถูกตัดโอกาสโดยไม่เป็นธรรมในการมีส่วนร่วมในการดำเนินกระบวนพิจารณา (3) มีข้อบกพร่องสำคัญในกระบวนพิจารณาพิพากษาที่ทำให้ผลของคดีไม่มีความยุติธรรม (4) คำพิพากษาหรือคำสั่งนั้นได้ทำขึ้นโดยอาศัยข้อเท็จจริงหรือข้อกฎหมายใด และต่อมาข้อเท็จจริงหรือข้อกฎหมายนั้นเปลี่ยนแปลงไปในสาระสำคัญซึ่งทำให้ผลแห่งคำพิพากษาหรือคำสั่งขัดกับกฎหมายที่ใช้บังคับอยู่ในขณะนั้น โดยการยื่นคำขอให้พิจารณาคดีใหม่ให้กระทำได้เฉพาะเมื่อคู่กรณีหรือบุคคลภายนอกไม่ทราบถึงเหตุนั้นในการพิจารณาคดีครั้งที่แล้วมา โดยมิใช่ความผิดของผู้นั้น และต้องกระทำภายในเก้าสิบวันนับแต่วันที่ผู้นั้นได้รู้หรือควรรู้ถึงเหตุซึ่งอาจขอให้พิจารณาพิพากษาหรือมีคำสั่งใหม่ได้ แต่ไม่เกินห้าปีนับแต่ศาลปกครองได้มีคำพิพากษาหรือคำสั่งชี้ขาด 
2025-01-17 08:54:00,โทรศัพท์สายด่วน 1355,ผู้ฟ้องคดี,ไม่ระบุ,ไม่ทราบ / ไม่แจ้ง,,,การอุทธรณ์คำพิพากษา/คำสั่งต่อศาลปกครองสูงสุด,  สอบถามการอุทธรณ์คำพิพากษา,     แนะนำว่าคำพิพากษาของศาลปกครองชั้นต้น ให้อุทธรณ์ต่อศาลปกครองสูงสุด คำอุทธรณ์ให้ยื่นต่อศาลปกครองชั้นต้นภายใน ๓๐ วันนับแต่วันที่อ่านคำพิพากษา (ไม่อาจขยายเวลาได้) คำอุทธรณ์ให้ทำเป็นหนังสือระบุ (๑) ชื่อผู้อุทธรณ์และคู่กรณีในอุทธรณ์(๒) ข้อคัดค้านคำพิพากษาของศาลปกครองชั้นต้น (๓) คำขอของผู้อุทธรณ์	(๔) ลายมือชื่อผู้อุทธรณ์  พร้อมทั้งจัดทำสำเนามาตามจำนวนคู่กรณีในอุทธรณ์ด้วย ทั้งนี้ ตาม ข้อ ๑๐๐ ข้อ ๑๐๑ และข้อ ๑๐๒ ระเบียบของที่ประชุมใหญ่ตุลาการในศาลปกครองสูงสุด ว่าด้วยวิธีพิจารณาคดีปกครอง พ.ศ. ๒๕๔๓ 
2024-10-03 11:12:00,โทรศัพท์สายด่วน 1355,บุคคลทั่วไป,ข้าราชการ/ลูกจ้าง ในหน่วยงานของรัฐ,ไม่ทราบ / ไม่แจ้ง,การศึกษา การศาสนา สังคม แรงงานและสวัสดิการสังคม,มาตรา 9 วรรค 1 (4) คดีพิพาทเกี่ยวกับสัญญาทางปกครอง,"ความรู้ทั่วไปเกี่ยวกับศาลปกครอง/คดีปกครอง, ขอความเห็นทางกฎหมาย",ผู้ขอคำปรึกษาเป็นอดีตพนักงานรายปีของวิทยาลัยเทคนิคได้รับความเดือดร้อนเสียหายจากการมีหนังสือเลิกจ้างโดยไม่มีระบุเหตุผล จึงขอคำปรึกษาว่าจะสามารถใช้สิทธิฟ้องคดีต่อศาลปกครองเพื่อขอให้กลับเข้าทำงานได้หรือไม่,วิทยาลัยเทคนิคสมุทรปราการเป็นหน่วยงาน สังกัดสำนักงานคณะกรรมการการอาชีวศึกษา กระทรวงศึกษาธิการ ผู้ขอคำปรึกษาทำสัญญากับสำนักงานคณะกรรมการการอาชีวศึกษาตำแหน่งพนักงานรายปี ปฏิบัติงานสนับสนุนทางด้านการศึกษา ถือเป็นสัญญาให้จัดทำบริการสาธารณะเป็นสัญญาทางทางปกครองตามนิยามที่กำหนดในพรบจัดตั้งศาลปกครองฯ เมื่อเห็นว่า ผู้อำนวยการวิทยาลัยฯใช้สิทธิเลิกจ้างโดไม่ถูกต้องตามข้อสัญญาหรือระเบียบข้อบังคับนั้นเป็นคดีพิพาทเกี่ยวกับสัญญาทางปกครองตามมาตรา 9 วรรคหนึ่ง (4) ผู้ขอคำปรึกษาจะต้องใช้สิทธิฟ้องคดีต่อศาลปกครองภายใน 5 ปีีนับแต่วันที่รู้ถึงเหตุแห่งการฟ้องคดีตามมาตรา 51 แห่งพ.ร.บ.จัดตั้งศาลปกครองฯซึ่งจะต้องมีการโต้แย้งสิทธิโดยการยื่นร้องทุกข์ตามระเบียบข้อบังคับจึงจะถือว่ามีการโต้แย้งสิทธิที่จะมีสิทธิฟ้องคดีค่อศาลปกครองตามมาตรา 42 วรรคหนึ่ง แห่งพ.ร.บ.จัดตั้งศาลปกครองฯ
2024-10-03 13:35:00,โทรศัพท์สายด่วน 1355,ไม่ระบุ,ไม่ระบุ,ไม่ทราบ / ไม่แจ้ง,,,การอุทธรณ์คำพิพากษา/คำสั่งต่อศาลปกครองสูงสุด,ขอสอบถามการนับระยะเวลาในการยื่นอุทธรณ์คำพิพากษา,"1. มาตรา 73 วรรคหนึ่งแห่งพ.ร.บ.จัดตั้งศาลปกครองฯบัญญัติว่า การคัดค้านคำพิพากษาหรือคำสั่งของศาลปกครองชั้นต้นนั้น ให้ยื่นอุทธรณ์ต่อศาลปกครองชั้นต้นที่มีคำพิพากษาหรือคำสั่งภายในกำหนดสามสิบวันนับแต่วันที่ได้มีคำพิพากษาหรือคำสั่ง ถ้ามิได้ยื่นอุทธรณ์ตามกำหนดเวลาดังกล่าว ให้ถือว่าคดีนั้นเป็นอันถึงที่สุด  ดังนั้นเมื่อศาลอ่านคำพิพากษาแล้ว หากคู่ความไม่เห็นด้วยกับคำพิพากษา จะต้องทำคำอุทธรณ์ยื่นต่อศาลปกครองสูงสุดโดยศาลปกครองชั้นต้นภายใน 30 วันนับแต่วันที่ได้มีอ่านคำพิพากษา
2. การนับระยะเวลาในกระบวนการพิจารณาคดีของพ.ร.บ.จัดตั้งศาลปกครองฯและระเบียบที่ประชุมใหญ่ฯว่าด้วยวิธีพิจารณาคดีปกครองฯนั้นไม่มีบทบัญญัติกำหนดไว้เป็นการเฉพาะ ศาลจึงนำหลักเกณฑ์การนับอายุความตามป.พ.พ. มาตรา ๑๙๓/๑๒ และมาตรา ๑๙๓/๑๓ ซึ่งเป็นหลักทั่วไปมาใช้กับการนับระยะเวลาด้วย กล่าวคือต้องอยู่ภายในบังคับของมาตรา ๑๙๓/๑ ถึงมาตรา ๑๙๓/๓ แห่งประมวลกฎหมาย ตัวอย่างเช่น การนับอายุความนั้นต้องเริ่มนับหนึ่งในวันรุ่งขึ้น ตามมาตรา ๑๙๓/๓ วรรคสองแห่งประมวลกฎหมายแพ่งและพาณิชย์และถ้าวันสุดท้ายแห่งการกำหนดระยะเวลาตรงกับวันหยุดทางการตามประกาศเป็นทางการหรือตามประเพณีก็ให้นับวันเริ่มทางการใหม่ต่อจากที่หยุดทำการนั้นเป็นวันสุดท้ายของระยะเวลาด้วย มาตรา ๑๙๓/๘ แห่งประมวลกฎหมายเดียวกันกำหนดหลักเกณฑ์ในการนับอายุความ"
2024-10-03 14:51:00,โทรศัพท์สายด่วน 1355,บุคคลทั่วไป,ไม่ระบุ,ไม่ทราบ / ไม่แจ้ง,ไม่ระบุประเภทคดี,มาตรา 9 วรรค 1 (1) คดีพิพาทเกี่ยวกับการที่หน่วยงานทางปกครองหรือเจ้าหน้าที่ของรัฐ กระทำการโดยไม่ชอบด้วยกฎหมาย,ขอความเห็นทางกฎหมาย,ผู้ขอคำปรึกษาเป็นเจ้าของที่ดินซึ่งเป็นเอกสารสิทธิ นส 3 ก ได้รับความเดือดร้อนเสียหายจากการที่เจ้าพนักงานที่ดินรังวัดออกเอกสารสิทธิไม่ตรงกับการทำประโยชน์ในที่ดินแท้จริง เนื่องจากผู้ขอคำปรึกษามาทราบว่าเอกสารสิทธินั้นออกไม่ถูกต้องตรงกับความเป็นจริงจากการที่ทางหลวงชนบทมาดำเนินการก่อสร้างแนวกั้นคลองกับที่ดินของผู้ขอคำปรึกษา จึงทำทให้ต้องมีการตรวจสอบข้อเท็จจริงเกิดขึ้น กรณีดังกล่าว หากจะต้องดำเนินการทำให้ที่ดินตรงกับความเป็นจริงจะต้องดำเนินการอย่างไร,กรณีนี้ผู้ขอคำปรึกษาจะต้องไปยื่นคำขอรังวัดเพื่อตรวจสอบแนวเขตเอกสารสิทธิที่ดิน นส ก 3 กับเจ้าพนักงานที่ดินจังหวัดนครราชสีมาอีกครั้ง หากเจ้าพนักงานที่ดินฯไม่ดำเนินการตามคำขอจะเป็นคดีพิพาทเกี่ยวกับการที่เจ้าหน้าที่ของรัฐละเลยการปฏิบัติหน้าที่ตามที่กฎหมายกำหนดให้ต้องปฏิบัติตามมาตรา 9 วรรคหนึ่ง (2) แห่งพร.บ.จัดตั้งศาลปกครองฯ ผู้ขอคำปรึกษาจะต้องยื่นฟ้องคดีต่อศาลปกครองภายใน 90 วันนับแต่วันที่รู้หรือควรรู้ถึงเหตุแห่งการฟ้องคดี หรือนับแต่วันที่พ้นกำหนดเก้าสิบวันนับแต่วันที่ผู้ฟ้องคดีได้มีหนังสือร้องขอต่อหน่วยงานทางปกครองหรือเจ้าหน้าที่ของรัฐเพื่อให้ปฏิบัติหน้าที่ตามที่กฎหมายกำหนดและไม่ได้รับหนังสือชี้แจงจากหน่วยงานทางปกครอง หรือเจ้าหน้าที่ของรัฐหรือได้รับแต่เป็นคำชี้แจงที่ผู้ฟ้องคดีเห็นว่าไม่มีเหตุผล แล้วแต่กรณี ตามมาตรา 49 แห่งพ.ร.บ.จัดตั้งศาลปกครองฯ
2025-01-17 10:20:00,มาด้วยตนเอง (ห้องปรึกษา 1-3),ผู้ฟ้องคดี,ไม่ระบุ,ไม่ทราบ / ไม่แจ้ง,การละเลยต่อหน้าที่หรือปฏิบัติหน้าที่ล่าช้าเกินสมควร,มาตรา 9 วรรค 1 (2) คดีพิพาทเกี่ยวกับการที่หน่วยงานทางปกครองหรือเจ้าหน้าที่ของรัฐ ละเลยต่อหน้าที่ตามที่กฎหมายกำหนด,"ความรู้ทั่วไปเกี่ยวกับศาลปกครอง/คดีปกครอง, การจัดทำคำฟ้องหรือคำร้อง และขั้นตอนที่เกี่ยวข้อง, กระบวนวิธีพิจารณาคดีปกครอง/แสวงหาข้อเท็จจริง",ผู้ขอคำปรึกษาเป็นฝ่ายผู้ฟ้องคดี สอบถามว่า กรณีที่ศาลส่งสำเนาคำให้การเพิ่มเติมของผู้ถูกฟ้องคดีมาเพื่อทราบ หากผู้ขอคำปรึกษาประสงค์จะคัดค้านคำให้การเพิ่มเติมได้หรือไม่ รวมทั้งจะขอให้ศาลไต่สวนคู่กรณีได้หรือไม่,ได้ให้คำแนะนำว่า กรณีที่ศาลส่งสำเนาคำให้การเพิ่มเติมของผู้ถูกฟ้องคดีให้ผู้ฟ้องคดีทราบ โดยไม่ได้กำหนดให้ต้องดำเนินการและไม่ได้กำหนดระยะเวลาไว้ จึงเป็นเพียงการส่งเอกสารคำคู่ความให้คู่กรณีทราบเท่านั้น อย่างไรก็ตาม กรณีดังกล่าวไม่เป็นการตัดสิทธิในการที่ผู้ขอคำปรึกษาจะทำคัดค้านคำให้การเพิ่มเติมยื่นต่อศาล รวมทั้งหากผู้ขอคำปรึกษามีข้อเท็จจริงที่จะชี้แจงต่อศาลเพิ่มเติม ก็อาจจัดทำคำแถลงยื่นต่อศาลได้ก่อนวันสิ้นสุดการแสวงหาข้อเท็จจริงของศาล ตามข้อ 62 วรรคสาม แห่งระเบียบของที่ประชุมใหญ่ตุลาการในศาลปกครองสูงสุด ว่าด้วยวิธีพิจารณาคดีปกครอง พ.ศ. 2543 นอกจากนี้หากผู้ขอคำปรึกษาประสงค์จะขอให้ศาลไต่สวนคู่กรณีในคดีนี้ ก็สามารถยื่นคำร้องขอให้ศาลมีการไต่สวนพร้อมทั้งชี้แจงแสดงเหตุผลประกอบให้ศาลทราบด้วย
2024-10-04 09:32:00,โทรศัพท์สายด่วน 1355,บุคคลทั่วไป,ไม่ระบุ,ไม่ทราบ / ไม่แจ้ง,,,การอุทธรณ์คำพิพากษา/คำสั่งต่อศาลปกครองสูงสุด,ผู้ขอคำปรึกษาขอสอบถามเกี่ยวกับขั้นตอนการอุทธรณ์คำสั่งทุเลาการบังคับตามคำสั่งทางปกครองต้องทำอย่างไร,ข้อ ๗๓ วรรคหนึ่งแห่งระเบียบของที่ประชุมใหญ่ฯว่าด้วยวิธีพิจารณาคดีปกครองฯ กำหนดว่า คำสั่งทุเลาการบังคับตามกฎหรือคำสั่งทางปกครอง ให้ผู้มีส่วนได้เสียมีสิทธิอุทธรณ์ต่อศาลปกครองสูงสุดได้ภายในสามสิบวันนับแต่วันที่ผู้นั้นได้รับแจ้งหรือทราบคำสั่งศาล โดยผู้อุทธรณ์อาจมีคำขอให้ศาลปกครองสูงสุดมีคำสั่งระงับคำสั่งของศาลปกครองชั้นต้นที่สั่งทุเลาการบังคับตามกฎหรือคำสั่งทางปกครองไว้เป็นการชั่วคราวก่อนการวินิจฉัยอุทธรณ์ก็ได้คำสั่งยกคำขอทุเลาการบังคับตามกฎหรือคำสั่งทางปกครองให้เป็นที่สุด ดังนั้น หากศาลมีคำสั่งทุเลาให้กับผู้ฟ้องคดี ผู้ได้รับผลกระทบจากคำสั่งศาลมีสิทธิยื่นอุทธรณ์คำสั่งทุเลาฯภายใน 30 วันนับแต่วันที่ได้รับแจ้งคำสั่งศาล  แต่ถ้าหากยกคำขอทุเลาฯของผู้ฟ้องคดี คำสั่งนั้นเป็นที่สุด แต่ไม่ตัดสิทธิในการยื่นคำขอใหม่
2024-10-04 12:48:00,โทรศัพท์สายด่วน 1355,บุคคลทั่วไป,ไม่ระบุ,ไม่ทราบ / ไม่แจ้ง,,มาตรา 9 วรรค 1 (2) คดีพิพาทเกี่ยวกับการที่หน่วยงานทางปกครองหรือเจ้าหน้าที่ของรัฐ ละเลยต่อหน้าที่ตามที่กฎหมายกำหนด,"ความรู้ทั่วไปเกี่ยวกับศาลปกครอง/คดีปกครอง, ขอความเห็นทางกฎหมาย",ผู้ขอคำปรึกษาได้รับความเดือดร้อนเสียหายจากการที่ร้องเรียนเจ้าพนักงานตำรวจดำเนินการออกใบสั่งค่าปรับเจ้าของรถที่ฝ่าฝืนกฎหมายว่าด้วยจราจรทางบก แต่ปรากฎว่าเจ้าพนักงานตรวจนิ่งเฉย จึงขอคำปรึกษาว่าจะฟ้องคดีต่อศาลปกครองได้หรือไม่,ก.ร.ตร.มีหน้าที่และอำนาจพิจารณาเรื่องร้องเรียนเกี่ยวกับความเดือดร้อนหรือไม่ได้รับความเป็นธรรมของประชาชนจากการกระทำหรือไม่กระทำของข้าราชการตำรวจโดยมิชอบ หรือประพฤติปฏิบัติไม่เหมาะสมและเสื่อมเสียแก่เกียรติศักดิ์ของตำรวจ กระทำผิดวินัย หรือละเมิดประมวลจริยธรรมและจรรยาบรรณของตำรวจ ทุกกรณี  เมื่อมีผู้ร้องเรียนไม่ได้รับความเป็นธรรม หรือพบเห็นตำรวจกระทำผิด ตลอดจน กรณีความปรากฏต่อ ก.ร.ตร.ไม่ว่าทางใด ก.ร.ตร.มีอำนาจที่จะดำเนินการได้ทันที ก.ร.ตร.เริ่มปฏิบัติหน้าที่แล้ว ผมยืนยันและรับรองได้ ก.ร.ตร.ในส่วนของตำรวจ มาจากการเลือกตั้งของตำรวจทั่วประเทศ เป็นผู้มีความรู้ ความสามารถ ซื่อสัตย์ สุจริต ส่วน ก.ร.ตร.ที่มาจากภาคส่วนต่างๆ ก็ได้รับการคัดเลือกมาเป็นอย่างดี ดังนั้น กรณีนี้เหนว่า พนักงานตำรวจไม่ดำเนินการตามเรื่องร้องเรียนเรียนเป็นคดีพิพาทเกี่ยวกับการที่เจ้าหน้าที่ของรัฐละเลยการปฏิบัติหน้าที่ตามที่กฎหมายกำหนดตามมาตรา 9 วรรคหนึ่ง (2)  แห่งพ.ร.บ.จัดตั้งศาลปกครอง  ผู้ขอคำปรึกษาต้องยื่นฟ้องคดีต่อศาลปกครองภายใน 90 วันนับแต่วันที่รู้หรือควรรู้ถึงเหตุแห่งการฟ้องคดี หรือนับแต่วันที่พ้นกำหนดเก้าสิบวันนับแต่วันที่ผู้ฟ้องคดีได้มีหนังสือร้องขอต่อหน่วยงานทางปกครองหรือเจ้าหน้าที่ของรัฐเพื่อให้ปฏิบัติหน้าที่ตามที่กฎหมายกำหนดและไม่ได้รับหนังสือชี้แจงจากหน่วยงานทางปกครอง หรือเจ้าหน้าที่ของรัฐหรือได้รับแต่เป็นคำชี้แจงที่ผู้ฟ้องคดีเห็นว่าไม่มีเหตุผล แล้วแต่กรณี ตามมาตรา 49 แห่งพ.ร.บ.จัดตั้งศาลปกครองฯ
2024-10-04 13:49:00,โทรศัพท์สายด่วน 1355,ไม่ระบุ,ไม่ระบุ,ไม่ทราบ / ไม่แจ้ง,,,ขอความเห็นทางกฎหมาย,ขอสอบถามขั้นตอนหลังวันสิ้นสุดการแสวงหาข้อเท็จจริง, ข้อ ๖๒ ของระเบียบที่ประชุมใหญ่ฯว่าด้วยวิธีพิจารณาคดีปกครองฯกำหนดว่า เมื่อองค์คณะได้รับสำนวนคดีจากตุลาการเจ้าของสำนวนแล้ว หากเห็นว่าไม่มีกรณีที่จะต้องแสวงหาข้อเท็จจริงเพิ่มเติม ให้ตุลาการหัวหน้าคณะมีคำสั่งกำหนดวันหนึ่งวันใดเป็นวันสิ้นสุดการแสวงหาข้อเท็จจริงในคดีนั้น วรรคสองกำหนดว่า ให้ศาลแจ้งให้คู่กรณีทราบกำหนดวันสิ้นสุดการแสวงหาข้อเท็จจริงล่วงหน้าไม่น้อยกว่าสิบวัน และวรรคสามกำหนดว่า บรรดาคำฟ้องเพิ่มเติม คำให้การ คำคัดค้านคำให้การ คำให้การเพิ่มเติม รวมทั้งพยานหลักฐานอื่น ๆ ที่ยื่นต่อศาลหลังวันสิ้นสุดการแสวงหาข้อเท็จจริง ไม่ให้ศาลรับไว้เป็นส่วนหนึ่งของสำนวนคดี และไม่ต้องส่งสำเนาให้คู่กรณีที่เกี่ยวข้อง ด้วยเหตุดังกล่าว ผู้ฟ้องคดีจะต้องรอให้ตุลาการผู้แถลงคดีทำบันทึกของตุลาการผู้แถลงคดีให้เสร็จสิ้น จากนั้นองค์คณะจึงจะนัดนั่งพิจารณาคดีครั้งแรก ซึ่งหมายแจ้งนัดนั่งพิจารณาคดีครั้งแรกนั้นจะส่งสรุปข้อเท็จจริงของตุลาการเจ้าของสำนวนและแจ้งให้ผู้ฟ้องคดีทำคำแถลงเป็นหนังสือยื่นต่อศาล และอาจมีการกำหนดวันอ่านคำพิพากษาพร้อมกับวันนั่งพิจารณาคดีครั้งแรกได้
2024-10-07 10:56:00,โทรศัพท์สายด่วน 1355,บุคคลทั่วไป,ไม่ระบุ,ไม่ทราบ / ไม่แจ้ง,,,เป็นคดีที่อยู่ในอำนาจของศาลปกครองหรือไม่,กรณีมีความประสงค์ฟ้องโต้แย้งการวินิจฉัยของคณะกรรมการวินิจฉัยอุทธรณ์ตาม พ.ร.บ.ภาษีที่ดินและสิ่งปลูกสร้างฯ ,"1. มาตรา 81 วรรคหนึ่งแห่งพ.ร.บ.ภาษีที่ดินและสิ่งปลูกสร้าง พ.ศ. 2562  คณะกรรมการพิจารณาอุทธรณ์การประเมินภาษี มีอำนาจสั่งไม่รับอุทธรณ์ยกอุทธรณ์ เพิกถอนหรือแก้ไขการประเมินขององค์กรปกครองส่วนท้องถิ่น หรือให้ผู้อุทธรณ์ได้รับการลดหรือยกเว้นภาษีหรือได้คืนภาษี และมาตรา 82 แห่ พ.ร.บ.เดียวกัน บัญญัติว่า ผู้อุทธรณ์มีสิทธิอุทธรณ์คำวินิจฉัยของคณะกรรมการพิจารณาอุทธรณ์ การประเมินภาษี โดยฟ้องเป็นคดีต่อศาลภายในสามสิบวันนับแต่วันที่ได้รับแจ้งคำวินิจฉัยอุทธรณ์   มาตรา 9 วรรคสองแห่งพ.ร.บ.จัดตั้งศาลปกครองฯบัญญัติว่า เรื่องดังต่อไปนี้ไม่อยู่ในอำนาจศาลปกครอง ... (3) คดีที่อยู่ในอำนาจของศาลเยาวชนและครอบครัว ศาลแรงงาน ศาลภาษีอากร ศาลทรัพย์สินทางปัญญาและการค้าระหว่างประเทศ ศาลล้มละลาย หรือศาลชำนัญพิเศษอื่น  มาตรา 7 แห่งแห่งพ.ร.บ.จัดตั้งศาลภาษีอากรและวิธีพิจารณาคดีภาษีอากร พ.ศ. 2528 บัญญัติว่า ศาลภาษีอากรมีอำนาจพิจารณาพิพากษาคดีแพ่งในเรื่องต่อไปนี้...(1) คดีอุทธรณ์คำวินิจฉัยของเจ้าพนักงานหรือคณะกรรมการตามกฎหมายเกี่ยวกับภาษีอากร
2. เมื่อปรากฎว่าผู้ขอคำปรึกษาไม่เห็นด้วยกับการพิจารณาอุทธรณ์ของหน่วยงานท้องถิ่น ผู้ขอคำปรึกษาจะต้องยื่นคัดค้านการประเมินภาษีอากรต่อคณะกรรมการพิจารณาอุทธรณ์การประเมินภาษีตามพ.ร.บ.ภาษีที่ดินและสิ่งปลูกสร้างฯอผู้บริหารท้องถิ่นภายใน 30 วันนับแต่วันที่ได้รับแจ้งการประเมินภาษีหรือการเรียกเก็บภาษี หากได้รับผลการพิจารณาแล้วไม่เห็นด้วย กรณีเป็นคดีพิพาทเกี่ยวกับอุทธรณ์คำวินิจฉัยของเจ้าพนักงานหรือคณะกรรมการตามกฎหมายเกี่ยวกับภาษีอากรตามมาตรา 7 วรรคหนึ่ง (1) แห่งพ.ร.บ.จัดตั้งศาลภาษีอากร ผู้ขอคำปรึกษาจะต้องใช้สิทธิยื่นฟ้องคดีต่อศาลศาลภาษีอากรกลาง กรุงเทพมหานครภายใน 30 วันนับแต่วันที่ได้รับแจ้งคำวินิจฉัยตามมาตรา 82 แห่งพ.ร.บ.ภาษีที่ดินฯ  ดังนั้น คดีนี้นี้จึงเป็นคดีที่ไม่อยู่ในอำนาจศาลปกครองตามมาตรา 9 วรรคสองแห่งพ.ร.บ.จัดตั้งศาลปกครองฯ"
2025-01-17 12:21:00,โทรศัพท์สายด่วน 1355,ไม่ระบุ,ไม่ระบุ,ไม่ทราบ / ไม่แจ้ง,ไม่ระบุประเภทคดี,อื่นๆ,"ความรู้ทั่วไปเกี่ยวกับศาลปกครอง/คดีปกครอง, การอุทธรณ์คำพิพากษา/คำสั่งต่อศาลปกครองสูงสุด",ผู้ขอคำปรึกษาสอบถามว่า กรณที่ศาลปกครองกลางมีคำพิพากษาแล้ว ประสงค์จะอุทธรณ์คำพิพากษาต่อศาล สามารถส่งคำอุทธรณ์ทางไปรษณีย์ได้หรือไม่ และจะถือว่าวันใดเป็นวันส่งคำอุทธรณ์ต่อศาล,ได้ให้คำแนะนำว่า การคัดค้านคำพิพากษาของศาลปกครองชั้นต้นให้ยื่นอุทธรณ์ภายในกำหนดสามสิบวันนับแต่วันที่ได้มีคำพิพากษา ถ้ามิได้อุทธรณ์ตามกำหนดเวลาดังกล่าว ให้ถือว่าคดีนั้นเป็นอันถึงที่สุด และเนื่องจากระยะเวลาดังกล่าวเป็นระยะเวลาที่กำหนดไว้ในมาตรา 73 แห่งพระราชบัญญัติจัดตั้งศาลปกครองและวิธีพิจารณาคดีปกครอง พ.ศ. 2542 จึงไม่อาจขอขยายระยะเวลาดังกล่าวได้ โดยคำอุทธรณ์ให้ยื่นต่อศาลปกครองชั้นต้นที่มีคำพิพากษา และผู้อุทธรณ์สามารถยื่นคำอุทธรณ์ด้วยตนเองหรือมอบฉันทะให้ผู้อื่นยื่นต่อศาลหรือต่อพนักงานเจ้าหน้าที่ของศาล หรือจะส่งคำอุทธรณ์ทางไปรษณีย์ลงทะเบียนก็ได้ โดยให้ถือว่าวันที่ส่งคำอุทธรณ์แก่เจ้าพนักงานไปรษณีย์เป็นวันที่ยื่นอุทธรณ์ต่อศาลปกครอง ตามข้อ 13 แห่งระเบียบของที่ประชุมใหญ่ตุลาการในศาลปกครองสูงสุด ว่าด้วยวิธีพิจารณาคดีปกครอง พ.ศ. 2543  
2025-01-20 09:24:00,มาด้วยตนเอง (ห้องปรึกษา 1-3),ผู้ฟ้องคดี,ไม่ระบุ,ไม่ทราบ / ไม่แจ้ง,ไม่ระบุประเภทคดี,อื่นๆ,"ความรู้ทั่วไปเกี่ยวกับศาลปกครอง/คดีปกครอง, กระบวนวิธีพิจารณาคดีปกครอง/แสวงหาข้อเท็จจริง",ผู้ขอคำปรึกษาสอบถามว่า กรณีที่ศาลมีหมายแจ้งโดยกำหนดให้วันที่ 25 มีนาคม 2568 เป็นวันสิ้นสุดการแสวงหาข้อเท็จจริง กระบวนการพิจารณาคดีของศาลในขั้นตอนต่อไปเป็นอย่างไรบ้าง,ได้ให้คำแนะนำว่า กรณีที่ศาลมีหมายแจ้งกำหนดให้วันที่ 25 มีนาคม 2568 เป็นวันสิ้นสุดการแสวงหาข้อเท็จจริง  จึงเป็นกรณีที่ศาลเห็นว่าคดีมีข้อเท็จจริงเพียงพอที่ศาลจะพิจารณาพิพากษาหรือมีคำสั่งชี้ขาดคดีโดยไม่มีกรณีที่จะต้องแสวงหาข้อเท็จจริงเพิ่มเติม หากคู่กรณีมีข้อเท็จจริงที่จะแถลงต่อศาลเพิ่มเติม ก็สามารถจัดทำคำแถลงยื่นต่อศาลก่อนวันสิ้นสุดการแสวงหาข้อเท็จจริงดังกล่าวได้ ซึ่งบรรดาคำฟ้องเพิ่มเติม คำให้การ คำคัดค้านคำให้การ คำให้การเพิ่มเติม รวมทั้งพยานหลักฐานอื่น ๆ ที่ยื่นต่อศาลหลังวันสิ้นสุดการแสวงหาข้อเท็จจริง ไม่ให้ศาลรับไว้เป็นส่วนหนึ่งของสำนวนคดี ตามข้อ 62 แห่งระเบียบของที่ประชุมใหญ่ตุลาการในศาลปกครองสูงสุด ว่าด้วยวิธีพิจารณาคดีปกครอง พ.ศ. 2543 หลังจากนั้นศาลจะจัดให้มีการนั่งพิจารณาคดีอย่างน้อยหนึ่งครั้ง เพื่อให้คู่กรณีมีโอกาสมาแถลงด้วยวาจาต่อหน้าศาล ซึ่งศาลจะแจ้งกำหนดวันนั่งพิจารณาคดีครั้งแรกให้คู่กรณีทราบล่วงหน้าไม่น้อยกว่าเจ็ดวัน ซึ่งคู่กรณีสามารถยื่นคำแถลงเป็นหนังสือต่อศาลได้ก่อนวันนั่งพิจารณาคดีหรืออย่างช้าที่สุดในระหว่างการนั่งพิจารณาคดี และคำแถลงดังกล่าวจะยกข้อเท็จจริงที่ไม่เคยยกขึ้นอ้างไว้แล้วไม่ได้ เว้นแต่เป็นข้อเท็จจริงที่เป็นประเด็นสำคัญในคดีซึ่งคู่กรณีผู้ยื่นสามารถพิสูจน์ได้ว่ามีเหตุจำเป็นหรือพฤติการณ์พิเศษที่ทำให้ไม่อาจเสนอต่อศาลได้ก่อนหน้านั้น โดยในวันนั่งพิจารณาคดีครั้งแรก คู่กรณีจะไม่มาศาลก็ได้ ตามข้อ 83 ประกอบข้อ 84 แห่งระเบียบฉบับเดียวกัน หลังจากนั้นศาลจะได้นัดฟังคำพิพากษาของศาลในคดีดังกล่าวต่อไป
2025-01-20 09:00:00,มาด้วยตนเอง (ห้องปรึกษา 1-3),ผู้ฟ้องคดี,ธุรกิจส่วนตัว/ค้าขาย/รับจ้าง,นนทบุรี,,,การอุทธรณ์คำพิพากษา/คำสั่งต่อศาลปกครองสูงสุด,ศาลปกครองกลางพิพากษายกฟ้อง จึงสอบถามการอุทธรณ์คำพิพากษา,      แนะนำว่าคำพิพากษาของศาลปกครองชั้นต้น ให้อุทธรณ์ต่อศาลปกครองสูงสุด คำอุทธรณ์ให้ยื่นต่อศาลปกครองชั้นต้น(ศาลปกครองกลาง) ภายใน ๓๐ วัน (ขยายเวลาไม่ได้) นับแต่วันที่อ่านคำพิพากษา คำอุทธรณ์ให้ทำเป็นหนังสือระบุ (๑) ชื่อผู้อุทธรณ์และคู่กรณีในอุทธรณ์ (๒) ข้อคัดค้านคำพิพากษาของศาลปกครองชั้นต้น (๓) คำขอของผู้อุทธรณ์ (๔) ลายมือชื่อผู้อุทธรณ์   ทั้งนี้ ตาม ข้อ ๑๐๐ ข้อ ๑๐๑ และข้อ ๑๐๒ ระเบียบของที่ประชุมใหญ่ตุลาการในศาลปกครองสูงสุด ว่าด้วยวิธีพิจารณาคดีปกครอง พ.ศ. ๒๕๔๓ 
2025-01-20 10:50:00,โทรศัพท์สายด่วน 1355,บุคคลทั่วไป,ไม่ระบุ,จังหวัดนนทบุรี,ที่ดิน,มาตรา 9 วรรค 1 (1) คดีพิพาทเกี่ยวกับการที่หน่วยงานทางปกครองหรือเจ้าหน้าที่ของรัฐ กระทำการโดยไม่ชอบด้วยกฎหมาย,"ความรู้ทั่วไปเกี่ยวกับศาลปกครอง/คดีปกครอง, การจัดทำคำฟ้องหรือคำร้อง และขั้นตอนที่เกี่ยวข้อง",ผู้ขอคำปรึกษาขอสอบถามเกี่ยวกับการจัดทำคำฟ้อง และการยื่นฟ้องคดีต่อศาลปกครอง,ได้ให้คำแนะนำว่า กรณีที่ผู้ขอคำปรึกษามีความประสงค์จะฟ้องหน่วยงานทางปกครองหรือเจ้าหน้าที่ของรัฐต่อศาลปกครองนั้น จะต้องเป็นกรณีพิพาทตามมาตรา 9 วรรคหนึ่ง และต้องมีคำขอท้ายคำฟ้องที่ศาลสามารถกำหนดคำบังคับให้ได้ตามมาตรา 72 วรรคหนึ่ง รวมทั้งต้องยื่นฟ้องคดีต่อศาลภายในระยะเวลาที่กำหนดไว้ในมาตรา 49 หรือมาตรา 51 แห่งพระราชบัญญัติจัดตั้งศาลปกครองและวิธีพิจารณาคดีปกครอง พ.ศ. 2542 โดยผู้ขอคำปรึกษาสามารถดำเนินการฟ้องคดีได้เองโดยไม่จำเป็นต้องจ้างทนายความ สำหรับการจัดทำคำฟ้องนั้นสามารถดาวน์โหลดแบบฟอร์มคำฟ้องได้จากเว็บไซต์ของศาลปกครอง ซึ่งอาจเขียนคำฟ้องเองด้วยลายมือหรือจะใช้วิธีการพิมพ์ก็ได้ โดยคำฟ้องให้ใช้ถ้อยคำสุภาพและต้องมีรายการครบถ้วนตามมาตรา 45 แห่งพระราชบัญญัติจัดตั้งศาลปกครองและวิธีพิจารณาคดีปกครอง พ.ศ. 2542 ดังนี้ (1) ชื่อและที่อยู่ของผู้ฟ้องคดี (2) ชื่อหน่วยงานทางปกครองหรือเจ้าหน้าที่ของรัฐที่เกี่ยวข้องอันเป็นเหตุแห่งการฟ้องคดี (3) การกระทำทั้งหลายที่เป็นเหตุแห่งการฟ้องคดี พร้อมทั้งข้อเท็จจริงหรือพฤติการณ์ตามสมควรเกี่ยวกับการกระทำดังกล่าว (4) คำขอของผู้ฟ้องคดี และ (5) ลายมือชื่อของผู้ฟ้องคดี และหากผู้ฟ้องคดีประสงค์จะให้บุคคลอื่นเป็นผู้ดำเนินคดีแทน จะต้องจัดทำใบมอบอำนาจพร้อมแนบสำเนาบัตรประจำตัวของผู้มอบอำนาจและผู้รับมอบอำนาจพร้อมปิดอากรแสตมป์มาด้วย โดยต้องจัดทำสำเนาคำฟ้องและสำเนาพยานหลักฐานที่รับรองสำเนาถูกต้องตามจำนวนของผู้ถูกฟ้องคดี ตามข้อ 33 แห่งระเบียบของที่ประชุมใหญ่ตุลาการในศาลปกครองสูงสุด ว่าด้วยวิธีพิจารณาคดีปกครอง พ.ศ. 2543 ซึ่งผู้ขอคำปรึกษาสามารถเลือกยื่นคำฟ้องได้ 3 ช่องทาง คือ (1) ยื่นด้วยตนเองต่อศาลปกครอง (2) ส่งทางไปรษณีย์ลงทะเบียน หรือ (3) ยื่นทางระบบอิเล็กทรอนิกส์ และให้ยื่นฟ้องคดีต่อศาลปกครองชั้นต้นที่ผู้ฟ้องคดีมีภูมิลำเนาหรือที่มูลคดีเกิดขึ้นก็ได้ ตามมาตรา 46 ประกอบมาตรา 47 วรรคหนึ่ง แห่งพระราชบัญญัติฉบับเดียวกัน 
2025-01-20 11:27:00,โทรศัพท์สายด่วน 1355,ผู้ฟ้องคดี,ไม่ระบุ,ไม่ทราบ / ไม่แจ้ง,,,กระบวนวิธีพิจารณาคดีปกครอง/แสวงหาข้อเท็จจริง,ผู้ขอรับคำปรึกษาได้รับหมายศาลแจ้งกำหนดวันนั่งพิจารณาคดีครั้งแรก จึงสอบถามวันนั่งพิจารณาคดี ,"     แนะนำว่าในการพิจารณาคดีของศาลปกครอง กฏหมายกำหนดให้องค์คณะพิจารณาพิพากษาจัดให้มีการนั่งพิจารณาคดีอย่างน้อยหนึ่งครั้งเพื่อให้คู่กรณีมีโอกาสมาแถลงด้วยวาจาต่อหน้าองค์คณะพิจารณาพิพากษา	โดยก่อนการนั่งพิจารณาคดีครั้งแรก ศาลจะส่งสรุปข้อเท็จจริงของตุลาการเจ้าของสำนวนให้คู่กรณีทราบล่วงหน้าไม่น้อยกว่าเจ็ดวัน คู่กรณีมีสิทธิยื่นคำแถลง รวมทั้งนำพยานหลักฐานมาสืบประกอบคำแถลงดังกล่าวเพื่อยืนยันหรือหักล้างข้อเท็จจริง หรือข้อกฎหมายเพิ่มเติมต่อองค์คณะพิจารณาพิพากษาในวันนั่งพิจารณาคดี แต่จะไม่มาศาลในวันนั่งพิจารณาคดีครั้งแรกก็ได้ 
      ในวันนั่งพิจารณาคดีครั้งแรกตุลาการผู้แถลงคดีปกครองจะสรุปข้อเท็จจริง ข้อกฎหมาย และความเห็นในการวินิจฉัยคดีต่อองค์คณะพิจารณาพิพากษา ทั้งนี้ตามมาตรา ๕๙ พระราชบัญญัติ จัดตั้งศาลปกครองและวิธีพิจารณาคดีปกครอง พ.ศ. ๒๕๔๒ ประกอบข้อ ๖๓ ของระเบียบของที่ประชุมใหญ่ตุลาการในศาลปกครองสูงสุดว่าด้วยวิธีพิจารณาคดีปกครอง พ.ศ. ๒๕๔๓
"
2025-01-20 13:54:00,โทรศัพท์สายด่วน 1355,บุคคลทั่วไป,ไม่ระบุ,จังหวัดนครราชสีมา,การละเลยต่อหน้าที่หรือปฏิบัติหน้าที่ล่าช้าเกินสมควร,มาตรา 9 วรรค 1 (2) คดีพิพาทเกี่ยวกับการที่หน่วยงานทางปกครองหรือเจ้าหน้าที่ของรัฐ ละเลยต่อหน้าที่ตามที่กฎหมายกำหนด,"ความรู้ทั่วไปเกี่ยวกับศาลปกครอง/คดีปกครอง, ขั้นตอนแก้ไขความเสียหายก่อนฟ้องคดี, การจัดทำคำฟ้องหรือคำร้อง และขั้นตอนที่เกี่ยวข้อง",ผู้ขอคำปรึกษาสอบถามว่า กรณีที่ผู้ขอคำปรึกษามีความประสงค์จะฟ้องสำนักงานปฏิรูปที่ดินเพื่อเกษตรกรรม ว่าละเลยต่อหน้าที่ตามที่กฎหมายกำหนดให้ต้องปฏิบัติ หรือปฏิบัติหน้าที่ดังกล่าวล่าช้าเกินสมควร โดยผู้ขอคำปรึกษาได้มีหนังสือทวงถามไปยังสำนักงานปฏิรูปที่ดินเพื่อเกษตรกรรม ให้แจ้งผลการดำเนินการตามที่เคยได้ร้องขอไป และกำหนดให้แจ้งผลดังกล่าวภายใน 30 วัน หากถึงกำหนดเวลาแล้ว สามารถฟ้องคดีต่อศาลปกครองได้เลยหรือไม่,ได้ให้คำแนะนำว่า กรณีที่ผู้ขอคำปรึกษาเห็นว่าหน่วยงานทางปกครองหรือเจ้าหน้าที่ของรัฐละเลยต่อหน้าที่ตามที่กฎหมายกำหนดให้ต้องปฏิบัติ ตามมาตรา 9 วรรคหนึ่ง (2) แห่งพระราชบัญญัติจัดตั้งศาลปกครองและวิธีพิจารณาคดีปกครอง พ.ศ. 2542 ผู้ขอคำปรึกษาจะต้องมีหนังสือร้องขอต่อหน่วยงานทางปกครองหรือเจ้าหน้าที่ของรัฐเพื่อให้ปฏิบัติหน้าที่ตามที่กฎหมายกำหนด หากพ้นกำหนดเก้าสิบวันนับแต่วันที่ได้มีหนังสือดังกล่าวแล้ว ไม่ได้รับหนังสือชี้แจงจากหน่วยงานทางปกครองหรือเจ้าหน้าที่ของรัฐ หรือได้รับแต่เป็นคำชี้แจงที่ผู้ขอคำปรึกษาเห็นว่าไม่มีเหตุผล จึงมีสิทธินำคดีมาฟ้องต่อศาลปกครองภายในเก้าสิบวันนับแต่วันที่พ้นกำหนดระยะเวลาดังกล่าว ตามมาตรา 49 แห่งพระราชบัญญัติฉบับเดียวกัน
2025-01-21 09:17:00,โทรศัพท์สายด่วน 1355,ผู้ถูกฟ้องคดี,ไม่ระบุ,กรุงเทพมหานคร,การพัสดุและสัญญาของฝ่ายปกครอง,มาตรา 9 วรรค 1 (4) คดีพิพาทเกี่ยวกับสัญญาทางปกครอง,กระบวนวิธีพิจารณาคดีปกครอง/แสวงหาข้อเท็จจริง,    ได้รับหมายแจ้งคำสั่งศาลให้ทำคำให้การภายใน 30 วัน แต่น่าจะทำไม่ทันภายนกำหนดเวลา จึงสอบถามว่าขอขยายยเวลาได้หรือไม่,"  แนะนำว่า โดยที่ระเบียบของที่ประชุมใหญ่ตุลาการในศาลปกครองสูงสุดว่าด้วยวิธีพิจารณาคดีปกครอง 
พ.ศ. ๒๕๔๓ ข้อ ๖	ระยะเวลาตามที่กำหนดไว้ในระเบียบนี้หรือตามที่ศาลกำหนด เมื่อศาลเห็นสมควรหรือเมื่อคู่กรณีมีคำขอ ศาลมีอำนาจย่นหรือขยายได้ตามความจำเป็นเพื่อประโยชน์แห่งความยุติธรรม
    ดังนั้น ระยะเวลาทำคำให้การ จึงขอขยายได้ ให้ทำคำร้อง  ตามแบบ ค. ๒ แสดงเหตุที่ไม่อาจทำคำให้การได้ภายในระยเวลาที่ศาลกำหนด พร้อมกับระบุว่าจะขอขยายออกไปอีกกี่วัน ยื่นต่อศาล"
2025-01-21 11:00:00,โทรศัพท์สายด่วน 1355,บุคคลทั่วไป,ทนายความ,ไม่ทราบ / ไม่แจ้ง,,,ความรู้ทั่วไปเกี่ยวกับศาลปกครอง/คดีปกครอง,         สอบถามว่าระยะเวลาการอุทธรณ์คำพิพากษาขอขยายระยะเวลาได้หรือไม่,"  แนะนำว่า โดยที่พระราชบัญญัติ จัดตั้งศาลปกครองและวิธีพิจารณาคดีปกครอง พ.ศ. ๒๕๔๒ มาตรา	๗๓ วรรคหนึ่งบัญญัติว่า การคัดค้านคำพิพากษาหรือคำสั่งของศาลปกครองชั้นต้นนั้น ให้ยื่นอุทธรณ์ต่อศาลปกครองชั้นต้นที่มีคำพิพากษาหรือคำสั่งภายในกำหนดสามสิบวันนับแต่วันที่ได้มีคำพิพากษาหรือคำสั่ง ถ้ามิได้ยื่นอุทธรณ์ตามกำหนดเวลาดังกล่าว ให้ถือว่าคดีนั้นเป็นอันถึงที่สุด 
  จึงแนะนำว่า ระยะเวลา30 วัน ในการยื่นอุทธรณ์เป็นระยะที่กำหนดไว้ในพระราชบัญัติจัดตั้งศาลปกครองฯ ศาลจึงไม่มีอำนาจขยายเวลายื่นอุทธรณ์ได้"
2025-01-21 10:08:00,โทรศัพท์สายด่วน 1355,บุคคลทั่วไป,ธุรกิจส่วนตัว/ค้าขาย/รับจ้าง,กรุงเทพมหานคร,,,เป็นคดีที่อยู่ในอำนาจของศาลปกครองหรือไม่,   ได้ทำสัญญารับจ้างก่อสร้างอาคารสาธารณสุขจังหวัดชลบุรี แต่ได้มีการเลิกสัญญาเนื่องจากมีเหตุเกี่ยวกับชั้นดินทำให้ไม่สามารถก่อสร้างต่อไปได้ ซึ่งหน่วยงานได้บอเลิกสัญญาจ้างแล้ว แตไม่คืนหลักประกันสัญญาให้กับ่ายผู้รับจ้าง จึงมาปรึกษา,   แนะนำว่า สัญญารับจ้างก่อสร้างอาคารสาธารณสุขจังหวัดชลบุรี  เป็นสัญญาทางปกครอง เมื่อมีข้อโต้แย้งจึงอยู่ในอำนาจของศาลปกครองตามมาตรา ๙ วรรคหนึ่ง (๔) ท่านฟ้องต่อศาลโดยขอคืนหลักประกันสัญญาต่อศาลปกครองได้ ภายใน ๕ ปีนับแต่วันที่รู้ถึงเหตุแห่งการฟ้องคดี
2024-10-07 13:29:00,โทรศัพท์สายด่วน 1355,ผู้ฟ้องคดี,ไม่ระบุ,ไม่ทราบ / ไม่แจ้ง,,มาตรา 9 วรรค 1 (1) คดีพิพาทเกี่ยวกับการที่หน่วยงานทางปกครองหรือเจ้าหน้าที่ของรัฐ กระทำการโดยไม่ชอบด้วยกฎหมาย,การอุทธรณ์คำพิพากษา/คำสั่งต่อศาลปกครองสูงสุด,"ผู้ขอคำปรึกษาเป็นผู้ฟ้องคดีต่อศาลปกครอง ศาลปกครองมีคำสั่งไม่รับคำฟ้องไว้พิจารณา ขอสอบถามการยื่นอุทธรณ์คำสั่งไม่รับฟ้อง
","๑.การที่ผู้ฟ้องคดียังไม่เคยยื่นหนังสือที่มีรายละเอียดเกี่ยวกับความเสียหายดังกล่าวร้องขอต่อผู้ถูกฟ้องคดีให้ดำเนินการตรวจสอบหรือร้องเรียนในกรณีข้างต้นมาก่อน จึงไม่อาจถือได้ว่ามีข้อพิพาทเกิดขึ้นระหว่างผู้ฟ้องคดีกับผู้ถูกฟ้องคดี ผู้ฟ้องคดีจึงยังไม่อยู่ในฐานะของบุคคลผู้มีสิทธิฟ้องคดีต่อศาลตามที่บัญญัติไว้ในมาตรา ๔๒ วรรคหนึ่ง แห่งพระราชบัญญัติจัดตั้งศาลปกครองและวิธีพิจารณาคดีปกครอง 
พ.ศ. ๒๕๔๒ ศาลจึงไม่อาจรับคำฟ้องคดีนี้ไว้เพื่อพิจารณาพิพากษาได้  แต่ทั้งนี้ ไม่ตัดสิทธิผู้ฟ้องคดีที่จะนำคดีมายื่นฟ้องใหม่ภายหลังจากผู้ฟ้องคดีมีหนังสือร้องขอต่อหน่วยงานทางปกครองหรือเจ้าหน้าที่ของรัฐซึ่งมีหน้าที่ตามกฎหมาย และได้รับแจ้งผลการพิจารณาเรื่องร้องเรียนหรือเมื่อพ้นกำหนดระยะเวลาอันสมควร หรือภายในเก้าสิบวันนับแต่วันที่มีหนังสือร้องขอหรือร้องเรียนแล้ว ผู้ฟ้องคดียังไม่ได้รับแจ้งผลการพิจารณา จึงมีคำสั่งไม่รับคำฟ้องไว้พิจารณาและให้จำหน่ายคดีออกจากสารบบความ 
๒. ข้อ ๔๙/๑ วรรคหนึ่งแห่งระเบียบของที่ประชุมใหญ่ฯว่าด้วยวิธีพิจารณาคดีปกครองฯกำหนดว่า  คำสั่งของศาลปกครองชั้นต้นที่ไม่รับคำฟ้องไว้พิจารณา คำสั่งจำหน่ายคดีออกจากสารบบความโดยไม่มีการวินิจฉัยชี้ขาดคดี คำสั่งลงโทษฐานละเมิดอำนาจศาลตามมาตรา ๖๔ หรือคำสั่งอื่นใดซึ่งไม่ต้องห้ามอุทธรณ์ระหว่างพิจารณาตามข้อ ๑๐๐ วรรคสอง ผู้มีส่วนได้เสียมีสิทธิยื่นคำร้องอุทธรณ์คำสั่งดังกล่าวต่อศาลปกครองสูงสุดภายในกำหนดระยะเวลาสามสิบวันนับแต่วันที่ได้รับแจ้งคำสั่งของศาลปกครองชั้นต้นนั้น วรรคสองกำหนดว่า คำร้องตามวรรคหนึ่งให้ยื่นต่อศาลปกครองชั้นต้นที่มีคำสั่งนั้น และให้พนักงานเจ้าหน้าที่ของศาลรีบส่งคำร้องพร้อมด้วยคำสั่งของศาลปกครองชั้นต้นและเอกสารหรือสำเนาเอกสารที่เกี่ยวข้องไปยังศาลปกครองสูงสุดโดยพลัน  ดังนั้น หากผู้ฟ้องคดีมีความประสงค์จะอุทธรณ์คำสั่งดังกล่าว ผู้ฟ้องคดีต้องจัดทำคำร้องอุทธรณ์คำสั่งไม่รับคำฟ้อง โดยมีเนื้อหาระบุเหตุผลโต้แย้งสาเหตุที่ศาลมีคำสั่งไม่รับคำฟ้อง เช่น วันที่รู้หรือควรรู้ถึงเหตุแห่งการฟ้องคดีเพื่อแสดงเหตุผลว่าผู้ขอคำปรึกษาได้ยื่นคำฟ้องภายในระยะเวลาการฟ้องคดีที่กฎหมายกำหนด "
2024-10-07 14:06:00,โทรศัพท์สายด่วน 1355,ไม่ระบุ,ไม่ระบุ,ไม่ทราบ / ไม่แจ้ง,การกระทำละเมิดและความรับผิดอย่างอื่น,มาตรา 9 วรรค 1 (3) คดีพิพาทเกี่ยวกับการกระทำละเมิดหรือความรับผิดอย่างอื่น,ขอไกล่เกลี่ยข้อพิพาท,ขอสอบถามว่า กรณีเกี่ยวกับกระบวนการไกล่เกลี่ยข้อพิพาทที่ได้รับความเดือดร้อนเสียหายจากการขุดคลอง,มาตรา ๖๖/๒ วรรคหนึ่งแห่งพ.ร.บ.จัดตั้งศาลปกครองฯบัญญัติว่า ศาลปกครองมีอำนาจไกล่เกลี่ยข้อพิพาทในคดีที่อยู่ในอำนาจพิจารณาพิพากษาของศาลปกครอง ดังต่อไปนี้  (๑) คดีพิพาทเกี่ยวกับหน่วยงานทางปกครองหรือเจ้าหน้าที่ของรัฐละเลยต่อหน้าที่ตามที่กฎหมายกำหนดให้ต้องปฏิบัติ หรือปฏิบัติหน้าที่ดังกล่าวล่าช้าเกินสมควร (๒) คดีพิพาทเกี่ยวกับการกระทำละเมิดหรือความรับผิดอย่างอื่นของหน่วยงานทางปกครองหรือเจ้าหน้าที่ของรัฐ (๓) คดีพิพาทเกี่ยวกับสัญญาทางปกครอง (๔) คดีพิพาทอื่นตามที่กำหนดในระเบียบของที่ประชุมใหญ่ตุลาการในศาลปกครองสูงสุด  ดังนั้นเมื่อ ผู้ขอคำปรึกษาได้รับความเสียหายจากการที่หน่วยงานทางปกครองดำเนินการขุดคลองจนทำให้เกิดความเสีหายกับผู้ขอคำปรึกษา จึงเป็นคดีพิพาทเกี่ยวกับการกระทำละเมิดของหน่วยงานทางปกครองอันเกิดจากการใช้อำนาจตามกฎหมายตามมาตรา 9 วรรคหนึ่ง (3) แห่งพ.ร.บ.จัดตั้งศาลปกครองฯ  ดังนั้น คดีของผู้ถูกฟ้องคดีเป็นคดีที่มีลักษณะตามประเภทคดีที่กฎหมายกำหนดให้ศาลมีอำนาจในการไกล่เกลี่ยข้อพิพาทได้  ผู้ถูกฟ้องคดีสามารถยื่นคำขอไกล่เกลี่ยข้อพิพาทในชั้นศาลได้ ซึ่งศาลจะส่งหนังสือไปถามความประสงค์ของคู่กรณีอีกฝ่ายว่าประสงค์จะไกกล่เกลี่ยข้อพิพาทหรือไม่ หากเห็นด้วยศาลจะมีคำสั่งให้มีการไกล่เกลี่ยข้อพิพาทภายใน ๙๐ วันนับแต่วันที่คำสั่ง แต่ถ้าหากไม่เห็นด้วย หรือเข้าไกล่เกลี่ยแล้วตกลงไม่ได้ ศาลก็จะพิจารณาคดีตามปกติ
2024-10-07 14:26:00,โทรศัพท์สายด่วน 1355,ไม่ระบุ,ไม่ระบุ,ไม่ทราบ / ไม่แจ้ง,,,การอุทธรณ์คำพิพากษา/คำสั่งต่อศาลปกครองสูงสุด,สามารถขอขยายระยะเวลายื่นอุทธรณ์คำพิพากษาได้หรือไม่,มาตรา ๗๐ วรรคหนึ่งแห่งพ.ร.บ.จัดตั้งศาลปกครองฯบัญญัติว่า คำพิพากษาศาลปกครองให้ผูกพันคู่กรณีที่จะต้องปฏิบัติตามคำบังคับนับแต่วันที่กำหนดในคำพิพากษาจนถึงวันที่คำพิพากษานั้นถูกเปลี่ยนแปลงแก้ไขกลับหรืองดเสีย วรรคสองบัญญัติว่า ในกรณีที่เป็นคำพิพากษาของศาลปกครองชั้นต้น ให้รอการปฏิบัติตามคำบังคับไว้จนกว่าจะพ้นระยะเวลาการอุทธรณ์ หรือในกรณีที่มีการอุทธรณ์ ให้รอการบังคับคดีไว้จนกว่าคดีจะถึงที่สุด และมาตรา ๗๓ วรรคหนึ่งแห่งพ.ร.บ.ฉบับเดียวกันบัญญัติว่า การคัดค้านคำพิพากษาหรือคำสั่งของศาลปกครองชั้นต้นนั้น ให้ยื่นอุทธรณ์ต่อศาลปกครองชั้นต้นที่มีคำพิพากษาหรือคำสั่งภายในกำหนดสามสิบวันนับแต่วันที่ได้มีคำพิพากษาหรือคำสั่ง ถ้ามิได้ยื่นอุทธรณ์ตามกำหนดเวลาดังกล่าว ให้ถือว่าคดีนั้นเป็นอันถึงที่สุด  ดังนั้น หากไม่ได้มีการยื่นอุทธรณ์คำพิพากษาภายกำหนดระยะเวลา  คดีดังกล่าวจะถึงที่สุด การยื่นอุทธรณ์คำพิพากษาเมื่อพ้นระยะเวลาอุทธรณ์ ศาลจะมีคำสั่งยกอุทธรณ์  ดังนั้นจึงควรยื่นอุทธรณ์ภายในกำหนดเวลา  ระยะเวลาอุทธรณ์ไม่สามารถขยายได้เนื่องจากพ.ร.บ.จัดตั้งศาลปกครองฯไม่ได้มีบทบัญญัติกำหนดให้อำนาจศาลในการขยายระยะเวลายื่นอุทธรณ์คำพิพากษาได้ คู่กรณีจึงต้องยื่นอุทธรณ์คำพิพากษาภายใน ๓๐ วันนับแต่วันที่อ่านคำพิพากษา
2024-10-08 15:23:00,โทรศัพท์สายด่วน 1355,บุคคลทั่วไป,ไม่ระบุ,ไม่ทราบ / ไม่แจ้ง,ไม่ระบุประเภทคดี,มาตรา 9 วรรค 1 (1) คดีพิพาทเกี่ยวกับการที่หน่วยงานทางปกครองหรือเจ้าหน้าที่ของรัฐ กระทำการโดยไม่ชอบด้วยกฎหมาย,"ความรู้ทั่วไปเกี่ยวกับศาลปกครอง/คดีปกครอง, ขอความเห็นทางกฎหมาย",หน่วยงานทางปกครองหรือเจ้าหน้าที่ของรัฐกระทำละเมิดต่อผู้ฟ้องคดี กรณีสำนักงานคณะกรรมการการอาชีวศึกษาได้มีคำสั่งให้ผู้ฟ้องคดีออกจากราชการ กรณีมีพฤติการณ์หย่อนความสามารถในการปฏิบัติราชการ ผู้ฟ้องคดีเห็นว่า ตนไม่ได้รับความเป็นธรรม การกำหนดสิทธิประโยชน์ตามกฎหมายไม่ถูกต้อง เป็นเหตุให้ผู้ฟ้องคดีได้รับความเดือดร้อนหรือเสียหาย จึงนำคดีมาฟ้องต่อศาล,กรณีผู้ขอคำปรึกษาได้รับความเดือดร้อนเสียหายจากคำสั่งที่ไม่ชอบด้วยกฎหมายจึงความประสงค์ในการฟ้องเพิกถอนคำสั่งและเรียกค่าเสียหายจากคดีดังกล่าวเป็นคดีพิพาทเกี่ยวกับการที่เจ้าหน้าที่ของรัฐออกคำสั่งโดยไม่ชอบด้วยกฎหมายและการกระทำละเมิดของเจ้าหน้าที่ของรัฐอันเกิดจากคำสั่งตามมาตรา ๙ วรรคหนึ่ง (๓) แห่งพ.ร.บ.จัดตั้งศาลปกครองฯ  ในการฟ้องเพิกถอนคำสั่งและเรียกค่าเสียหายนั้นมีแนวคำวินิจฉัยของศาลว่าจะต้องดำเนินแก้ไขความเดือดร้อนเสียหายตามที่กฎหมายกำหนดด้วยการยื่นอุทธรณ์โต้แย้งคำสั่งศาลก่อนการยื่นฟ้องคดี  ผู้ขอคำปรึกษาจึงต้องอุทธรณ์ตามกฎหมายเฉพาะหรือตามพ.ร.บ.วิธีปฏิบัติราชการฯเสียก่อน หากได้ผลการพิจารณาอุทธรณ์หรือพ้นระยะเวลาพิจารณาอุทธรณ์แล้วแต่กรณี ผู้ขอคำปรึกษาต้องใช้สิทธิฟ้องคดีเพิกถอนคำสั่งภายใน ๙๐ วันนับแต่วันที่รู้หรือควรรู้ถึงเหตุแห่งการฟ้องคดีและฟ้องคดีภายใน ๑ ปีนับแต่รูถึงเหตุแห่งการกระทำละเมิดตามมาตรา ๕๑ แห่งพ.ร.บ.จัดตั้งศาลปกครองฯ 
2024-10-09 09:41:00,โทรศัพท์สายด่วน 1355,บุคคลทั่วไป,ข้าราชการ/ลูกจ้าง ในหน่วยงานของรัฐ,ไม่ทราบ / ไม่แจ้ง,การบริหารงานบุคคล/และวินัย,มาตรา 9 วรรค 1 (1) คดีพิพาทเกี่ยวกับการที่หน่วยงานทางปกครองหรือเจ้าหน้าที่ของรัฐ กระทำการโดยไม่ชอบด้วยกฎหมาย,"ความรู้ทั่วไปเกี่ยวกับศาลปกครอง/คดีปกครอง, ขอความเห็นทางกฎหมาย",ผู้ขอคำปรึกษาเดิมเป็นข้าราชการตำรวจได้รับความเดือดร้อนเสียหายจากการที่ผู้บังบัญชามีคำสั่งลงโทษไล่ออกจากราชการ ผู้ขอคำปรึกษาไม่เห็นด้วยกับคำสั่งไล่ออกจากราชการ จึงขอคำปรึกษาในการใช้สิทธิและจัดทำคำฟ้องยื่นฟ้องคดีต่อศาลปกครอง," กรณีที่ผู้ขอคำปรึกษาได้รับความเดือดร้อนเสียหายจากการที่ผู้บังคับบัญชาสำนักงานตำรวจแห่งชาติมีคำสั่งลงโทษไล่ออกจากราชการนั้นเป็นคดีพิพาทเกี่ยวกับการที่เจ้าหน้าที่ของรัฐออกคำสั่งโดยไม่ชอบด้วยกฎหมายตามมาตรา ๙ วรรคหนึ่ง (๑) แห่ง.พ.ร.บ.จัดตั้งศาลปกครองฯ  เมื่อเป็นการฟ้องคดีเพื่อขอให้ศาลมีคำพิพากษาเพิกถอนคำสั่งนั้นผู้ขอคำปรึกษาได้ดำเนินการแก้ไขความเดือดร้อนเสียหายตามกฎหมายก่อนการฟ้องคดีด้วยการอุทธรณ์คำสั่งพิพาทตามกฎ ก.ตร.ว่าด้วยการอุทธรณ์และการพิจารณาอุทธรณ์ 
 ให้อุทธรณ์คำสั่งดังกล่าวต่อ ก.พ.ค.ตร.ภายใน ๓๐ วันนับแต่วันที่ได้รับคำสั่งที่เป็นเหตุแห่งการอุทธรณ์สำหรับผู้ถูกสั่งลงโทษหรือถูกสั่งให้ออกจากราชการ (ข้อ ๓๐ (๑)) หรือภายใน ๙๐ วันนับแต่วันทราบหรือถือว่าทราบคำสั่งที่เป็นเหตุแห่งการอุทธรณ์ หรือ ภายใน ๑ ปีนับแต่วันที่ผู้ถูกสั่งลงโทษหรือถูกสั่งให้ออกจากราชการถึงแก่ความตาย สำหรับทายาทที่กำหนดไว้ในข้อ ๓๓ (ข้อ ๓๐ (๒)ให้ดำเนินการให้แล้วเสร็จภายใน ๑๒๐ วันนับแต่วันที่ได้รับอุทธรณ์ เว้นแต่ไม่แล้วเสร็จ ให้ขยายระยะเวลาได้อีกไม่เกิน ๒ ครั้ง โดยแต่ละครั้งจะต้องไม่เกิน ๖๐ วัน ) (ม. ๑๔๑ วรรคสี่) (กฎ ก.พ.ค.ตร. ว่าด้วยการอุทธรณ์และการพิจารณาวินิจฉัยอุทธรณ์ พ.ศ. ๒๕๖๗) ผู้ขอคำปรึกษาต้องคดีต่อศาลปกครองที่มีเขตอำนาจในภูมิลำเนาหรือมูลคดีเกิดขึ้นภายใน ๙๐ วันนับแต่วันที่รู้หรือควรรู้ถึงเหตุแห่งการฟ้องคดีตามมาตรา ๔๙ แห่งพ.ร.บ.จัดตั้งศาลปกครอง ฯ  การจัดทำคำฟ้องต้องเป็นไปตามมาตรา ๔๕ แห่งพ.ร.บ.จัดตั้งศาลปกครองฯ  โดยกำหนดให้ผบก.ภ.จว.ปราจีนบุรีและคณะกรรมการข้าราชการตำรวจเป็นผู้ถูกฟ้องคดี บรรยายข้อเท็จจริงที่เกิดขึ้นและโต้แย้งว่าคำสั่งและมติอุทธรณ์นั้นไม่ชอบด้วยกฎหมายเนื่องจากอะไร  คำขอท้ายคำฟ้องคือขอให้ศาลมีคำพิพากษาเพิกถอนคำสั่งและผลการพิจารณาอุทธรณ์ซึ่งเป็นคำขอที่ออกคำบังคับได้ตามมาตรา ๗๒ วรรคหนึ่ง (๑) แห่งพ.ร.บ.จัดตั้งศาลปกครอง "
2024-10-09 10:16:00,โทรศัพท์สายด่วน 1355,ไม่ระบุ,ไม่ระบุ,ไม่ทราบ / ไม่แจ้ง,,,การจัดทำคำฟ้องหรือคำร้อง และขั้นตอนที่เกี่ยวข้อง,ผู้ขอคำปรึกษาขอสอบถามเกี่ยวกับการยื่นฟ้องคณะกรรมการจัดสรรที่ดินภูเก็ตละเลยการปฏิบัติหน้าที่ สามีเป็นคนร้องเรียน ส่วนภรรยาเป็นเจ้าของที่ดินจะต้องกำหนดใครเป็นผู้ฟ้องคดี,หากสามีเ็นผู้รับมอบอำนาจในการยื่นร้องเรียนกับคณะกรรมการจัดสรรที่ดินภูเก็ตเกี่ยวกับที่ดินของภรรยา ดังนั้นผู้ที่จะต้องเป็นผู้ฟ้องคดีคือภรรยาซึ่งเป็นเจ้าของที่ดินในท้องที่ภูเก็ต
2024-10-09 10:27:00,มาด้วยตนเอง (ห้องปรึกษา 1-3),บุคคลทั่วไป,ไม่ระบุ,ไม่ทราบ / ไม่แจ้ง,,,เป็นคดีที่อยู่ในอำนาจของศาลปกครองหรือไม่,กรณีมีข้อพิพาทเกี่ยวกับการปฏิบัติตามสัญญาปรับปรุงและตกแต่งห้องประชุมเป็นคดีที่อยู่ในอำนาจของศาลปกครองหรือไม่,“สัญญาทางปกครอง” หมายความรวมถึง สัญญาที่คู่สัญญาอย่างน้อยฝ่ายใดฝ่ายหนึ่งเป็นหน่วยงานทางปกครองหรือเป็นบุคคลซึ่งกระทำการแทนรัฐ และมีลักษณะเป็นสัญญาสัมปทาน สัญญาที่ให้จัดทำบริการสาธารณะ หรือจัดให้มีสิ่งสาธารณูปโภคหรือแสวงประโยชน์จากทรัพยากรธรรมชาติ เมื่อสัญญาปรับปรุงและตกแต่งห้องประชุมไม่ได้มีลักษณะเป็นสัญญาสัมปทาน สัญญาที่ให้จัดทำบริการสาธารณะ หรือจัดให้มีสิ่งสาธารณูปโภคหรือแสวงประโยชน์จากทรัพยากรธรรมชาติ สัญญาดังกล่าวจึงไม่ใช่สัญญาทางปกครอง เมื่อมีข้อพิพาทเกี่ยวกับการปฏิบัติตามสัญญาดังกล่าวจึงเป็นคดีพิพาทที่อยู่ในอำนาจของศาลยุติธรรม
2024-10-10 09:39:00,โทรศัพท์สายด่วน 1355,บุคคลทั่วไป,ไม่ระบุ,ไม่ทราบ / ไม่แจ้ง,,,"ความรู้ทั่วไปเกี่ยวกับศาลปกครอง/คดีปกครอง, การจัดทำคำฟ้องหรือคำร้อง และขั้นตอนที่เกี่ยวข้อง", ผู้ขอคำปรึกษาได้รับความเดือดร้อนเสียหายจากการที่ ผู้ขอคำปรึกษาประสบอุบัติเหตุจากกรณีตกหลุมถนนในจังหวัดนครปฐม โดยไม่มีการจัดป้ายเตือนแต่อย่างใด,กรณีที่หน่วยงานทางปกครองละเลยไม่ดูแลถนนที่อยู่ในความรับผิดชอบจนเป็นเหตุให้ผู้ขอคำปรึกษาประสบอุบัติเหตุตกหลุมและมีความประสงค์ฟ้องเรียกค่าเสียหายจากการกระทำละเมิดดังกล่าวนั้นเป็นคดีพิพาทเกี่ยวกับการที่หน่วยงานทางปกครองกระทำละเมิดอันเกิดจากการใช้อำนาจตามกฎหมายตามมาตรา ๙ วรรคหนึ่ง (๓) แห่งพ.ร.บ.จัดตั้งศาลปกครองฯ  ผู้ขอคำปรึกษาจะต้องใช้สิทธิฟ้องภายใน ๑ ปีนับแต่วันที่รู้หรือควรรู้ถึงเหตุแห่งการฟ้องคดีตามมาตรา ๕๑ แห่งพ.ร.บ.จัดตั้งศาลปกครองฯ  การจัดทำคำฟ้องต้องเป็นไปตามมาตรา ๔๕ แห่งพ.ร.บ.จัดตั้งศาลปกครองฯ โดยกำหนดให้สำนักงานเขตเป็นผู้ถูกฟ้องคดี  คำขอท้ายคำฟ้องคือขอให้ชดใช้เงินเป็นจำนวนทั้งสิ้น... บาท การฟ้องคดีนี้ต้องเสียค่าธรรมเนียมศาลในอัตราร้อยละ ๒ ของจำนวนทุนทรัพย์ในคดี  ส่วนเขตอำนาจศาลที่มีอำนาจในการพิจารณานั้น มาตรา ๔๗ แห่งพ.ร.บ.จัดตั้งศาลปกครองฯบัญญัติว่า การฟ้องคดีที่อยู่ในเขตอำนาจของศาลปกครองชั้นต้น ดังนั้น ผู้ขอคำปรึกษาสามารถยื่นฟ้องคดีต่อศาลปกครองกลางซึ่งเป็นคดีที่มูลคดีตั้งอยู่ หรือจะยื่นหนังสือขอให้ชดดใช้ค่าเสียหาย หากพิจารณาไม่แล้วเสร็จหรือแจ้งผลการพิจารณาแล้วไม่เห็นด้วย ผู้ขอคำปรึกษาสามารถใช้สิทธิฟ้องคดีต่อศาลปกครองภายใน ๙๐ วันนับแต่วันที่รู้หรือควรรู้ถึงเหตุแห่งการฟ้องคดีตามมาตรา ๑๑ แห่งพ.ร.บ.ความรับผิดทางละเมิดของเจ้าหน้าที่ฯ
2024-10-10 09:59:00,โทรศัพท์สายด่วน 1355,บุคคลทั่วไป,ไม่ระบุ,ไม่ทราบ / ไม่แจ้ง,การสาธารณสุข,มาตรา 9 วรรค 1 (3) คดีพิพาทเกี่ยวกับการกระทำละเมิดหรือความรับผิดอย่างอื่น,ขอความเห็นทางกฎหมาย,ผูขอคำปรึกษามีความประสงค์ในการฟ้องคดีต่อศาลปกครองเพื่อขอให้สำนักงานหลักประกันสุขภาพแห่งชาติจ่ายเงินช่วยเหลือเบื้องต้นนั้น ขอสอบถามว่าจะฟ้องรวมกับแพทย์ที่ให้การรักษาผิดผลาดได้หรือไม่,กรณีผู้รับบริการที่ได้รับความเสียหายที่เกิดจากการรักษาพยาบาลของหน่วยบริการทายาทหรือผู้อุปการะหรือหน่วยบริการที่ให้บริการ ยื่นคำร้องขอรับเงินช่วยเหลือเบื้องต้นได้ที่สำนักงานสาขาของสำนักงานหลักประกันสุขภาพแห่งชาติในจังหวัดนั้นภายใน ๑ ปี นับตั้งแต่วันที่ทราบความเสียหายตามพ.ร.บ.หลักประกันสุขภาพแห่งชาติ และข้อบังคับคณะกรรมการหลักประกันสุขภาพแห่งชาติ ว่าด้วยหลักเกณฑ์ วิธีการ และเงื่อนไข ในการจ่ายเงินช่วยเหลือเบื้องต้น กรณีผู้รับบริการได้รับความเสียหายจากการรักษาพยาบาล พ.ศ. ๒๕๕๕  เป็นคนละกรณีกับฟ้องละเมิดกับแพทย์ที่ทำการรักษาผิดผลาดที่อยู่ในอำนาจของศาลยุติธรรม
2024-10-10 10:34:00,โทรศัพท์สายด่วน 1355,ไม่ระบุ,ไม่ระบุ,ไม่ทราบ / ไม่แจ้ง,,,ขอความเห็นทางกฎหมาย,ผู้ขอคำปรึกษาเป็นผู้ฟ้องคดีต่อศาลปกครองกลาง  คดีนี้ศาลปกครองกำหนดวันสิ้นสุดการแสวงหาข้อเท็จจริงในวันที่ 11 ตุลาคม 2567 ขอสอบถามว่าจะยื่นข้อเท็จจริงได้หรือไม่,ข้อ 62 วรรคสามแห่งระเบียบของที่ประชุมใหญ๋ฯว่าด้วยววิธีพิจารณาคดีปกครองฯกำหดนว่า บรรดาคำฟ้องเพิ่มเติม คำให้การ คำคัดค้านคำให้การ คำให้การเพิ่มเติม รวมทั้งพยานหลักฐานอื่น ๆ ที่ยื่นต่อศาลหลังวันสิ้นสุดการแสวงหาข้อเท็จจริง ไม่ให้ศาลรับไว้เป็นส่วนหนึ่งของสำนวนคดี และไม่ต้องส่งสำเนาให้คู่กรณีที่เกี่ยวข้อง ดังนั้นผู้ฟ้องคดีสามารถยื่นคำชี้แจงเพิ่มเติมเอกสารหลักฐานในคดีได้ก่อนถึงวันที่ 11 ต.ค. 67 มิฉะนั้น หากพ้นกำหนดระยะเวลาดังกล่าวศาลจะไม่รับเป็นส่วนหนึ่งของสำนวนคดี
2024-10-10 11:38:00,โทรศัพท์สายด่วน 1355,ผู้ฟ้องคดี,ไม่ระบุ,ไม่ทราบ / ไม่แจ้ง,,มาตรา 9 วรรค 1 (2) คดีพิพาทเกี่ยวกับการที่หน่วยงานทางปกครองหรือเจ้าหน้าที่ของรัฐ ละเลยต่อหน้าที่ตามที่กฎหมายกำหนด,ขอความเห็นทางกฎหมาย,ผู้ขอคำปรึกษาเป็นผู้ฟ้องคดีต่อศาลปกครองพิษณุโลก คดีนี้ศาลปกครองมีคำสั่งไม่รับคำฟ้อง ขอสอบถามเหตุผลที่ศาลมีคำสั่งไม่รับคำฟ้อง,คดีนี้นี้ศาลปกครองได้มีคำสั่งไม่รับคำฟ้องไว้พิจารณาเนื่องจากเป็นการฟ้องซ้ำ เป็นกรณีที่ศาลปกครองได้พิพากษาหรือมีคำสั่งชี้ขาดถึงที่สุดแล้วและคู่กรณีเดียวกันได้นำคดีเดียวกันที่ศาลได้พิพากษาหรือมีคำสั่งแล้วมาฟ้องต่อศาลอีก โดยอาศัยเหตุอย่างเดียวกันกับในคดีก่อนที่ศาลพิพากษาหรือมีคำสั่งแล้ว ซึ่งตามข้อ 97 แห่งระเบียบของที่ประชุมใหญ่ตุลาการในศาลปกครองสูงสุด ว่าด้วยวิธีพิจารณาคดีปกครองฯ  (ศาลมีคำสั่งไม่รับคำฟ้องไว้พิจารณา เนื่องจากผู้ฟ้องคดีไม่ใช่ผู้ได้รับความเดือดร้อนเสียหายที่จะมีสิทธิฟ้องคดีตามมาตรา 42 วรรคหนึ่งแห่งพ.ร.บ.จัดตั้งศาลปกครองฯ) 
2024-10-10 13:41:00,โทรศัพท์สายด่วน 1355,บุคคลทั่วไป,ไม่ระบุ,,,,ขอความเห็นทางกฎหมาย,นิติกรของศาลแขวงขอสอบถามว่าหาก ศาลแขวงจะส่งหนังสือมาสอบถามเขตอำนาจศาลปกครองจะต้องระบุชื่อใครเป็นผู้รับเอกสาร,มาตรา ๑๐ วรรคหนึ่งแห่งพ.ร.บ.ชี้ขาดอำนาจหน้าที่ระหว่างศาล ฯบัญญัติว่า ในกรณีที่มีการฟ้องคดีต่อศาลใด ถ้าคู่ความฝ่ายที่ถูกฟ้องเห็นว่าคดีดังกล่าวอยู่ในเขตอำนาจของอีกศาลหนึ่ง ให้ยื่นคำร้องต่อศาลที่รับฟ้องก่อนวันสืบพยานสำหรับศาลยุติธรรมหรือศาลทหาร หรือภายในกำหนดระยะเวลายื่นคำให้การหรือก่อนพ้นระยะเวลาที่ศาลอนุญาตให้ยื่นคำให้การเป็นอย่างช้าสำหรับศาลปกครองหรือศาลอื่น ในการนี้ ศาลที่รับฟ้องอาจรอการพิจารณาไว้ชั่วคราวก็ได้ และให้จัดทำความเห็นส่งไปให้ศาลที่คู่ความร้องว่าคดีนั้นอยู่ในเขตอำนาจโดยเร็ว ดังนั้นจึงต้องทำหนังสือส่งความเห็นเรื่องเขตอำนาจไปยังผู้บริหารของศาลคืออธธิบดีศาลปกครอง
2024-10-10 13:19:00,โทรศัพท์สายด่วน 1355,ผู้ฟ้องคดี,ไม่ระบุ,ไม่ทราบ / ไม่แจ้ง,,,วิธีการชั่วคราวก่อนการพิพากษา,ผู้ขอคำปรึกษาเป็นผู้ฟ้องคดีต่อศาลปกครองกลางแลพได้ยื่นคำขอบรรเทาทุกข์ชั่วคราวในระหว่างการพิจารณาคดี ขอสอบถามว่า เมื่อศาลมีคำสั่งยกคำขอบรรเทาทุกข์ชั่วคราว ผู้ฟ้องคดีจะยื่นฟ้องคดีต่อศาลปกครองได้หรือไม่,ข้อ ๗๕ แห่งระเบียบของที่ประชุมใหญ่ฯว่าด้วยวิธีพิจารณาคดีปกครองฯกำหนดว่า นอกจากกรณีที่กล่าวในข้อ ๖๙ ในเวลาใด ๆ ก่อนศาลมีคำพิพากษาหรือคำสั่งชี้ขาดคดี ผู้ฟ้องคดีอาจยื่นคำขอให้ศาลมีคำสั่งกำหนดมาตรการหรือวิธีการคุ้มครองอย่างใด ๆ เพื่อบรรเทาทุกข์ชั่วคราวก่อนการพิพากษา หรือคู่กรณีอาจยื่นคำขอให้ศาลมีคำสั่งกำหนดวิธีการเพื่อคุ้มครองประโยชน์ของผู้ขอในระหว่างการพิจารณาหรือเพื่อบังคับตามคำพิพากษาได้  ในกรณีที่คำขอตามข้อ ๗๕ โดยผู้ยื่นคำขอได้ยื่นคำร้องรวมมาด้วยเพื่อให้ศาลพิจารณาคำขอและมีคำสั่งเกี่ยวกับคำขอโดยเร่งด่วน และศาลมิได้มีคำสั่งยกคำร้องให้พิจารณาคำขอและมีคำสั่งเกี่ยวกับคำขอโดยเร่งด่วน ให้ศาลพิจารณาคำขอเป็นการด่วน ถ้าเป็นที่พอใจจากคำขอและพยานหลักฐานประกอบคำขอ หรือจากคำแถลงของผู้ขอหรือจากพยานหลักฐานที่ผู้ขอนำมาสืบหรือที่ศาลแสวงหามาเองว่าคำขอนั้นเป็นคำขอที่ต้องมีคำสั่งโดยเร่งด่วน และมีข้อเท็จจริงเพียงพอที่ศาลจะมีคำสั่งเกี่ยวกับคำขอได้แล้ว ให้ศาลมีคำสั่งกำหนดมาตรการหรือวิธีการคุ้มครองอย่างใด ๆ เพื่อบรรเทาทุกข์ชั่วคราวก่อนการพิพากษา หรือวิธีการเพื่อคุ้มครองประโยชน์ของผู้ขอในระหว่างพิจารณา หรือเพื่อบังคับตามคำพิพากษา หรือยกคำขอ ตามแต่จะเห็นสมควร โดยไม่ต้องมีคำแถลงการณ์ของตุลาการผู้แถลงคดีก็ได้ คำสั่งศาลที่ยกคำขอตามข้อ ๗๕ ให้เป็นที่สุด  ดังนั้ หากศาลปกครองมีคำสั่งยกคำขอของผู้ฟ้องคดี คำสั่งดังกล่าวถือเป็นที่สุดไม่อาจอุทธรณ์ได้ แต่ไม่ตัดสิทธิที่จะยื่นคำขอใหม่ โดยบรรยายเหตุผลใหม่ต่อศาลให้พิจารณา
2024-10-10 13:42:00,โทรศัพท์สายด่วน 1355,บุคคลทั่วไป,ไม่ระบุ,ไม่ทราบ / ไม่แจ้ง,,,เป็นคดีที่อยู่ในอำนาจของศาลปกครองหรือไม่,ผู้ขอคำปรึกษาขอสอบถามว่าจะนำคดีแพ่งมาฟ้องคดีต่อศาลปกครองได้หรือไม่,มาตรา ๔๒ วรรคหนึ่งแห่งพ.ร.บ.จัดตั้งศาลปกครองฯบัญญัติว่า ผู้ใดได้รับความเดือดร้อนหรือเสียหาย หรืออาจจะเดือดร้อนหรือเสียหายโดยมิอาจหลีกเลี่ยงได้อันเนื่องจากการกระทำหรือการงดเว้นการกระทำของหน่วยงานทางปกครองหรือเจ้าหน้าที่ของรัฐหรือมีข้อโต้แย้งเกี่ยวกับสัญญาทางปกครอง หรือกรณีอื่นใดที่อยู่ในเขตอำนาจศาลปกครองตามมาตรา ๙ และการแก้ไขหรือบรรเทาความเดือดร้อนหรือความเสียหายหรือยุติข้อโต้แย้งนั้น ต้องมีคำบังคับตามที่กำหนดในมาตรา ๗๒ ผู้นั้นมีสิทธิฟ้องคดีต่อศาลปกครอง  ดังนั้น คดีที่ศาลปกครองมีอำนาจในการพิจารณาคือคดีปกครองตามมาตรา ๙ และมาตรา ๑๑ แห่งพ.ร.บ.จัดตั้งศาลปกครองฯ หากเป็นคดีที่อยู่อำนาจของศาลอื่น เช่นคดีแพ่ง คดีอาญา ศาลปกครองจะมีคำสั่งไม่รับคำฟ้องไว้พิจารณาและจำหน่ายคดีออกจากสารบบความ
2025-01-21 13:57:00,มาด้วยตนเอง (ห้องปรึกษา 1-3),ผู้ถูกฟ้องคดี,ไม่ระบุ,ไม่ทราบ / ไม่แจ้ง,ไม่ระบุประเภทคดี,อื่นๆ,การอุทธรณ์คำพิพากษา/คำสั่งต่อศาลปกครองสูงสุด,ผู้ขอคำปรึกษาสอบถามเกี่ยวกับการอุทธรณ์คำพิพากษาของศาลปกครองกลาง ว่าจะต้องดำเนินการอย่างไรบ้าง,"ได้ให้คำแนะนำว่า กรณีที่ผู้ขอคำปรึกษามีความประสงค์จะคัดค้านคำพิพากษาของศาลปกครองชั้นต้น ให้ยื่นอุทธรณ์ต่อศาลปกครองชั้นต้นที่มีคำพิพากษาภายในกำหนดสามสิบวันนับแต่วันที่ได้มีคำพิพากษา ถ้ามิได้ยื่นอุทธรณ์ตามกำหนดเวลาดังกล่าวให้ถือว่าคดีนั้นเป็นอันถึงที่สุด ตามมาตรา 73 วรรคหนึ่ง แห่งพระราชบัญญัติจัดตั้งศาลปกครองและวิธีพิจารณาคดีปกครอง พ.ศ. 2542 ทั้งนี้ ระยะเวลาดังกล่าวเป็นระยะเวลาที่กำหนดไว้ในพระราชบัญญัติจัดตั้งศาลปกครองและวิธีพิจารณาคดีปกครอง พ.ศ. 2542 ซึ่งไม่อาจขอขยายระยะเวลาได้ และผู้ขอคำปรึกษาสามารถดาวน์โหลดแบบฟอร์มคำอุทธรณ์ได้จากเว็บไซต์ของศาลปกครอง โดยคำอุทธรณ์ให้ทำเป็นหนังสือและต้องระบุ (1) ชื่อผู้อุทธรณ์และคู่กรณีในอุทธรณ์ (2) ข้อคัดค้านคำพิพากษาหรือคำสั่งของศาลปกครองชั้นต้น (3) คำขอของผู้อุทธรณ์ (4) ลายมือชื่อผู้อุทธรณ์
ซึ่งข้อเท็จจริงหรือข้อกฎหมายที่จะยกขึ้นอ้างในการยื่นคำอุทธรณ์นั้นจะต้องกล่าวไว้โดยชัดแจ้งในคำอุทธรณ์ และต้องเป็นข้อที่ได้ยกขึ้นว่ากันมาแล้วโดยชอบในศาลปกครองชั้นต้น ตามข้อ 101 แห่งระเบียบของที่ประชุมใหญ่ตุลาการในศาลปกครองสูงสุด ว่าด้วยวิธีพิจารณาคดีปกครอง พ.ศ. 2543 ทั้งนี้ ผู้อุทธรณ์สามารถยื่นคำอุทธรณ์ด้วยตนเองหรือมอบฉันทะให้ผู้อื่นยื่นต่อศาลหรือต่อพนักงานเจ้าหน้าที่ของศาล หรือจะส่งคำอุทธรณ์ทางไปรษณีย์ลงทะเบียนก็ได้ โดยให้ถือว่าวันที่ส่งคำอุทธรณ์แก่เจ้าพนักงานไปรษณีย์เป็นวันที่ยื่นอุทธรณ์ต่อศาลปกครอง ตามข้อ 13 แห่งระเบียบฉบับเดียวกัน"
2025-01-23 08:35:00,LINE (แอปพลิเคชันไลน์),ผู้ถูกฟ้องคดี,ไม่ระบุ,ไม่ทราบ / ไม่แจ้ง,การพัสดุและสัญญาของฝ่ายปกครอง,,สอบถามความเคลื่อนไหวคดี,ได้รับหนังสือจากสำนักตรวจสอบบัญชี ซึ่งผู้ฟ้องคดีได้ให้บริษัทตรวจสอบเงินในบัญชีของตน จึงมาปรึกษาว่าเกี่ยวกับประเด็นการถูกฟ้องคดีสัญญาทุนหรือไม่,     แนะนำว่า เอกสารจากบริษัทตรวจสอบบัญชีส่งถึงท่าน ไม่ใช่เอกสารในคดี ไม่เกี่ยวกับคดีที่ท่านถูกฟ้อง ศาลมิได้เป็นผู้ส่ง จึงให้ตรวจสอบไปยังบริษัทบัญชีที่ส่งหนังสือถึงท่าน
2025-01-22 09:04:00,มาด้วยตนเอง (ห้องปรึกษา 1-3),บุคคลทั่วไป,ไม่ระบุ,จังหวัดนนทบุรี,การกระทำละเมิดและความรับผิดอย่างอื่น,มาตรา 9 วรรค 1 (3) คดีพิพาทเกี่ยวกับการกระทำละเมิดหรือความรับผิดอย่างอื่น,"ความรู้ทั่วไปเกี่ยวกับศาลปกครอง/คดีปกครอง, การจัดทำคำฟ้องหรือคำร้อง และขั้นตอนที่เกี่ยวข้อง",ผู้ขอคำปรึกษาสอบถามว่า กรณีที่ลูกชายตนขับขี่รถจักรยานยนต์แล้วเกิดอุบัติเหตุจากการที่องค์การบริหารส่วนจังหวัดนนทบุรีก่อสร้างถนนโดยไม่มีการติดตั้งสัญญาณไฟในเวลากลางคืน และป้ายบอกทางตั้งในระยะกระชั้นชิด จึงมีความประสงค์จะฟ้องคดีต่อศาลปกครอง จะต้องดำเนินการอย่างไรบ้าง,"กรณีลูกชายของผู้ขอคำปรึกษาขับขี่รถจักรยานยนต์แล้วเกิดอุบัติเหตุ เนื่องจากองค์การบริหารส่วนจังหวัดนนทบุรีก่อสร้างถนนโดยไม่มีการติดตั้งสัญญาณไฟในเวลากลางคืน และป้ายบอกทางตั้งในระยะกระชั้นชิด ลูกชายของผู้ขอคำปรึกษาจึงเป็นผู้ได้รับความเดือดร้อนเสียหายจากการกระทำของหน่วยงานทางปกครอง จึงเป็นผู้มีสิทธิฟ้องคดีต่อศาลปกครองตามมาตรา 42 แห่งพระราชบัญญัติจัดตั้งศาลปกครองและวิธีพิจารณาคดีปกครอง พ.ศ. 2542 และกรณีดังกล่าวเป็นคดีพิพาทเกี่ยวกับการกระทำละเมิดของหน่วยงานทางปกครอง ซึ่งศาลปกครองมีอำนาจพิจารณาพิพากษาคดี และมีอำนาจกำหนดคำบังคับให้ได้ ตามมาตรา 9 วรรคหนึ่ง (3) ประกอบมาตรา 72 วรรคหนึ่ง (3) และต้องยื่นฟ้องคดีภายในหนึ่งปี นับแต่วันที่รู้หรือควรรู้ถึงเหตุแห่งการฟ้องคดี แต่ไม่เกินสิบปีนับแต่วันที่ีมีเหตุแห่งการฟ้องคดี ตามมาตรา 51 แห่งพระราชบัญญัติฉบับเดียวกัน สำหรับการจัดทำคำฟ้องนั้นสามารถดาวน์โหลดแบบฟอร์มคำฟ้องได้จากเว็บไซต์ของศาลปกครอง ซึ่งอาจเขียนคำฟ้องเองด้วยลายมือหรือจะใช้วิธีการพิมพ์ก็ได้ และผู้ฟ้องคดีสามารถดำเนินการได้เองโดยไม่ต้องจ้างทนายความ ส่วนคำฟ้องนั้นให้ใช้ถ้อยคำสุภาพและต้องมีรายการครบถ้วนตามมาตรา 45 แห่งพระราชบัญญัติจัดตั้งศาลปกครองและวิธีพิจารณาคดีปกครอง พ.ศ. 2542 ดังนี้ (1) ชื่อและที่อยู่ของผู้ฟ้องคดี (2) ชื่อหน่วยงานทางปกครองหรือเจ้าหน้าที่ของรัฐที่เกี่ยวข้องอันเป็นเหตุแห่งการฟ้องคดี (3) การกระทำทั้งหลายที่เป็นเหตุแห่งการฟ้องคดี พร้อมทั้งข้อเท็จจริงหรือพฤติการณ์ตามสมควรเกี่ยวกับการกระทำดังกล่าว (4) คำขอของผู้ฟ้องคดี และ (5) ลายมือชื่อของผู้ฟ้องคดี และหากผู้ฟ้องคดีประสงค์จะให้บุคคลอื่นเป็นผู้ดำเนินคดีแทน จะต้องจัดทำใบมอบอำนาจพร้อมแนบสำเนาบัตรประจำตัวของผู้มอบอำนาจและผู้รับมอบอำนาจพร้อมปิดอากรแสตมป์มาด้วย โดยต้องจัดทำสำเนาคำฟ้องและสำเนาพยานหลักฐานที่รับรองสำเนาถูกต้องตามจำนวนของผู้ถูกฟ้องคดี ตามข้อ 33 แห่งระเบียบของที่ประชุมใหญ่ตุลาการในศาลปกครองสูงสุด ว่าด้วยวิธีพิจารณาคดีปกครอง พ.ศ. 2543 ซึ่งผู้ขอคำปรึกษาสามารถเลือกยื่นคำฟ้องได้ 3 ช่องทาง คือ (1) ยื่นด้วยตนเองที่ศาลปกครอง (2) ส่งทางไปรษณีย์ลงทะเบียน หรือ (3) ยื่นทางระบบอิเล็กทรอนิกส์ และให้ยื่นฟ้องต่อศาลปกครองชั้นต้นที่ผู้ฟ้องคดีมีภูมิลำเนาหรือที่มูลคดีเกิดขึ้นก็ได้ ตามมาตรา 46 ประกอบมาตรา 47 วรรคหนึ่ง แห่งพระราชบัญญัติฉบับเดียวกัน 
ทั้งนี้ หากเป็นการฟ้องให้ใช้เงินหรือส่งมอบทรัพย์สิน ให้เสียค่าธรรมเนียมศาลตามทุนทรัพย์ในอัตราตามที่ระบุไว้ในตาราง 1 ท้ายประมวลกฎหมายวิธีพิจารณาความแพ่ง โดยกรณีทุนทรัพย์ไม่เกิน 50 ล้านบาท ให้เสียค่าธรรมเนียมศาลร้อยละ 2 แต่ไม่เกิน 200,000 บาท ส่วนที่เกิน 50 ล้านบาทขึ้นไป ให้เสียค่าธรรมเนียมศาล ร้อยละ 0.1 ตามมาตรา 45 วรรคสี่ แห่งพระราชบัญญัติจัดตั้งศาลปกครองและวิธีพิจารณาคดีปกครอง พ.ศ. 2542 และหากผู้ฟ้องคดีไม่มีรายได้เพียงพอในการจ่ายค่าธรรมเนียมศาล สามารถยื่นคำร้องขอยกเว้นค่าธรรมเนียมศาล พร้อมแสดงหลักฐานประกอบได้"
2025-01-22 15:43:00,โทรศัพท์สายด่วน 1355,ผู้ถูกฟ้องคดี,ข้าราชการ/ลูกจ้าง ในหน่วยงานของรัฐ,กรุงเทพมหานคร,,,กระบวนวิธีพิจารณาคดีปกครอง/แสวงหาข้อเท็จจริง,       ศาลได้มีหมายแจ้ง ถึงผู้ถูกฟ้องคดีทั้งสองให้ทำคำชี้แจงพร้อมส่งพยานหลักฐานที่เกี่ยวข้องยื่นต่อศาล พร้อมสำเนาคำชี้แจงและพยานหลักฐาน จำนวน 1 ชุด ภายใน 7 วัน นับแต่วันที่ได้รับหมาย จึงขอสอบถามว่า จะขอขยายเวลาได้หรือไม่ เนื่องจาก เจ้าหน้าที่ท่านที่รับผิดชอบได้ย้ายไปดำรงค์ตำแหน่งที่อื่น และเจ้าหน้าที่ที่มารับผิดชอบไหม่ยังต้องใช้เวลาศึกษารายละเอียดของคดี,"  แนะนำว่า โดยที่ระเบียบของที่ประชุมใหญ่ตุลาการในศาลปกครองสูงสุดว่าด้วยวิธีพิจารณาคดีปกครอง พ.ศ. ๒๕๔๓ ข้อ ๖	ระยะเวลาตามที่กำหนดไว้ในระเบียบนี้หรือตามที่ศาลกำหนด เมื่อศาลเห็นสมควรหรือเมื่อคู่กรณีมีคำขอ ศาลมีอำนาจย่นหรือขยายได้ตามความจำเป็นเพื่อประโยชน์แห่งความยุติธรรม
    ดังนั้น ระยะเวลาที่ศาลสั่งให้ผู้ถูกฟ้องคดีทำคำชี้แจงจึงขอยายเวลาต่อศาลได้ "
2025-01-24 14:54:00,โทรศัพท์สายด่วน 1355,บุคคลทั่วไป,ไม่ระบุ,ไม่ทราบ / ไม่แจ้ง,ไม่ระบุประเภทคดี,อื่นๆ,"ความรู้ทั่วไปเกี่ยวกับศาลปกครอง/คดีปกครอง, การจัดทำคำฟ้องหรือคำร้อง และขั้นตอนที่เกี่ยวข้อง",ผู้ขอคำปรึกษาสอบถามว่า ในการยื่นคำฟ้องต่อศาลต้องจัดทำสำเนาคำฟ้องและเอกสารหลักฐานจำนวนกี่ชุด และจัดส่งได้ทางใดบ้าง,ได้ให้คำแนะนำว่า ในการจัดทำคำฟ้องยื่นต่อศาลนั้น คำฟ้องให้ใช้ถ้อยคำสุภาพและต้องมีรายการครบถ้วนตามมาตรา 45 แห่งพระราชบัญญัติจัดตั้งศาลปกครองและวิธีพิจารณาคดีปกครอง พ.ศ. 2542 โดยให้จัดทำสำเนาคำฟ้องและสำเนาพยานหลักฐานที่รับรองสำเนาถูกต้องตามจำนวนของผู้ถูกฟ้องคดี ตามข้อ 33 แห่งระเบียบของที่ประชุมใหญ่ตุลาการในศาลปกครองสูงสุด ว่าด้วยวิธีพิจารณาคดีปกครอง พ.ศ. 2543 ซึ่งผู้ขอคำปรึกษาสามารถเลือกยื่นคำฟ้องได้ 3 ช่องทาง คือ (1) ยื่นด้วยตนเองต่อศาลปกครอง (2) ส่งทางไปรษณีย์ลงทะเบียน หรือ (3) ยื่นทางระบบอิเล็กทรอนิกส์ และให้ยื่นฟ้องคดีต่อศาลปกครองชั้นต้นที่ผู้ฟ้องคดีมีภูมิลำเนาหรือที่มูลคดีเกิดขึ้นก็ได้ ตามมาตรา 46 ประกอบมาตรา 47 วรรคหนึ่ง แห่งพระราชบัญญัติฉบับเดียวกัน
2025-01-24 11:00:00,มาด้วยตนเอง (ห้องปรึกษา 1-3),บุคคลทั่วไป,ไม่ระบุ,ไม่ทราบ / ไม่แจ้ง,การละเลยต่อหน้าที่หรือปฏิบัติหน้าที่ล่าช้าเกินสมควร,มาตรา 9 วรรค 1 (2) คดีพิพาทเกี่ยวกับการที่หน่วยงานทางปกครองหรือเจ้าหน้าที่ของรัฐ ละเลยต่อหน้าที่ตามที่กฎหมายกำหนด,"ความรู้ทั่วไปเกี่ยวกับศาลปกครอง/คดีปกครอง, ขั้นตอนแก้ไขความเสียหายก่อนฟ้องคดี, การจัดทำคำฟ้องหรือคำร้อง และขั้นตอนที่เกี่ยวข้อง",ผู้ขอคำปรึกษาสอบถามว่า กรณีที่ผู้ขอคำปรึกษามีหนังสือร้องขอความเป็นธรรมไปที่สำนักงานปลัดสำนักนายกรัฐมนตรีแล้ว หากสำนักงานฯ ไม่ดำเนินการใด ๆ ให้ สามารถมาฟ้องคดีต่อศาลปกครองได้เลยหรือไม่ และขอสอบถามเกี่ยวกับการจัดทำคำฟ้อง และค่าธรรมเนียมศาล,"ได้ให้คำแนะนำว่า กรณีที่ผู้ขอคำปรึกษามีหนังสือร้องขอความเป็นธรรมไปที่สำนักงานปลัดสำนักนายกรัฐมนตรีแล้ว หากพ้นกำหนดเก้าสิบวันนับแต่วันที่ได้มีหนังสือดังกล่าวแล้ว ผู้ขอคำปรึกษาไม่ได้รับหนังสือชี้แจงจากหน่วยงานทางปกครองหรือเจ้าหน้าที่ของรัฐ หรือได้รับแต่เป็นคำชี้แจงที่ผู้ขอคำปรึกษาเห็นว่าไม่มีเหตุผล จึงมีสิทธินำคดีมาฟ้องต่อศาลปกครองตามระยะเวลาที่กำหนดไว้ในมาตรา 49 แห่งพระราชบัญญัติจัดตั้งศาลปกครองและวิธีพิจารณาคดีปกครอง พ.ศ. 2542 เป็นกรณีพิพาทเกี่ยวกับการที่หน่วยงานทางปกครองหรือเจ้าหน้าที่ของรัฐละเลยต่อหน้าที่ตามที่กฎหมายกำหนดให้ต้องปฏิบัติ หรือปฏิบัติหน้าที่ีดังกล่าวล่าช้าเกินสมควร ตามมาตรา 9 วรรคหนึ่ง (2) ซึ่งการแก้ไขหรือบรรเทาความเดือดร้อนหรือเสียหายในกรณีดังกล่าวจะต้องเป็นกรณีที่ศาลมีอำนาจกำหนดคำบังคับให้ได้ตามมาตรา 72 วรรคหนึ่ง (2) แห่งพระราชบัญญัติฉบับเดียวกัน 
สำหรับการจัดทำคำฟ้องนั้นสามารถดาวน์โหลดแบบฟอร์มคำฟ้องได้จากเว็บไซต์ของศาลปกครอง ซึ่งอาจเขียนคำฟ้องเองด้วยลายมือหรือจะใช้วิธีการพิมพ์ก็ได้ โดยคำฟ้องให้ใช้ถ้อยคำสุภาพและต้องมีรายการครบถ้วนตามมาตรา 45 แห่งพระราชบัญญัติจัดตั้งศาลปกครองและวิธีพิจารณาคดีปกครอง พ.ศ. 2542 ดังนี้ (1) ชื่อและที่อยู่ของผู้ฟ้องคดี (2) ชื่อหน่วยงานทางปกครองหรือเจ้าหน้าที่ของรัฐที่เกี่ยวข้องอันเป็นเหตุแห่งการฟ้องคดี (3) การกระทำทั้งหลายที่เป็นเหตุแห่งการฟ้องคดี พร้อมทั้งข้อเท็จจริงหรือพฤติการณ์ตามสมควรเกี่ยวกับการกระทำดังกล่าว (4) คำขอของผู้ฟ้องคดี และ (5) ลายมือชื่อของผู้ฟ้องคดี  โดยต้องจัดทำสำเนาคำฟ้องและสำเนาพยานหลักฐานที่รับรองสำเนาถูกต้องตามจำนวนของผู้ถูกฟ้องคดี ตามข้อ 33 แห่งระเบียบของที่ประชุมใหญ่ตุลาการในศาลปกครองสูงสุด ว่าด้วยวิธีพิจารณาคดีปกครอง พ.ศ. 2543 ซึ่งผู้ขอคำปรึกษาสามารถเลือกยื่นคำฟ้องได้ 3 ช่องทาง คือ (1) ยื่นด้วยตนเองที่ศาลปกครอง (2) ส่งทางไปรษณีย์ลงทะเบียน หรือ (3) ยื่นทางระบบอิเล็กทรอนิกส์ โดยให้ยื่นฟ้องต่อศาลปกครองชั้นต้นที่ผู้ฟ้องคดีมีภูมิลำเนาหรือที่มูลคดีเกิดขึ้นก็ได้ ตามมาตรา 46 ประกอบมาตรา 47 วรรคหนึ่ง แห่งพระราชบัญญัติฉบับเดียวกัน ทั้งนี้ หากเป็นการฟ้องให้ใช้เงินหรือส่งมอบทรัพย์สิน ให้เสียค่าธรรมเนียมศาลตามทุนทรัพย์ในอัตราตามที่ระบุไว้ในตาราง 1 ท้ายประมวลกฎหมายวิธีพิจารณาความแพ่ง โดยกรณีทุนทรัพย์ไม่เกิน 50 ล้านบาท ให้เสียค่าธรรมเนียมศาลร้อยละ 2 แต่ไม่เกิน 200,000 บาท ส่วนที่เกิน 50 ล้านบาทขึ้นไป ให้เสียค่าธรรมเนียมศาล ร้อยละ 0.1 ตามมาตรา 45 วรรคสี่ แห่งพระราชบัญญัติจัดตั้งศาลปกครองและวิธีพิจารณาคดีปกครอง พ.ศ. 2542 "
2025-01-27 10:08:00,โทรศัพท์สายด่วน 1355,ไม่ระบุ,ไม่ระบุ,ไม่ทราบ / ไม่แจ้ง,ไม่ระบุประเภทคดี,อื่นๆ,ความรู้ทั่วไปเกี่ยวกับศาลปกครอง/คดีปกครอง,ผู้ขอคำปรึกษาสอบถามว่า กรณีที่ศาลปกครองกลางมีกำหนดนัดฟังคำพิพากษาของศาล หากผู้ขอคำปรึกษาไม่มาศาลในวันดังกล่าวได้หรือไม่ และมีผลอย่างไรหรือไม่,ได้ให้คำแนะนำว่า กรณีที่ศาลปกครองกลางได้มีหมายแจ้งกำหนดนัดฟังคำพิพากษาของศาล หากผู้ขอคำปรึกษาไม่สามารถมาศาลในวันดังกล่าวได้ ผู้ขอคำปรึกษาอาจมอบอำนาจให้บุคคลอื่นเข้าร่วมฟังคำพิพากษาแทนตนได้ โดยจัดทำใบมอบอำนาจพร้อมแนบสำเนาบัตรประจำตัวของผู้มอบอำนาจและผู้รับมอบอำนาจปิดอากรแสตมป์ให้ครบถ้วน หรือหากไม่ได้มอบอำนาจให้ผู้ใดมาฟังคำพิพากษา ผู้ขอคำปรึกษาสามารถขอคัดสำเนาคำพิพากษาได้ที่ศาลปกครอง หรือขอพิพากษาผ่านทาง Application Admincourt ได้ ทั้งนี้ หากผู้ขอคำปรึกษาไม่เห็นด้วยและประสงค์จะการคัดค้านคำพิพากษาของศาลปกครองชั้นต้น ให้ยื่นอุทธรณ์ต่อศาลปกครองชั้นต้นที่มีคำพิพากษาภายในกำหนดสามสิบวันนับแต่วันที่ได้มีคำพิพากษาหรือคำสั่ง ถ้ามิได้ยื่นอุทธรณ์ตามกำหนดเวลาดังกล่าว ให้ถือว่าคดีนั้นเป็นอันถึงที่สุด ตามมาตรา 73 วรรคหนึ่ง แห่งพระราชบัญญัติจัดตั้งศาลปกครองและวิธีพิจารณาคดีปกครอง พ.ศ. 2542 
2025-01-27 11:17:00,มาด้วยตนเอง (ห้องปรึกษา 1-3),บุคคลทั่วไป,ไม่ระบุ,ไม่ทราบ / ไม่แจ้ง,สังคม,มาตรา 9 วรรค 1 (1) คดีพิพาทเกี่ยวกับการที่หน่วยงานทางปกครองหรือเจ้าหน้าที่ของรัฐ กระทำการโดยไม่ชอบด้วยกฎหมาย,"ความรู้ทั่วไปเกี่ยวกับศาลปกครอง/คดีปกครอง, การจัดทำคำฟ้องหรือคำร้อง และขั้นตอนที่เกี่ยวข้อง",ผู้ขอคำปรึกษาสอบถามว่า กรณีที่สำนักงานตรวจคนเข้าเมืองมีคำสั่งห้ามเข้าประเทศ เนื่องจากไม่ได้ไปรายงานตัวตามระยะเวลาที่สำนักงานตรวจคนเข้าเมืองกำหนด ซึ่งในคำสั่งดังกล่าวระบุว่าหากไม่เห็นด้วยให้ยื่นฟ้องคดีต่อศาลปกครองภายใน 90 วัน ผู้ขอคำปรึกษาจะต้องดำเนินการอย่างไรบ้าง,ได้ให้คำแนะนำว่า กรณีที่ผู้ขอคำปรึกษาไม่เห็นด้วยกับคำสั่งของสำนักงานตรวจคนเข้าเมืองที่มีคำสั่งห้ามเข้าประเทศ ผู้ขอคำปรึกษาจะต้องยื่นฟ้องคดีต่อศาลปกครองภายใน 90 วัน นับแต่วันที่ได้รับแจ้งคำสั่งดังกล่าว โดยผู้ขอคำปรึกษาสามารถดำเนินการฟ้องคดีได้เองโดยไม่จำเป็นต้องจ้างทนายความ สำหรับการจัดทำคำฟ้องนั้นสามารถดาวน์โหลดแบบฟอร์มคำฟ้องได้จากเว็บไซต์ของศาลปกครอง ซึ่งอาจเขียนคำฟ้องเองด้วยลายมือหรือจะใช้วิธีการพิมพ์ก็ได้ โดยคำฟ้องให้ใช้ถ้อยคำสุภาพและต้องมีรายการครบถ้วนตามมาตรา 45 แห่งพระราชบัญญัติจัดตั้งศาลปกครองและวิธีพิจารณาคดีปกครอง พ.ศ. 2542 ดังนี้ (1) ชื่อและที่อยู่ของผู้ฟ้องคดี (2) ชื่อหน่วยงานทางปกครองหรือเจ้าหน้าที่ของรัฐที่เกี่ยวข้องอันเป็นเหตุแห่งการฟ้องคดี (3) การกระทำทั้งหลายที่เป็นเหตุแห่งการฟ้องคดี พร้อมทั้งข้อเท็จจริงหรือพฤติการณ์ตามสมควรเกี่ยวกับการกระทำดังกล่าว (4) คำขอของผู้ฟ้องคดี และ (5) ลายมือชื่อของผู้ฟ้องคดี และหากผู้ฟ้องคดีประสงค์จะให้บุคคลอื่นเป็นผู้ดำเนินคดีแทน จะต้องจัดทำใบมอบอำนาจพร้อมแนบสำเนาบัตรประจำตัวของผู้มอบอำนาจและผู้รับมอบอำนาจพร้อมปิดอากรแสตมป์มาด้วย โดยต้องจัดทำสำเนาคำฟ้องและสำเนาพยานหลักฐานที่รับรองสำเนาถูกต้องตามจำนวนของผู้ถูกฟ้องคดี ตามข้อ 33 แห่งระเบียบของที่ประชุมใหญ่ตุลาการในศาลปกครองสูงสุด ว่าด้วยวิธีพิจารณาคดีปกครอง พ.ศ. 2543 ซึ่งผู้ขอคำปรึกษาสามารถเลือกยื่นคำฟ้องได้ 3 ช่องทาง คือ (1) ยื่นด้วยตนเองต่อศาลปกครอง (2) ส่งทางไปรษณีย์ลงทะเบียน หรือ (3) ยื่นทางระบบอิเล็กทรอนิกส์ และให้ยื่นฟ้องคดีต่อศาลปกครองชั้นต้นที่ผู้ฟ้องคดีมีภูมิลำเนาหรือที่มูลคดีเกิดขึ้นก็ได้ ตามมาตรา 46 ประกอบมาตรา 47 วรรคหนึ่ง แห่งพระราชบัญญัติฉบับเดียวกัน
2025-01-27 14:13:00,มาด้วยตนเอง (ห้องปรึกษา 1-3),ผู้ฟ้องคดี,ไม่ระบุ,ไม่ทราบ / ไม่แจ้ง,การละเลยต่อหน้าที่หรือปฏิบัติหน้าที่ล่าช้าเกินสมควร,มาตรา 9 วรรค 1 (2) คดีพิพาทเกี่ยวกับการที่หน่วยงานทางปกครองหรือเจ้าหน้าที่ของรัฐ ละเลยต่อหน้าที่ตามที่กฎหมายกำหนด,"ความรู้ทั่วไปเกี่ยวกับศาลปกครอง/คดีปกครอง, กระบวนวิธีพิจารณาคดีปกครอง/แสวงหาข้อเท็จจริง",ผู้ขอคำปรึกษาเป็นผู้ฟ้องคดี สอบถามว่า กรณีที่ศาลส่งสำเนาคำให้การเพิ่มเติมของผู้ถูกฟ้องคดีมาเพื่อทราบ หากผู้ฟ้องคดีเห็นว่าคำให้การเพิ่มเติมดังกล่าวเป็นข้อมูลที่ไม่ถูกต้อง หากประสงค์จะคัดค้านคำให้การเพิ่มเติมดังกล่าวของผู้ถูกฟ้องคดีได้หรือไม่,ได้ให้คำแนะนำว่า กรณีที่ศาลส่งสำเนาคำให้การเพิ่มเติมของผู้ถูกฟ้องคดีให้ผู้ฟ้องคดีทราบ โดยไม่ได้กำหนดให้ต้องดำเนินการและไม่ได้กำหนดระยะเวลาไว้ จึงเป็นเพียงการส่งเอกสารคำคู่ความให้คู่กรณีทราบเท่านั้น อย่างไรก็ตาม หากผู้ฟ้องคดีเห็นว่าคำให้การเพิ่มเติมของผู้ถูกฟ้องคดีเป็นข้อมูลที่ไม่ถูกต้อง ก็สามารถทำคำคัดค้านคำให้การเพิ่มเติมของผู้ถูกฟ้องคดีได้ รวมทั้งหากมีข้อเท็จจริงที่จะชี้แจงต่อศาลเพิ่มเติม ก็อาจจัดทำคำชี้แจงหรือคำแถลงยื่นต่อศาลได้ก่อนวันสิ้นสุดการแสวงหาข้อเท็จจริงของศาล ตามข้อ 62 วรรคสาม แห่งระเบียบของที่ประชุมใหญ่ตุลาการในศาลปกครองสูงสุด ว่าด้วยวิธีพิจารณาคดีปกครอง พ.ศ. 2543 
2025-01-27 15:46:00,โทรศัพท์สายด่วน 1355,ไม่ระบุ,ข้าราชการ/ลูกจ้าง ในหน่วยงานของรัฐ,ไม่ทราบ / ไม่แจ้ง,ไม่ระบุประเภทคดี,อื่นๆ,"ความรู้ทั่วไปเกี่ยวกับศาลปกครอง/คดีปกครอง, กระบวนวิธีพิจารณาคดีปกครอง/แสวงหาข้อเท็จจริง",ผู้ขอคำปรึกษาสอบถามว่า กรณีที่ศาลมีหมายแจ้งกำหนดวันนั่งพิจารณาครั้งแรก ในวันที่ 20 กุมภาพันธ์ 2568 ในวันดังกล่าวจะต้องดำเนินการอย่างไรบ้าง,ได้ให้คำแนะนำว่า กรณีที่ศาลมีหมายแจ้งกำหนดวันนั่งพิจารณาครั้งแรก ในวันที่ 20 กุมภาพันธ์ 2568 ซึ่งคู่กรณีจะไม่มาศาลในวันดังกล่าวก็ได้ หรือกรณีที่คู่กรณีประสงค์จะมาศาลในวันดังกล่าว หากตัวคู่กรณีไม่ได้มาศาลด้วยตนเอง สามารถมอบอำนาจให้บุคคลอื่นเข้าร่วมการนั่งพิจารณาคดีแทนตนได้ โดยจัดทำใบมอบอำนาจพร้อมแนบสำเนาบัตรประจำตัวของผู้มอบอำนาจและผู้รับมอบอำนาจปิดอากรแสตมป์ให้ครบถ้วน ทั้งนี้ คู่กรณีมีสิทธิยื่นคำแถลงเป็นหนังสือต่อศาลก่อนวันนั่งพิจารณาคดีหรืออย่างช้าที่สุดในระหว่างการนั่งพิจารณาคดี ซึ่งคำแถลงจะยกข้อเท็จจริงที่ไม่เคยยกขึ้นอ้างไว้แล้วไม่ได้ เว้นแต่เป็นข้อเท็จจริงที่เป็นประเด็นสำคัญในคดีซึ่งคู่กรณีผู้ยื่นสามารถพิสูจน์ได้ว่ามีเหตุจำเป็นหรือพฤติการณ์พิเศษที่ทำให้ไม่อาจเสนอต่อศาลได้ก่อนหน้านั้น รวมทั้งมีสิทธิแถลงด้วยวาจาประกอบคำแถลงเป็นหนังสือได้ ตามข้อ 84 ประกอบข้อ 85 แห่งระเบียบของที่ประชุมใหญ่ตุลาการในศาลปกครองสูงสุด ว่าด้วยวิธีพิจารณาคดีปกครอง พ.ศ. 2543
2025-01-28 14:06:00,มาด้วยตนเอง (ห้องปรึกษา 1-3),ทนายความ,ทนายความ,ไม่ทราบ / ไม่แจ้ง,การกระทำละเมิดและความรับผิดอย่างอื่น,มาตรา 9 วรรค 1 (3) คดีพิพาทเกี่ยวกับการกระทำละเมิดหรือความรับผิดอย่างอื่น,"ความรู้ทั่วไปเกี่ยวกับศาลปกครอง/คดีปกครอง, กระบวนวิธีพิจารณาคดีปกครอง/แสวงหาข้อเท็จจริง",ผู้ขอคำปรึกษาเป็นทนายความผู้รับมอบอำนาจจากผู้ฟ้องคดี สอบถามว่า ศาลได้มีหนังสือส่งสำเนาคำให้การของผู้ถูกฟ้องคดีมาเพื่อทราบ โดยไม่ได้ระบุให้ผู้ฟ้องคดีดำเนินการอย่างไร หากผู้ฟ้องคดีประสงค์จะคัดค้านคำให้การดังกล่าวได้หรือไม่,ได้ให้คำแนะนำว่า กรณีที่ศาลมีหนังสือส่งสำเนาคำให้การ ฉบับลงวันที่ 13 มกราคม 2568 โดยแจ้งผู้ฟ้องคดีว่า ผู้ถูกฟ้องคดีได้ทำคำให้การยื่นต่อศาล ฉบับลงวันที่ 11 ธันวาคม 2567 ศาลจึงส่งสำเนาคำให้การของผู้ถูกฟ้องคดีดังกล่าวมาให้ผู้ฟ้องคดีเพื่อทราบ โดยไม่ได้ระบุให้ผู้ฟ้องคดีต้องดำเนินการและไม่ได้กำหนดระยะเวลาไว้ จึงเป็นกรณีที่ศาลเห็นว่าสามารถจะวินิจฉัยชี้ขาดคดีดังกล่าวได้ โดยไม่ต้องดำเนินการแสวงหาข้อเท็จจริงอีก ตามข้อ 61 แห่งระเบียบของที่ประชุมใหญ่ตุลาการในศาลปกครองสูงสุด ว่าด้วยวิธีพิจารณาคดีปกครอง พ.ศ. 2543 อย่างไรก็ตาม กรณีดังกล่าวไม่เป็นการตัดสิทธิในการที่ผู้ฟ้องคดีจะทำคัดค้านคำให้การยื่นต่อศาล รวมทั้ง หากผู้ฟ้องคดีมีข้อเท็จจริงที่จะชี้แจงต่อศาลเพิ่มเติม ก็อาจจัดทำคำแถลงยื่นต่อศาลได้ก่อนวันสิ้นสุดการแสวงหาข้อเท็จจริงของศาล ตามข้อ 62 วรรคสาม แห่งระเบียบฉบับเดียวกัน
2025-01-29 08:41:00,โทรศัพท์สายด่วน 1355,ผู้ฟ้องคดี,ไม่ระบุ,จังหวัดนครปฐม,,,การอุทธรณ์คำพิพากษา/คำสั่งต่อศาลปกครองสูงสุด,ศาลมีคำสั่งไม่รับคำฟ้องเนื่องจากเป็นกระบวนการยุติธรรมทางอาญา  จึงสอบถามการอุทธรณ์คำสั่งไม่รับคำฟ้องไว้พิจารณา,        แนะนำว่า คำสั่งของศาลปกครองชั้นต้น ให้อุทธรณ์ต่อศาลปกครองสูงสุด คำอุทธรณ์ให้ยื่นต่อศาลปกครองชั้นต้นภายน ๓๐ วันนับแต่วันรับทราบคำสั่งศาล คำอุทธรณ์ให้ทำเป็นหนังสือระบุ (๑) ชื่อผู้อุทธรณ์และคู่กรณีในอุทธรณ์	(๒) ข้อคัดค้านคำสั่งของศาลปกครองชั้นต้น (๓) คำขอของผู้อุทธรณ์	(๔) ลายมือชื่อผู้อุทธรณ์   ทั้งนี้ ตาม ข้อ ๑๐๐ ข้อ ๑๐๑ และข้อ ๑๐๒ ระเบียบของที่ประชุมใหญ่ตุลาการในศาลปกครองสูงสุด ว่าด้วยวิธีพิจารณาคดีปกครอง พ.ศ. ๒๕๔๓
2025-01-28 10:09:00,มาด้วยตนเอง (ห้องปรึกษา 1-3),ทนายความ,ทนายความ,ไม่ทราบ / ไม่แจ้ง,การพัสดุและสัญญาของฝ่ายปกครอง,มาตรา 9 วรรค 1 (4) คดีพิพาทเกี่ยวกับสัญญาทางปกครอง,"ความรู้ทั่วไปเกี่ยวกับศาลปกครอง/คดีปกครอง, กระบวนวิธีพิจารณาคดีปกครอง/แสวงหาข้อเท็จจริง",ผู้ขอคำปรึกษาเป็นทนายความผู้รับมอบอำนาจจากผู้ถูกฟ้องคดี  สอบถามว่า กรณีที่ศาลมีกำหนดนัดนั่งพิจารณาคดีครั้งแรก ในวันที่ 4 มีนาคม 2568 ผู้ถูกฟ้องคดีสามารถนำพยานบุคคลมาแถลงต่อศาลในวันดังกล่าวได้หรือไม่,ได้ให้คำแนะนำว่า กรณีที่ศาลได้มีหมายแจ้งกำหนดนัดนั่งพิจารณาคดีครั้งแรก ในวันที่ 4 มีนาคม 2568 หากผู้ถูกฟ้องคดีประสงค์จะยื่นคำแถลงเป็นหนังสือ ให้ยื่นต่อศาลก่อนวันนั่งพิจารณาคดีหรืออย่างช้าที่สุดในระหว่างการนั่งพิจารณาคดี ซึ่งคำแถลงดังกล่าวจะยกข้อเท็จจริงที่ไม่เคยยกขึ้นอ้างไว้แล้วไม่ได้ และต้องแสดงเหตุจำเป็นที่ทำให้ไม่อาจเสนอต่อศาลได้ก่อนหน้านั้น รวมทั้งผู้ถูกฟ้องคดีอาจแถลงด้วยวาจาประกอบคำแถลงเป็นหนังสือที่ได้ยื่นต่อศาลได้ แต่คำแถลงต้องกระชับและอยู่ในประเด็น โดยไม่อาจยกข้อเท็จจริงหรือข้อกฎหมายอื่นนอกจากที่ปรากฏในคำแถลงเป็นหนังสือ ทั้งนี้ ตามข้อ 84 ประกอบข้อ 85 แห่งระเบียบของที่ประชุมใหญ่ตุลาการในศาลปกครองสูงสุด ว่าด้วยวิธีพิจารณาคดีปกครอง พ.ศ. 2543
2025-01-29 10:22:00,มาด้วยตนเอง (ห้องปรึกษา 1-3),บุคคลทั่วไป,ไม่ระบุ,ไม่ทราบ / ไม่แจ้ง,ที่ดิน,มาตรา 9 วรรค 1 (1) คดีพิพาทเกี่ยวกับการที่หน่วยงานทางปกครองหรือเจ้าหน้าที่ของรัฐ กระทำการโดยไม่ชอบด้วยกฎหมาย,"ความรู้ทั่วไปเกี่ยวกับศาลปกครอง/คดีปกครอง, ขั้นตอนแก้ไขความเสียหายก่อนฟ้องคดี, การจัดทำคำฟ้องหรือคำร้อง และขั้นตอนที่เกี่ยวข้อง",ผู้ขอคำปรึกษาสอบถามว่า กรณีที่ผู้ขอคำปรึกษาเห็นว่ากรมที่ดินละเลยต่อการปฏิบัติหน้าที่ โดยผู้ขอคำปรึกษาได้มีหนังสือร้องเรียนไปยังกรมที่ดิน แต่กรมที่ดินไม่ดำเนินการใด ๆ ให้ จึงมีความประสงค์จะฟ้องกรมที่ดิน จะต้องดำเนินการอย่างไรบ้าง,ได้ให้คำแนะนำว่า กรณีที่ผู้ขอคำปรึกษาเห็นว่ากรมที่ดินละเลยต่อหน้าที่ตามที่กฎหมายกำหนดให้ต้องปฏิบัติ ตามมาตรา 9 วรรคหนึ่ง (2) แห่งพระราชบัญญัติจัดตั้งศาลปกครองและวิธีพิจารณาคดีปกครอง พ.ศ. 2542 ผู้ขอคำปรึกษาจะต้องมีหนังสือร้องขอต่อหน่วยงานทางปกครองหรือเจ้าหน้าที่ของรัฐเพื่อให้ปฏิบัติหน้าที่ตามที่กฎหมายกำหนด หากพ้นกำหนดเก้าสิบวันนับแต่วันที่ได้มีหนังสือดังกล่าวแล้ว ไม่ได้รับหนังสือชี้แจงจากกรมที่ดิน หรือได้รับแต่เป็นคำชี้แจงที่ผู้ขอคำปรึกษาเห็นว่าไม่มีเหตุผล จึงมีสิทธินำคดีมาฟ้องต่อศาลปกครองภายในเก้าสิบวันนับแต่วันที่พ้นกำหนดระยะเวลาดังกล่าว ตามมาตรา 49 แห่งพระราชบัญญัติฉบับเดียวกัน สำหรับการยื่นฟ้องคดีต่อศาลจะต้องจัดทำเป็นคำฟ้อง โดยสามารถดาวน์โหลดแบบฟอร์มคำฟ้องได้จากเว็บไซต์ของศาลปกครอง ซึ่งผู้ขอคำปรึกษาสามารถเขียนคำฟ้องเองด้วยลายมือหรือจะใช้วิธีการพิมพ์ก็ได้ โดยไม่ต้องจ้างทนายความ ซึ่งคำฟ้องให้ใช้ถ้อยคำสุภาพและต้องมีรายการครบถ้วนตามมาตรา 45 แห่งพระราชบัญญัติจัดตั้งศาลปกครองและวิธีพิจารณาคดีปกครอง พ.ศ. 2542 ดังนี้ (1) ชื่อและที่อยู่ของผู้ฟ้องคดี (2) ชื่อหน่วยงานทางปกครองหรือเจ้าหน้าที่ของรัฐที่เกี่ยวข้องอันเป็นเหตุแห่งการฟ้องคดี (3) การกระทำทั้งหลายที่เป็นเหตุแห่งการฟ้องคดี พร้อมทั้งข้อเท็จจริงหรือพฤติการณ์ตามสมควรเกี่ยวกับการกระทำดังกล่าว (4) คำขอของผู้ฟ้องคดี และ (5) ลายมือชื่อของผู้ฟ้องคดี และหากผู้ฟ้องคดีประสงค์จะให้บุคคลอื่นเป็นผู้ดำเนินคดีแทน จะต้องจัดทำใบมอบอำนาจพร้อมแนบสำเนาบัตรประจำตัวของผู้มอบอำนาจและผู้รับมอบอำนาจพร้อมปิดอากรแสตมป์มาด้วย โดยต้องจัดทำสำเนาคำฟ้องและสำเนาพยานหลักฐานที่รับรองสำเนาถูกต้องตามจำนวนของผู้ถูกฟ้องคดี ตามข้อ 33 แห่งระเบียบของที่ประชุมใหญ่ตุลาการในศาลปกครองสูงสุด ว่าด้วยวิธีพิจารณาคดีปกครอง พ.ศ. 2543 ซึ่งผู้ขอคำปรึกษาสามารถเลือกยื่นคำฟ้องได้ 3 ช่องทาง คือ (1) ยื่นด้วยตนเองที่ศาลปกครอง (2) ส่งทางไปรษณีย์ลงทะเบียน หรือ (3) ยื่นทางระบบอิเล็กทรอนิกส์ และให้ยื่นฟ้องต่อศาลปกครองชั้นต้นที่ผู้ฟ้องคดีมีภูมิลำเนาหรือที่มูลคดีเกิดขึ้นก็ได้ ตามมาตรา 46 ประกอบมาตรา 47 วรรคหนึ่ง แห่งพระราชบัญญัติฉบับเดียวกัน 
2025-01-29 12:06:00,โทรศัพท์สายด่วน 1355,ผู้ฟ้องคดี,ไม่ระบุ,ไม่ทราบ / ไม่แจ้ง,สิทธิประโยชน์และสวัสดิการ,มาตรา 9 วรรค 1 (3) คดีพิพาทเกี่ยวกับการกระทำละเมิดหรือความรับผิดอย่างอื่น,ความรู้ทั่วไปเกี่ยวกับศาลปกครอง/คดีปกครอง,ผู้ขอคำปรึกษาเป็นผู้ฟ้องคดี สอบถามว่า ศาลได้มีหนังสือแจ้งคำสั่งศาล ฉบับลงวันที่ 17 มกราคม 2568 โดยอนุญาตให้ผู้ฟ้องคดีขยายระยะเวลาการทำคำชี้แจงตามคำขอ หากไม่สามารถทำคำชี้แจงได้ทัน สามารถขอขยายระยะเวลาได้อีกหรือไม่,ได้ให้คำแนะนำว่า กรณีที่ผู้ขอคำปรึกษาเป็นผู้ฟ้องคดี ได้มีหนังสือขอขยายระยะเวลาการยื่นคำชี้แจงต่อศาล และศาลได้มีหนังสือแจ้งคำสั่งศาล ฉบับลงวันที่ 17 มกราคม 2568 โดยอนุญาตให้ผู้ฟ้องคดีขยายระยะเวลาการทำคำชี้แจงตามคำขอ ทั้งนี้ หากผู้ฟ้องคดีไม่สามารถทำคำชี้แจงยื่นต่อศาลได้ทันตามระยะเวลาที่ศาลกำหนด ให้ผู้ฟ้องคดียื่นคำร้องขอขยายระยะเวลาการทำคำชี้แจงพร้อมแสดงเหตุผลประกอบยื่นต่อศาลก่อนวันครบกำหนดระยะเวลาดังกล่าว โดยศาลมีอำนาจย่นหรือขยายระยะเวลาดังกล่าวได้ตามความจำเป็นเพื่อประโยชน์แห่งความยุติธรรม ตามข้อ 6 แห่งระเบียบของที่ประชุมใหญ่ตุลาการในศาลปกครองสูงสุด ว่าด้วยวิธีพิจารณาคดีปกครอง พ.ศ. 2543 
2025-01-30 09:00:00,มาด้วยตนเอง (ห้องปรึกษา 1-3),ผู้ฟ้องคดี,ไม่ระบุ,กรุงเทพมหานคร,,,กระบวนวิธีพิจารณาคดีปกครอง/แสวงหาข้อเท็จจริง,      ศาลได้มีคำสั่งกำหนดให้วันที่ 31 มกราคม 2568 เป็นวันสิ้นสุดการแสวงหาข้อเท็จจริง จึงขอสอบถามเกี่ยวกับวันดังกล่าว,     คดีที่ศาลเห็นว่าการแสวงหาข้อเท็จจริงเพียงพอแล้ว ขั้นตอนต่อไปศาลจะต้องดำเนินการกำหนดวันสิ้นสุดการแสวงหาข้อเท็จจริงตาม ข้อ ๖๒ ของระเบียบที่ประชุมใหญ่ฯและจะแจ้งให้คู่กรณีทราบล่วงหน้าไม่น้อยกว่า ๑๐ วัน หากคู่กรณีจะยื่นข้อต่อสู้หรือพยานหลักฐานให้ยื่นต่อศาลภายในวันที่ศาลกำหนดเป็นวันสิ้นสุดการแสวงหาข้อเท็จจริง
2025-01-31 13:32:00,โทรศัพท์สายด่วน 1355,ผู้ฟ้องคดี,ไม่ระบุ,ไม่ทราบ / ไม่แจ้ง,,,กระบวนวิธีพิจารณาคดีปกครอง/แสวงหาข้อเท็จจริง,     สอบถมาเกี่ยวกับวันนั่งพิจารณาคดี ความเห็นของตุลาการผู้แถลงคดียกฟ้อง,    แนะนำว่า วันนั่งพิจารณาคดี ตุลาการผู้แถลงคดี เสนอความเห็นต่อองค์คณะ แต่ความเห็นของตุลาการผู้แถลงคดีไม่ผูกพันธ์องค์คณะที่จะประชุมกันหลังจากมีการนั่งพิจารณาคดี ซึ่งคำพิพากษาอาจจะเหมือนหรือต่างก็ได้
2025-01-31 11:34:00,โทรศัพท์สายด่วน 1355,ผู้ถูกฟ้องคดี,ข้าราชการ/ลูกจ้าง ในหน่วยงานของรัฐ,ไม่ทราบ / ไม่แจ้ง,เหตุเดือดร้อนรำคาญ,มาตรา 9 วรรค 1 (1) คดีพิพาทเกี่ยวกับการที่หน่วยงานทางปกครองหรือเจ้าหน้าที่ของรัฐ กระทำการโดยไม่ชอบด้วยกฎหมาย,"ความรู้ทั่วไปเกี่ยวกับศาลปกครอง/คดีปกครอง, กระบวนวิธีพิจารณาคดีปกครอง/แสวงหาข้อเท็จจริง",ผู้ขอคำปรึกษาเป็นฝ่ายผู้ถูกฟ้องคดีที่ 1  สอบถามว่า กรณีที่ศาลมีคำสั่งเรียกให้ผู้ถูกฟ้องคดีที่ 1 ทำคำให้การเพิ่มเติมต่อศาลภายใน 15 วัน นับแต่วันที่ได้รับคำสั่ง ผู้ถูกฟ้องคดีที่ 1 สามารถขอขยายระยะเวลาการทำคำให้การเพิ่มเติมได้หรือไม่,ได้ให้คำแนะนำว่า กรณีที่ศาลมีคำสั่งเรียกให้ผู้ถูกฟ้องคดีที่ 1 ทำคำให้การเพิ่มเติมพร้อมพยานหลักฐาน รวม 2 ชุด ยื่นต่อศาลภายใน 15 วัน นับแต่วันที่ได้รับคำสั่ง หากผู้ถูกฟ้องคดีที่ 1 ไม่อาจจัดทำคำให้การเพิ่มเติมยื่นต่อศาลได้ทันภายในระยะเวลาที่ศาลกำหนด ผู้ถูกฟ้องคดีที่ 1 สามารถยื่นคำขอขยายระยะเวลาการทำคำให้การเพิ่มเติมพร้อมแสดงเหตุผลประกอบยื่นต่อศาลก่อนวันครบกำหนดระยะเวลาดังกล่าว  ซึ่งศาลมีอำนาจย่นหรือขยายระยะเวลาได้ตามความจำเป็นเพื่อประโยชน์แห่งความยุติธรรม ตามข้อ 6 แห่งระเบียบของที่ประชุมใหญ่ตุลาการในศาลปกครองสูงสุด ว่าด้วยวิธีพิจารณาคดีปกครอง พ.ศ. 2543  
2025-01-29 10:07:00,โทรศัพท์สายด่วน 1355,บุคคลทั่วไป,พนักงานรัฐวิสาหกิจ/องค์การมหาชน,ไม่ทราบ / ไม่แจ้ง,การบริหารงานบุคคล/และวินัย,มาตรา 9 วรรค 1 (1) คดีพิพาทเกี่ยวกับการที่หน่วยงานทางปกครองหรือเจ้าหน้าที่ของรัฐ กระทำการโดยไม่ชอบด้วยกฎหมาย,"ความรู้ทั่วไปเกี่ยวกับศาลปกครอง/คดีปกครอง, เป็นคดีที่อยู่ในอำนาจของศาลปกครองหรือไม่",ผู้ขอคำปรึกษาเป็นพนักงานของบริษัท ปตท. จำกัด (มหาชน) ไม่พอใจผลการประเมินการปฏิบัติงาน และได้ยื่นอุทธรณ์ผลการประเมินดังกล่าวแล้ว จะสามารถฟ้องคดีต่อศาลปกครองได้เลยหรือไม่,ได้ให้คำแนะนำว่า กรณีที่ผู้ขอคำปรึกษาป็นพนักงานของบริษัท ปตท. จำกัด (มหาชน) ความสัมพันธ์ระหว่างผู้ขอคำปรึกษากับบริษัท ปตท. จำกัด (มหาชน) จึงเป็นไปตามกฎหมายว่าด้วยแรงงาน หากผู้ขอคำปรึกษาไม่พอใจผลการประเมินการปฏิบัติงาน และมีความประสงค์จะฟ้องคดีกับบริษัท ปตท. จำกัด (มหาชน) เรื่องดังกล่าวจึงไม่อยู่ในอำนาจการพิจารณาพิพากษาคดีของศาลปกครอง แต่อยู่ในอำนาจการพิจารณาพิพากษาคดีของศาลแรงงาน ตามมาตรา 9 วรรคสอง แห่งพระราชบัญญัติจัดตั้งศาลปกครองและวิธีพิจารณาคดีปกครอง พ.ศ. 2542 
2025-10-11 14:10:00,โทรศัพท์สายด่วน 1355,ไม่ระบุ,ไม่ระบุ,ไม่ทราบ / ไม่แจ้ง,,,"ขอความเห็นทางกฎหมาย, การอุทธรณ์คำพิพากษา/คำสั่งต่อศาลปกครองสูงสุด",ผู้ขอคำปรึกษามีความประสงค์ในการยื่นอุทธรณ์คำพิพากษาของศาลปกครองกลาง จึงขอสอบถามเกี่ยวกับการนับระยะเวลาอุทธรณ์,กระบวนการพิจารณาคดีในศาลปกครองไม่ได้มีกำหนดระยะเวลาไว้เฉพาะ จึงนำประมวลกฎหมายแพ่งและพาณิชย์มาใช้ในการนับระยะเวลา การนับระยะเวลาในกระบวนการพิจารณาคดีของพ.ร.บ.จัดตั้งศาลปกครองฯและระเบียบที่ประชุมใหญ่ฯว่าด้วยวิธีพิจารณาคดีปกครองฯนั้นไม่มีบทบัญญัติกำหนดไว้เป็นการเฉพาะ ศาลจึงนำหลักเกณฑ์การนับอายุความตามป.พ.พ. มาตรา 193/12 และมาตรา 193/13 ซึ่งเป็นหลักทั่วไปมาใช้กับการนับระยะเวลาด้วย กล่าวคือต้องอยู่ภายในบังคับของมาตรา 193/1 ถึงมาตรา 193/3 แห่งประมวลกฎหมาย ดังนั้น คู่ความในคดีปกครองจะต้องยื่นอุทธรณ์คำพิพากษาต่อศาลปกครองสูงสุดโดยผ่านศาลปกครองชั้นต้นภายใน 30 วันนับแต่วันที่มีคำพิพากษาตามาตรา 73 แห่งพรบจัดตั้งศาลปกครองฯ และถ้าวันสุดท้ายแห่งการกำหนดระยะเวลาตรงกับวันหยุดทางการตามประกาศเป็นทางการหรือตามประเพณีก็ให้นับวันเริ่มทางการใหม่ต่อจากที่หยุดทำการนั้นเป็นวันสุดท้ายของระยะเวลาด้วย มาตรา ๑๙๓/๘ แห่งประมวลกฎหมายเดียวกันกำหนดหลักเกณฑ์ในการนับอายุความ
2025-10-11 10:22:00,โทรศัพท์สายด่วน 1355,บุคคลทั่วไป,ธุรกิจส่วนตัว/ค้าขาย/รับจ้าง,,,,ขอความเห็นทางกฎหมาย,ผู้ขอคำปรึกษาเป็นผู้ประสบอุบัติเหตุทางด้านรถยนต์ของหน่วยงานท้องถิ่น ขอสอบถามว่ากรณีอุบัติเหตุดังกล่าวจะเรียกค่าขาดประโยชน์จากการขาดงานได้หรือไม่,กรณีอุบัติเหตุที่เกิดขึ้นจากการขับรถยนต์ของหน่วยงานทางปกครองส่วนท้องถิ่นเป็นการปฏิบัติหน้าที่ทั่วไปมิใช่การใช้อำนาจหน้าที่ทางปกครอง ผู้ขอคำปรึกษาจึงไม่ใช่ผู้เดือดร้อนเสียหายที่จะมีสิทธิฟ้องคดีต่อศาลปกครองตามมาตรา 42 วรรคหนึ่งพรบจัดตั้งศาลปกครองฯ  แต่เป็นคดีละเมิดที่อยู่ในอำนาจของศาลยุติธรรม ส่วนการใช้สิทธิฟ้องเรียกค่าเสียหายจากการค่าขาดประโยชน์จากการขาดงานนั้น มาตรา ๔๔๔ แห่งปพพบัญญัติว่า  ในกรณีทำให้เสียหายแก่ร่างกายหรืออนามัยนั้น ผู้ต้องเสียหายชอบที่จะได้ชดใช้ค่าใช้จ่ายอันตนต้องเสียไป และค่าเสียหายเพื่อการที่เสียความสามารถประกอบการงานสิ้นเชิงหรือแต่บางส่วน ทั้งในเวลาปัจจุบันนั้นและในเวลาอนาคตด้วย ดังนั้นผู้ขอคำปรึกษาจึงมีสิทธิเรียกเสียหายจากการค่าขาดประโยชน์จากการขาดงานได้
2025-10-11 11:00:00,มาด้วยตนเอง (ห้องปรึกษา 1-3),ผู้ฟ้องคดี,ไม่ระบุ,พระนครศรีอยุธยา,,มาตรา 9 วรรค 1 (3) คดีพิพาทเกี่ยวกับการกระทำละเมิดหรือความรับผิดอย่างอื่น,ขอความเห็นทางกฎหมาย,กรณีมีความประสงค์ฟ้องขอให้คณะอนุกรรมการให้ความช่วยเหลือประจำจังหวัดพระนครศรีอยุธยาและพิจารณาค่าตอบแทนแก่ผู้เสียหายและจำเลยในคดีอาญาจ่ายเงินค่าตอบแทนแก่ผู้เสียหายควรจะต้อง แก้ไขผู้ถูกฟ้องคดีเป็นใครบ้าง,พรบค่าตอบแทนผู้เสียหายฯ พศ 2544 กำหนดให้มีสำนักงานช่วยเหลือทางการเงินแก่ผู้เสียหายและจำเลยในคดีอาญา ทำหน้าที่บริหารจัดการและพิจารณาการกับการให้ความช่วยเหลือทางการเงินกับผู้เสียหายและจำเลยในคดีอาญา และ คณะอนุกรรมการให้ความช่วยเหลือประจำจังหวัดพระนครศรีอยุธยาและพิจารณาค่าตอบแทนแก่ผู้เสียหายและจำเลยในคดีอาญามีอำนาจหน้าที่ตามพรบในการพิจารณาอนุมติหรือไม่อนุมัต จ่ายเงินตามสิทธิที่บัญญัติไว้ในพรบ  เมื่อคณะกรรมการปฏิเสธไม่จ่ายเงินนั้นจะต้องกำหนด สำนักงานช่วยเหลือทางการเงินแก่ผู้เสียหายและจำเลยในคดีและ คณะอนุกรรมการให้ความช่วยเหลือประจำจังหวัดพระนครศรีอยุธยาและพิจารณาค่าตอบแทนแก่ผู้เสียหายและจำเลยในคดีอาญา
2025-10-11 14:30:00,มาด้วยตนเอง (ห้องปรึกษา 1-3),บุคคลทั่วไป,ไม่ระบุ,นนทบุรี,การกระทำละเมิดและความรับผิดอย่างอื่น,มาตรา 9 วรรค 1 (3) คดีพิพาทเกี่ยวกับการกระทำละเมิดหรือความรับผิดอย่างอื่น,การจัดทำคำฟ้องหรือคำร้อง และขั้นตอนที่เกี่ยวข้อง,ผู้ขอคำปรึกษาเป็นเจ้าของบ้าน  ซึ่งอยู่ในพื้นที่รับผิดชอบของเทศบาลนครปากเกร็ด ได้รับความเดือดร้อนเสียหายจากการที่เทศบาลนครปากเกร็ด ดำเนินโครงการปรับปรุงถนนลาดยาง ถนนลาดยางแอสฟัลท์ติกคอนกรีต และท่อระบายน้ำไปยังพอพักน้ำเสีย และได้มีการขุดทางระบายน้ำเพื่อวางท่อระบาย แต่ปรากฎว่าการขุดดังกล่าวทำให้รั้วพัง และทำให้ท่อประปาแตกไม่สามารถใช้น้ำเพื่อการอุปโภคบริโภคได้ จึงมีความประสงค์ฟ้องคดีต่อศาลปกครองเพื่อให้ระงับการขุดท่อและชดใช้ค่าเสียหาย,กรณีเทศบาลนครปากเกร็ดดำเนินการขุดลำรางเพื่อวางท่อระบายน้ำข้างบ้านของผู้ขอคำปรึกษาไปยังบ่อบำบัดน้ำเสีย จนเป็นเหตุให้รั้วพัง และทำให้ท่อประปาแตกไม่สามารถใช้น้ำเพื่อการอุปโภคบริโภคได้ จึงมีความประสงค์ฟ้องคดีต่อศาลปกครองเพื่อให้ระงับการขุดท่อและชดใช้ค่าเสียหายนั้นเป็น เป็นคดีพิพาทเกี่ยวกับการกระทำละเมิดจากการใช้อำนาจหน้าที่ตามกฎหมายตามมาตรา 9 วรรคหนึ่ง (3) แห่งพ.ร.บ.จัดตั้งศาลปกครองฯ ผู้ขอคำปรึกษาจะต้องยื่นคำฟ้องต่อศาลปกครองภายใน 1 ปีนับแต่วันที่รู้หรือควรรู้ถึงเหตุแห่งการฟ้องคดีตามมาตรา 51 แห่งพ.ร.บ.จัดตั้งศาลปกครองฯ  ผู้ขอคำปรึกษาจะต้องจัดทำคำฟ้องตามมาตรา 45 แห่งพ.ร.บ.ดังกล่าว โดยกำหนดให้เทศบาลนครปากเกร็ดเป็นผู้ถูกฟ้องคดี บรรยายข้อเท็จจริงที่เกิดขึ้นเพื่ออธิบายว่า มีการกำหนดแนวรั้วล้ำเข้ามาในที่ดินอย่างไร และเสียหายอย่างไร คิดเป็นคำนวณเงินค่าเสียหายเป็นเงินจำนวนเท่าใดบ้าง และกำหนดคำขอท้ายคำฟ้องขอให้ผู้ถูกฟ้องคดีดำเนินการระงับการก่อสร้างและขอให้ชดใช้ค่าเสีหายเป็นคำขอที่ศาลสามารถออกคำบังคับได้ตามมาตรา 72 วรรคหนึ่ง (3) แห่งพ.ร.บ.จัดตั้งศาลปกรคองฯ ทั้งนี้ผู้ฟ้องคดีจะต้องเสียเงินค่าธรรมเนียมศาลในอัตราร้อยละ 2 ของจำนวนทุนทรัพย์ในคดี
2024-10-15 15:22:00,โทรศัพท์สายด่วน 1355,ผู้ถูกฟ้องคดี,ข้าราชการ/ลูกจ้าง ในหน่วยงานของรัฐ,กรุงเทพมหานคร,,,กระบวนวิธีพิจารณาคดีปกครอง/แสวงหาข้อเท็จจริง,ผู้ขอคำปรึกษาเป็นเป็นผู้รับมอบอำนาจผู้ถูกฟ้องคดี 1 2 และ 4 คดีนี้ ศาลมีคำสั่งรับคำฟ้องของผู้ฟ้องไว้พิจารณาและสำเนาคำฟ้องให้ผู้ถูกฟ้องทำคำให้การเพิ่มเติม เฉพาะ ผู้ถูฟ้องคดีที่ 1-3 แต่ไม่มีผู้ถูกฟ้องคดีที่ 4,กระยวนการแสวงหาข้อเท็จจริงของศาลปกครองนั้น ศาลมีอำนาจย่นหรือขยายกระบวนการแสวงหาข้อเท็จจริงในระเบียบที่ประชุมใหญ่ฯว่าด้วยวิธีพิจารณาทางปกครองได้ตามที่เห็นสมควร ดังนั้นศาลจึงสามารถให้ผู้ถูกฟ้องคดีบางรายงดการยื่นคำคู่ความในคดีได้ตามข้อ 6 แห่งระเบียบของที่ประชุมใหญ่ฯว่าด้วยวิธีพิจารณาคดีปกครองฯ
2024-10-16 09:22:00,มาด้วยตนเอง (ห้องปรึกษา 1-3),ผู้ฟ้องคดี,ไม่ระบุ,ไม่ทราบ / ไม่แจ้ง,,,กระบวนวิธีพิจารณาคดีปกครอง/แสวงหาข้อเท็จจริง,ผู้ขอคำปรึกษาเป็นผู้ฟ้องคดีต่อศาลปกครองกลาง ศาลได้มีหมายแจ้งวันสิ้นสุดการแสวงหาข้อเท็จจริง สอบถามเกี่ยวขั้นเกี่ยวกับกระบวนการหลังวันสิ้นสุดการแสวงหาข้อเท็จจริง , ข้อ ๖๒ ของระเบียบที่ประชุมใหญ่ฯว่าด้วยวิธีพิจารณาคดีปกครองฯกำหนดว่า เมื่อองค์คณะได้รับสำนวนคดีจากตุลาการเจ้าของสำนวนแล้ว หากเห็นว่าไม่มีกรณีที่จะต้องแสวงหาข้อเท็จจริงเพิ่มเติม ให้ตุลาการหัวหน้าคณะมีคำสั่งกำหนดวันหนึ่งวันใดเป็นวันสิ้นสุดการแสวงหาข้อเท็จจริงในคดีนั้น วรรคสองกำหนดว่า ให้ศาลแจ้งให้คู่กรณีทราบกำหนดวันสิ้นสุดการแสวงหาข้อเท็จจริงล่วงหน้าไม่น้อยกว่าสิบวัน และวรรคสามกำหนดว่า บรรดาคำฟ้องเพิ่มเติม คำให้การ คำคัดค้านคำให้การ คำให้การเพิ่มเติม รวมทั้งพยานหลักฐานอื่น ๆ ที่ยื่นต่อศาลหลังวันสิ้นสุดการแสวงหาข้อเท็จจริง ไม่ให้ศาลรับไว้เป็นส่วนหนึ่งของสำนวนคดี และไม่ต้องส่งสำเนาให้คู่กรณีที่เกี่ยวข้อง ด้วยเหตุดังกล่าว ผู้ฟ้องคดีจะต้องรอให้ตุลาการผู้แถลงคดีทำบันทึกของตุลาการผู้แถลงคดีให้เสร็จสิ้น จากนั้นองค์คณะจึงจะนัดนั่งพิจารณาคดีครั้งแรก ซึ่งหมายแจ้งนัดนั่งพิจารณาคดีครั้งแรกนั้นจะส่งสรุปข้อเท็จจริงของตุลาการเจ้าของสำนวนและแจ้งให้ผู้ฟ้องคดีทำคำแถลงเป็นหนังสือยื่นต่อศาล และอาจมีการกำหนดวันอ่านคำพิพากษาพร้อมกับวันนั่งพิจารณาคดีครั้งแรกได้
2025-10-16 10:48:00,โทรศัพท์สายด่วน 1355,ไม่ระบุ,ไม่ระบุ,,,,กระบวนวิธีพิจารณาคดีปกครอง/แสวงหาข้อเท็จจริง,ผู้ขอคำปรึกษาเป็นผู้ฟ้องคดีต่อศาลปกครองกลาง คดีนี้เข้าสู่กระบวนการแสวงหาข้อเท็จจริง ผู้ถูกฟ้องคดีได้ยื่นคำให้การต่อศาลและศาลได้ส่งสำเนาคำฟ้องให้ผู้ถูกฟ้องคดีที่ 2 เพื่อทราบ ขอสอบถามว่าผู้ฟ้องคดีจะต้องโต้แย้งคำให้การของผู้ถูกฟ้องคดีที่ 2 หรือไม่,กระบวนการแสวงหาข้อเท็จจริงนั้นเป็นกระบวนการที่ปรากฏในระเบียบที่ประชุมใหญ่ฯว่าด้วยวิธีพิจารณาคดีปกครองฯ ซึ่งกำหนดให้อำนาจศาลในการย่นหรือขยายกระบวนการพิจารณาคดีในระเบียบนี้ได้เพื่อความยุติธรรม ดังนั้น หากศาลเห็นว่าข้อเท็จจริงที่ได้รับจากคำฟ้องและคำให้การมีเพียงพอต่อศาลพิจารณาพิพากษาคดี ศาลอาจส่งสำเนาคำให้การมายังผู้ฟ้องคดีเพื่อทราบโดยที่ไม่ต้องสั่งให้ผู้ฟ้องคดีทำคำคัดค้านคำให้การโต้แย้งแต่อย่างใด  อย่างไรก็ดีไม่ตัดสิทธิผู้ฟ้องคดีที่จะคัดค้านคำให้การโดยทำเป็นคำชี้แจงเพิ่มเติมพร้อมสำเนาตามจำนวนของคู่กรณีอีกฝ่ายหนึ่งยื่นต่อศาล อย่างช้าที่สุดก่อนวันสิ้นสุดการแสวงหาข้อเท็จจริงซึ่งศาลจะแจ้งให้ทราบล่วงหน้าไม่น้อยกว่า 10 วันก่อนถึงวันดังกล่าว
2025-01-31 13:32:00,โทรศัพท์สายด่วน 1355,ผู้ฟ้องคดี,ไม่ระบุ,,,,กระบวนวิธีพิจารณาคดีปกครอง/แสวงหาข้อเท็จจริง,       ถามความรู้เกี่ยวกับวันนั่งพิจารณาคดีครั้งแรก,"     แนะนำว่าในการพิจารณาคดีของศาลปกครอง กฏหมายกำหนดให้องค์คณะพิจารณาพิพากษาจัดให้มีการนั่งพิจารณาคดีอย่างน้อยหนึ่งครั้งเพื่อให้คู่กรณีมีโอกาสมาแถลงด้วยวาจาต่อหน้าองค์คณะพิจารณาพิพากษา	โดยก่อนการนั่งพิจารณาคดีครั้งแรก ศาลจะส่งสรุปข้อเท็จจริงของตุลาการเจ้าของสำนวนให้คู่กรณีทราบล่วงหน้าไม่น้อยกว่าเจ็ดวัน คู่กรณีมีสิทธิยื่นคำแถลง รวมทั้งนำพยานหลักฐานมาสืบประกอบคำแถลงดังกล่าวเพื่อยืนยันหรือหักล้างข้อเท็จจริง หรือข้อกฎหมายเพิ่มเติมต่อองค์คณะพิจารณาพิพากษาในวันนั่งพิจารณาคดี แต่จะไม่มาศาลในวันนั่งพิจารณาคดีครั้งแรกก็ได้ 
      ในวันนั่งพิจารณาคดีครั้งแรกตุลาการผู้แถลงคดีปกครองจะสรุปข้อเท็จจริง ข้อกฎหมาย และความเห็นในการวินิจฉัยคดีต่อองค์คณะพิจารณาพิพากษา ทั้งนี้ตามมาตรา ๕๙ พระราชบัญญัติ จัดตั้งศาลปกครองและวิธีพิจารณาคดีปกครอง พ.ศ. ๒๕๔๒ ประกอบข้อ ๖๓ ของระเบียบของที่ประชุมใหญ่ตุลาการในศาลปกครองสูงสุดว่าด้วยวิธีพิจารณาคดีปกครอง พ.ศ. ๒๕๔๓
"
2025-10-16 10:58:00,โทรศัพท์สายด่วน 1355,บุคคลทั่วไป,ไม่ระบุ,ไม่ทราบ / ไม่แจ้ง,,,ขอความเห็นทางกฎหมาย,กรณีที่ประชาชนฟ้องหน่วยงานทางปกครองหรือเจ้าหน้าที่ของต่อศาลปกครองและต่อมา ศาลพิพากษายกฟ้อง ขอสอบถามว่าหน่วยงานรัฐจะฟ้องเรียกค่าเสียหายกับ ปปช และมีคำขอให้เสียค่าทนายหรือค่าฤชาธรรมเนียมศาลได้หรือไม่,ศาลปกครองเป็นองค์กรที่ตรวจสอบความชอบด้วยกฎหมายเกี่ยวกับการกระทำทางปกครอง ผู้มีสิทธิฟ้องคดีตามาตรา 42 แห่งพรบจัดตั้งศาลปกครองมีสิทธิยื่นฟ้องคดีต่อศาลปกครองให้ตรวจสอบการดำเนินงานของหน่วยงานทางปกครองหรือเจ้าหน้าที่ของรัฐ หากหน่วยงานหรือเจ้าหน้าที่ของรัฐกระทำถูกต้องงตามกฎหมาย ศาลจะพิพากษายกฟ้อง ไม่มีบทบัญญัติกฎหมายหรือแนวปฏิบัติให้ฟ้องประชาชนที่นำคดีมาฟ้องต่อศาล และเนื่องจากคดีปกครองมุ่งพิจารณาการใช้อำนาจหน้าที่เป็นหลักแตกต่างจากคดีแพ่งที่มุ่งประสงค์ตัวบุคคลจึงทำให้การฟ้องคดีปกครองไม่ใช่การหมิ่นประมาทที่จะเรียกค่าสินไหมทดแทนได้ดังเช่นการกล่าวหาในคดีแพ่ง ดังนั้น หน่วยงานทางปกครองจึงไม่อาจฟ้องกลับประชาชนที่ใช้สิทธิฟ้องศาลปกครองได้
2025-01-31 14:45:00,มาด้วยตนเอง (ห้องปรึกษา 1-3),ผู้ถูกฟ้องคดี,ธุรกิจส่วนตัว/ค้าขาย/รับจ้าง,ไม่ทราบ / ไม่แจ้ง,,,การอุทธรณ์คำพิพากษา/คำสั่งต่อศาลปกครองสูงสุด,     ศาลพิพากษาให้ผุ้ถูกฟ้องคดีรับผิดตามสัญญา  จึงมาสอบถามการอุทธรณ์คำพิพากษา,      แนะนำว่าคำพิพากษาของศาลปกครองชั้นต้น ให้อุทธรณ์ต่อศาลปกครองสูงสุด คำอุทธรณ์ให้ยื่นต่อศาลปกครองชั้นต้นภายใน ๓๐ วันนับแต่วันที่อ่านคำพิพากษา คำอุทธรณ์ให้ทำเป็นหนังสือระบุ (๑) ชื่อผู้อุทธรณ์และคู่กรณีในอุทธรณ์	(๒) ข้อคัดค้านคำพิพากษาของศาลปกครองชั้นต้น (๓) คำขอของผู้อุทธรณ์	(๔) ลายมือชื่อผู้อุทธรณ์   ทั้งนี้ ตาม ข้อ ๑๐๐ ข้อ ๑๐๑ และข้อ ๑๐๒ ระเบียบของที่ประชุมใหญ่ตุลาการในศาลปกครองสูงสุด ว่าด้วยวิธีพิจารณาคดีปกครอง พ.ศ. ๒๕๔๓ คำอุทธรณ์คำพิพากษาไม่อาจขยายระยะเวลาได้
2025-01-31 15:56:00,โทรศัพท์สายด่วน 1355,ผู้ฟ้องคดี,ไม่ระบุ,ไม่ทราบ / ไม่แจ้ง,,,การอุทธรณ์คำพิพากษา/คำสั่งต่อศาลปกครองสูงสุด,      ศาลพิพากษายกฟ้องจึงสอบถามกการอุทธรณืคำพิพากษา,   แนะนำว่า คำพิพากษาของศาลปกครองชั้นต้น ให้อุทธรณ์ต่อศาลปกครองสูงสุด คำอุทธรณ์ให้ยื่นต่อศาลปกครองชั้นต้นภายใน ๓๐ วันนับแต่วันที่อ่านคำพิพากษา คำอุทธรณ์ให้ทำเป็นหนังสือระบุ (๑) ชื่อผู้อุทธรณ์และคู่กรณีในอุทธรณ์	(๒) ข้อคัดค้านคำพิพากษาของศาลปกครองชั้นต้น (๓) คำขอของผู้อุทธรณ์	(๔) ลายมือชื่อผู้อุทธรณ์   ทั้งนี้ ตาม ข้อ ๑๐๐ ข้อ ๑๐๑ และข้อ ๑๐๒ ระเบียบของที่ประชุมใหญ่ตุลาการในศาลปกครองสูงสุด ว่าด้วยวิธีพิจารณาคดีปกครอง พ.ศ. ๒๕๔๓ คำอุทธรณ์คำพิพากษาไม่อาจขยายระยะเวลาได้
2024-10-16 11:06:00,โทรศัพท์สายด่วน 1355,ไม่ระบุ,ไม่ระบุ,,,,การจัดทำคำฟ้องหรือคำร้อง และขั้นตอนที่เกี่ยวข้อง,ผู้ขอคำปรึกษาเป็นผู้รับมอบอำนาจของผู้ฟ้องคดี ขอสอบถามว่าผู้รับมอบจะต้องลายมือชื่อในคำฟ้องได้หรือไม่,การมอบอำนาจในคดีปกครองคือมอบอำนาจให้ดำเนินคดีแทนคู่ความในคดีปกครองและหมายความถึงให้มีอำนาจในการลงลายมือชื่อแทนผู้ฟ้องคดีในคำคู่ความ คำร้อง คำขอ คำอุทธรณ์ด้วย
2025-01-30 09:00:00,มาด้วยตนเอง (ห้องปรึกษา 1-3),ผู้ถูกฟ้องคดี,ไม่ระบุ,ไม่ทราบ / ไม่แจ้ง,,,กระบวนวิธีพิจารณาคดีปกครอง/แสวงหาข้อเท็จจริง,   สอบถามเกี่ยวกับวันสิ้นสุดการแสวงหาข้อเท็จจริง,แนะนำว่าเมื่อได้แสวงหาข้อเท็จจริงเสร็จสิ้นแล้ว ขั้นตอนต่อไปศาลจะต้องดำเนินการกำหนดวันสิ้นสุดการแสวงหาข้อเท็จจริงตาม ข้อ ๖๒ ของระเบียบที่ประชุมใหญ่ฯและจะแจ้งให้คู่กรณีทราบล่วงหน้าไม่น้อยกว่า ๑๐ วัน หากคู่กรณีจะยื่นข้อต่อสู้หรือพยานหลักฐานให้ยื่นต่อศาลภายในวันที่ศาลกำหนดเป็นวันสิ้นสุดการแสวงหาข้อเท็จจริง หากยื่นภายหลังศาลจะไม่รับเข้าเป็นเอกสารในสำนวน
2024-10-17 13:02:00,โทรศัพท์สายด่วน 1355,ผู้ฟ้องคดี,ไม่ระบุ,,,,ขอความเห็นทางกฎหมาย,ผู้ขอคำปรึกษาเป็นผู้ยื่นฟ้องคดีต่อศาลปกครอง ศาลไม่รับคำฟ้องบางข้อหา มาตรา 52 ประโยชน์แก่สว่นรวมหมายความว่าอย่างไร,มาตรา 52 วรรคสองแห่งพรบจัดตั้งศาลปกครองฯบัญญัติ การฟ้องคดีปกครองที่ยื่นเมื่อพ้นกำหนดเวลาการฟ้องคดีแล้ว ถ้าศาลปกครองเห็นว่าคดีที่ยื่นฟ้องนั้นจะเป็นประโยชน์แก่ส่วนรวมหรือมีเหตุจำเป็นอื่นโดยศาลเห็นเองหรือคู่กรณีมีคำขอ ศาลปกครองจะรับไว้พิจารณาก็ได้ นั้นเป็นหลักเกณฑ์ที่กำหนดให้กรณีดังกล่าวสามารถยื่นฟ้องแม้พ้นระยะเวลาที่กฎหมายกำหนด หากเรื่องที่ เป็นประโยชน์แก่ส่วนรวม หรือเป็นที่เกี่ยวข้องกับสาธารณะ หากฟ้องคดีประชาชนจะได้รับประโยชน์
2025-01-30 09:22:00,โทรศัพท์สายด่วน 1355,ผู้ฟ้องคดี,ไม่ระบุ,,,,การอุทธรณ์คำพิพากษา/คำสั่งต่อศาลปกครองสูงสุด,     สอบถามการอุทธรณ์คำสั่งไม่รับคำฟ้อง,   แนะนำว่า คำสั่งของศาลปกครองชั้นต้น ให้อุทธรณ์ต่อศาลปกครองสูงสุด คำอุทธรณ์ให้ยื่นต่อศาลปกครองชั้นต้นภายน ๓๐ วันนับแต่วันรับทราบคำสั่งศาล คำอุทธรณ์ให้ทำเป็นหนังสือระบุ (๑) ชื่อผู้อุทธรณ์และคู่กรณีในอุทธรณ์	(๒) ข้อคัดค้านคำสั่งของศาลปกครองชั้นต้น (๓) คำขอของผู้อุทธรณ์	(๔) ลายมือชื่อผู้อุทธรณ์   ทั้งนี้ ตาม ข้อ ๑๐๐ ข้อ ๑๐๑ และข้อ ๑๐๒ ระเบียบของที่ประชุมใหญ่ตุลาการในศาลปกครองสูงสุด ว่าด้วยวิธีพิจารณาคดีปกครอง พ.ศ. ๒๕๔๓
2025-01-30 09:53:00,โทรศัพท์สายด่วน 1355,ไม่ระบุ,ทนายความ,ไม่ทราบ / ไม่แจ้ง,,,การอุทธรณ์คำพิพากษา/คำสั่งต่อศาลปกครองสูงสุด,     สอบถามการอุทธรณ์คำพิพากษา,      แนะนำว่าคำพิพากษาของศาลปกครองชั้นต้น ให้อุทธรณ์ต่อศาลปกครองสูงสุด คำอุทธรณ์ให้ยื่นต่อศาลปกครองชั้นต้นภายใน ๓๐ วันนับแต่วันที่อ่านคำพิพากษา คำอุทธรณ์ให้ทำเป็นหนังสือระบุ (๑) ชื่อผู้อุทธรณ์และคู่กรณีในอุทธรณ์	(๒) ข้อคัดค้านคำพิพากษาของศาลปกครองชั้นต้น (๓) คำขอของผู้อุทธรณ์	(๔) ลายมือชื่อผู้อุทธรณ์   ทั้งนี้ ตาม ข้อ ๑๐๐ ข้อ ๑๐๑ และข้อ ๑๐๒ ระเบียบของที่ประชุมใหญ่ตุลาการในศาลปกครองสูงสุด ว่าด้วยวิธีพิจารณาคดีปกครอง พ.ศ. ๒๕๔๓ คำอุทธรณ์คำพิพากษาไม่อาจขยายระยะเวลาได้
2024-10-17 10:28:00,โทรศัพท์สายด่วน 1355,ไม่ระบุ,ไม่ระบุ,ไม่ทราบ / ไม่แจ้ง,,,ขอความเห็นทางกฎหมาย,ผู้ขอคำปรึกษาเป็นคู่ความในคดีปกครองขอสอบถามระยะเวลายื่นอุทธรณ์คำพิพากษาถ้าครบกำหนดวันอาทิตย์ จะต้องยื่นช้าที่สุด,กระบวนการพิจารณาคดีในศาลปกครองไม่ได้มีกำหนดระยะเวลาไว้เฉพาะ จึงนำประมวลกฎหมายแพ่งและพาณิชย์มาใช้ในการนับระยะเวลา การนับระยะเวลาในกระบวนการพิจารณาคดีของพ.ร.บ.จัดตั้งศาลปกครองฯและระเบียบที่ประชุมใหญ่ฯว่าด้วยวิธีพิจารณาคดีปกครองฯนั้นไม่มีบทบัญญัติกำหนดไว้เป็นการเฉพาะ ศาลจึงนำหลักเกณฑ์การนับอายุความตามป.พ.พ. มาตรา 193/12 และมาตรา 193/13 ซึ่งเป็นหลักทั่วไปมาใช้กับการนับระยะเวลาด้วย กล่าวคือต้องอยู่ภายในบังคับของมาตรา 193/1 ถึงมาตรา 193/3 แห่งประมวลกฎหมาย ตัวอย่างเช่น การนับอายุความนั้นต้องเริ่มนับหนึ่งในวันรุ่งขึ้น ตามมาตรา 193/3 วรรคสองแห่งประมวลกฎหมายแพ่งและพาณิชย์และถ้าวันสุดท้ายแห่งการกำหนดระยะเวลาตรงกับวันหยุดทางการตามประกาศเป็นทางการหรือตามประเพณีก็ให้นับวันเริ่มทางการใหม่ต่อจากที่หยุดทำการนั้นเป็นวันสุดท้ายของระยะเวลาด้วย มาตรา ๑๙๓/๘ แห่งประมวลกฎหมายเดียวกันกำหนดหลักเกณฑ์ในการนับอายุความ
2025-01-30 11:30:00,โทรศัพท์สายด่วน 1355,ผู้ฟ้องคดี,ไม่ระบุ,ไม่ทราบ / ไม่แจ้ง,,,กระบวนวิธีพิจารณาคดีปกครอง/แสวงหาข้อเท็จจริง,     ผู้ขอคำปรึกษาขอความรู้เกี่ยวกับวันนั่งพิจารณาคดีครั้งแรก,"     แนะนำว่าในการพิจารณาคดีของศาลปกครอง กฏหมายกำหนดให้องค์คณะพิจารณาพิพากษาจัดให้มีการนั่งพิจารณาคดีอย่างน้อยหนึ่งครั้งเพื่อให้คู่กรณีมีโอกาสมาแถลงด้วยวาจาต่อหน้าองค์คณะพิจารณาพิพากษา	โดยก่อนการนั่งพิจารณาคดีครั้งแรก ศาลจะส่งสรุปข้อเท็จจริงของตุลาการเจ้าของสำนวนให้คู่กรณีทราบล่วงหน้าไม่น้อยกว่าเจ็ดวัน คู่กรณีมีสิทธิยื่นคำแถลง รวมทั้งนำพยานหลักฐานมาสืบประกอบคำแถลงดังกล่าวเพื่อยืนยันหรือหักล้างข้อเท็จจริง หรือข้อกฎหมายเพิ่มเติมต่อองค์คณะพิจารณาพิพากษาในวันนั่งพิจารณาคดี แต่จะไม่มาศาลในวันนั่งพิจารณาคดีครั้งแรกก็ได้ 
      ในวันนั่งพิจารณาคดีครั้งแรกตุลาการผู้แถลงคดีปกครองจะสรุปข้อเท็จจริง ข้อกฎหมาย และความเห็นในการวินิจฉัยคดีต่อองค์คณะพิจารณาพิพากษา ทั้งนี้ตามมาตรา ๕๙ พระราชบัญญัติ จัดตั้งศาลปกครองและวิธีพิจารณาคดีปกครอง พ.ศ. ๒๕๔๒ ประกอบข้อ ๖๓ ของระเบียบของที่ประชุมใหญ่ตุลาการในศาลปกครองสูงสุดว่าด้วยวิธีพิจารณาคดีปกครอง พ.ศ. ๒๕๔๓
"
2025-01-30 13:00:00,โทรศัพท์สายด่วน 1355,ผู้ฟ้องคดี,ไม่ระบุ,ไม่ทราบ / ไม่แจ้ง,,,กระบวนวิธีพิจารณาคดีปกครอง/แสวงหาข้อเท็จจริง,   ได้รับหมายแจ้งจากศาลให้ทำคำชี้แจง ไม่เข้าใจ จึงขอสอบถาม,   แนะนำว่า คดีของท่านศาลตรวจแล้วเห็นว่าเป็นคำฟ้องไม่สมบูรณ์ครบถ้วน จึงให้ชี้แจง ตามประเด็นที่ศาลระบุในหมาย ดังนั้นจึงแนะนำให้ชี้แจงตามที่ศาลกำหนดภายใน ๗ วัน แต่สามารถขอขยายเวลาต่อศาลได้หากมีเหตุจำเป็น  และให้ทำสำเนาตามที่ศาลกำหนด 
2025-01-30 13:24:00,โทรศัพท์สายด่วน 1355,ผู้ฟ้องคดี,ไม่ระบุ,ไม่ทราบ / ไม่แจ้ง,,,สอบถามความเคลื่อนไหวคดี,    ผู้ฟ้องคดีฟ้องคดีนี้ตั้งแต่เดือน พฤษภาคม 2561 วันนี้ขอทราบความเคลื่อนไหว,   แนะนำว่า จากการตรวจสอบในระบบงานคดี คดีอยู่ระหว่างการสรุปสำนวนโดยตุลาการเจ้าของสำนวน ทั้งนี้หากท่านเห็นว่า ล่าช้า ท่านมีสิทธิที่จะทำหนังสือขอเร่งการพิจารณาคดีต่อศาลได้
2025-10-17 14:16:00,โทรศัพท์สายด่วน 1355,ผู้ฟ้องคดี,ไม่ระบุ,,,,กระบวนวิธีพิจารณาคดีปกครอง/แสวงหาข้อเท็จจริง,ผู้ขอคำปรึกษาเป็นผู้ฟ้องคดีต่อศาลปกครองกลาง มีความประสงค์จะฟ้องคดีให้ออกโฉนดที่ดินในคดีที่ฟ้องเพิกถอนคำสั่งยกเลิกสค. 1 ได้หรือไม่,ผู้ฟ้องคดีสามารถฟ้องขอหาเพิ่มเติมที่มีคำขอท้ายคำฟ้องใหม่ได้โดยทำเป็นคำขอแก้ไขเพิ่มเติมคำฟ้อง ซึ่งมีเนื้อหาในประเด็น/ข้อใหม่ และระบุคำขอท้ายคำฟ้องขอให้ออกโฉนดที่ดินซึ่งเป็นคำฟ้องที่ขอให้กระทำการหรืองดเว้นกระทำการซุ้งเป็นคำขอที่ศาลสามารถออกคำบังคับได้ตามมาตรา 72 วรรคหนึ่ง (3) แห่งพรบจัดตั้งศาลปกครองฯ
2024-10-17 14:22:00,โทรศัพท์สายด่วน 1355,ไม่ระบุ,ไม่ระบุ,ไม่ทราบ / ไม่แจ้ง,,มาตรา 9 วรรค 1 (2) คดีพิพาทเกี่ยวกับการที่หน่วยงานทางปกครองหรือเจ้าหน้าที่ของรัฐ ละเลยต่อหน้าที่ตามที่กฎหมายกำหนด,ความรู้ทั่วไปเกี่ยวกับศาลปกครอง/คดีปกครอง,สอบถามการฟ้องคดีละเลยการปฏิบัติหน้าที่และฟ้องคดีร้องทุกข์ กรมโรงงานอุตสาหกรรม,กรณีร้องเรียนเกี่ยวกับการไม่ปฏิบัติหน้าที่ตามกฎหมายระเบียบข้อบังคับของเจ้าหน้าที่ในกรมโรงงานอุตสาหกรรมนั้นเป็นคดีพิพาทเกี่ยวกับการที่เจ้าหน้าที่ของรัฐละเลยการปฎิบัติหน้าที่ตามาตรา 9 วรรคหนึ่ง (2) แห่งพรบจัดตั้งศาลปกครองฯ ผู้ขอคำปรึกษาที่ร้องเรียนจะต้องฟ้องคดีภายใน 90 วันนัแต่วันที่รู้หรือควรรู้ถึงเหตุแห่งการฟ้องคดีตามมาตรา 49 แห่งพรบจัดตั้งศาลปกครองฯ
2025-01-30 15:02:00,โทรศัพท์สายด่วน 1355,ผู้ฟ้องคดี,ไม่ระบุ,ไม่ทราบ / ไม่แจ้ง,,,กระบวนวิธีพิจารณาคดีปกครอง/แสวงหาข้อเท็จจริง,สอบถามเกี่ยวกับวันสิ้นสุดการแสวงหาข้อเท็จจริง,    แนะนำว่าเมื่อได้แสวงหาข้อเท็จจริงเสร็จสิ้นแล้ว ขั้นตอนต่อไปศาลจะต้องดำเนินการกำหนดวันสิ้นสุดการแสวงหาข้อเท็จจริงตาม ข้อ ๖๒ ของระเบียบที่ประชุมใหญ่ฯและจะแจ้งให้คู่กรณีทราบล่วงหน้าไม่น้อยกว่า ๑๐ วัน หากคู่กรณีจะยื่นข้อต่อสู้หรือพยานหลักฐานให้ยื่นต่อศาลภายในวันที่ศาลกำหนดเป็นวันสิ้นสุดการแสวงหาข้อเท็จจริง
2024-10-17 14:58:00,โทรศัพท์สายด่วน 1355,ไม่ระบุ,ไม่ระบุ,ไม่ทราบ / ไม่แจ้ง,,,การฟ้องคดีผ่านระบบอิเล็กทรอนิกส์ของศาลปกครอง,ผู้ขอคำปรึกษามีความประสงค์จะยื่นฟ้องคดีต่อศาลปกครอง จึงสอบถามเกี่ยวกับการพิจารณาคดีผ่านระบบจอภาพและการเปลี่ยนใช้ระบบคดีปกครองอิเล็กทรอนิกส์,การพิจารณาคดีผ่านระบบคดีปกครองอิเล็กทรอนิกส์เป็นกระบวนการพิจารณาของศาลอย่างหนึ่ง เช่นเดียวกับการดำเนินคดีปกครองปกติที่ใช้เอกสาร แต่เปลี่ยนแปลงมาเป็นการใช้ระบบคดีปกครองอิเล็กทรอนิกส์ หรือ e-litigationผ่านเว็ปไซต์ของศาลปกครองเพื่อยื่นคำคู่ความและเอกสารหลักฐานต่อศาลแทนการมายื่นปกติ ณ ที่ทำการของศาลหรือการส่งไปรษณีย์ ซึ่งมีหลักเกณฑ์ที่แตกต่างจากการยื่นเอกสารตามระเบียบที่ประชุมใหญ่ว่าด้วยวิธีพิจารณาคดีปกครองฯ  ส่วนกรณีการพิจารณาผ่านระบบจอภาพนั้นจะใบ้ในกรณีการดำเนินกระบวนพิจารณาที่มาทำ ณ ที่ทำการศาล เช่น นัดไต่สวน นัดนั่งพิจารณาคดีครั้งแรก นัดสลอ่านคำพิพากษา คู่ความในคดีสามารถยื่นคำขอพิจารณาผ่านระบบจอภาพเพื่อเข้าร่วมการพิจารณาคดี ณ ที่ตั้งศาลภูมิภาค ที่ทำงาน หรือที่บ้านก็ได้ โดยยื่นมาล่วงหน้าที่ไม่น้อยกว่า 7 วันก่อนถึงวันดังกล่าว
2025-01-28 09:06:00,โทรศัพท์สายด่วน 1355,บุคคลทั่วไป,ไม่ระบุ,ไม่ทราบ / ไม่แจ้ง,,,ความรู้ทั่วไปเกี่ยวกับศาลปกครอง/คดีปกครอง,ถามฟ้องคดีต่อศาลปกครองต้องเสียค่าธรรมเนียมศาลหรือไม่,"     แนะนำว่า โดยที่พระราชบัญญัติ จัดตั้งศาลปกครองและวิธีพิจารณาคดีปกครอง พ.ศ. ๒๕๔๒ มาตรา ๔๕ วรรคสี บัญญัติว่า การฟ้องคดีไม่ต้องเสียค่าธรรมเนียมศาล เว้นแต่การฟ้องคดีขอให้สั่งให้ใช้เงินหรือส่งมอบทรัพย์สินอันสืบเนื่องจากคดีตามมาตรา ๙ วรรคหนึ่ง (๓) หรือ (๔) ให้เสียค่าธรรมเนียมศาลตามทุนทรัพย์ในอัตราตามที่ระบุไว้ในตาราง ๑ ท้ายประมวลกฎหมายวิธีพิจารณาความแพ่ง สำหรับคดีที่มีคำขอให้ปลดเปลื้องทุกข์อันอาจคำนวณเป็นราคาเงินได้ 
"
2025-10-18 09:54:00,โทรศัพท์สายด่วน 1355,บุคคลทั่วไป,ข้าราชการ/ลูกจ้าง ในหน่วยงานของรัฐ,,การบริหารงานบุคคล/และวินัย,มาตรา 9 วรรค 1 (2) คดีพิพาทเกี่ยวกับการที่หน่วยงานทางปกครองหรือเจ้าหน้าที่ของรัฐ ละเลยต่อหน้าที่ตามที่กฎหมายกำหนด,"ความรู้ทั่วไปเกี่ยวกับศาลปกครอง/คดีปกครอง, การจัดทำคำฟ้องหรือคำร้อง และขั้นตอนที่เกี่ยวข้อง",พนักงานของสำนักงานพาณิชย์ญี่ปุ่นมีเหตุขับข้องใจการการปฏิบัติหน้าที่ของ ผอ. จะต้องดำเนินการอย่างไรได้บ้าง,พนักงานของสำนักงานพาณิชย์ญี่ปุ่นซึ่งเป็นหน่วยงานในสังกัดกรมการค้าต่างประเทศ เหตุขับข้องใจการการปฏิบัติหน้าที่ของผอ.นั้นจะต้องดำเนินการตามขั้นตอนแก้ไขความเดือดร้อนเสียหายโดยการยื่นร้องทุกข์ตามกฎ กพ ว่าด้วยการร้องทุกข์ หากได้รับแจ้งผลการพิจารณาเรื่องร้องทุกข์แล้วไม่เห็นด้วย หรือ ไม่ได้รับแจ้งผลการพิจารณภายในระยะเวลาที่กำหนดไว้ในกฎกพว่าด้วยการรู้ทุกข์  ผู้ขอคำปรึกษาซึ่งมีสิทธิฟ้องคดีตามมาตรา 42 วรรคสองแห่งพรบจัดตั้งศาลปกครองมีสิทธิฟ้องคดีภายใน 90 วัน วันนับแต่วันที่รู้หรือควรรู้ถึงเหตุแห่งการฟ้องคดี หรือนับแต่วันที่พ้นกำหนดเก้าสิบวันนับแต่วันที่ผู้ฟ้องคดีได้มีหนังสือร้องขอต่อหน่วยงานทางปกครองหรือเจ้าหน้าที่ของรัฐเพื่อให้ปฏิบัติหน้าที่ตามที่กฎหมายกำหนดและไม่ได้รับหนังสือชี้แจงจากหน่วยงานทางปกครอง หรือเจ้าหน้าที่ของรัฐหรือได้รับแต่เป็นคำชี้แจงที่ผู้ฟ้องคดีเห็นว่าไม่มีเหตุผลตามมาตรา 49 แห่งพรบจัดตั้งศาลปกครองฯ
2025-01-30 13:45:00,โทรศัพท์สายด่วน 1355,ไม่ระบุ,ไม่ระบุ,ไม่ทราบ / ไม่แจ้ง,ไม่ระบุประเภทคดี,อื่นๆ,"การอุทธรณ์คำพิพากษา/คำสั่งต่อศาลปกครองสูงสุด, การฟ้องคดีผ่านระบบอิเล็กทรอนิกส์ของศาลปกครอง",,ได้ให้คำแนะนำว่า กรณีที่ผู้ขอคำปรึกษาได้ดำเนินคดีทางระบบปกติ ต่อมาหากผู้ขอคำปรึกษาประสงค์จะยื่นคำอุทธรณ์คำพิพากษาของศาลปกครองชั้นต้นทางระบบอิเล็กทรอนิกส์ ก็สามารถกระทำได้ โดยให้ผู้ขอคำปรึกษายื่นอุทธรณ์ภายในกำหนดสามสิบวันนับแต่วันที่ได้มีคำพิพากษาหรือคำสั่ง ถ้ามิได้ยื่นอุทธรณ์ตามกำหนดเวลาดังกล่าว ให้ถือว่าคดีนั้นเป็นอันถึงที่สุด ตามมาตรา 73 วรรคหนึ่ง แห่งพระราชบัญญัติจัดตั้งศาลปกครองและวิธีพิจารณาคดีปกครอง พ.ศ. 2542 ซึ่งคำอุทธรณ์ให้ทำเป็นหนังสือและต้องระบุ (1) ชื่อผู้อุทธรณ์และคู่กรณีในอุทธรณ์ (2) ข้อคัดค้านคำพิพากษาหรือคำสั่งของศาลปกครองชั้นต้น (3) คำขอของผู้อุทธรณ์ (4) ลายมือชื่อผู้อุทธรณ์ ตามข้อ 101 แห่งระเบียบของที่ประชุมใหญ่ตุลาการในศาลปกครองสูงสุด ว่าด้วยวิธีพิจารณาคดีปกครอง พ.ศ. 2543 ทั้งนี้ กรณีที่ผู้ขอคำปรึกษาประสงค์จะยื่นคำอุทธรณ์คำพิพากษาของศาลปกครองชั้นต้นทางระบบอิเล็กทรอนิกส์ จึงแนะนำให้เข้าไปศึกษาคู่มือการดำเนินคดีปกครองทางระบบอิเล็กทรอนิกส์ในเว็บไซต์ของศาลปกครอง และทำการสมัครทางระบบดังกล่าวให้เรียบร้อยก่อน หากได้ทำการยื่นอุทธรณ์ทางระบบอิเล็กทรอนิกส์แล้ว สามารถโทรศัพท์มาสอบถามที่ศาลปกครองว่าศาลได้รับคำอุทธรณ์ดังกล่าวหรือไม่ เพื่อป้องกันความผิดพลาดและไม่ให้เสียสิทธิในการยื่นคำอุทธรณ์ดังกล่าว
2025-01-27 10:10:00,โทรศัพท์สายด่วน 1355,บุคคลทั่วไป,ไม่ระบุ,ไม่ทราบ / ไม่แจ้ง,,,ความรู้ทั่วไปเกี่ยวกับศาลปกครอง/คดีปกครอง,การฟ้องคดีปกครองผ่านทางระบบอิเล็คทรอนิคต้องรับรองสำเนาหรือไม่,"    แนะนำว่า โดยที่ระเบียบของที่ประชุมใหญ่ตุลาการในศาลปกครองสูงสุดว่าด้วยวิธีพิจารณาคดีปกครองทางอิเล็กทรอนิกส์ พ.ศ. ๒๕๖๒ ข้อ ๙ กำหนดว่า	คำฟ้อง คำให้การ คำคัดค้านคำให้การ คำให้การเพิ่มเติม คำชี้แจง คำแถลงคำร้อง คำขอ พยานหลักฐาน หรือเอกสารอื่นใดที่กฎหมายกำหนดให้ผู้ยื่นจะต้องลงลายมือชื่อหรือรับรองข้อความในเอกสารดังกล่าว เมื่อผู้ยื่นได้ยื่นหรือส่งเอกสารดังกล่าวทางระบบงานคดีปกครองอิเล็กทรอนิกส์ ให้ถือว่าผู้ยื่นได้ลงลายมือชื่อหรือรับรองข้อความในเอกสารนั้นแล้ว
    ดังนั้น จึงไม่ต้องรับรองสำเนา "
2025-01-27 09:30:00,โทรศัพท์สายด่วน 1355,บุคคลทั่วไป,ธุรกิจส่วนตัว/ค้าขาย/รับจ้าง,ไม่ทราบ / ไม่แจ้ง,,,เป็นคดีที่อยู่ในอำนาจของศาลปกครองหรือไม่,    ผู้ขอรับคำปรึกษาเห็นว่าเจ้าพนักงานที่ดินจดทะเบียนนิติกรรมซื้อขายที่ดินโดยไม่ชอบด้วยกฎหมาย เนื่องจากที่ดินที่ภรรยาของผู้ขอคำปรึกษาไปทำการจดทะเบียนซื้อขายเป็นสินสมรสต้องได้รับความยินยอมจากตนก่อน,"   แนะนำว่า การที่เจ้าหน้าที่จดทะเบียนซื้อขายที่ดิน เป็นการกระทำทางปกครอง เมื่อมีข้อดต้แย้งจึงเป็นคดีพิพาทตามพระราชบัญญัติจัดตั้งศาลปกครองและวิธีพิจารณาคดีปกครอง พ.ศ. ๒๕๔๒ มาตรา ๙  ศาลปกครองมีอำนาจพิจารณาพิพากษาหรือมีคำสั่งในเรื่อง ดังต่อไปนี้
	(๑)	คดีพิพาทเกี่ยวกับการที่หน่วยงานทางปกครองหรือเจ้าหน้าที่ของรัฐกระทำการ
โดยไม่ชอบด้วยกฎหมายไม่ว่าจะเป็นการออกกฎ คำสั่งหรือการกระทำอื่นใดเนื่องจากกระทำโดยไม่มีอำนาจหรือนอกเหนืออำนาจหน้าที่หรือไม่ถูกต้องตามกฎหมาย หรือโดยไม่ถูกต้องตามรูปแบบขั้นตอน หรือวิธีการอันเป็นสาระสำคัญที่กำหนดไว้สำหรับการกระทำนั้น หรือโดยไม่สุจริต หรือมีลักษณะเป็นการเลือกปฏิบัติที่ไม่เป็นธรรม หรือมีลักษณะเป็นการสร้างขั้นตอนโดยไม่จำเป็นหรือสร้างภาระให้เกิดกับประชาชนเกินสมควร หรือเป็นการใช้ดุลพินิจโดยมิชอบ และ ๓) คดีพิพาทเกี่ยวกับการกระทำละเมิดหรือความรับผิดอย่างอื่นของหน่วยงานทางปกครองหรือเจ้าหน้าที่ของรัฐอันเกิดจากการใช้อำนาจตามกฎหมาย หรือจากกฎ คำสั่งทางปกครอง หรือคำสั่งอื่น หรือจากการละเลยต่อหน้าที่ตามที่กฎหมายกำหนดให้ต้องปฏิบัติหรือปฏิบัติหน้าที่ดังกล่าวล่าช้าเกินสมควร 
    ผู้ขอรับคำปรึกษาเป็นผู้มีสิทธิในที่ดินจึงเป็นผู้เดือดร้อนเสียหาย คำขอให้เพิกถอนนิติกรรมซื้อขาย หรือให้ชดใช้ค่าเสียหาย ศาลปกครองมีอำนาจกำหนดคำบังคับได้ จึงแนะนำให้ทำคำฟ้องยื่นฟ้องต่อศาลปกครอง ภายใน ๙๐ วันนับแต่วันที่รู้หรือควรรู้ถึงเหตุแห่งการฟ้องคดี"
2025-01-27 10:10:00,โทรศัพท์สายด่วน 1355,บุคคลทั่วไป,ธุรกิจส่วนตัว/ค้าขาย/รับจ้าง,,,,เป็นคดีที่อยู่ในอำนาจของศาลปกครองหรือไม่,   ได้ตกลงขายเสื้อโปโล ให้กับกรุงเทพมหานคร แต่กรุงเทพมหานคร ผิดสัญญา ไม่จ่ายค่าเสื้อที่รับไปแล้ว,"  แนะนำว่า พระราชบัญญัติ จัดตั้งศาลปกครองและวิธีพิจารณาคดีปกครอง พ.ศ. ๒๕๔๒ มาตรา	๓  ในพระราชบัญญัตินี้ “สัญญาทางปกครอง” หมายความรวมถึง สัญญาที่คู่สัญญาอย่างน้อยฝ่ายใดฝ่ายหนึ่งเป็นหน่วยงานทางปกครองหรือเป็นบุคคลซึ่งกระทำการแทนรัฐ และมีลักษณะเป็นสัญญาสัมปทาน สัญญาที่ให้จัดทำบริการสาธารณะ หรือจัดให้มีสิ่งสาธารณูปโภคหรือแสวงประโยชน์จากทรัพยากรธรรมชาติ
  ดังนั้น การซื้อขายเสื้อ เป็นสัญญาทางแพ่ง มิใช่สัญญาทางปกครอง จึงไม่อยู่ในอำนาจของศาลปกครอง
"
2025-01-27 11:23:00,โทรศัพท์สายด่วน 1355,บุคคลทั่วไป,ธุรกิจส่วนตัว/ค้าขาย/รับจ้าง,ไม่ทราบ / ไม่แจ้ง,,,เป็นคดีที่อยู่ในอำนาจของศาลปกครองหรือไม่,     ผู้ขอรับคำปรึกษาเป็นผู้ประกอบการสถานีวิทยุชุมชน ได้รับคำสั่ง กสทช. มีคำสั่งปรับกรณีสถานีวิทยุโฆษณาชวนเชื่อขายยาเกินความจริง ทั้งนี้ ท้ายคำสั่งมีหมายเหตุให้ฟ้องต่อศาลปกครองภายใน ๙๐ วัน ,"         แนะนำว่า คำสั่งปรับของ กสทช. เป็นคำสั่งทางปกครอง หากมีข้อโต้แย้ง อยู่ในอำนาจของศาลปกครอง ตามพระราชบัญญัติ จัดตั้งศาลปกครองและวิธีพิจารณาคดีปกครอง พ.ศ. ๒๕๔๒ มาตรา	๙  ศาลปกครองมีอำนาจพิจารณาพิพากษาหรือมีคำสั่งในเรื่องดังต่อไปนี้
	(๑)	คดีพิพาทเกี่ยวกับการที่หน่วยงานทางปกครองหรือเจ้าหน้าที่ของรัฐกระทำการ
โดยไม่ชอบด้วยกฎหมายไม่ว่าจะเป็นการออกกฎ คำสั่งหรือการกระทำอื่นใดเนื่องจากกระทำโดยไม่มีอำนาจหรือนอกเหนืออำนาจหน้าที่หรือไม่ถูกต้องตามกฎหมาย หรือโดยไม่ถูกต้องตามรูปแบบขั้นตอน หรือวิธีการอันเป็นสาระสำคัญที่กำหนดไว้สำหรับการกระทำนั้น หรือโดยไม่สุจริต หรือมีลักษณะเป็นการเลือกปฏิบัติที่ไม่เป็นธรรม หรือมีลักษณะเป็นการสร้างขั้นตอนโดยไม่จำเป็นหรือสร้างภาระให้เกิดกับประชาชนเกินสมควร หรือเป็นการใช้ดุลพินิจโดยมิชอบ 
          ผู้ขอรับคำปรึกษาเป็นผู้เดือดร้อนเสียหาย คำสั่งของคณะกรรมการ กสทช. ไม่ต้องอุทธรณ์ก่อนฟ้อง คำขอให้เพิกถอนคำสั่ง ศาลปกครองมีอำนาจออกคำบังคับได้ จึงให้ฟ้องภายน ๙๐ วันนับแต่วันที่รับคำสั่ง"
